opeid8,award_year,school,state,zip_code,unitid,ipeds_match_status,ipeds_root_unitid_count_start,ipeds_anchor_sensitivity,cw_year,cw_primary_unitid,cw_source_code,cw_source_method,cw_site_candidate_count,cw_additional_candidate_count,cw_site_parse_complete,cw_relation_parse_complete,cw_ipeds_reporting_code,cw_parent_opeid8,cw_preliminary,cw_raw_PEPSSchname,cw_raw_PEPSLocname,cw_raw_IPEDSInstnm,cw_raw_PEPSEligCert,cw_raw_IPEDSPSET4FLG,cw_raw_COA1,cw_raw_PY_OPEID,cw_raw_PYNotes,cw_membership,cw_mapping_status,geography_evidence,same_opeid_foreign_in_other_fsa_year
00101706,2000-2001,GADSDEN STATE COMMUNITY COLLEGE - HARRY M. AYERS CAMPUS,AL,,,no_exact_match,1,ambiguous_or_unmatched,2000,101240,1,ipeds_header_match,1.0,0.0,True,True,1,00101700,False,Gadsden State Community College,Gadsden State Community College - Harry M. Ayers Campus,GADSDEN STATE COMMUNITY COLLEGE,Yes,1,-2,-2,,both,unique_official_site_match,AL,False
00101706,2001-2002,GADSDEN STATE COMMUNITY COLLEGE - HARRY M. AYERS CAMPUS,AL,,,no_exact_match,1,ambiguous_or_unmatched,2001,101240,1,ipeds_header_match,1.0,0.0,True,True,1,00101700,False,Gadsden State Community College,Gadsden State Community College - Harry M. Ayers Campus,GADSDEN STATE COMMUNITY COLLEGE,Yes,1,-2,00101706,,both,unique_official_site_match,AL,False
00101706,2002-2003,GADSDEN STATE COMMUNITY COLLEGE - HARRY M. AYERS CAMPUS,AL,,,no_exact_match,1,ambiguous_or_unmatched,2002,101240,1,ipeds_header_match,1.0,0.0,True,True,1,00101700,False,Gadsden State Community College,Gadsden State Community College - Harry M. Ayers Campus,GADSDEN STATE COMMUNITY COLLEGE,Yes,1,-2,00101706,,both,unique_official_site_match,AL,False
00101706,2003-2004,GADSDEN STATE COMMUNITY COLLEGE - HARRY M. AYERS CAMPUS,AL,,,no_exact_match,1,ambiguous_or_unmatched,2003,101347,1,ipeds_header_match,1.0,0.0,True,True,2,00101700,False,Gadsden State Community College,Gadsden State Community College - Harry M. Ayers Campus,GADSDEN STATE COMMUNITY COLLEGE-AYERS CAMPUS,Yes,1,-2,00101706|00570500,,both,unique_official_site_match,AL,False
00104754,2006-2007,TROY UNIVERSITY - DOTHAN,AL,36082-0001,,no_exact_match,1,ambiguous_or_unmatched,2006,102368,1,ipeds_header_match,1.0,0.0,True,True,1,00104700,False,Troy University,Troy University - Dothan,Troy University,Yes [YPY],1,-2,00104754,Merged,both,unique_official_site_match,AL,False
00105901,2000-2001,LAWSON STATE COMMUNITY COLLEGE - BESSEMER CAMPUS,AL,,,no_exact_match,1,ambiguous_or_unmatched,2000,101569,1,ipeds_header_match,1.0,0.0,True,True,1,00105900,False,Lawson State Community College,Lawson State Community College - Bessemer Campus,LAWSON STATE COMMUNITY COLLEGE,Yes,1,-2,-2,,both,unique_official_site_match,AL,False
00105901,2001-2002,LAWSON STATE COMMUNITY COLLEGE - BESSEMER CAMPUS,AL,,,no_exact_match,1,ambiguous_or_unmatched,2001,101569,1,ipeds_header_match,1.0,0.0,True,True,1,00105900,False,Lawson State Community College,Lawson State Community College - Bessemer Campus,LAWSON STATE COMMUNITY COLLEGE,Yes,1,-2,00105901,,both,unique_official_site_match,AL,False
00105901,2002-2003,LAWSON STATE COMMUNITY COLLEGE - BESSEMER CAMPUS,AL,,,no_exact_match,1,ambiguous_or_unmatched,2002,101569,1,ipeds_header_match,1.0,0.0,True,True,1,00105900,False,Lawson State Community College,Lawson State Community College - Bessemer Campus,LAWSON STATE COMMUNITY COLLEGE,Yes,1,-2,00105901,,both,unique_official_site_match,AL,False
00105901,2003-2004,LAWSON STATE COMMUNITY COLLEGE - BESSEMER CAMPUS,AL,,,no_exact_match,1,ambiguous_or_unmatched,2003,101569,1,ipeds_header_match,1.0,0.0,True,True,1,00105900,False,Lawson State Community College,Lawson State Community College - Bessemer Campus,LAWSON STATE COMMUNITY COLLEGE,Yes,1,-2,00105901,,both,unique_official_site_match,AL,False
00105901,2004-2005,LAWSON STATE COMMUNITY COLLEGE - BESSEMER CAMPUS,AL,,,no_exact_match,1,ambiguous_or_unmatched,2004,101569,1,ipeds_header_match,1.0,0.0,True,True,1,00105900,False,Lawson State Community College,Lawson State Community College - Bessemer Campus,LAWSON STATE COMMUNITY COLLEGE,Yes,1,-2,00105901,,both,unique_official_site_match,AL,False
00105901,2007-2008,LAWSON STATE COMMUNITY COLLEGE - BESSEMER CAMPUS,AL,35221-1798,,no_exact_match,1,ambiguous_or_unmatched,2007,101569,1,ipeds_header_match,1.0,0.0,True,True,1,00105900,False,Lawson State Community College,Lawson State Community College - Bessemer Campus,Lawson State Community College-Birmingham Campus,Yes [YPY],1,-2,00105901,,both,unique_official_site_match,AL,False
00105901,2008-2009,LAWSON STATE COMMUNITY COLLEGE - BESSEMER CAMPUS,AL,35221-1798,,no_exact_match,1,ambiguous_or_unmatched,2008,101569,1,ipeds_header_match,1.0,0.0,True,True,1,00105900,False,Lawson State Community College,Lawson State Community College - Bessemer Campus,Lawson State Community College-Birmingham Campus,Yes [YPY],1,-2,00105901,,both,unique_official_site_match,AL,False
00105901,2009-2010,LAWSON STATE COMMUNITY COLLEGE - BESSEMER CAMPUS,AL,35221-1798,,no_exact_match,1,ambiguous_or_unmatched,2009,101569,1,ipeds_header_match,1.0,0.0,True,True,1,00105900,False,Lawson State Community College,Lawson State Community College - Bessemer Campus,Lawson State Community College-Birmingham Campus,Yes [YCY],1,-2,00105901,,both,unique_official_site_match,AL,False
00106304,2008-2009,UNIVERSITY OF ALASKA FAIRBANKS - KUSKOKWIN CAMPUS,AK,99775-7500,,no_exact_match,1,ambiguous_or_unmatched,2008,102614,3,relationship_established_from_other_years,1.0,0.0,True,True,1,00106300,False,University of Alaska Fairbanks,University of Alaska Fairbanks - Kuskokwin Campus,University of Alaska Fairbanks,Yes [YCY],1,-2,00106304,,both,unique_official_site_match,AK,False
00106304,2009-2010,UNIVERSITY OF ALASKA FAIRBANKS - KUSKOKWIN CAMPUS,AK,99775-7500,,no_exact_match,1,ambiguous_or_unmatched,2009,102614,3,relationship_established_from_other_years,1.0,0.0,True,True,1,00106300,False,University of Alaska Fairbanks,University of Alaska Fairbanks - Kuskokwin Campus,University of Alaska Fairbanks,Yes [YCY],1,-2,00106304,,both,unique_official_site_match,AK,False
00106501,2008-2009,UNIVERSITY OF ALASKA SOUTHEAST - SITKA CAMPUS,AK,99801-8680,,no_exact_match,1,ambiguous_or_unmatched,2008,102632,1,ipeds_header_match,1.0,0.0,True,True,1,00106500,False,University of Alaska Southeast,University of Alaska Southeast - Sitka Campus,University of Alaska Southeast,Yes [YCY],1,-2,00106501,,both,unique_official_site_match,AK,False
00108501,2000-2001,UNIVERSITY OF ARKANSAS AT MONTICELLO - COLLEGE OF TECHNOLOGY MCGEHEE,AR,,,no_exact_match,1,ambiguous_or_unmatched,2000,106485,1,ipeds_header_match,1.0,0.0,True,True,1,00108500,False,University of Arkansas at Monticello,University of Arkansas at Monticello - College of Technology McGehee,UNIVERSITY OF ARKANSAS AT MONTICELLO,Yes,1,-2,-2,,both,unique_official_site_match,AR,False
00108501,2001-2002,UNIVERSITY OF ARKANSAS AT MONTICELLO - COLLEGE OF TECHNOLOGY MCGEHEE,AR,,,no_exact_match,1,ambiguous_or_unmatched,2001,106485,1,ipeds_header_match,1.0,0.0,True,True,1,00108500,False,University of Arkansas at Monticello,University of Arkansas at Monticello - College of Technology McGehee,UNIVERSITY OF ARKANSAS AT MONTICELLO,Yes,1,-2,00108501,,both,unique_official_site_match,AR,False
00108501,2002-2003,UNIVERSITY OF ARKANSAS AT MONTICELLO - COLLEGE OF TECHNOLOGY MCGEHEE,AR,,,no_exact_match,1,ambiguous_or_unmatched,2002,106485,1,ipeds_header_match,1.0,0.0,True,True,1,00108500,False,University of Arkansas at Monticello,University of Arkansas at Monticello - College of Technology McGehee,UNIVERSITY OF ARKANSAS AT MONTICELLO,Yes,1,-2,00108501,,both,unique_official_site_match,AR,False
00108502,2000-2001,UNIVERSITY OF ARKANSAS AT MONTICELLO - COLLEGE OF TECHNOLOGY CROSSETT,AR,,,no_exact_match,1,ambiguous_or_unmatched,2000,106485,1,ipeds_header_match,1.0,0.0,True,True,1,00108500,False,University of Arkansas at Monticello,University of Arkansas at Monticello - College of Technology Crossett,UNIVERSITY OF ARKANSAS AT MONTICELLO,Yes,1,-2,-2,,both,unique_official_site_match,AR,False
00108502,2001-2002,UNIVERSITY OF ARKANSAS AT MONTICELLO - COLLEGE OF TECHNOLOGY CROSSETT,AR,,,no_exact_match,1,ambiguous_or_unmatched,2001,106485,1,ipeds_header_match,1.0,0.0,True,True,1,00108500,False,University of Arkansas at Monticello,University of Arkansas at Monticello - College of Technology Crossett,UNIVERSITY OF ARKANSAS AT MONTICELLO,Yes,1,-2,00108502,,both,unique_official_site_match,AR,False
00108502,2002-2003,UNIVERSITY OF ARKANSAS AT MONTICELLO - COLLEGE OF TECHNOLOGY CROSSETT,AR,,,no_exact_match,1,ambiguous_or_unmatched,2002,106485,1,ipeds_header_match,1.0,0.0,True,True,1,00108500,False,University of Arkansas at Monticello,University of Arkansas at Monticello - College of Technology Crossett,UNIVERSITY OF ARKANSAS AT MONTICELLO,Yes,1,-2,00108502,,both,unique_official_site_match,AR,False
00108906,2000-2001,ARKANSAS TECH UNIVERSITY - OZARK CAMPUS,AR,,,no_exact_match,1,ambiguous_or_unmatched,2000,106467,1,ipeds_header_match,1.0,0.0,True,True,1,00108900,False,Arkansas Tech University,Arkansas Tech University - Arkansas Valley Technical Institute of ATU,ARKANSAS TECH UNIVERSITY,Yes,1,-2,-2,,both,unique_official_site_match,AR,False
00108906,2001-2002,ARKANSAS TECH UNIVERSITY - OZARK CAMPUS,AR,,,no_exact_match,1,ambiguous_or_unmatched,2001,106467,1,ipeds_header_match,1.0,0.0,True,True,1,00108900,False,Arkansas Tech University,Arkansas Tech University - Arkansas Valley Technical Institute of ATU,ARKANSAS TECH UNIVERSITY,Yes,1,-2,00108906,,both,unique_official_site_match,AR,False
00108906,2002-2003,ARKANSAS TECH UNIVERSITY - OZARK CAMPUS,AR,,,no_exact_match,1,ambiguous_or_unmatched,2002,106467,1,ipeds_header_match,1.0,0.0,True,True,1,00108900,False,Arkansas Tech University,Arkansas Tech University - Arkansas Valley Technical Institute of ATU,ARKANSAS TECH UNIVERSITY,Yes,1,-2,00108906,,both,unique_official_site_match,AR,False
00109100,2000-2001,ARKANSAS STATE UNIVERSITY - BEEBE,AR,72012-1000,,no_exact_match,0,ambiguous_or_unmatched,2000,106449,3,relationship_established_from_other_years,1.0,0.0,True,True,2,00109100,False,Arkansas State University - Beebe,Arkansas State University - Beebe,ARKANSAS STATE UNIVERSITY-BEEBE BRANCH,Yes,1,-2,-2,,both,unique_official_site_match,AR,False
00109100,2003-2004,ARKANSAS STATE UNIVERSITY - BEEBE,AR,72012-1000,,no_exact_match,1,ambiguous_or_unmatched,2003,106449,1,ipeds_header_match,1.0,0.0,True,True,2,00109100,False,Arkansas State University - Beebe,Arkansas State University - Beebe,ARKANSAS STATE UNIVERSITY-BEEBE,Yes,1,-2,00109001|00109100,,both,unique_official_site_match,AR,False
00112700,2011-2012,California College of the Arts,CA,94107-2206,,no_exact_match,1,ambiguous_or_unmatched,2011,110370,1,ipeds_header_match,1.0,0.0,True,True,1,00112700,False,California College of the Arts,California College of the Arts,California College of the Arts,Yes [YCY],1,-2,00112700,,both,unique_official_site_match,CA,False
00112700,2012-2013,California College of the Arts,CA,94107-2206,,no_exact_match,1,ambiguous_or_unmatched,2012,110370,1,ipeds_header_match,1.0,0.0,True,True,1,00112700,False,California College of the Arts,California College of the Arts,California College of the Arts,Yes [YCY],1,-2,00112700,,both,unique_official_site_match,CA,False
00124100,2008-2009,Monterey Institute of International Studies,CA,93940-2691,,no_exact_match,0,ambiguous_or_unmatched,2008,119058,3,relationship_established_from_other_years,1.0,0.0,True,True,1,00124100,False,Monterey Institute of International Studies,Monterey Institute of International Studies,Monterey Institute of International Studies,Yes [YPY],1,00124100|00369110|7|20090413,00124100,,both,unique_official_site_match,CA,False
00141703,2008-2009,UNIVERSITY OF CONNECTICUT - TORRINGTON CAMPUS,CT,06269-2151,,no_exact_match,4,ambiguous_or_unmatched,2008,436818,3,relationship_established_from_other_years,1.0,0.0,True,True,2,00141700,False,University of Connecticut,University of Connecticut - Torrington Campus,University of Connecticut-Tri-Campus,Yes [YPY],1,-2,00141703,,both,unique_official_site_match,CT,False
00141704,2008-2009,UNIVERSITY OF CONNECTICUT - WATERBURY CAMPUS,CT,06269-2151,,no_exact_match,4,ambiguous_or_unmatched,2008,436818,3,relationship_established_from_other_years,1.0,0.0,True,True,2,00141700,False,University of Connecticut,University of Connecticut - Waterbury Campus,University of Connecticut-Tri-Campus,Yes [YPY],1,-2,00141704,,both,unique_official_site_match,CT,False
00141704,2009-2010,UNIVERSITY OF CONNECTICUT - WATERBURY CAMPUS,CT,62692,,no_exact_match,5,ambiguous_or_unmatched,2009,436818,3,relationship_established_from_other_years,1.0,0.0,True,True,2,00141700,False,University of Connecticut,University of Connecticut - Waterbury Campus,University of Connecticut-Tri-Campus,Yes [YPY],1,-2,00141704,,both,unique_official_site_match,CT,False
00150601,2006-2007,MIAMI DADE COLLEGE - NORTH CAMPUS,FL,33132-2297,,no_exact_match,1,ambiguous_or_unmatched,2006,135717,1,ipeds_header_match,1.0,0.0,True,True,1,00150600,False,Miami Dade College,Miami Dade College - North Campus,Miami Dade College,Yes [YCY],1,-2,00150601,,both,unique_official_site_match,FL,False
00150601,2007-2008,MIAMI DADE COLLEGE - NORTH CAMPUS,FL,33132-2297,,no_exact_match,1,ambiguous_or_unmatched,2007,135717,1,ipeds_header_match,1.0,0.0,True,True,1,00150600,False,Miami Dade College,Miami Dade College - North Campus,Miami Dade College,Yes [YCY],1,-2,00150601,,both,unique_official_site_match,FL,False
00150601,2008-2009,MIAMI DADE COLLEGE - NORTH CAMPUS,FL,33132-2297,,no_exact_match,1,ambiguous_or_unmatched,2008,135717,1,ipeds_header_match,1.0,0.0,True,True,1,00150600,False,Miami Dade College,Miami Dade College - North Campus,Miami Dade College,Yes [YCY],1,-2,00150601,,both,unique_official_site_match,FL,False
00150601,2009-2010,MIAMI DADE COLLEGE - NORTH CAMPUS,FL,33132-2297,,no_exact_match,1,ambiguous_or_unmatched,2009,135717,1,ipeds_header_match,1.0,0.0,True,True,1,00150600,False,Miami Dade College,Miami Dade College - North Campus,Miami Dade College,Yes [YCY],1,-2,00150601,,both,unique_official_site_match,FL,False
00150602,2006-2007,MIAMI DADE COLLEGE - KENDALL CAMPUS,FL,33132-2297,,no_exact_match,1,ambiguous_or_unmatched,2006,135717,1,ipeds_header_match,1.0,0.0,True,True,1,00150600,False,Miami Dade College,Miami Dade College - Kendall Campus,Miami Dade College,Yes [YCY],1,-2,00150602,,both,unique_official_site_match,FL,False
00150602,2007-2008,MIAMI DADE COLLEGE - KENDALL CAMPUS,FL,33132-2297,,no_exact_match,1,ambiguous_or_unmatched,2007,135717,1,ipeds_header_match,1.0,0.0,True,True,1,00150600,False,Miami Dade College,Miami Dade College - Kendall Campus,Miami Dade College,Yes [YCY],1,-2,00150602,,both,unique_official_site_match,FL,False
00150602,2008-2009,MIAMI DADE COLLEGE - KENDALL CAMPUS,FL,33132-2297,,no_exact_match,1,ambiguous_or_unmatched,2008,135717,1,ipeds_header_match,1.0,0.0,True,True,1,00150600,False,Miami Dade College,Miami Dade College - Kendall Campus,Miami Dade College,Yes [YCY],1,-2,00150602,,both,unique_official_site_match,FL,False
00150603,2006-2007,MIAMI DADE COLLEGE - WOLFSON CAMPUS,FL,33132-2297,,no_exact_match,1,ambiguous_or_unmatched,2006,135717,1,ipeds_header_match,1.0,0.0,True,True,1,00150600,False,Miami Dade College,Miami Dade College -  Wolfson Campus,Miami Dade College,Yes [YCY],1,-2,00150603,,both,unique_official_site_match,FL,False
00150603,2007-2008,MIAMI DADE COLLEGE - WOLFSON CAMPUS,FL,33132-2297,,no_exact_match,1,ambiguous_or_unmatched,2007,135717,1,ipeds_header_match,1.0,0.0,True,True,1,00150600,False,Miami Dade College,Miami Dade College -  Wolfson Campus,Miami Dade College,Yes [YCY],1,-2,00150603,,both,unique_official_site_match,FL,False
00150603,2008-2009,MIAMI DADE COLLEGE - WOLFSON CAMPUS,FL,33132-2297,,no_exact_match,1,ambiguous_or_unmatched,2008,135717,1,ipeds_header_match,1.0,0.0,True,True,1,00150600,False,Miami Dade College,Miami Dade College -  Wolfson Campus,Miami Dade College,Yes [YCY],1,-2,00150603,,both,unique_official_site_match,FL,False
00150603,2009-2010,MIAMI DADE COLLEGE - WOLFSON CAMPUS,FL,33132-2297,,no_exact_match,1,ambiguous_or_unmatched,2009,135717,1,ipeds_header_match,1.0,0.0,True,True,1,00150600,False,Miami Dade College,Miami Dade College -  Wolfson Campus,Miami Dade College,Yes [YCY],1,-2,00150603,,both,unique_official_site_match,FL,False
00150604,2006-2007,MIAMI DADE COLLEGE - MEDICAL CENTER CAMPUS,FL,33132-2297,,no_exact_match,1,ambiguous_or_unmatched,2006,135717,1,ipeds_header_match,1.0,0.0,True,True,1,00150600,False,Miami Dade College,Miami Dade  College - Medical Center Campus,Miami Dade College,Yes [YCY],1,-2,00150604,,both,unique_official_site_match,FL,False
00150604,2007-2008,MIAMI DADE COLLEGE - MEDICAL CENTER CAMPUS,FL,33132-2297,,no_exact_match,1,ambiguous_or_unmatched,2007,135717,1,ipeds_header_match,1.0,0.0,True,True,1,00150600,False,Miami Dade College,Miami Dade  College - Medical Center Campus,Miami Dade College,Yes [YCY],1,-2,00150604,,both,unique_official_site_match,FL,False
00150604,2008-2009,MIAMI DADE COLLEGE - MEDICAL CENTER CAMPUS,FL,33132-2297,,no_exact_match,1,ambiguous_or_unmatched,2008,135717,1,ipeds_header_match,1.0,0.0,True,True,1,00150600,False,Miami Dade College,Miami Dade  College - Medical Center Campus,Miami Dade College,Yes [YCY],1,-2,00150604,,both,unique_official_site_match,FL,False
00150604,2009-2010,MIAMI DADE COLLEGE - MEDICAL CENTER CAMPUS,FL,33132-2297,,no_exact_match,1,ambiguous_or_unmatched,2009,135717,1,ipeds_header_match,1.0,0.0,True,True,1,00150600,False,Miami Dade College,Miami Dade  College - Medical Center Campus,Miami Dade College,Yes [YCY],1,-2,00150604,,both,unique_official_site_match,FL,False
00158019,2000-2001,MERCER UNIVERSITY - GA BAPTIST COLLEGE OF NURSING,GA,,,no_exact_match,2,ambiguous_or_unmatched,2000,140447,3,relationship_established_from_other_years,1.0,0.0,True,True,2,00158000,False,Mercer University,Mercer University - GA Baptist College of Nursing,MERCER UNIVERSITY,No,1,-2,-2,,both,unique_official_site_match,GA,False
00181301,2006-2007,INDIANA UNIVERSITY - PURDUE UNIVERSITY INDIANAPOLIS - COLUMBUS CTR,IN,46202-5145,,no_exact_match,1,ambiguous_or_unmatched,2006,151111,1,ipeds_header_match,1.0,0.0,True,True,1,00181300,False,Indiana University - Purdue University Indianapolis,Indiana University - Purdue University Indianapolis - Columbus Ctr,Indiana University-Purdue University-Indianapolis,Yes [YCY],1,-2,00181301,,both,unique_official_site_match,IN,False
00181301,2007-2008,INDIANA UNIVERSITY - PURDUE UNIVERSITY INDIANAPOLIS - COLUMBUS CTR,IN,46202-5145,,no_exact_match,1,ambiguous_or_unmatched,2007,151111,1,ipeds_header_match,1.0,0.0,True,True,1,00181300,False,Indiana University - Purdue University Indianapolis,Indiana University - Purdue University Indianapolis - Columbus Ctr,Indiana University-Purdue University-Indianapolis,Yes [YCY],1,-2,00181301,,both,unique_official_site_match,IN,False
00181301,2008-2009,INDIANA UNIVERSITY - PURDUE UNIVERSITY INDIANAPOLIS - COLUMBUS CTR,IN,46202-5145,,no_exact_match,1,ambiguous_or_unmatched,2008,151111,1,ipeds_header_match,1.0,0.0,True,True,1,00181300,False,Indiana University - Purdue University Indianapolis,Indiana University - Purdue University Indianapolis - Columbus Ctr,Indiana University-Purdue University-Indianapolis,Yes [YCY],1,-2,00181301,,both,unique_official_site_match,IN,False
00181301,2009-2010,INDIANA UNIVERSITY - PURDUE UNIVERSITY INDIANAPOLIS - COLUMBUS CTR,IN,46202-5145,,no_exact_match,1,ambiguous_or_unmatched,2009,151111,1,ipeds_header_match,1.0,0.0,True,True,1,00181300,False,Indiana University - Purdue University Indianapolis,Indiana University - Purdue University Indianapolis - Columbus Ctr,Indiana University-Purdue University-Indianapolis,Yes [YCY],1,-2,00181301,,both,unique_official_site_match,IN,False
00191008,2000-2001,COFFEYVILLE COMMUNITY COLLEGE/AREA VOCATIONAL SCHOOL-TECH CAMPUS,KS,,,no_exact_match,1,ambiguous_or_unmatched,2000,154925,1,ipeds_header_match,1.0,0.0,True,True,1,00191000,False,Coffeyville Community College,Coffeyville Community College/Area Vocational School-Tech Campus,COFFEYVILLE COMMUNITY COLLEGE,Yes,1,-2,-2,,both,unique_official_site_match,KS,False
00192801,2008-2009,KANSAS STATE UNIVERSITY - SALINA CAMPUS,KS,66506-1104,,no_exact_match,1,ambiguous_or_unmatched,2008,155399,1,ipeds_header_match,1.0,0.0,True,True,1,00192800,False,Kansas State University,Kansas State University - Salina Campus,Kansas State University,Yes [YCY],1,-2,00192801,,both,unique_official_site_match,KS,False
00192801,2009-2010,KANSAS STATE UNIVERSITY - SALINA CAMPUS,KS,66506-1104,,no_exact_match,1,ambiguous_or_unmatched,2009,155399,1,ipeds_header_match,1.0,0.0,True,True,1,00192800,False,Kansas State University,Kansas State University - Salina Campus,Kansas State University,Yes [YCY],1,-2,00192801,,both,unique_official_site_match,KS,False
00199001,2008-2009,ASHLAND COMMUNITY AND TECHNICAL COLLEGE - ROBERTS DRIVE CAMPUS,KY,41101-3683,,no_exact_match,1,ambiguous_or_unmatched,2008,156231,3,relationship_established_from_other_years,1.0,0.0,True,True,1,00199000,False,Ashland Community and Technical College,Ashland Community and Technical College - Roberts Drive Campus,Ashland Community and Technical College,Yes [YCY],1,-2,00199001,,both,unique_official_site_match,KY,False
00206300,2001-2002,COMMUNITY COLLEGE OF BALTIMORE COUNTY,MD,21228,,no_exact_match,0,ambiguous_or_unmatched,2001,434672,1,ipeds_header_match,1.0,0.0,True,True,1,00206300,False,Community College of Baltimore County,Community College of Baltimore County,THE COMMUNITY COLLEGE OF BALTIMORE COUNTY,Yes,1,-2,00206300,,both,unique_official_site_match,MD,False
00206300,2011-2012,Community College of Baltimore County,MD,21228-5381,,no_exact_match,1,ambiguous_or_unmatched,2011,434672,1,ipeds_header_match,1.0,0.0,True,True,1,00206300,False,Community College of Baltimore County,Community College of Baltimore County,The Community College of Baltimore County,Yes [YCY],1,-2,00206300,,both,unique_official_site_match,MD,False
00207702,2008-2009,JOHNS HOPKINS UNIVERSITY - SCHOOL OF ARTS/SCIENCES & ENGINEERING,MD,21218-2693,,no_exact_match,1,ambiguous_or_unmatched,2008,162928,1,ipeds_header_match,1.0,0.0,True,True,1,00207700,False,Johns Hopkins University,Johns Hopkins University - School of Arts/Sciences & Engineering,Johns Hopkins University,Yes [YCY],1,-2,00207702,,both,unique_official_site_match,MD,False
00224940,2000-2001,DAVENPORT UNIVERSITY - DEARBORN,MI,,,no_exact_match,7,ambiguous_or_unmatched,2000,169594,3,relationship_established_from_other_years,1.0,0.0,True,True,2,00224900,False,Davenport University,Davenport University  - Dearborn,DAVENPORT UNIVERSITY-EASTERN REGION-DEARBORN,Yes,1,-2,-2,,both,unique_official_site_match,MI,False
00224940,2001-2002,DAVENPORT UNIVERSITY - DEARBORN,MI,,,no_exact_match,7,ambiguous_or_unmatched,2001,169594,3,relationship_established_from_other_years,1.0,0.0,True,True,2,00224900,False,Davenport University,Davenport University  - Dearborn,DAVENPORT UNIVERSITY-EASTERN REGION-DEARBORN,Yes,1,-2,00224940,,both,unique_official_site_match,MI,False
00224940,2002-2003,DAVENPORT UNIVERSITY - LIVONIA,MI,,,no_exact_match,7,ambiguous_or_unmatched,2002,169594,3,relationship_established_from_other_years,1.0,0.0,True,True,2,00224900,False,Davenport University,Davenport University  - Dearborn,DAVENPORT UNIVERSITY-EASTERN REGION-DEARBORN,Yes,1,-2,00224940,,both,unique_official_site_match,MI,False
00224941,2000-2001,DAVENPORT UNIVERSITY - SAGINAW,MI,,,no_exact_match,7,ambiguous_or_unmatched,2000,245245,3,relationship_established_from_other_years,1.0,0.0,True,True,2,00224900,False,Davenport University,Davenport University  - Saginaw,DAVENPORT UNIVERSITY-CENTRAL REGION,Yes,1,-2,-2,,both,unique_official_site_match,MI,False
00224941,2001-2002,DAVENPORT UNIVERSITY - SAGINAW,MI,,,no_exact_match,7,ambiguous_or_unmatched,2001,245245,3,relationship_established_from_other_years,1.0,0.0,True,True,2,00224900,False,Davenport University,Davenport University  - Saginaw,DAVENPORT UNIVERSITY-CENTRAL REGION,Yes,1,-2,00224941,,both,unique_official_site_match,MI,False
00224941,2002-2003,DAVENPORT UNIVERSITY - SAGINAW,MI,,,no_exact_match,7,ambiguous_or_unmatched,2002,245245,3,relationship_established_from_other_years,1.0,0.0,True,True,2,00224900,False,Davenport University,Davenport University  - Saginaw,DAVENPORT UNIVERSITY-CENTRAL REGION,Yes,1,-2,00224941,,both,unique_official_site_match,MI,False
00224941,2006-2007,DAVENPORT UNIVERSITY - SAGINAW,MI,49512-9396,,no_exact_match,1,ambiguous_or_unmatched,2006,169479,1,ipeds_header_match,1.0,0.0,True,True,1,00224900,False,Davenport University,Davenport University  - Saginaw,Davenport University,Yes [YCY],1,-2,00224941,,both,unique_official_site_match,MI,False
00226014,2000-2001,FERRIS STATE UNIVERSITY - KENDALL COLLEGE OF ART AND DESIGN OF FSU,MI,,,no_exact_match,1,ambiguous_or_unmatched,2000,169910,1,ipeds_header_match,1.0,0.0,True,True,1,00226000,False,Ferris State University,Ferris State University - Kendall College of Art and Design of FSU,FERRIS STATE UNIVERSITY,Yes,1,-2,-2,,both,unique_official_site_match,MI,False
00230301,2006-2007,OAKLAND COMMUNITY COLLEGE - ORCHARD RIDGE CAMPUS,MI,48304-2266,,no_exact_match,1,ambiguous_or_unmatched,2006,171535,1,ipeds_header_match,1.0,0.0,True,True,1,00230300,False,Oakland Community College,Oakland Community College - Orchard Ridge Campus,Oakland Community College,Yes [YCY],1,-2,00230301,,both,unique_official_site_match,MI,False
00230301,2007-2008,OAKLAND COMMUNITY COLLEGE - ORCHARD RIDGE CAMPUS,MI,48304-2266,,no_exact_match,1,ambiguous_or_unmatched,2007,171535,1,ipeds_header_match,1.0,0.0,True,True,1,00230300,False,Oakland Community College,Oakland Community College - Orchard Ridge Campus,Oakland Community College,Yes [YCY],1,-2,00230301,,both,unique_official_site_match,MI,False
00230301,2008-2009,OAKLAND COMMUNITY COLLEGE - ORCHARD RIDGE CAMPUS,MI,48304-2266,,no_exact_match,1,ambiguous_or_unmatched,2008,171535,1,ipeds_header_match,1.0,0.0,True,True,1,00230300,False,Oakland Community College,Oakland Community College - Orchard Ridge Campus,Oakland Community College,Yes [YCY],1,-2,00230301,,both,unique_official_site_match,MI,False
00230301,2009-2010,OAKLAND COMMUNITY COLLEGE - ORCHARD RIDGE CAMPUS,MI,48304-2266,,no_exact_match,1,ambiguous_or_unmatched,2009,171535,1,ipeds_header_match,1.0,0.0,True,True,1,00230300,False,Oakland Community College,Oakland Community College - Orchard Ridge Campus,Oakland Community College,Yes [YCY],1,-2,00230301,,both,unique_official_site_match,MI,False
00230302,2006-2007,OAKLAND COMMUNITY COLLEGE - ROYAL OAK CAMPUS,MI,48304-2266,,no_exact_match,1,ambiguous_or_unmatched,2006,171535,1,ipeds_header_match,1.0,0.0,True,True,1,00230300,False,Oakland Community College,Oakland Community College - Royal Oak Campus,Oakland Community College,Yes [YCY],1,-2,00230302,,both,unique_official_site_match,MI,False
00230302,2007-2008,OAKLAND COMMUNITY COLLEGE - ROYAL OAK CAMPUS,MI,48304-2266,,no_exact_match,1,ambiguous_or_unmatched,2007,171535,1,ipeds_header_match,1.0,0.0,True,True,1,00230300,False,Oakland Community College,Oakland Community College - Royal Oak Campus,Oakland Community College,Yes [YCY],1,-2,00230302,,both,unique_official_site_match,MI,False
00230302,2008-2009,OAKLAND COMMUNITY COLLEGE - ROYAL OAK CAMPUS,MI,48304-2266,,no_exact_match,1,ambiguous_or_unmatched,2008,171535,1,ipeds_header_match,1.0,0.0,True,True,1,00230300,False,Oakland Community College,Oakland Community College - Royal Oak Campus,Oakland Community College,Yes [YCY],1,-2,00230302,,both,unique_official_site_match,MI,False
00230302,2009-2010,OAKLAND COMMUNITY COLLEGE - ROYAL OAK CAMPUS,MI,48304-2266,,no_exact_match,1,ambiguous_or_unmatched,2009,171535,1,ipeds_header_match,1.0,0.0,True,True,1,00230300,False,Oakland Community College,Oakland Community College - Royal Oak Campus,Oakland Community College,Yes [YCY],1,-2,00230302,,both,unique_official_site_match,MI,False
00230304,2006-2007,OAKLAND COMMUNITY COLLEGE - AUBURN HILLS CAMPUS,MI,48304-2266,,no_exact_match,1,ambiguous_or_unmatched,2006,171535,1,ipeds_header_match,1.0,0.0,True,True,1,00230300,False,Oakland Community College,Oakland Community College - Auburn Hills Campus,Oakland Community College,Yes [YCY],1,-2,00230304,,both,unique_official_site_match,MI,False
00230304,2007-2008,OAKLAND COMMUNITY COLLEGE - AUBURN HILLS CAMPUS,MI,48304-2266,,no_exact_match,1,ambiguous_or_unmatched,2007,171535,1,ipeds_header_match,1.0,0.0,True,True,1,00230300,False,Oakland Community College,Oakland Community College - Auburn Hills Campus,Oakland Community College,Yes [YCY],1,-2,00230304,,both,unique_official_site_match,MI,False
00230304,2008-2009,OAKLAND COMMUNITY COLLEGE - AUBURN HILLS CAMPUS,MI,48304-2266,,no_exact_match,1,ambiguous_or_unmatched,2008,171535,1,ipeds_header_match,1.0,0.0,True,True,1,00230300,False,Oakland Community College,Oakland Community College - Auburn Hills Campus,Oakland Community College,Yes [YCY],1,-2,00230304,,both,unique_official_site_match,MI,False
00230304,2009-2010,OAKLAND COMMUNITY COLLEGE - AUBURN HILLS CAMPUS,MI,48304-2266,,no_exact_match,1,ambiguous_or_unmatched,2009,171535,1,ipeds_header_match,1.0,0.0,True,True,1,00230300,False,Oakland Community College,Oakland Community College - Auburn Hills Campus,Oakland Community College,Yes [YCY],1,-2,00230304,,both,unique_official_site_match,MI,False
00230305,2006-2007,OAKLAND COMMUNTIY COLLEGE - HIGHLAND LAKES CAMPUS,MI,48304-2266,,no_exact_match,1,ambiguous_or_unmatched,2006,171535,1,ipeds_header_match,1.0,0.0,True,True,1,00230300,False,Oakland Community College,Oakland Communtiy College - Highland Lakes Campus,Oakland Community College,Yes [YCY],1,-2,00230305,,both,unique_official_site_match,MI,False
00230305,2007-2008,OAKLAND COMMUNTIY COLLEGE - HIGHLAND LAKES CAMPUS,MI,48304-2266,,no_exact_match,1,ambiguous_or_unmatched,2007,171535,1,ipeds_header_match,1.0,0.0,True,True,1,00230300,False,Oakland Community College,Oakland Communtiy College - Highland Lakes Campus,Oakland Community College,Yes [YCY],1,-2,00230305,,both,unique_official_site_match,MI,False
00230305,2008-2009,OAKLAND COMMUNTIY COLLEGE - HIGHLAND LAKES CAMPUS,MI,48304-2266,,no_exact_match,1,ambiguous_or_unmatched,2008,171535,1,ipeds_header_match,1.0,0.0,True,True,1,00230300,False,Oakland Community College,Oakland Communtiy College - Highland Lakes Campus,Oakland Community College,Yes [YCY],1,-2,00230305,,both,unique_official_site_match,MI,False
00230305,2009-2010,OAKLAND COMMUNTIY COLLEGE - HIGHLAND LAKES CAMPUS,MI,48304-2266,,no_exact_match,1,ambiguous_or_unmatched,2009,171535,1,ipeds_header_match,1.0,0.0,True,True,1,00230300,False,Oakland Community College,Oakland Communtiy College - Highland Lakes Campus,Oakland Community College,Yes [YCY],1,-2,00230305,,both,unique_official_site_match,MI,False
00233502,2008-2009,RIVERLAND COMMUNITY COLLEGE - ALBERT LEA CAMPUS,MN,55912-1473,,no_exact_match,1,ambiguous_or_unmatched,2008,173063,1,ipeds_header_match,1.0,0.0,True,True,1,00233500,False,Riverland Community College,Riverland Community College - Albert Lea Campus,Riverland Community College,Yes [YCY],1,-2,00233502,,both,unique_official_site_match,MN,False
00241701,2006-2007,MISSISSIPPI GULF COAST COMMUNITY COLLEGE - JEFFERSON DAVIS CAMPUS,MS,39573-0000,,no_exact_match,1,ambiguous_or_unmatched,2006,176071,1,ipeds_header_match,1.0,0.0,True,True,1,00241700,False,Mississippi Gulf Coast Community College,Mississippi Gulf Coast Community College - Jefferson Davis Campus,Mississippi Gulf Coast Community College,Yes [YCY],1,-2,00241701,,both,unique_official_site_match,MS,False
00241701,2007-2008,MISSISSIPPI GULF COAST COMMUNITY COLLEGE - JEFFERSON DAVIS CAMPUS,MS,39573-0000,,no_exact_match,1,ambiguous_or_unmatched,2007,176071,1,ipeds_header_match,1.0,0.0,True,True,1,00241700,False,Mississippi Gulf Coast Community College,Mississippi Gulf Coast Community College - Jefferson Davis Campus,Mississippi Gulf Coast Community College,Yes [YCY],1,-2,00241701,,both,unique_official_site_match,MS,False
00241701,2008-2009,MISSISSIPPI GULF COAST COMMUNITY COLLEGE - JEFFERSON DAVIS CAMPUS,MS,39573-0000,,no_exact_match,1,ambiguous_or_unmatched,2008,176071,1,ipeds_header_match,1.0,0.0,True,True,1,00241700,False,Mississippi Gulf Coast Community College,Mississippi Gulf Coast Community College - Jefferson Davis Campus,Mississippi Gulf Coast Community College,Yes [YCY],1,-2,00241701,,both,unique_official_site_match,MS,False
00241701,2009-2010,MISSISSIPPI GULF COAST COMMUNITY COLLEGE - JEFFERSON DAVIS CAMPUS,MS,39573-0000,,no_exact_match,1,ambiguous_or_unmatched,2009,176071,1,ipeds_header_match,1.0,0.0,True,True,1,00241700,False,Mississippi Gulf Coast Community College,Mississippi Gulf Coast Community College - Jefferson Davis Campus,Mississippi Gulf Coast Community College,Yes [YCY],1,-2,00241701,,both,unique_official_site_match,MS,False
00241702,2006-2007,MISSISSIPPI GULF COAST COMMUNITY COLLEGE - JACKSON COUNTY CAMPUS,MS,39573-0000,,no_exact_match,1,ambiguous_or_unmatched,2006,176071,1,ipeds_header_match,1.0,0.0,True,True,1,00241700,False,Mississippi Gulf Coast Community College,Mississippi Gulf Coast Community College - Jackson County Campus,Mississippi Gulf Coast Community College,Yes [YCY],1,-2,00241702,,both,unique_official_site_match,MS,False
00241702,2007-2008,MISSISSIPPI GULF COAST COMMUNITY COLLEGE - JACKSON COUNTY CAMPUS,MS,39573-0000,,no_exact_match,1,ambiguous_or_unmatched,2007,176071,1,ipeds_header_match,1.0,0.0,True,True,1,00241700,False,Mississippi Gulf Coast Community College,Mississippi Gulf Coast Community College - Jackson County Campus,Mississippi Gulf Coast Community College,Yes [YCY],1,-2,00241702,,both,unique_official_site_match,MS,False
00241702,2008-2009,MISSISSIPPI GULF COAST COMMUNITY COLLEGE - JACKSON COUNTY CAMPUS,MS,39573-0000,,no_exact_match,1,ambiguous_or_unmatched,2008,176071,1,ipeds_header_match,1.0,0.0,True,True,1,00241700,False,Mississippi Gulf Coast Community College,Mississippi Gulf Coast Community College - Jackson County Campus,Mississippi Gulf Coast Community College,Yes [YCY],1,-2,00241702,,both,unique_official_site_match,MS,False
00241702,2009-2010,MISSISSIPPI GULF COAST COMMUNITY COLLEGE - JACKSON COUNTY CAMPUS,MS,39573-0000,,no_exact_match,1,ambiguous_or_unmatched,2009,176071,1,ipeds_header_match,1.0,0.0,True,True,1,00241700,False,Mississippi Gulf Coast Community College,Mississippi Gulf Coast Community College - Jackson County Campus,Mississippi Gulf Coast Community College,Yes [YCY],1,-2,00241702,,both,unique_official_site_match,MS,False
00255701,2006-2007,MID-PLAINS COMMUNITY COLLEGE - MCCOOK,NE,69101-9420,,no_exact_match,1,ambiguous_or_unmatched,2006,181312,1,ipeds_header_match,1.0,0.0,True,True,1,00255700,False,Mid-Plains Community College,Mid-Plains Community College - McCook,Mid Plains Community College,Yes [YCY],1,-2,00255701,,both,unique_official_site_match,NE,False
00255701,2007-2008,MID-PLAINS COMMUNITY COLLEGE - MCCOOK,NE,69101-9420,,no_exact_match,1,ambiguous_or_unmatched,2007,181312,1,ipeds_header_match,1.0,0.0,True,True,1,00255700,False,Mid-Plains Community College,Mid-Plains Community College - McCook,Mid-Plains Community College,Yes [YCY],1,-2,00255701,,both,unique_official_site_match,NE,False
00255701,2008-2009,MID-PLAINS COMMUNITY COLLEGE - MCCOOK,NE,69101-9420,,no_exact_match,1,ambiguous_or_unmatched,2008,181312,1,ipeds_header_match,1.0,0.0,True,True,1,00255700,False,Mid-Plains Community College,Mid-Plains Community College - McCook,Mid-Plains Community College,Yes [YCY],1,-2,00255701,,both,unique_official_site_match,NE,False
00255701,2009-2010,MID-PLAINS COMMUNITY COLLEGE - MCCOOK,NE,69101-9420,,no_exact_match,1,ambiguous_or_unmatched,2009,181312,1,ipeds_header_match,1.0,0.0,True,True,1,00255700,False,Mid-Plains Community College,Mid-Plains Community College - McCook,Mid-Plains Community College,Yes [YCY],1,-2,00255701,,both,unique_official_site_match,NE,False
00256596,2000-2001,UNIVERSITY OF NEBRASKA - CURTIS,NE,,,no_exact_match,1,ambiguous_or_unmatched,2000,181464,1,ipeds_header_match,1.0,0.0,True,True,1,00256500,False,University of Nebraska,University of Nebraska - Curtis,UNIVERSITY OF NEBRASKA AT LINCOLN,Yes,1,-2,-2,,both,unique_official_site_match,NE,False
00256596,2001-2002,UNIVERSITY OF NEBRASKA - CURTIS,NE,,,no_exact_match,1,ambiguous_or_unmatched,2001,181464,1,ipeds_header_match,1.0,0.0,True,True,1,00256500,False,University of Nebraska,University of Nebraska - Curtis,UNIVERSITY OF NEBRASKA AT LINCOLN,Yes,1,-2,00256596,,both,unique_official_site_match,NE,False
00256596,2002-2003,UNIVERSITY OF NEBRASKA - CURTIS,NE,,,no_exact_match,1,ambiguous_or_unmatched,2002,181464,1,ipeds_header_match,1.0,0.0,True,True,1,00256500,False,University of Nebraska,University of Nebraska - Curtis,UNIVERSITY OF NEBRASKA AT LINCOLN,Yes,1,-2,00256596,,both,unique_official_site_match,NE,False
00256596,2003-2004,UNIVERSITY OF NEBRASKA - CURTIS,NE,,,no_exact_match,1,ambiguous_or_unmatched,2003,181464,1,ipeds_header_match,1.0,0.0,True,True,1,00256500,False,University of Nebraska,University of Nebraska - Curtis,UNIVERSITY OF NEBRASKA AT LINCOLN,Yes,1,-2,00256596,,both,unique_official_site_match,NE,False
00256596,2004-2005,UNIVERSITY OF NEBRASKA - CURTIS,NE,,,no_exact_match,1,ambiguous_or_unmatched,2004,181464,1,ipeds_header_match,1.0,0.0,True,True,1,00256500,False,University of Nebraska,University of Nebraska - Curtis,UNIVERSITY OF NEBRASKA AT LINCOLN,Yes,1,-2,00256596,,both,unique_official_site_match,NE,False
00262923,2013-2014,"RUTGERS, THE STATE UNIVERSITY OF NEW JERSEY - BIOMED & HLTH SCI CAMPUS",NJ,71011,,no_exact_match,3,ambiguous_or_unmatched,2013,187222,1,ipeds_header_match,1.0,0.0,True,True,2,00262900,False,"Rutgers, the State University of New Jersey","Rutgers, the State University of New Jersey - Biomed & Hlth Sci Campus",University of Medicine and Dentistry of New Jersey,Yes [YCY],2,-2,00262923|01039400,,both,unique_official_site_match,NJ,False
00267803,2000-2001,BRYANT & STRATTON BUSINESS INSTITUTE - GREECE,NY,,,no_exact_match,3,ambiguous_or_unmatched,2000,189592,3,relationship_established_from_other_years,1.0,0.0,True,True,2,00267800,False,Bryant & Stratton Business Institute,Bryant & Stratton Business Institute - Greece,BRYANT AND STRATTON BUSINESS INSTITUTE-ROCHESTER,Yes,1,-2,-2,,both,unique_official_site_match,NY,False
00267803,2001-2002,BRYANT & STRATTON BUSINESS INSTITUTE - GREECE,NY,,,no_exact_match,3,ambiguous_or_unmatched,2001,189592,3,relationship_established_from_other_years,1.0,0.0,True,True,2,00267800,False,Bryant & Stratton Business Institute,Bryant & Stratton Business Institute - Greece,BRYANT AND STRATTON BUSINESS INSTITUTE-ROCHESTER,Yes,1,-2,00267803,,both,unique_official_site_match,NY,False
00267803,2002-2003,BRYANT & STRATTON COLLEGE - GREECE,NY,,,no_exact_match,3,ambiguous_or_unmatched,2002,189592,3,relationship_established_from_other_years,1.0,0.0,True,True,2,00267800,False,Bryant & Stratton Business Institute,Bryant & Stratton Business Institute - Greece,BRYANT AND STRATTON BUSINESS INSTITUTE-ROCHESTER,Yes,1,-2,00267803,,both,unique_official_site_match,NY,False
00267803,2003-2004,BRYANT & STRATTON COLLEGE - GREECE,NY,,,no_exact_match,3,ambiguous_or_unmatched,2003,189592,3,relationship_established_from_other_years,1.0,0.0,True,True,2,00267800,False,Bryant & Stratton Business Institute,Bryant & Stratton Business Institute - Greece,BRYANT AND STRATTON COLLEGE-ROCHESTER,Yes,1,-2,00267803,,both,unique_official_site_match,NY,False
00267805,2000-2001,BRYANT & STRATTON BUSINESS INSTITUTE - SYRACUSE,NY,,,no_exact_match,3,ambiguous_or_unmatched,2000,189574,3,relationship_established_from_other_years,1.0,0.0,True,True,2,00267800,False,Bryant & Stratton Business Institute,Bryant & Stratton Business Institute - Syracuse,BRYANT AND STRATTON BUSINESS INST-MAIN SYRACUSE,Yes,1,-2,-2,,both,unique_official_site_match,NY,False
00267805,2001-2002,BRYANT & STRATTON BUSINESS INSTITUTE - SYRACUSE,NY,,,no_exact_match,3,ambiguous_or_unmatched,2001,189574,3,relationship_established_from_other_years,1.0,0.0,True,True,2,00267800,False,Bryant & Stratton Business Institute,Bryant & Stratton Business Institute - Syracuse,BRYANT AND STRATTON BUSINESS INST-MAIN SYRACUSE,Yes,1,-2,00267805,,both,unique_official_site_match,NY,False
00267805,2002-2003,BRYANT & STRATTON COLLEGE - SYRACUSE,NY,,,no_exact_match,3,ambiguous_or_unmatched,2002,189574,3,relationship_established_from_other_years,1.0,0.0,True,True,2,00267800,False,Bryant & Stratton Business Institute,Bryant & Stratton Business Institute - Syracuse,BRYANT AND STRATTON BUSINESS INST-MAIN SYRACUSE,Yes,1,-2,00267805,,both,unique_official_site_match,NY,False
00267805,2003-2004,BRYANT & STRATTON COLLEGE - SYRACUSE,NY,,,no_exact_match,3,ambiguous_or_unmatched,2003,189574,3,relationship_established_from_other_years,1.0,0.0,True,True,2,00267800,False,Bryant & Stratton Business Institute,Bryant & Stratton Business Institute - Syracuse,BRYANT AND STRATTON BUSINESS INST-MAIN SYRACUSE,Yes,1,-2,00267805,,both,unique_official_site_match,NY,False
00267807,2000-2001,BRYANT & STRATTON BUSINESS INSTITUTE - ALBANY,NY,,,no_exact_match,3,ambiguous_or_unmatched,2000,188517,3,relationship_established_from_other_years,1.0,0.0,True,True,2,00267800,False,Bryant & Stratton Business Institute,Bryant & Stratton Business Institute - Albany,BRYANT AND STRATTON BUSINESS INSTITUTE-ALBANY,Yes,1,-2,-2,,both,unique_official_site_match,NY,False
00267807,2001-2002,BRYANT & STRATTON BUSINESS INSTITUTE - ALBANY,NY,,,no_exact_match,3,ambiguous_or_unmatched,2001,188517,3,relationship_established_from_other_years,1.0,0.0,True,True,2,00267800,False,Bryant & Stratton Business Institute,Bryant & Stratton Business Institute - Albany,BRYANT AND STRATTON BUSINESS INSTITUTE-ALBANY,Yes,1,-2,00267807,,both,unique_official_site_match,NY,False
00267807,2002-2003,BRYANT & STRATTON COLLEGE - ALBANY,NY,,,no_exact_match,3,ambiguous_or_unmatched,2002,188517,3,relationship_established_from_other_years,1.0,0.0,True,True,2,00267800,False,Bryant & Stratton Business Institute,Bryant & Stratton Business Institute - Albany,BRYANT AND STRATTON BUSINESS INSTITUTE-ALBANY,Yes,1,-2,00267807,,both,unique_official_site_match,NY,False
00267807,2003-2004,BRYANT & STRATTON COLLEGE - ALBANY,NY,,,no_exact_match,3,ambiguous_or_unmatched,2003,188517,3,relationship_established_from_other_years,1.0,0.0,True,True,2,00267800,False,Bryant & Stratton Business Institute,Bryant & Stratton Business Institute - Albany,BRYANT AND STRATTON COLLEGE-ALBANY,Yes,1,-2,00267807,,both,unique_official_site_match,NY,False
00267808,2000-2001,BRYANT & STRATTON BUSINESS INSTITUTE - PARMA,NY,,,no_exact_match,3,ambiguous_or_unmatched,2000,201469,3,relationship_established_from_other_years,1.0,0.0,True,True,2,00267800,False,Bryant & Stratton Business Institute,Bryant & Stratton Business Institute - Parma,BRYANT AND STRATTON COLLEGE,Yes,1,-2,-2,,both,unique_official_site_match,NY,False
00267808,2001-2002,BRYANT & STRATTON BUSINESS INSTITUTE - PARMA,NY,,,no_exact_match,3,ambiguous_or_unmatched,2001,201469,3,relationship_established_from_other_years,1.0,0.0,True,True,2,00267800,False,Bryant & Stratton Business Institute,Bryant & Stratton Business Institute - Parma,BRYANT AND STRATTON COLLEGE,Yes,1,-2,00267808,,both,unique_official_site_match,NY,False
00267808,2002-2003,BRYANT & STRATTON COLLEGE - PARMA,NY,,,no_exact_match,3,ambiguous_or_unmatched,2002,201469,3,relationship_established_from_other_years,1.0,0.0,True,True,2,00267800,False,Bryant & Stratton Business Institute,Bryant & Stratton Business Institute - Parma,BRYANT AND STRATTON COLLEGE,Yes,1,-2,00267808,,both,unique_official_site_match,NY,False
00267808,2003-2004,BRYANT & STRATTON COLLEGE - PARMA,NY,,,no_exact_match,3,ambiguous_or_unmatched,2003,201469,3,relationship_established_from_other_years,1.0,0.0,True,True,2,00267800,False,Bryant & Stratton Business Institute,Bryant & Stratton Business Institute - Parma,BRYANT AND STRATTON COLLEGE,Yes,1,-2,00267808,,both,unique_official_site_match,NY,False
00267811,2000-2001,BRYANT & STRATTON BUSINESS INSTITUTE - VIRGINIA BEACH,NY,,,no_exact_match,3,ambiguous_or_unmatched,2000,231785,3,relationship_established_from_other_years,1.0,0.0,True,True,2,00267800,False,Bryant & Stratton Business Institute,Bryant & Stratton Business Institute - Virginia Beach,BRYANT AND STRATTON COLLEGE-VIRGINIA BEACH,Yes,1,-2,-2,,both,unique_official_site_match,NY,False
00267811,2001-2002,BRYANT & STRATTON BUSINESS INSTITUTE - VIRGINIA BEACH,NY,,,no_exact_match,3,ambiguous_or_unmatched,2001,231785,3,relationship_established_from_other_years,1.0,0.0,True,True,2,00267800,False,Bryant & Stratton Business Institute,Bryant & Stratton Business Institute - Virginia Beach,BRYANT AND STRATTON COLLEGE-VIRGINIA BEACH,Yes,1,-2,00267811,,both,unique_official_site_match,NY,False
00267811,2002-2003,BRYANT & STRATTON COLLEGE - VIRGINIA BEACH,NY,,,no_exact_match,3,ambiguous_or_unmatched,2002,231785,3,relationship_established_from_other_years,1.0,0.0,True,True,2,00267800,False,Bryant & Stratton Business Institute,Bryant & Stratton Business Institute - Virginia Beach,BRYANT AND STRATTON COLLEGE-VIRGINIA BEACH,Yes,1,-2,00267811,,both,unique_official_site_match,NY,False
00267811,2003-2004,BRYANT & STRATTON COLLEGE - VIRGINIA BEACH,NY,,,no_exact_match,3,ambiguous_or_unmatched,2003,231785,3,relationship_established_from_other_years,1.0,0.0,True,True,2,00267800,False,Bryant & Stratton Business Institute,Bryant & Stratton Business Institute - Virginia Beach,BRYANT AND STRATTON COLLEGE-VIRGINIA BEACH,Yes,1,-2,00267811,,both,unique_official_site_match,NY,False
00267813,2000-2001,BRYANT & STRATTON BUSINESS INSTITUTE - MILWAUKEE DOWNTOWN,NY,,,no_exact_match,3,ambiguous_or_unmatched,2000,239929,3,relationship_established_from_other_years,1.0,0.0,True,True,2,00267800,False,Bryant & Stratton Business Institute,Bryant & Stratton Business Institute - Milwaukee Downtown,BRYANT AND STRATTON COLLEGE,Yes,1,-2,-2,,both,unique_official_site_match,NY,False
00267813,2001-2002,BRYANT & STRATTON BUSINESS INSTITUTE - MILWAUKEE DOWNTOWN,NY,,,no_exact_match,3,ambiguous_or_unmatched,2001,239929,3,relationship_established_from_other_years,1.0,0.0,True,True,2,00267800,False,Bryant & Stratton Business Institute,Bryant & Stratton Business Institute - Milwaukee Downtown,BRYANT AND STRATTON COLLEGE,Yes,1,-2,00267813,,both,unique_official_site_match,NY,False
00267813,2002-2003,BRYANT & STRATTON COLLEGE - MILWAUKEE DOWNTOWN,NY,,,no_exact_match,3,ambiguous_or_unmatched,2002,239929,3,relationship_established_from_other_years,1.0,0.0,True,True,2,00267800,False,Bryant & Stratton Business Institute,Bryant & Stratton Business Institute - Milwaukee Downtown,BRYANT AND STRATTON COLLEGE,Yes,1,-2,00267813,,both,unique_official_site_match,NY,False
00267813,2003-2004,BRYANT & STRATTON COLLEGE - MILWAUKEE DOWNTOWN,NY,,,no_exact_match,3,ambiguous_or_unmatched,2003,239929,3,relationship_established_from_other_years,1.0,0.0,True,True,2,00267800,False,Bryant & Stratton Business Institute,Bryant & Stratton Business Institute - Milwaukee Downtown,BRYANT AND STRATTON COLLEGE,Yes,1,-2,00267813,,both,unique_official_site_match,NY,False
00272206,2000-2001,FORDHAM UNIVERSITY - MARYMOUNT COLLEGE OF FORDHAM UNIVERSITY,NY,,,no_exact_match,1,ambiguous_or_unmatched,2000,191241,1,ipeds_header_match,1.0,0.0,True,True,1,00272200,False,Fordham University,Fordham University - Marymount College of Fordham University,FORDHAM UNIVERSITY,Yes,1,-2,-2,,both,unique_official_site_match,NY,False
00272206,2001-2002,FORDHAM UNIVERSITY - MARYMOUNT COLLEGE OF FORDHAM UNIVERSITY,NY,,,no_exact_match,1,ambiguous_or_unmatched,2001,191241,1,ipeds_header_match,1.0,0.0,True,True,1,00272200,False,Fordham University,Fordham University - Marymount College of Fordham University,FORDHAM UNIVERSITY,Yes,1,-2,00272206,,both,unique_official_site_match,NY,False
00282303,2000-2001,SAINT JOHN'S UNIVERSITY - MANHATTAN CAMPUS,NY,,,no_exact_match,1,ambiguous_or_unmatched,2000,195809,1,ipeds_header_match,1.0,0.0,True,True,1,00282300,False,Saint John's University,Saint John's University - Manhattan Campus,ST JOHN'S UNIVERSITY-NEW YORK,Yes,1,-2,-2,,both,unique_official_site_match,NY,False
00289401,2006-2007,UNIVERSITY OF ROCHESTER - EASTMAN SCHOOL OF MUSIC,NY,14627-9000,,no_exact_match,1,ambiguous_or_unmatched,2006,195030,1,ipeds_header_match,1.0,0.0,True,True,1,00289400,False,University of Rochester,University of Rochester - Eastman School of Music,University of Rochester,Yes [YCY],1,-2,00289401,,both,unique_official_site_match,NY,False
00289401,2007-2008,UNIVERSITY OF ROCHESTER - EASTMAN SCHOOL OF MUSIC,NY,14627-9000,,no_exact_match,1,ambiguous_or_unmatched,2007,195030,1,ipeds_header_match,1.0,0.0,True,True,1,00289400,False,University of Rochester,University of Rochester - Eastman School of Music,University of Rochester,Yes [YCY],1,-2,00289401,,both,unique_official_site_match,NY,False
00289401,2008-2009,UNIVERSITY OF ROCHESTER - EASTMAN SCHOOL OF MUSIC,NY,14627-9000,,no_exact_match,1,ambiguous_or_unmatched,2008,195030,1,ipeds_header_match,1.0,0.0,True,True,1,00289400,False,University of Rochester,University of Rochester - Eastman School of Music,University of Rochester,Yes [YCY],1,-2,00289401,,both,unique_official_site_match,NY,False
00289401,2009-2010,UNIVERSITY OF ROCHESTER - EASTMAN SCHOOL OF MUSIC,NY,14627-9000,,no_exact_match,1,ambiguous_or_unmatched,2009,195030,1,ipeds_header_match,1.0,0.0,True,True,1,00289400,False,University of Rochester,University of Rochester - Eastman School of Music,University of Rochester,Yes [YCY],1,-2,00289401,,both,unique_official_site_match,NY,False
00304001,2008-2009,CUYAHOGA COMMUNITY COLLEGE - EASTERN CAMPUS,OH,44115-2878,,no_exact_match,1,ambiguous_or_unmatched,2008,202356,1,ipeds_header_match,1.0,0.0,True,True,1,00304000,False,Cuyahoga Community College,Cuyahoga Community College - Eastern Campus,Cuyahoga Community College District,Yes [YCY],1,-2,00304001,,both,unique_official_site_match,OH,False
00304001,2009-2010,CUYAHOGA COMMUNITY COLLEGE - EASTERN CAMPUS,OH,44115-2878,,no_exact_match,1,ambiguous_or_unmatched,2009,202356,1,ipeds_header_match,1.0,0.0,True,True,1,00304000,False,Cuyahoga Community College,Cuyahoga Community College - Eastern Campus,Cuyahoga Community College District,Yes [YCY],1,-2,00304001,,both,unique_official_site_match,OH,False
00311400,2000-2001,FIRELANDS REGIONAL MEDICAL CENTER - SOUTH CAMPUS,OH,44870-4788,,no_exact_match,2,ambiguous_or_unmatched,2000,205090,3,relationship_established_from_other_years,1.0,0.0,True,True,2,00311400,False,Firelands Regional Medical Center,Firelands Regional Medical Center - South Campus,PROVIDENCE HOSPITAL SCHOOL OF NURSING,Yes,1,-2,-2,,both,unique_official_site_match,OH,False
00311400,2001-2002,FIRELANDS REGIONAL MEDICAL CENTER - SOUTH CAMPUS,OH,44870,,no_exact_match,2,ambiguous_or_unmatched,2001,205090,3,relationship_established_from_other_years,1.0,0.0,True,True,2,00311400,False,Firelands Regional Medical Center,Firelands Regional Medical Center - South Campus,FIRELANDS REGIONAL MEDICAL CENTER SCH OF NURSING,Yes,1,-2,00311400,,both,unique_official_site_match,OH,False
00311400,2002-2003,FIRELANDS REGIONAL MEDICAL CENTER - SOUTH CAMPUS,OH,44870-4788,,no_exact_match,2,ambiguous_or_unmatched,2002,205090,3,relationship_established_from_other_years,1.0,0.0,True,True,2,00311400,False,Firelands Regional Medical Center,Firelands Regional Medical Center - South Campus,FIRELANDS REGIONAL MEDICAL CENTER SCH OF NURSING,Yes,1,-2,00311400,,both,unique_official_site_match,OH,False
00311400,2003-2004,FIRELANDS REGIONAL MEDICAL CENTER - SOUTH CAMPUS,OH,44870-4788,,no_exact_match,2,ambiguous_or_unmatched,2003,205090,3,relationship_established_from_other_years,1.0,0.0,True,True,2,00311400,False,Firelands Regional Medical Center,Firelands Regional Medical Center - South Campus,FIRELANDS REGIONAL MEDICAL CENTER SCH OF NURSING,Yes,1,-2,00311400,,both,unique_official_site_match,OH,False
00311400,2004-2005,FIRELANDS REGIONAL MEDICAL CENTER - SOUTH CAMPUS,OH,44870-4788,,no_exact_match,2,ambiguous_or_unmatched,2004,205090,3,relationship_established_from_other_years,1.0,0.0,True,True,2,00311400,False,Firelands Regional Medical Center,Firelands Regional Medical Center - South Campus,FIRELANDS REGIONAL MEDICAL CENTER SCHOOL OF NURSIN,Yes,1,-2,00311400,,both,unique_official_site_match,OH,False
00311400,2005-2006,FIRELANDS REGIONAL MEDICAL CENTER - SOUTH CAMPUS,OH,44870-4788,,no_exact_match,2,ambiguous_or_unmatched,2005,205090,3,relationship_established_from_other_years,1.0,0.0,True,True,2,00311400,False,Firelands Regional Medical Center,Firelands Regional Medical Center - South Campus,Firelands Regional Medical Center School of Nursing,Yes [YCY],1,-2,00311400,,both,unique_official_site_match,OH,False
00311400,2006-2007,FIRELANDS REGIONAL MEDICAL CENTER - SOUTH CAMPUS,OH,44870-4788,,no_exact_match,1,ambiguous_or_unmatched,2006,205090,1,ipeds_header_match,1.0,0.0,True,True,1,00311400,False,Firelands Regional Medical Center,Firelands Regional Medical Center - South Campus,Firelands Regional Medical Center School of Nursing,Yes [YCY],1,-2,00311400,,both,unique_official_site_match,OH,False
00311400,2007-2008,FIRELANDS REGIONAL MEDICAL CENTER - SOUTH CAMPUS,OH,44870-4788,,no_exact_match,1,ambiguous_or_unmatched,2007,205090,1,ipeds_header_match,1.0,0.0,True,True,1,00311400,False,Firelands Regional Medical Center,Firelands Regional Medical Center - South Campus,Firelands Regional Medical Center School of Nursing,Yes [YCY],1,-2,00311400,,both,unique_official_site_match,OH,False
00311400,2008-2009,FIRELANDS REGIONAL MEDICAL CENTER - SOUTH CAMPUS,OH,44870-4788,,no_exact_match,1,ambiguous_or_unmatched,2008,205090,1,ipeds_header_match,1.0,0.0,True,True,1,00311400,False,Firelands Regional Medical Center,Firelands Regional Medical Center - South Campus,Firelands Regional Medical Center School of Nursing,Yes [YCY],1,-2,00311400,,both,unique_official_site_match,OH,False
00322800,2004-2005,BRYN ATHYN COLLEGE OF THE NEW CHURCH,PA,19009-0717,,no_exact_match,0,ambiguous_or_unmatched,2004,210492,3,relationship_established_from_other_years,1.0,0.0,True,True,1,00322800,False,Bryn Athyn College of the New Church,Bryn Athyn College of the New Church,BRYN ATHYN COLLEGE OF THE NEW CHURCH,Yes,2,-2,-2,,both,unique_official_site_match,PA,False
00325602,2000-2001,DREXEL UNIVERSITY - CENTER CITY HAHNEMANN CAMPUS,PA,,,no_exact_match,1,ambiguous_or_unmatched,2000,212054,1,ipeds_header_match,1.0,0.0,True,True,1,00325600,False,Drexel University,Drexel University - Center City Hahnemann Campus,DREXEL UNIVERSITY,Yes,1,-2,-2,,both,unique_official_site_match,PA,False
00325602,2001-2002,DREXEL UNIVERSITY - CENTER CITY HAHNEMANN CAMPUS,PA,,,no_exact_match,1,ambiguous_or_unmatched,2001,212054,1,ipeds_header_match,1.0,0.0,True,True,1,00325600,False,Drexel University,Drexel University - Center City Hahnemann Campus,DREXEL UNIVERSITY,Yes,1,-2,00325602,,both,unique_official_site_match,PA,False
00325602,2002-2003,DREXEL UNIVERSITY - CENTER CITY HAHNEMANN CAMPUS,PA,,,no_exact_match,1,ambiguous_or_unmatched,2002,212054,1,ipeds_header_match,1.0,0.0,True,True,1,00325600,False,Drexel University,Drexel University - Center City Hahnemann Campus,DREXEL UNIVERSITY,Yes,1,-2,00325602|00327100,Merged,both,unique_official_site_match,PA,False
00325602,2007-2008,DREXEL UNIVERSITY - CENTER CITY HAHNEMANN CAMPUS,PA,19104-2875,,no_exact_match,1,ambiguous_or_unmatched,2007,212054,1,ipeds_header_match,1.0,0.0,True,True,1,00325600,False,Drexel University,Drexel University - Center City Hahnemann Campus,Drexel University,Yes [YCY],1,-2,00325602,,both,unique_official_site_match,PA,False
00325602,2008-2009,DREXEL UNIVERSITY - CENTER CITY HAHNEMANN CAMPUS,PA,19104-2875,,no_exact_match,1,ambiguous_or_unmatched,2008,212054,1,ipeds_header_match,1.0,0.0,True,True,1,00325600,False,Drexel University,Drexel University - Center City Hahnemann Campus,Drexel University,Yes [YCY],1,-2,00325602,,both,unique_official_site_match,PA,False
00325602,2009-2010,DREXEL UNIVERSITY - CENTER CITY HAHNEMANN CAMPUS,PA,19104-2875,,no_exact_match,1,ambiguous_or_unmatched,2009,212054,1,ipeds_header_match,1.0,0.0,True,True,1,00325600,False,Drexel University,Drexel University - Center City Hahnemann Campus,Drexel University,Yes [YCY],1,-2,00325602,,both,unique_official_site_match,PA,False
00345000,2011-2012,University of South Carolina - Beaufort,SC,29909-4602,,no_exact_match,1,ambiguous_or_unmatched,2011,218654,1,ipeds_header_match,1.0,0.0,True,True,1,00345000,False,University of South Carolina - Beaufort,University of South Carolina - Beaufort,University of South Carolina-Beaufort,Yes [YCY],1,-2,00345000,,both,unique_official_site_match,SC,False
00345300,2012-2013,UNIVERSITY OF SOUTH CAROLINA - LANCASTER,SC,29721-0889,,no_exact_match,0,ambiguous_or_unmatched,2012,218672,3,relationship_established_from_other_years,1.0,0.0,True,True,1,00345300,False,University of South Carolina - Lancaster,University of South Carolina - Lancaster,University of South Carolina-Lancaster,Yes [YCY],1,-2,00345300,,both,unique_official_site_match,SC,False
00345300,2013-2014,UNIVERSITY OF SOUTH CAROLINA - LANCASTER,SC,29721-0889,,no_exact_match,0,ambiguous_or_unmatched,2013,218672,3,relationship_established_from_other_years,1.0,0.0,True,True,1,00345300,False,University of South Carolina - Lancaster,University of South Carolina - Lancaster,University of South Carolina-Lancaster,Yes [YCY],1,-2,00345300,,both,unique_official_site_match,SC,False
00345300,2014-2015,UNIVERSITY OF SOUTH CAROLINA - LANCASTER,SC,29721-0889,,no_exact_match,0,ambiguous_or_unmatched,2014,218672,4,official_manual_match,1.0,0.0,True,True,1,00345300,False,University of South Carolina - Lancaster,University of South Carolina - Lancaster,University of South Carolina-Lancaster,Yes [YCY],1,-2,00345300,,both,unique_official_site_match,SC,False
00345300,2015-2016,UNIVERSITY OF SOUTH CAROLINA - LANCASTER,SC,29721-0889,,no_exact_match,0,ambiguous_or_unmatched,2015,218672,4,official_manual_match,1.0,0.0,True,True,1,00345300,False,University of South Carolina - Lancaster,University of South Carolina - Lancaster,University of South Carolina-Lancaster,Yes [YCY],1,-2,00345300,,both,unique_official_site_match,SC,False
00345300,2016-2017,UNIVERSITY OF SOUTH CAROLINA - LANCASTER,SC,29721-0889,,no_exact_match,0,ambiguous_or_unmatched,2016,218672,4,official_manual_match,1.0,0.0,True,True,1,00345300,False,University of South Carolina - Lancaster,University of South Carolina - Lancaster,University of South Carolina-Lancaster,Yes [YCY],1,-2,00345300,,both,unique_official_site_match,SC,False
00345300,2017-2018,UNIVERSITY OF SOUTH CAROLINA - LANCASTER,SC,29721-0889,,no_exact_match,0,ambiguous_or_unmatched,2017,218672,4,official_manual_match,1.0,0.0,True,True,1,00345300,False,University of South Carolina - Lancaster,University of South Carolina - Lancaster,University of South Carolina-Lancaster,Yes [YCY],1,-2,00345300,,both,unique_official_site_match,SC,False
00353006,2003-2004,UNIVERSITY OF TENNESSEE - HEALTH SCIENCE CENTER,TN,,,no_exact_match,1,ambiguous_or_unmatched,2003,221759,3,relationship_established_from_other_years,1.0,0.0,True,True,1,00353000,False,University of Tennessee,University of Tennessee  -  Health Science Center,THE UNIVERSITY OF TENNESSEE,Yes,1,-2,00353006,Merged,both,unique_official_site_match,TN,False
00353006,2006-2007,UNIVERSITY OF TENNESSEE - HEALTH SCIENCE CENTER,TN,37996-0150,,no_exact_match,1,ambiguous_or_unmatched,2006,221759,3,relationship_established_from_other_years,1.0,0.0,True,True,1,00353000,False,University of Tennessee,University of Tennessee  -  Health Science Center,The University of Tennessee,Yes [YCY],1,-2,00353006,,both,unique_official_site_match,TN,False
00353006,2007-2008,UNIVERSITY OF TENNESSEE - HEALTH SCIENCE CENTER,TN,37996-0150,,no_exact_match,1,ambiguous_or_unmatched,2007,221759,3,relationship_established_from_other_years,1.0,0.0,True,True,1,00353000,False,University of Tennessee,University of Tennessee  -  Health Science Center,The University of Tennessee,Yes [YCY],1,-2,00353006,,both,unique_official_site_match,TN,False
00353006,2008-2009,UNIVERSITY OF TENNESSEE - HEALTH SCIENCE CENTER,TN,37996-0150,,no_exact_match,1,ambiguous_or_unmatched,2008,221759,3,relationship_established_from_other_years,1.0,0.0,True,True,1,00353000,False,University of Tennessee,University of Tennessee  -  Health Science Center,The University of Tennessee,Yes [YCY],1,-2,00353006,,both,unique_official_site_match,TN,False
00353006,2009-2010,UNIVERSITY OF TENNESSEE - HEALTH SCIENCE CENTER,TN,37996-0150,,no_exact_match,1,ambiguous_or_unmatched,2009,221759,3,relationship_established_from_other_years,1.0,0.0,True,True,1,00353000,False,University of Tennessee,University of Tennessee  -  Health Science Center,The University of Tennessee,Yes [YCY],1,-2,00353006,,both,unique_official_site_match,TN,False
00360900,2011-2012,San Jacinto Community College District,TX,77504-3323,,no_exact_match,1,ambiguous_or_unmatched,2011,227979,1,ipeds_header_match,1.0,0.0,True,True,1,00360900,False,San Jacinto Community College District,San Jacinto Community College District,San Jacinto Community College,Yes [YCY],1,-2,00360900,,both,unique_official_site_match,TX,False
00360900,2012-2013,San Jacinto Community College District,TX,77504-3323,,no_exact_match,1,ambiguous_or_unmatched,2012,227979,1,ipeds_header_match,1.0,0.0,True,True,1,00360900,False,San Jacinto Community College District,San Jacinto Community College District,San Jacinto Community College,Yes [YCY],1,-2,00360900,,both,unique_official_site_match,TX,False
00372700,2011-2012,Northern Virginia Community College,VA,22003-3743,,no_exact_match,1,ambiguous_or_unmatched,2011,232946,1,ipeds_header_match,1.0,0.0,True,True,1,00372700,False,Northern Virginia Community College,Northern Virginia Community College,Northern Virginia Community College,Yes [YCY],1,-2,00372700,,both,unique_official_site_match,VA,False
00372700,2012-2013,Northern Virginia Community College,VA,22003-3743,,no_exact_match,1,ambiguous_or_unmatched,2012,232946,1,ipeds_header_match,1.0,0.0,True,True,1,00372700,False,Northern Virginia Community College,Northern Virginia Community College,Northern Virginia Community College,Yes [YCY],1,-2,00372700,,both,unique_official_site_match,VA,False
00382711,2000-2001,WEST VIRGINIA UNIVERSITY - POTOMAC STATE COLLEGE,WV,,,no_exact_match,1,ambiguous_or_unmatched,2000,238032,1,ipeds_header_match,1.0,0.0,True,True,1,00382700,False,West Virginia University,West Virginia University - Potomac State College,WEST VIRGINIA UNIVERSITY,Yes,1,-2,-2,,both,unique_official_site_match,WV,False
00382711,2001-2002,WEST VIRGINIA UNIVERSITY - POTOMAC STATE COLLEGE,WV,,,no_exact_match,1,ambiguous_or_unmatched,2001,238032,1,ipeds_header_match,1.0,0.0,True,True,1,00382700,False,West Virginia University,West Virginia University - Potomac State College,WEST VIRGINIA UNIVERSITY,Yes,1,-2,00382711,,both,unique_official_site_match,WV,False
00382711,2002-2003,WEST VIRGINIA UNIVERSITY - POTOMAC STATE COLLEGE,WV,,,no_exact_match,1,ambiguous_or_unmatched,2002,238032,1,ipeds_header_match,1.0,0.0,True,True,1,00382700,False,West Virginia University,West Virginia University - Potomac State College,WEST VIRGINIA UNIVERSITY,Yes,1,-2,00382711,,both,unique_official_site_match,WV,False
00382711,2003-2004,WEST VIRGINIA UNIVERSITY - POTOMAC STATE COLLEGE,WV,,,no_exact_match,1,ambiguous_or_unmatched,2003,238032,1,ipeds_header_match,1.0,0.0,True,True,1,00382700,False,West Virginia University,West Virginia University - Potomac State College,WEST VIRGINIA UNIVERSITY,Yes,1,-2,00382711,,both,unique_official_site_match,WV,False
00393802,2006-2007,INTER AMERICAN UNIVERSITY OF PUERTO RICO - METROPOLITAN CAMPUS,PR,92600,,no_exact_match,11,ambiguous_or_unmatched,2006,242653,3,relationship_established_from_other_years,1.0,0.0,True,True,2,00393800,False,Inter American University of Puerto Rico,Inter American University of Puerto Rico - Metropolitan Campus,Inter American University of Puerto Rico-Metro,No [NNN],1,-2,00393802,,both,unique_official_site_match,PR,False
00393802,2007-2008,INTER AMERICAN UNIVERSITY OF PUERTO RICO - METROPOLITAN CAMPUS,PR,92600,,no_exact_match,11,ambiguous_or_unmatched,2007,242653,3,relationship_established_from_other_years,1.0,0.0,True,True,2,00393800,False,Inter American University of Puerto Rico,Inter American University of Puerto Rico - Metropolitan Campus,Inter American University of Puerto Rico-Metro,No [NNN],1,-2,00393802,,both,unique_official_site_match,PR,False
00393802,2008-2009,INTER AMERICAN UNIVERSITY OF PUERTO RICO - METROPOLITAN CAMPUS,PR,00926-0000,,no_exact_match,11,ambiguous_or_unmatched,2008,242653,3,relationship_established_from_other_years,1.0,0.0,True,True,2,00393800,False,Inter American University of Puerto Rico,Inter American University of Puerto Rico - Metropolitan Campus,Inter American University of Puerto Rico-Metro,Yes [YCY],1,-2,00393802,,both,unique_official_site_match,PR,False
00393802,2009-2010,INTER AMERICAN UNIVERSITY OF PUERTO RICO - METROPOLITAN CAMPUS,PR,92600,,no_exact_match,11,ambiguous_or_unmatched,2009,242653,3,relationship_established_from_other_years,1.0,0.0,True,True,2,00393800,False,Inter American University of Puerto Rico,Inter American University of Puerto Rico - Metropolitan Campus,Inter American University of Puerto Rico-Metro,Yes [YCY],1,-2,00393802,,both,unique_official_site_match,PR,False
00394601,2006-2007,UNIVERSITY OF THE VIRGIN ISLANDS - SAINT CROIX CAMPUS,VI,80260,,no_exact_match,1,ambiguous_or_unmatched,2006,243665,1,ipeds_header_match,1.0,0.0,True,True,1,00394600,False,University of the Virgin Islands,University of the Virgin Islands - Saint Croix Campus,University of the Virgin Islands,Yes [YPY],1,-2,00394601,,both,unique_official_site_match,VI,False
00394601,2007-2008,UNIVERSITY OF THE VIRGIN ISLANDS - SAINT CROIX CAMPUS,VI,80260,,no_exact_match,1,ambiguous_or_unmatched,2007,243665,1,ipeds_header_match,1.0,0.0,True,True,1,00394600,False,University of the Virgin Islands,University of the Virgin Islands - Saint Croix Campus,University of the Virgin Islands,Yes [YPY],1,-2,00394601,,both,unique_official_site_match,VI,False
00394601,2008-2009,UNIVERSITY OF THE VIRGIN ISLANDS - SAINT CROIX CAMPUS,VI,00802-6000,,no_exact_match,1,ambiguous_or_unmatched,2008,243665,1,ipeds_header_match,1.0,0.0,True,True,1,00394600,False,University of the Virgin Islands,University of the Virgin Islands - Saint Croix Campus,University of the Virgin Islands,Yes [YPY],1,-2,00394601,,both,unique_official_site_match,VI,False
00394601,2009-2010,UNIVERSITY OF THE VIRGIN ISLANDS - SAINT CROIX CAMPUS,VI,80260,,no_exact_match,1,ambiguous_or_unmatched,2009,243665,1,ipeds_header_match,1.0,0.0,True,True,1,00394600,False,University of the Virgin Islands,University of the Virgin Islands - Saint Croix Campus,University of the Virgin Islands,Yes [YCY],1,-2,00394601,,both,unique_official_site_match,VI,False
00405500,2001-2002,HEBREW UNION COLLEGE - JEWISH INSTITUTE OF RELIGION,CA,90007-3796,,no_exact_match,0,ambiguous_or_unmatched,2001,203049,3,relationship_established_from_other_years,1.0,0.0,True,True,1,00405500,False,Hebrew Union College - Jewish Institute of Religion,Hebrew Union College - Jewish Institute of Religion,HEBREW UNION COLLEGE-CALIFORNIA BRANCH,Yes,1,-2,00405500,,both,unique_official_site_match,CA,False
00407501,2006-2007,EASTERN IOWA COMMUNITY COLLEGE DISTRICT - CLINTON COMMUNITY COLLEGE,IA,52801-1221,,no_exact_match,1,ambiguous_or_unmatched,2006,153311,1,ipeds_header_match,1.0,0.0,True,True,1,00407500,False,Eastern Iowa Community College District,Eastern Iowa Community College District - Clinton Community College,Eastern Iowa Community College District,Yes [YCY],1,-2,00407501,,both,unique_official_site_match,IA,False
00407501,2007-2008,EASTERN IOWA COMMUNITY COLLEGE DISTRICT - CLINTON COMMUNITY COLLEGE,IA,52801-1221,,no_exact_match,1,ambiguous_or_unmatched,2007,153311,1,ipeds_header_match,1.0,0.0,True,True,1,00407500,False,Eastern Iowa Community College District,Eastern Iowa Community College District - Clinton Community College,Eastern Iowa Community College District,Yes [YCY],1,-2,00407501,,both,unique_official_site_match,IA,False
00407501,2008-2009,EASTERN IOWA COMMUNITY COLLEGE DISTRICT - CLINTON COMMUNITY COLLEGE,IA,52801-1221,,no_exact_match,1,ambiguous_or_unmatched,2008,153311,1,ipeds_header_match,1.0,0.0,True,True,1,00407500,False,Eastern Iowa Community College District,Eastern Iowa Community College District - Clinton Community College,Eastern Iowa Community College District,Yes [YCY],1,-2,00407501,,both,unique_official_site_match,IA,False
00407501,2009-2010,EASTERN IOWA COMMUNITY COLLEGE DISTRICT - CLINTON COMMUNITY COLLEGE,IA,52801-1221,,no_exact_match,1,ambiguous_or_unmatched,2009,153311,1,ipeds_header_match,1.0,0.0,True,True,1,00407500,False,Eastern Iowa Community College District,Eastern Iowa Community College District - Clinton Community College,Eastern Iowa Community College District,Yes [YCY],1,-2,00407501,,both,unique_official_site_match,IA,False
00407502,2006-2007,EASTERN IOWA COMMUNITY COLLEGE DISTRICT - MUSCATINE COMMUNITY COLLEGE,IA,52801-1221,,no_exact_match,1,ambiguous_or_unmatched,2006,153311,1,ipeds_header_match,1.0,0.0,True,True,1,00407500,False,Eastern Iowa Community College District,Eastern Iowa Community College District - Muscatine Community College,Eastern Iowa Community College District,Yes [YCY],1,-2,00407502,,both,unique_official_site_match,IA,False
00407502,2007-2008,EASTERN IOWA COMMUNITY COLLEGE DISTRICT - MUSCATINE COMMUNITY COLLEGE,IA,52801-1221,,no_exact_match,1,ambiguous_or_unmatched,2007,153311,1,ipeds_header_match,1.0,0.0,True,True,1,00407500,False,Eastern Iowa Community College District,Eastern Iowa Community College District - Muscatine Community College,Eastern Iowa Community College District,Yes [YCY],1,-2,00407502,,both,unique_official_site_match,IA,False
00407502,2008-2009,EASTERN IOWA COMMUNITY COLLEGE DISTRICT - MUSCATINE COMMUNITY COLLEGE,IA,52801-1221,,no_exact_match,1,ambiguous_or_unmatched,2008,153311,1,ipeds_header_match,1.0,0.0,True,True,1,00407500,False,Eastern Iowa Community College District,Eastern Iowa Community College District - Muscatine Community College,Eastern Iowa Community College District,Yes [YCY],1,-2,00407502,,both,unique_official_site_match,IA,False
00407502,2009-2010,EASTERN IOWA COMMUNITY COLLEGE DISTRICT - MUSCATINE COMMUNITY COLLEGE,IA,52801-1221,,no_exact_match,1,ambiguous_or_unmatched,2009,153311,1,ipeds_header_match,1.0,0.0,True,True,1,00407500,False,Eastern Iowa Community College District,Eastern Iowa Community College District - Muscatine Community College,Eastern Iowa Community College District,Yes [YCY],1,-2,00407502,,both,unique_official_site_match,IA,False
00407503,2006-2007,EASTERN IOWA COMMUNITY COLLEGE - SCOTT COMMUNITY COLLEGE,IA,52801-1221,,no_exact_match,1,ambiguous_or_unmatched,2006,153311,1,ipeds_header_match,1.0,0.0,True,True,1,00407500,False,Eastern Iowa Community College District,Eastern Iowa Community College - Scott Community College,Eastern Iowa Community College District,Yes [YCY],1,-2,00407503,,both,unique_official_site_match,IA,False
00407503,2007-2008,EASTERN IOWA COMMUNITY COLLEGE - SCOTT COMMUNITY COLLEGE,IA,52801-1221,,no_exact_match,1,ambiguous_or_unmatched,2007,153311,1,ipeds_header_match,1.0,0.0,True,True,1,00407500,False,Eastern Iowa Community College District,Eastern Iowa Community College - Scott Community College,Eastern Iowa Community College District,Yes [YCY],1,-2,00407503,,both,unique_official_site_match,IA,False
00407503,2008-2009,EASTERN IOWA COMMUNITY COLLEGE - SCOTT COMMUNITY COLLEGE,IA,52801-1221,,no_exact_match,1,ambiguous_or_unmatched,2008,153311,1,ipeds_header_match,1.0,0.0,True,True,1,00407500,False,Eastern Iowa Community College District,Eastern Iowa Community College - Scott Community College,Eastern Iowa Community College District,Yes [YCY],1,-2,00407503,,both,unique_official_site_match,IA,False
00407503,2009-2010,EASTERN IOWA COMMUNITY COLLEGE - SCOTT COMMUNITY COLLEGE,IA,52801-1221,,no_exact_match,1,ambiguous_or_unmatched,2009,153311,1,ipeds_header_match,1.0,0.0,True,True,1,00407500,False,Eastern Iowa Community College District,Eastern Iowa Community College - Scott Community College,Eastern Iowa Community College District,Yes [YCY],1,-2,00407503,,both,unique_official_site_match,IA,False
00450200,2000-2001,CITY COLLEGE OF SAN FRANCISCO,CA,94112-1821,,no_exact_match,1,ambiguous_or_unmatched,2000,112190,1,ipeds_header_match,1.0,0.0,True,True,1,00450200,False,City College of San Francisco,City College of San Francisco,CITY COLLEGE OF SAN FRANCISCO,Yes,1,-2,-2,,both,unique_official_site_match,CA,False
00450200,2001-2002,CITY COLLEGE OF SAN FRANCISCO,CA,94103,,no_exact_match,1,ambiguous_or_unmatched,2001,112190,1,ipeds_header_match,1.0,0.0,True,True,1,00450200,False,City College of San Francisco,City College of San Francisco,CITY COLLEGE OF SAN FRANCISCO,Yes,1,-2,00450200,,both,unique_official_site_match,CA,False
00450200,2002-2003,CITY COLLEGE OF SAN FRANCISCO,CA,94103,,no_exact_match,1,ambiguous_or_unmatched,2002,112190,1,ipeds_header_match,1.0,0.0,True,True,1,00450200,False,City College of San Francisco,City College of San Francisco,CITY COLLEGE OF SAN FRANCISCO,Yes,1,-2,00450200,,both,unique_official_site_match,CA,False
00450200,2003-2004,CITY COLLEGE OF SAN FRANCISCO,CA,94103-1214,,no_exact_match,1,ambiguous_or_unmatched,2003,112190,1,ipeds_header_match,1.0,0.0,True,True,1,00450200,False,City College of San Francisco,City College of San Francisco,CITY COLLEGE OF SAN FRANCISCO,Yes,1,-2,00450200,,both,unique_official_site_match,CA,False
00450824,2000-2001,UNIVERSITY OF COLORADO AT DENVER AND HEALTH SCIENCES CENTER - AURARIA,CO,,,no_exact_match,1,ambiguous_or_unmatched,2000,126571,1,ipeds_header_match,1.0,0.0,True,True,1,00450800,False,University of Colorado at Denver and Health Sciences Center,University of Colorado at Denver and Health Sciences Center - Auraria,UNIVERSITY OF COLORADO HEALTH SCIENCES CENTER,Yes,1,-2,-2,,both,unique_official_site_match,CO,False
00450824,2001-2002,UNIVERSITY OF COLORADO AT DENVER AND HEALTH SCIENCES CENTER - AURARIA,CO,,,no_exact_match,1,ambiguous_or_unmatched,2001,126571,1,ipeds_header_match,1.0,0.0,True,True,1,00450800,False,University of Colorado at Denver and Health Sciences Center,University of Colorado at Denver and Health Sciences Center - Auraria,UNIVERSITY OF COLORADO HEALTH SCIENCES CENTER,Yes,1,-2,00450824,,both,unique_official_site_match,CO,False
00450824,2002-2003,UNIVERSITY OF COLORADO DENVER - AURARIA,CO,,,no_exact_match,1,ambiguous_or_unmatched,2002,126571,1,ipeds_header_match,1.0,0.0,True,True,1,00450800,False,University of Colorado at Denver and Health Sciences Center,University of Colorado at Denver and Health Sciences Center - Auraria,UNIVERSITY OF COLORADO HEALTH SCIENCES CENTER,Yes,1,-2,00450824,,both,unique_official_site_match,CO,False
00450824,2003-2004,UNIVERSITY OF COLORADO DENVER - AURARIA,CO,,,no_exact_match,1,ambiguous_or_unmatched,2003,126571,1,ipeds_header_match,1.0,0.0,True,True,1,00450800,False,University of Colorado at Denver and Health Sciences Center,University of Colorado at Denver and Health Sciences Center - Auraria,UNIVERSITY OF COLORADO HEALTH SCIENCES CENTER,Yes,1,-2,00450824,,both,unique_official_site_match,CO,False
00450824,2006-2007,UNIVERSITY OF COLORADO DENVER - AURARIA,CO,80045-0000,,no_exact_match,1,ambiguous_or_unmatched,2006,126562,1,ipeds_header_match,1.0,0.0,True,True,1,00450800,False,University of Colorado at Denver and Health Sciences Center,University of Colorado at Denver and Health Sciences Center - Auraria,University of Colorado at Denver and Health Sciences Center,Yes [YCY],1,-2,00450824,,both,unique_official_site_match,CO,False
00450824,2007-2008,UNIVERSITY OF COLORADO DENVER - AURARIA,CO,80204-2029,,no_exact_match,1,ambiguous_or_unmatched,2007,126562,1,ipeds_header_match,1.0,0.0,True,True,1,00450800,False,University of Colorado Denver,University of Colorado Denver - Auraria,University of Colorado Denver,Yes [YCY],1,-2,00450824,,both,unique_official_site_match,CO,False
00458701,2006-2007,NORTHEAST IOWA COMMUNITY COLLEGE - PEOSTA CAMPUS,IA,52132-0400,,no_exact_match,1,ambiguous_or_unmatched,2006,154110,1,ipeds_header_match,1.0,0.0,True,True,1,00458700,False,Northeast Iowa Community College,Northeast Iowa Community College - Peosta Campus,Northeast Iowa Community College-Calmar,Yes [YCY],1,-2,00458701,,both,unique_official_site_match,IA,False
00458701,2007-2008,NORTHEAST IOWA COMMUNITY COLLEGE - PEOSTA CAMPUS,IA,52132-0400,,no_exact_match,1,ambiguous_or_unmatched,2007,154110,1,ipeds_header_match,1.0,0.0,True,True,1,00458700,False,Northeast Iowa Community College,Northeast Iowa Community College - Peosta Campus,Northeast Iowa Community College-Calmar,Yes [YCY],1,-2,00458701,,both,unique_official_site_match,IA,False
00458701,2008-2009,NORTHEAST IOWA COMMUNITY COLLEGE - PEOSTA CAMPUS,IA,52132-0400,,no_exact_match,1,ambiguous_or_unmatched,2008,154110,1,ipeds_header_match,1.0,0.0,True,True,1,00458700,False,Northeast Iowa Community College,Northeast Iowa Community College - Peosta Campus,Northeast Iowa Community College-Calmar,Yes [YCY],1,-2,00458701,,both,unique_official_site_match,IA,False
00458701,2009-2010,NORTHEAST IOWA COMMUNITY COLLEGE - PEOSTA CAMPUS,IA,52132-0400,,no_exact_match,1,ambiguous_or_unmatched,2009,154110,1,ipeds_header_match,1.0,0.0,True,True,1,00458700,False,Northeast Iowa Community College,Northeast Iowa Community College - Peosta Campus,Northeast Iowa Community College-Calmar,Yes [YCY],1,-2,00458701,,both,unique_official_site_match,IA,False
00459801,2009-2010,IOWA WESTERN COMMUNITY COLLEGE - CLARINDA CAMPUS,IA,51503-0567,,no_exact_match,1,ambiguous_or_unmatched,2009,153630,1,ipeds_header_match,1.0,0.0,True,True,1,00459800,False,Iowa Western Community College,Iowa Western Community College - Clarinda Campus,Iowa Western Community College,Yes [YCY],1,-2,00459801,,both,unique_official_site_match,IA,False
00461700,2001-2002,NATIONAL COLLEGE OF BUSINESS AND TECHNOLOGY,TN,37211,,no_exact_match,1,ambiguous_or_unmatched,2001,388043,1,ipeds_header_match,1.0,0.0,True,True,1,00461700,False,National College of Business and Technology,National College of Business and Technology,NATIONAL COLLEGE OF BUSINESS AND TECH-NASHVILLE,Yes,1,-2,00461700,,both,unique_official_site_match,TN,False
00464800,2009-2010,Rasmussen College - Eagan,MN,55122-1346,,no_exact_match,0,ambiguous_or_unmatched,2009,174622,4,official_manual_match,1.0,0.0,True,True,2,00464800,False,Rasmussen College - Eagan,Rasmussen College - Eagan,Rasmussen College-Eagan,Yes [YCY],1,00464800|00869406|7|20100317,00464800,,both,unique_official_site_match,MN,False
00472100,2003-2004,Lincoln School of Commerce,NE,68508-2668,,no_exact_match,0,ambiguous_or_unmatched,2003,181242,3,relationship_established_from_other_years,1.0,0.0,True,True,1,00472100,False,Hamilton College,Hamilton College - Lincoln,LINCOLN SCHOOL OF COMMERCE,No,1,00472100|00422008|7|20040309,00472100,,both,unique_official_site_match,NE,False
00474900,2004-2005,Bryant & Stratton Business Institute-Albany,NY,12205-5230,,no_exact_match,0,ambiguous_or_unmatched,2004,188517,3,relationship_established_from_other_years,1.0,0.0,True,True,1,00474900,False,Bryant & Stratton Business Institute,Bryant & Stratton Business Institute - Albany,BRYANT AND STRATTON COLLEGE-ALBANY,No,1,00474900|00267807|7|20050419,00474900,,both,unique_official_site_match,NY,False
00484600,2009-2010,Rasmussen College,ND,58103-7196,,no_exact_match,0,ambiguous_or_unmatched,2009,200013,4,official_manual_match,1.0,0.0,True,True,2,00484600,False,Rasmussen College,Rasmussen College,Rasmussen College-Fargo,Yes [YCY],1,00484600|00869408|7|20100317,00484600,,both,unique_official_site_match,ND,False
00488600,2000-2001,ELECTRONIC INSTITUTES,PA,17057-9984,,no_exact_match,1,ambiguous_or_unmatched,2000,212179,1,ipeds_header_match,1.0,0.0,True,True,1,00488600,False,Electronic Institutes,Electronic Institutes,ELECTRONIC INSTITUTE-MIDDLETOWN,Yes,1,-2,-2,,both,unique_official_site_match,PA,False
00488700,2000-2001,BRANDYWINE SCHOOL OF NURSING,PA,19320-1536,,no_exact_match,1,ambiguous_or_unmatched,2000,211246,1,ipeds_header_match,1.0,0.0,True,True,1,00488700,False,Brandywine School of Nursing,Brandywine School of Nursing,BRANDYWINE SCHOOL OF NURSING,Yes,1,-2,-2,,both,unique_official_site_match,PA,False
00488700,2001-2002,BRANDYWINE SCHOOL OF NURSING,PA,19320-1536,,no_exact_match,1,ambiguous_or_unmatched,2001,211246,1,ipeds_header_match,1.0,0.0,True,True,1,00488700,False,Brandywine School of Nursing,Brandywine School of Nursing,BRANDYWINE SCHOOL OF NURSING,Yes,1,-2,00488700,,both,unique_official_site_match,PA,False
00500900,2004-2005,Bryant & Stratton College,WI,53203-2608,,no_exact_match,0,ambiguous_or_unmatched,2004,239929,3,relationship_established_from_other_years,1.0,0.0,True,True,1,00500900,False,Bryant & Stratton Business Institute,Bryant & Stratton Business Institute - Milwaukee Downtown,BRYANT AND STRATTON COLLEGE-MILWAUKEE,No,1,00500900|00267813|7|20050419,00500900,,both,unique_official_site_match,WI,False
00506400,2000-2001,SAINT JAMES MERCY HOSPITAL SCHOOL OF RADIOLOGIC SCIENCES,NY,14843-2197,,no_exact_match,1,ambiguous_or_unmatched,2000,195793,1,ipeds_header_match,1.0,0.0,True,True,1,00506400,False,Saint James Mercy Hospital School of Radiologic Sciences,Saint James Mercy Hospital School of Radiologic Sciences,SAINT JAMES MERCY HOSPITAL SCHOOL OF RADIOGRAPHY,Yes,1,-2,-2,,both,unique_official_site_match,NY,False
00506400,2001-2002,SAINT JAMES MERCY HOSPITAL SCHOOL OF RADIOLOGIC SCIENCES,NY,14843-2197,,no_exact_match,1,ambiguous_or_unmatched,2001,195793,1,ipeds_header_match,1.0,0.0,True,True,1,00506400,False,Saint James Mercy Hospital School of Radiologic Sciences,Saint James Mercy Hospital School of Radiologic Sciences,ST JAMES MERCY HOSPITAL SCHOOL OF RADIOLOGIC SCI,Yes,1,-2,00506400,,both,unique_official_site_match,NY,False
00527300,2011-2012,GATEWAY COMMUNITY AND TECHNICAL COLLEGE,KY,41042-2031,,no_exact_match,1,ambiguous_or_unmatched,2011,157438,1,ipeds_header_match,1.0,0.0,True,True,1,00527300,False,Gateway Community and Technical College,Gateway Community and Technical College,Gateway Community and Technical College,Yes [YCY],1,-2,00527300,,both,unique_official_site_match,KY,False
00527300,2012-2013,GATEWAY COMMUNITY AND TECHNICAL COLLEGE,KY,41042-2031,,no_exact_match,1,ambiguous_or_unmatched,2012,157438,1,ipeds_header_match,1.0,0.0,True,True,1,00527300,False,Gateway Community and Technical College,Gateway Community and Technical College,Gateway Community and Technical College,Yes [YCY],1,-2,00527300,,both,unique_official_site_match,KY,False
00533900,2001-2002,METRO TECHNOLOGY CENTERS SCHOOL DISTRICT #22,OK,,,no_exact_match,1,ambiguous_or_unmatched,2001,363165,1,ipeds_header_match,1.0,0.0,True,True,1,00533900,False,Metro Technology Centers School District #22,Metro Technology Centers School District #22,METRO TECHNOLOGY CENTERS,Yes,1,-2,00533900,,both,unique_official_site_match,OK,False
00533903,2000-2001,METRO TECHNOLOGY CENTERS SCHOOL DISTRICT #22,OK,,,no_exact_match,1,ambiguous_or_unmatched,2000,363165,1,ipeds_header_match,1.0,0.0,True,True,1,00533900,False,Metro Technology Centers School District #22,Metro Technology Centers School District #22,METRO TECHNOLOGY CENTERS,Yes,1,-2,-2,,both,unique_official_site_match,OK,False
00533903,2001-2002,METRO TECHNOLOGY CENTERS SCHOOL DISTRICT #22,OK,,,no_exact_match,1,ambiguous_or_unmatched,2001,363165,1,ipeds_header_match,1.0,0.0,True,True,1,00533900,False,Metro Technology Centers School District #22,Metro Technology Centers School District #22,METRO TECHNOLOGY CENTERS,Yes,1,-2,00533903,,both,unique_official_site_match,OK,False
00533903,2002-2003,METRO TECHNOLOGY CENTERS SCHOOL DISTRICT #22,OK,,,no_exact_match,1,ambiguous_or_unmatched,2002,363165,1,ipeds_header_match,1.0,0.0,True,True,1,00533900,False,Metro Technology Centers School District #22,Metro Technology Centers School District #22,METRO TECHNOLOGY CENTERS,Yes,1,-2,00533903,,both,unique_official_site_match,OK,False
00533903,2003-2004,METRO TECHNOLOGY CENTERS SCHOOL DISTRICT #22,OK,,,no_exact_match,1,ambiguous_or_unmatched,2003,363165,1,ipeds_header_match,1.0,0.0,True,True,1,00533900,False,Metro Technology Centers School District #22,Metro Technology Centers School District #22,METRO TECHNOLOGY CENTERS,Yes,1,-2,00533903,,both,unique_official_site_match,OK,False
00533903,2004-2005,METRO TECHNOLOGY CENTERS SCHOOL DISTRICT #22,OK,,,no_exact_match,1,ambiguous_or_unmatched,2004,363165,1,ipeds_header_match,1.0,0.0,True,True,1,00533900,False,Metro Technology Centers School District #22,Metro Technology Centers School District #22,METRO TECHNOLOGY CENTERS,Yes,1,-2,00533903,,both,unique_official_site_match,OK,False
00548802,2000-2001,LOUISIANA TECHNICAL COLLEGE - ACADIAN CAMPUS,LA,,,no_exact_match,1,ambiguous_or_unmatched,2000,158352,1,ipeds_header_match,1.0,0.0,True,True,1,00548800,False,Louisiana Technical College,Louisiana Technical College - Acadian Campus,LOUISIANA TECHNICAL COLLEGE-BATON ROUGE CAMPUS,Yes,1,-2,-2,,both,unique_official_site_match,LA,False
00548803,2000-2001,LOUISIANA TECHNICAL COLLEGE - ALEXANDRIA CAMPUS,LA,,,no_exact_match,1,ambiguous_or_unmatched,2000,158352,1,ipeds_header_match,1.0,0.0,True,True,1,00548800,False,Louisiana Technical College,Louisiana Technical College - Alexandria Campus,LOUISIANA TECHNICAL COLLEGE-BATON ROUGE CAMPUS,Yes,1,-2,-2,,both,unique_official_site_match,LA,False
00548804,2000-2001,LOUISIANA TECHNICAL COLLEGE - ASCENSION CAMPUS,LA,,,no_exact_match,1,ambiguous_or_unmatched,2000,158352,1,ipeds_header_match,1.0,0.0,True,True,1,00548800,False,Louisiana Technical College,Louisiana Technical College - Ascension Campus,LOUISIANA TECHNICAL COLLEGE-BATON ROUGE CAMPUS,Yes,1,-2,-2,,both,unique_official_site_match,LA,False
00548805,2000-2001,LOUISIANA TECHNICAL COLLEGE - AVOYELLES CAMPUS,LA,,,no_exact_match,1,ambiguous_or_unmatched,2000,158352,1,ipeds_header_match,1.0,0.0,True,True,1,00548800,False,Louisiana Technical College,Louisiana Technical College - Avoyelles Campus,LOUISIANA TECHNICAL COLLEGE-BATON ROUGE CAMPUS,Yes,1,-2,-2,,both,unique_official_site_match,LA,False
00548806,2000-2001,LOUISIANA TECHNICAL COLLEGE - BASTROP CAMPUS,LA,,,no_exact_match,1,ambiguous_or_unmatched,2000,158352,1,ipeds_header_match,1.0,0.0,True,True,1,00548800,False,Louisiana Technical College,Louisiana Technical College - Bastrop Campus,LOUISIANA TECHNICAL COLLEGE-BATON ROUGE CAMPUS,Yes,1,-2,-2,,both,unique_official_site_match,LA,False
00548808,2000-2001,LOUISIANA TECHNICAL COLLEGE - CHARLES B. COREIL CAMPUS,LA,,,no_exact_match,1,ambiguous_or_unmatched,2000,158352,1,ipeds_header_match,1.0,0.0,True,True,1,00548800,False,Louisiana Technical College,Louisiana Technical College - Charles B. Coreil Campus,LOUISIANA TECHNICAL COLLEGE-BATON ROUGE CAMPUS,Yes,1,-2,-2,,both,unique_official_site_match,LA,False
00548809,2000-2001,LOUISIANA TECHNICAL COLLEGE - DELTA-OUACHITA CAMPUS,LA,,,no_exact_match,1,ambiguous_or_unmatched,2000,158352,1,ipeds_header_match,1.0,0.0,True,True,1,00548800,False,Louisiana Technical College,Louisiana Technical College - Delta-Ouachita Campus,LOUISIANA TECHNICAL COLLEGE-BATON ROUGE CAMPUS,Yes,1,-2,-2,,both,unique_official_site_match,LA,False
00548810,2000-2001,LOUISIANA TECHNICAL COLLEGE - EVANGELINE CAMPUS,LA,,,no_exact_match,1,ambiguous_or_unmatched,2000,158352,1,ipeds_header_match,1.0,0.0,True,True,1,00548800,False,Louisiana Technical College,Louisiana Technical College - Evangeline Campus,LOUISIANA TECHNICAL COLLEGE-BATON ROUGE CAMPUS,Yes,1,-2,-2,,both,unique_official_site_match,LA,False
00548811,2000-2001,LOUISIANA TECHNICAL COLLEGE - FLORIDA PARISHES CAMPUS,LA,,,no_exact_match,1,ambiguous_or_unmatched,2000,158352,1,ipeds_header_match,1.0,0.0,True,True,1,00548800,False,Louisiana Technical College,Louisiana Technical College - Florida Parishes Campus,LOUISIANA TECHNICAL COLLEGE-BATON ROUGE CAMPUS,Yes,1,-2,-2,,both,unique_official_site_match,LA,False
00548812,2000-2001,LOUISIANA TECHNICAL COLLEGE - FOLKES CAMPUS,LA,,,no_exact_match,1,ambiguous_or_unmatched,2000,158352,1,ipeds_header_match,1.0,0.0,True,True,1,00548800,False,Louisiana Technical College,Louisiana Technical College - Folkes Campus,LOUISIANA TECHNICAL COLLEGE-BATON ROUGE CAMPUS,Yes,1,-2,-2,,both,unique_official_site_match,LA,False
00548813,2000-2001,LOUISIANA TECHNICAL COLLEGE - GULF AREA CAMPUS,LA,,,no_exact_match,1,ambiguous_or_unmatched,2000,158352,1,ipeds_header_match,1.0,0.0,True,True,1,00548800,False,Louisiana Technical College,Louisiana Technical College - Gulf Area Campus,LOUISIANA TECHNICAL COLLEGE-BATON ROUGE CAMPUS,Yes,1,-2,-2,,both,unique_official_site_match,LA,False
00548814,2000-2001,LOUISIANA TECHNICAL COLLEGE - HAMMOND AREA CAMPUS,LA,,,no_exact_match,1,ambiguous_or_unmatched,2000,158352,1,ipeds_header_match,1.0,0.0,True,True,1,00548800,False,Louisiana Technical College,Louisiana Technical College - Hammond Area Campus,LOUISIANA TECHNICAL COLLEGE-BATON ROUGE CAMPUS,Yes,1,-2,-2,,both,unique_official_site_match,LA,False
00548815,2000-2001,LOUISIANA TECHNICAL COLLEGE - HUEY P. LONG CAMPUS,LA,,,no_exact_match,1,ambiguous_or_unmatched,2000,158352,1,ipeds_header_match,1.0,0.0,True,True,1,00548800,False,Louisiana Technical College,Louisiana Technical College - Huey P. Long Campus,LOUISIANA TECHNICAL COLLEGE-BATON ROUGE CAMPUS,Yes,1,-2,-2,,both,unique_official_site_match,LA,False
00548816,2000-2001,LOUISIANA TECHNICAL COLLEGE - JEFFERSON CAMPUS,LA,,,no_exact_match,1,ambiguous_or_unmatched,2000,158352,1,ipeds_header_match,1.0,0.0,True,True,1,00548800,False,Louisiana Technical College,Louisiana Technical College - Jefferson Campus,LOUISIANA TECHNICAL COLLEGE-BATON ROUGE CAMPUS,Yes,1,-2,-2,,both,unique_official_site_match,LA,False
00548817,2000-2001,LOUISIANA TECHNICAL COLLEGE - JUMONVILLE MEMORIAL CAMPUS,LA,,,no_exact_match,1,ambiguous_or_unmatched,2000,158352,1,ipeds_header_match,1.0,0.0,True,True,1,00548800,False,Louisiana Technical College,Louisiana Technical College - Jumonville Memorial Campus,LOUISIANA TECHNICAL COLLEGE-BATON ROUGE CAMPUS,Yes,1,-2,-2,,both,unique_official_site_match,LA,False
00548818,2000-2001,LOUISIANA TECHNICAL COLLEGE - LAFAYETTE CAMPUS,LA,,,no_exact_match,1,ambiguous_or_unmatched,2000,158352,1,ipeds_header_match,1.0,0.0,True,True,1,00548800,False,Louisiana Technical College,Louisiana Technical College - Lafayette Campus,LOUISIANA TECHNICAL COLLEGE-BATON ROUGE CAMPUS,Yes,1,-2,-2,,both,unique_official_site_match,LA,False
00548819,2000-2001,LOUISIANA TECHNICAL COLLEGE - LAFOURCHE CAMPUS,LA,,,no_exact_match,1,ambiguous_or_unmatched,2000,158352,1,ipeds_header_match,1.0,0.0,True,True,1,00548800,False,Louisiana Technical College,Louisiana Technical College - Lafourche Campus,LOUISIANA TECHNICAL COLLEGE-BATON ROUGE CAMPUS,Yes,1,-2,-2,,both,unique_official_site_match,LA,False
00548820,2000-2001,LOUISIANA TECHNICAL COLLEGE - LAMAR SALTER CAMPUS,LA,,,no_exact_match,1,ambiguous_or_unmatched,2000,158352,1,ipeds_header_match,1.0,0.0,True,True,1,00548800,False,Louisiana Technical College,Louisiana Technical College - Lamar Salter Campus,LOUISIANA TECHNICAL COLLEGE-BATON ROUGE CAMPUS,Yes,1,-2,-2,,both,unique_official_site_match,LA,False
00548822,2000-2001,LOUISIANA TECHNICAL COLLEGE - MANSFIELD CAMPUS,LA,,,no_exact_match,1,ambiguous_or_unmatched,2000,158352,1,ipeds_header_match,1.0,0.0,True,True,1,00548800,False,Louisiana Technical College,Louisiana Technical College - Mansfield Campus,LOUISIANA TECHNICAL COLLEGE-BATON ROUGE CAMPUS,Yes,1,-2,-2,,both,unique_official_site_match,LA,False
00548823,2000-2001,LOUISIANA TECHNICAL COLLEGE - MORGAN SMITH CAMPUS,LA,,,no_exact_match,1,ambiguous_or_unmatched,2000,158352,1,ipeds_header_match,1.0,0.0,True,True,1,00548800,False,Louisiana Technical College,Louisiana Technical College - Morgan Smith Campus,LOUISIANA TECHNICAL COLLEGE-BATON ROUGE CAMPUS,Yes,1,-2,-2,,both,unique_official_site_match,LA,False
00548824,2000-2001,LOUISIANA TECHNICAL COLLEGE - NATCHITOCHES CAMPUS,LA,,,no_exact_match,1,ambiguous_or_unmatched,2000,158352,1,ipeds_header_match,1.0,0.0,True,True,1,00548800,False,Louisiana Technical College,Louisiana Technical College - Natchitoches Campus,LOUISIANA TECHNICAL COLLEGE-BATON ROUGE CAMPUS,Yes,1,-2,-2,,both,unique_official_site_match,LA,False
00548825,2000-2001,LOUISIANA TECHNICAL COLLEGE - NORTH CENTRAL CAMPUS,LA,,,no_exact_match,1,ambiguous_or_unmatched,2000,158352,1,ipeds_header_match,1.0,0.0,True,True,1,00548800,False,Louisiana Technical College,Louisiana Technical College - North Central Campus,LOUISIANA TECHNICAL COLLEGE-BATON ROUGE CAMPUS,Yes,1,-2,-2,,both,unique_official_site_match,LA,False
00548826,2000-2001,LOUISIANA TECHNICAL COLLEGE - NORTHEAST LA CAMPUS,LA,,,no_exact_match,1,ambiguous_or_unmatched,2000,158352,1,ipeds_header_match,1.0,0.0,True,True,1,00548800,False,Louisiana Technical College,Louisiana Technical College - Northeast LA Campus,LOUISIANA TECHNICAL COLLEGE-BATON ROUGE CAMPUS,Yes,1,-2,-2,,both,unique_official_site_match,LA,False
00548827,2000-2001,LOUISIANA TECHNICAL COLLEGE - NORTHWEST LA CAMPUS,LA,,,no_exact_match,1,ambiguous_or_unmatched,2000,158352,1,ipeds_header_match,1.0,0.0,True,True,1,00548800,False,Louisiana Technical College,Louisiana Technical College - Northwest LA Campus,LOUISIANA TECHNICAL COLLEGE-BATON ROUGE CAMPUS,Yes,1,-2,-2,,both,unique_official_site_match,LA,False
00548828,2000-2001,LOUISIANA TECHNICAL COLLEGE - OAKDALE CAMPUS,LA,,,no_exact_match,1,ambiguous_or_unmatched,2000,158352,1,ipeds_header_match,1.0,0.0,True,True,1,00548800,False,Louisiana Technical College,Louisiana Technical College - Oakdale Campus,LOUISIANA TECHNICAL COLLEGE-BATON ROUGE CAMPUS,Yes,1,-2,-2,,both,unique_official_site_match,LA,False
00548829,2000-2001,LOUISIANA TECHNICAL COLLEGE - RIVER PARISHES CAMPUS,LA,,,no_exact_match,1,ambiguous_or_unmatched,2000,158352,1,ipeds_header_match,1.0,0.0,True,True,1,00548800,False,Louisiana Technical College,Louisiana Technical College - River Parishes Campus,LOUISIANA TECHNICAL COLLEGE-BATON ROUGE CAMPUS,Yes,1,-2,-2,,both,unique_official_site_match,LA,False
00548830,2000-2001,LOUISIANA TECHNICAL COLLEGE - RUSTON CAMPUS,LA,,,no_exact_match,1,ambiguous_or_unmatched,2000,158352,1,ipeds_header_match,1.0,0.0,True,True,1,00548800,False,Louisiana Technical College,Louisiana Technical College - Ruston Campus,LOUISIANA TECHNICAL COLLEGE-BATON ROUGE CAMPUS,Yes,1,-2,-2,,both,unique_official_site_match,LA,False
00548831,2000-2001,LOUISIANA TECHNICAL COLLEGE - SABINE VALLEY CAMPUS,LA,,,no_exact_match,1,ambiguous_or_unmatched,2000,158352,1,ipeds_header_match,1.0,0.0,True,True,1,00548800,False,Louisiana Technical College,Louisiana Technical College - Sabine Valley Campus,LOUISIANA TECHNICAL COLLEGE-BATON ROUGE CAMPUS,Yes,1,-2,-2,,both,unique_official_site_match,LA,False
00548832,2000-2001,LOUISIANA TECHNICAL COLLEGE - SHELBY M. JACKSON CAMPUS,LA,,,no_exact_match,1,ambiguous_or_unmatched,2000,158352,1,ipeds_header_match,1.0,0.0,True,True,1,00548800,False,Louisiana Technical College,Louisiana Technical College - Shelby M. Jackson Campus,LOUISIANA TECHNICAL COLLEGE-BATON ROUGE CAMPUS,Yes,1,-2,-2,,both,unique_official_site_match,LA,False
00548833,2000-2001,LOUISIANA TECHNICAL COLLEGE - SHREVEPORT-BOSSIER CAMPUS,LA,,,no_exact_match,1,ambiguous_or_unmatched,2000,158352,1,ipeds_header_match,1.0,0.0,True,True,1,00548800,False,Louisiana Technical College,Louisiana Technical College - Shreveport-Bossier Campus,LOUISIANA TECHNICAL COLLEGE-BATON ROUGE CAMPUS,Yes,1,-2,-2,,both,unique_official_site_match,LA,False
00548834,2000-2001,LOUISIANA TECHNICAL COLLEGE - SIDNEY N. COLLIER CAMPUS,LA,,,no_exact_match,1,ambiguous_or_unmatched,2000,158352,1,ipeds_header_match,1.0,0.0,True,True,1,00548800,False,Louisiana Technical College,Louisiana Technical College - Sidney N. Collier Campus,LOUISIANA TECHNICAL COLLEGE-BATON ROUGE CAMPUS,Yes,1,-2,-2,,both,unique_official_site_match,LA,False
00548835,2000-2001,LOUISIANA TECHNICAL COLLEGE - SLIDELL CAMPUS,LA,,,no_exact_match,1,ambiguous_or_unmatched,2000,158352,1,ipeds_header_match,1.0,0.0,True,True,1,00548800,False,Louisiana Technical College,Louisiana Technical College - Slidell Campus,LOUISIANA TECHNICAL COLLEGE-BATON ROUGE CAMPUS,Yes,1,-2,-2,,both,unique_official_site_match,LA,False
00548837,2000-2001,LOUISIANA TECHNICAL COLLEGE - SULLIVAN CAMPUS,LA,,,no_exact_match,1,ambiguous_or_unmatched,2000,158352,1,ipeds_header_match,1.0,0.0,True,True,1,00548800,False,Louisiana Technical College,Louisiana Technical College - Sullivan Campus,LOUISIANA TECHNICAL COLLEGE-BATON ROUGE CAMPUS,Yes,1,-2,-2,,both,unique_official_site_match,LA,False
00548838,2000-2001,LOUISIANA TECHNICAL COLLEGE - TALLULAH CAMPUS,LA,,,no_exact_match,1,ambiguous_or_unmatched,2000,158352,1,ipeds_header_match,1.0,0.0,True,True,1,00548800,False,Louisiana Technical College,Louisiana Technical College - Tallulah Campus,LOUISIANA TECHNICAL COLLEGE-BATON ROUGE CAMPUS,Yes,1,-2,-2,,both,unique_official_site_match,LA,False
00548839,2000-2001,LOUISIANA TECHNICAL COLLEGE - TECHE AREA CAMPUS,LA,,,no_exact_match,1,ambiguous_or_unmatched,2000,158352,1,ipeds_header_match,1.0,0.0,True,True,1,00548800,False,Louisiana Technical College,Louisiana Technical College - Teche Area Campus,LOUISIANA TECHNICAL COLLEGE-BATON ROUGE CAMPUS,Yes,1,-2,-2,,both,unique_official_site_match,LA,False
00548840,2000-2001,LOUISIANA TECHNICAL COLLEGE - T. H. HARRIS CAMPUS,LA,,,no_exact_match,1,ambiguous_or_unmatched,2000,158352,1,ipeds_header_match,1.0,0.0,True,True,1,00548800,False,Louisiana Technical College,Louisiana Technical College - T. H. Harris Campus,LOUISIANA TECHNICAL COLLEGE-BATON ROUGE CAMPUS,Yes,1,-2,-2,,both,unique_official_site_match,LA,False
00548841,2000-2001,LOUISIANA TECHNICAL COLLEGE - WEST JEFFERSON CAMPUS,LA,,,no_exact_match,1,ambiguous_or_unmatched,2000,158352,1,ipeds_header_match,1.0,0.0,True,True,1,00548800,False,Louisiana Technical College,Louisiana Technical College - West Jefferson Campus,LOUISIANA TECHNICAL COLLEGE-BATON ROUGE CAMPUS,Yes,1,-2,-2,,both,unique_official_site_match,LA,False
00548842,2000-2001,LOUISIANA TECHNICAL COLLEGE - WESTSIDE CAMPUS,LA,,,no_exact_match,1,ambiguous_or_unmatched,2000,158352,1,ipeds_header_match,1.0,0.0,True,True,1,00548800,False,Louisiana Technical College,Louisiana Technical College - Westside Campus,LOUISIANA TECHNICAL COLLEGE-BATON ROUGE CAMPUS,Yes,1,-2,-2,,both,unique_official_site_match,LA,False
00548843,2000-2001,LOUISIANA TECHNICAL COLLEGE - YOUNG MEMORIAL CAMPUS,LA,,,no_exact_match,1,ambiguous_or_unmatched,2000,158352,1,ipeds_header_match,1.0,0.0,True,True,1,00548800,False,Louisiana Technical College,Louisiana Technical College - Young Memorial Campus,LOUISIANA TECHNICAL COLLEGE-BATON ROUGE CAMPUS,Yes,1,-2,-2,,both,unique_official_site_match,LA,False
00548900,2011-2012,CENTRAL LOUISIANA TECHNICAL COMMUNITY COLLEGE,LA,71302-3137,,no_exact_match,0,ambiguous_or_unmatched,2011,158088,1,ipeds_header_match,1.0,0.0,True,True,1,00548900,False,Central Louisiana Technical College,Central Louisiana Technical College,Central Louisiana Technical College-Alexandria Campus,Yes [YPY],1,-2,00548803|00548900,,both,unique_official_site_match,LA,False
00549800,2011-2012,WICHITA AREA TECHNICAL COLLEGE - MAIN CAMPUS,KS,67226-8101,,no_exact_match,1,ambiguous_or_unmatched,2011,156107,1,ipeds_header_match,1.0,0.0,True,True,1,00549800,False,Wichita Area Technical College,Wichita Area Technical College - Main Campus,Wichita Area Technical College,Yes [YCY],1,00549800|00549813|4|20120404,00549800,,both,unique_official_site_match,KS,False
00552600,2011-2012,SOUTH CENTRAL LOUISIANA TECHNICAL COLLEGE,LA,70381-2148,,no_exact_match,0,ambiguous_or_unmatched,2011,160913,1,ipeds_header_match,1.0,0.0,True,True,1,00552600,False,South Central Louisiana Technical College,South Central Louisiana Technical College,South Central Louisiana Technical College-Young Memorial Campus,Yes [YPY],1,-2,00548843|00552600,,both,unique_official_site_match,LA,False
00554100,2011-2012,Minnesota State Community and Technical College,MN,56573-1405,,no_exact_match,1,ambiguous_or_unmatched,2011,173559,1,ipeds_header_match,1.0,0.0,True,True,1,00554100,False,Minnesota State Community and Technical College,Minnesota State Community and Technical College,Minnesota State Community and Technical College,Yes [YCY],1,-2,00554100,,both,unique_official_site_match,MN,False
00554100,2012-2013,Minnesota State Community and Technical College,MN,56573-1405,,no_exact_match,1,ambiguous_or_unmatched,2012,173559,1,ipeds_header_match,1.0,0.0,True,True,1,00554100,False,Minnesota State Community and Technical College,Minnesota State Community and Technical College,Minnesota State Community and Technical College,Yes [YCY],1,-2,00554100,,both,unique_official_site_match,MN,False
00554110,2000-2001,MINNESOTA STATE COMMUNITY AND TECHNICAL COLLEGE - FERGUS FALLS,MN,,,no_exact_match,5,ambiguous_or_unmatched,2000,173559,3,relationship_established_from_other_years,1.0,0.0,True,True,2,00554100,False,Minnesota State Community and Technical College,Minnesota State Community and Technical College -  Fergus Falls,FERGUS FALLS COMMUNITY COLLEGE,Yes,1,-2,-2,,both,unique_official_site_match,MN,False
00554110,2001-2002,MINNESOTA STATE COMMUNITY AND TECHNICAL COLLEGE - FERGUS FALLS,MN,,,no_exact_match,5,ambiguous_or_unmatched,2001,173559,3,relationship_established_from_other_years,1.0,0.0,True,True,2,00554100,False,Minnesota State Community and Technical College,Minnesota State Community and Technical College -  Fergus Falls,FERGUS FALLS COMMUNITY COLLEGE,Yes,1,-2,00554110,,both,unique_official_site_match,MN,False
00554110,2002-2003,MINNESOTA STATE COMMUNITY AND TECHNICAL COLLEGE - FERGUS FALLS,MN,,,no_exact_match,5,ambiguous_or_unmatched,2002,173559,3,relationship_established_from_other_years,1.0,0.0,True,True,2,00554100,False,Minnesota State Community and Technical College,Minnesota State Community and Technical College -  Fergus Falls,FERGUS FALLS COMMUNITY COLLEGE,Yes,1,-2,00554110,,both,unique_official_site_match,MN,False
00554110,2003-2004,MINNESOTA STATE COMMUNITY AND TECHNICAL COLLEGE - FERGUS FALLS,MN,,,no_exact_match,5,ambiguous_or_unmatched,2003,173559,3,relationship_established_from_other_years,1.0,0.0,True,True,2,00554100,False,Minnesota State Community and Technical College,Minnesota State Community and Technical College -  Fergus Falls,MINNESOTA STATE COMM AND TECH COLLEGE-FERGUS FALLS,Yes,1,-2,00554110,,both,unique_official_site_match,MN,False
00569702,2006-2007,NORTHWEST - SHOALS COMMUNITY COLLEGE - PHIL CAMPBELL CAMPUS,AL,35662-3206,,no_exact_match,1,ambiguous_or_unmatched,2006,101736,1,ipeds_header_match,1.0,0.0,True,True,1,00569700,False,Northwest - Shoals Community College,Northwest - Shoals Community College - Phil Campbell Campus,Northwest Shoals Community College-Muscle Shoals,Yes [YCY],1,-2,00569702,,both,unique_official_site_match,AL,False
00569702,2007-2008,NORTHWEST - SHOALS COMMUNITY COLLEGE - PHIL CAMPBELL CAMPUS,AL,35662-3206,,no_exact_match,1,ambiguous_or_unmatched,2007,101736,1,ipeds_header_match,1.0,0.0,True,True,1,00569700,False,Northwest - Shoals Community College,Northwest - Shoals Community College - Phil Campbell Campus,Northwest Shoals Community College-Muscle Shoals,Yes [YCY],1,-2,00569702,,both,unique_official_site_match,AL,False
00569702,2008-2009,NORTHWEST - SHOALS COMMUNITY COLLEGE - PHIL CAMPBELL CAMPUS,AL,35662-3206,,no_exact_match,1,ambiguous_or_unmatched,2008,101736,1,ipeds_header_match,1.0,0.0,True,True,1,00569700,False,Northwest - Shoals Community College,Northwest - Shoals Community College - Phil Campbell Campus,Northwest Shoals Community College-Muscle Shoals,Yes [YCY],1,-2,00569702,,both,unique_official_site_match,AL,False
00569702,2009-2010,NORTHWEST - SHOALS COMMUNITY COLLEGE - PHIL CAMPBELL CAMPUS,AL,35662-3206,,no_exact_match,1,ambiguous_or_unmatched,2009,101736,1,ipeds_header_match,1.0,0.0,True,True,1,00569700,False,Northwest - Shoals Community College,Northwest - Shoals Community College - Phil Campbell Campus,Northwest Shoals Community College-Muscle Shoals,Yes [YCY],1,-2,00569702,,both,unique_official_site_match,AL,False
00569800,2003-2004,Douglas MacArthur State Technical College,AL,36467-0000,,no_exact_match,0,ambiguous_or_unmatched,2003,101107,4,official_manual_match,1.0,0.0,True,True,1,00569800,False,Lurleen B. Wallace Community College,Lurleen B. Wallace Community College - MacArthur Campus,LURLEEN B WALLACE COMMUNITY COLLEGE-MACARTHUR CAMPUS,No,1,00569800|00898802|7|20040507,00569800,,both,unique_official_site_match,AL,False
00573300,2011-2012,Bevill State Community College,AL,35148-0000,,no_exact_match,1,ambiguous_or_unmatched,2011,102429,1,ipeds_header_match,1.0,0.0,True,True,1,00573300,False,Bevill State Community College,Bevill State Community College,Bevill State Community College,Yes [YCY],1,-2,00573300,,both,unique_official_site_match,AL,False
00573300,2012-2013,Bevill State Community College,AL,35148-0000,,no_exact_match,1,ambiguous_or_unmatched,2012,102429,1,ipeds_header_match,1.0,0.0,True,True,1,00573300,False,Bevill State Community College,Bevill State Community College,Bevill State Community College,Yes [YCY],1,-2,00573300,,both,unique_official_site_match,AL,False
00573401,2000-2001,H. COUNCILL TRENHOLM STATE TECHNICAL COLLEGE - PATTERSON CAMPUS,AL,,,no_exact_match,1,ambiguous_or_unmatched,2000,102313,1,ipeds_header_match,1.0,0.0,True,True,1,00573400,False,H. Councill Trenholm State Technical College,H. Councill Trenholm State Technical College - Patterson Campus,TRENHOLM STATE TECHNICAL COLLEGE,Yes,1,-2,-2,,both,unique_official_site_match,AL,False
00573401,2001-2002,H. COUNCILL TRENHOLM STATE TECHNICAL COLLEGE - PATTERSON CAMPUS,AL,,,no_exact_match,1,ambiguous_or_unmatched,2001,102313,1,ipeds_header_match,1.0,0.0,True,True,1,00573400,False,H. Councill Trenholm State Technical College,H. Councill Trenholm State Technical College - Patterson Campus,TRENHOLM STATE TECHNICAL COLLEGE,Yes,1,-2,00573401,,both,unique_official_site_match,AL,False
00573401,2002-2003,H. COUNCILL TRENHOLM STATE TECHNICAL COLLEGE - PATTERSON CAMPUS,AL,,,no_exact_match,1,ambiguous_or_unmatched,2002,102313,1,ipeds_header_match,1.0,0.0,True,True,1,00573400,False,H. Councill Trenholm State Technical College,H. Councill Trenholm State Technical College - Patterson Campus,TRENHOLM STATE TECHNICAL COLLEGE,Yes,1,-2,00573401,,both,unique_official_site_match,AL,False
00575900,2004-2005,NORTHWEST TECHNICAL COLLEGE - BEMIDJI,MN,56601-4907,,no_exact_match,0,ambiguous_or_unmatched,2004,173115,3,relationship_established_from_other_years,1.0,0.0,True,True,1,00575900,False,Northwest Technical College - Bemidji,Northwest Technical College - Bemidji,NORTHWEST TECHNICAL COLLEGE,Yes,1,-2,00554103|00575900,,both,unique_official_site_match,MN,False
00576100,2002-2003,L. E. FLETCHER TECHNICAL COMMUNITY COLLEGE,LA,,,no_exact_match,0,ambiguous_or_unmatched,2002,160481,3,relationship_established_from_other_years,1.0,0.0,True,True,1,00576100,False,L. E. Fletcher Technical Community College,L. E. Fletcher Technical Community College,LOUISIANA TECHNICAL COLLEGE-L E FLETCHER CAMPUS,Yes,1,-2,-2,,both,unique_official_site_match,LA,False
00576100,2003-2004,L. E. FLETCHER TECHNICAL COMMUNITY COLLEGE,LA,,,no_exact_match,0,ambiguous_or_unmatched,2003,160481,3,relationship_established_from_other_years,1.0,0.0,True,True,1,00576100,False,L. E. Fletcher Technical Community College,L. E. Fletcher Technical Community College,L E FLETCHER TECHNICAL COMMUNITY COLLEGE,Yes,1,-2,00576100,,both,unique_official_site_match,LA,False
00576100,2004-2005,L. E. FLETCHER TECHNICAL COMMUNITY COLLEGE,LA,,,no_exact_match,0,ambiguous_or_unmatched,2004,160481,1,ipeds_header_match,1.0,0.0,True,True,1,00576100,False,L. E. Fletcher Technical Community College,L. E. Fletcher Technical Community College,L E FLETCHER TECHNICAL COMMUNITY COLLEGE,Yes,1,-2,00548821|00576100,,both,unique_official_site_match,LA,False
00588900,2007-2008,UNIVERSITY OF OKLAHOMA HEALTH SCIENCES CENTER,OK,73117-5011,,no_exact_match,0,ambiguous_or_unmatched,2007,207342,3,relationship_established_from_other_years,1.0,0.0,True,True,2,00588900,False,University of Oklahoma Health Sciences Center,University of Oklahoma Health Sciences Center,University of Oklahoma Health Sciences Center,Yes [YCY],1,00588900|00318401|8|20080430,00588900,,both,unique_official_site_match,OK,False
00621400,2000-2001,BLESSING HOSPITAL,IL,62301-0000,,no_exact_match,3,ambiguous_or_unmatched,2000,143297,3,relationship_established_from_other_years,1.0,0.0,True,True,2,00621400,False,Blessing Hospital,Blessing Hospital,BLESSING RIEMAN COLLEGE OF NURSING,Yes,1,-2,-2,,both,unique_official_site_match,IL,False
00621400,2001-2002,BLESSING HOSPITAL,IL,62301-0000,,no_exact_match,3,ambiguous_or_unmatched,2001,143297,3,relationship_established_from_other_years,1.0,0.0,True,True,2,00621400,False,Blessing Hospital,Blessing Hospital,BLESSING RIEMAN COLLEGE OF NURSING,Yes,1,-2,00621400,,both,unique_official_site_match,IL,False
00621400,2002-2003,BLESSING HOSPITAL,IL,62301-0000,,no_exact_match,3,ambiguous_or_unmatched,2002,143297,3,relationship_established_from_other_years,1.0,0.0,True,True,2,00621400,False,Blessing Hospital,Blessing Hospital,BLESSING RIEMAN COLLEGE OF NURSING,Yes,1,-2,00621400,,both,unique_official_site_match,IL,False
00621400,2003-2004,BLESSING HOSPITAL,IL,62301-0000,,no_exact_match,3,ambiguous_or_unmatched,2003,143297,3,relationship_established_from_other_years,1.0,0.0,True,True,2,00621400,False,Blessing Hospital,Blessing Hospital,BLESSING RIEMAN COLLEGE OF NURSING,Yes,1,-2,00621400,,both,unique_official_site_match,IL,False
00621400,2004-2005,BLESSING HOSPITAL,IL,62301-0000,,no_exact_match,3,ambiguous_or_unmatched,2004,143297,3,relationship_established_from_other_years,1.0,0.0,True,True,2,00621400,False,Blessing Hospital,Blessing Hospital,BLESSING RIEMAN COLLEGE OF NURSING,Yes,1,-2,00621400,,both,unique_official_site_match,IL,False
00621400,2005-2006,BLESSING HOSPITAL,IL,62301-0000,,no_exact_match,3,ambiguous_or_unmatched,2005,143297,3,relationship_established_from_other_years,1.0,0.0,True,True,2,00621400,False,Blessing Hospital,Blessing Hospital,Blessing Rieman College of Nursing,Yes [YCY],1,-2,00621400,,both,unique_official_site_match,IL,False
00621400,2006-2007,BLESSING HOSPITAL,IL,62301-0000,,no_exact_match,3,ambiguous_or_unmatched,2006,143297,3,relationship_established_from_other_years,1.0,0.0,True,True,2,00621400,False,Blessing Hospital,Blessing Hospital,Blessing Rieman College of Nursing,Yes [YCY],1,-2,00621400,,both,unique_official_site_match,IL,False
00621400,2007-2008,BLESSING HOSPITAL,IL,62301-0000,,no_exact_match,3,ambiguous_or_unmatched,2007,143297,3,relationship_established_from_other_years,1.0,0.0,True,True,2,00621400,False,Blessing Hospital,Blessing Hospital,Blessing Rieman College of Nursing,Yes [YCY],1,-2,00621400,,both,unique_official_site_match,IL,False
00621400,2008-2009,BLESSING HOSPITAL,IL,62301-0000,,no_exact_match,3,ambiguous_or_unmatched,2008,143297,3,relationship_established_from_other_years,1.0,0.0,True,True,2,00621400,False,Blessing Hospital,Blessing Hospital,Blessing Rieman College of Nursing,Yes [YCY],1,-2,00621400,,both,unique_official_site_match,IL,False
00621400,2009-2010,BLESSING HOSPITAL,IL,62301-0000,,no_exact_match,3,ambiguous_or_unmatched,2009,143297,3,relationship_established_from_other_years,1.0,0.0,True,True,2,00621400,False,Blessing Hospital,Blessing Hospital,Blessing Rieman College of Nursing,Yes [YCY],1,-2,00621400,,both,unique_official_site_match,IL,False
00621400,2010-2011,BLESSING HOSPITAL,IL,62301-0000,,no_exact_match,3,ambiguous_or_unmatched,2010,143297,3,relationship_established_from_other_years,1.0,0.0,True,True,2,00621400,False,Blessing Hospital,Blessing Hospital,Blessing Rieman College of Nursing,Yes [YCY],1,-2,00621400,,both,unique_official_site_match,IL,False
00621400,2011-2012,BLESSING HOSPITAL,IL,62301-0000,,no_exact_match,3,ambiguous_or_unmatched,2011,143297,3,relationship_established_from_other_years,1.0,0.0,True,True,2,00621400,False,Blessing Hospital,Blessing Hospital,Blessing Rieman College of Nursing,Yes [YCY],1,-2,00621400,,both,unique_official_site_match,IL,False
00621400,2012-2013,BLESSING HOSPITAL,IL,62301-0000,,no_exact_match,3,ambiguous_or_unmatched,2012,143297,3,relationship_established_from_other_years,1.0,0.0,True,True,2,00621400,False,Blessing Hospital,Blessing Hospital,Blessing Rieman College of Nursing,Yes [YCY],1,-2,00621400,,both,unique_official_site_match,IL,False
00621400,2013-2014,BLESSING HOSPITAL,IL,62301-0000,,no_exact_match,3,ambiguous_or_unmatched,2013,143297,3,relationship_established_from_other_years,1.0,0.0,True,True,2,00621400,False,Blessing Hospital,Blessing Hospital,Blessing Rieman College of Nursing,Yes [YCY],1,-2,00621400,,both,unique_official_site_match,IL,False
00622500,2000-2001,TRINITY COLLEGE OF NURSING AND HEALTH SCIENCES,IL,61201-5317,,no_exact_match,3,ambiguous_or_unmatched,2000,146755,3,relationship_established_from_other_years,1.0,0.0,True,True,2,00622500,False,Trinity College of Nursing and Health Sciences Schools,Trinity College of Nursing and Health Sciences Schools,TRINITY COLLEGE OF NURSING,Yes,1,-2,-2,,both,unique_official_site_match,IL,False
00622500,2001-2002,TRINITY COLLEGE OF NURSING AND HEALTH SCIENCES,IL,61265,,no_exact_match,3,ambiguous_or_unmatched,2001,146755,3,relationship_established_from_other_years,1.0,0.0,True,True,2,00622500,False,Trinity College of Nursing and Health Sciences Schools,Trinity College of Nursing and Health Sciences Schools,TRINITY COLLEGE OF NURSING,Yes,1,-2,00622500,,both,unique_official_site_match,IL,False
00622500,2002-2003,TRINITY COLLEGE OF NURSING AND HEALTH SCIENCES,IL,61265-1216,,no_exact_match,3,ambiguous_or_unmatched,2002,146755,3,relationship_established_from_other_years,1.0,0.0,True,True,2,00622500,False,Trinity College of Nursing and Health Sciences Schools,Trinity College of Nursing and Health Sciences Schools,TRINITY COLLEGE OF NURSING,Yes,1,-2,00622500,,both,unique_official_site_match,IL,False
00622500,2003-2004,TRINITY COLLEGE OF NURSING AND HEALTH SCIENCES,IL,61265-1216,,no_exact_match,3,ambiguous_or_unmatched,2003,146755,1,ipeds_header_match,1.0,0.0,True,True,1,00622500,False,Trinity College of Nursing and Health Sciences Schools,Trinity College of Nursing and Health Sciences Schools,TRINITY COLLEGE OF NURSING AND HEALTH SCIENCES,Yes,1,-2,00622500,Merged,both,unique_official_site_match,IL,False
00622500,2004-2005,TRINITY COLLEGE OF NURSING AND HEALTH SCIENCES,IL,61201-5317,,no_exact_match,1,ambiguous_or_unmatched,2004,146755,1,ipeds_header_match,1.0,0.0,True,True,1,00622500,False,Trinity College of Nursing and Health Sciences Schools,Trinity College of Nursing and Health Sciences Schools,TRINITY COLLEGE OF NURSING AND HEALTH SCIENCES,Yes,1,-2,00622500,,both,unique_official_site_match,IL,False
00626700,2000-2001,IOWA METHODIST MEDICAL CENTER SCHOOLS,IA,50309-1499,,no_exact_match,1,ambiguous_or_unmatched,2000,153542,1,ipeds_header_match,1.0,0.0,True,True,1,00626700,False,Iowa Methodist Medical Center Schools,Iowa Methodist Medical Center Schools,IOWA METHODIST MEDICAL CENTER-SCHOOL OF RAD TECHN,Yes,1,-2,-2,,both,unique_official_site_match,IA,False
00626700,2001-2002,IOWA METHODIST MEDICAL CENTER SCHOOLS,IA,50309,,no_exact_match,1,ambiguous_or_unmatched,2001,153542,1,ipeds_header_match,1.0,0.0,True,True,1,00626700,False,Iowa Methodist Medical Center Schools,Iowa Methodist Medical Center Schools,IOWA METHODIST MEDICAL CENTER-SCHOOL OF RAD TECHN,Yes,1,-2,00626700,,both,unique_official_site_match,IA,False
00630500,2000-2001,CENTRAL MAINE MEDICAL CENTER,ME,04240-4500,,no_exact_match,2,ambiguous_or_unmatched,2000,161022,3,relationship_established_from_other_years,1.0,0.0,True,True,2,00630500,False,Central Maine Medical Center,Central Maine Medical Center,CENTRAL MAINE MEDICAL CENTER SCHOOL OF NURSING,Yes,1,-2,-2,,both,unique_official_site_match,ME,False
00630500,2001-2002,CENTRAL MAINE MEDICAL CENTER,ME,04240,,no_exact_match,2,ambiguous_or_unmatched,2001,161022,3,relationship_established_from_other_years,1.0,0.0,True,True,2,00630500,False,Central Maine Medical Center,Central Maine Medical Center,CENTRAL MAINE MEDICAL CENTER SCHOOL OF NURSING,Yes,1,-2,00630500,,both,unique_official_site_match,ME,False
00630500,2002-2003,Central Maine Medical Center,ME,04240-4500,,no_exact_match,2,ambiguous_or_unmatched,2002,161022,3,relationship_established_from_other_years,1.0,0.0,True,True,2,00630500,False,Central Maine Medical Center,Central Maine Medical Center,CENTRAL MAINE MEDICAL CENTER SCHOOL OF NURSING,Yes,1,-2,00630500,,both,unique_official_site_match,ME,False
00630500,2003-2004,Central Maine Medical Center,ME,04240-4500,,no_exact_match,2,ambiguous_or_unmatched,2003,161022,3,relationship_established_from_other_years,1.0,0.0,True,True,2,00630500,False,Central Maine Medical Center,Central Maine Medical Center,CENTRAL MAINE MEDICAL CENTER SCHOOL OF NURSING,Yes,1,-2,00630500,,both,unique_official_site_match,ME,False
00630500,2004-2005,Central Maine Medical Center,ME,04240-4500,,no_exact_match,2,ambiguous_or_unmatched,2004,161022,3,relationship_established_from_other_years,1.0,0.0,True,True,2,00630500,False,Central Maine Medical Center,Central Maine Medical Center,CENTRAL MAINE MEDICAL CENTER SCHOOL OF NURSING,Yes,1,-2,00630500,,both,unique_official_site_match,ME,False
00630500,2005-2006,Central Maine Medical Center,ME,04240-4500,,no_exact_match,2,ambiguous_or_unmatched,2005,161022,3,relationship_established_from_other_years,1.0,0.0,True,True,2,00630500,False,Central Maine Medical Center,Central Maine Medical Center,Central Maine Medical Center School of Nursing,Yes [YCY],1,-2,00630500,,both,unique_official_site_match,ME,False
00630500,2006-2007,Central Maine Medical Center,ME,42404,,no_exact_match,2,ambiguous_or_unmatched,2006,161022,3,relationship_established_from_other_years,1.0,0.0,True,True,2,00630500,False,Central Maine Medical Center,Central Maine Medical Center,Central Maine Medical Center School of Nursing,Yes [YCY],1,-2,00630500,,both,unique_official_site_match,ME,False
00630500,2007-2008,Central Maine Medical Center,ME,42404,,no_exact_match,2,ambiguous_or_unmatched,2007,161022,3,relationship_established_from_other_years,1.0,0.0,True,True,2,00630500,False,Central Maine Medical Center,Central Maine Medical Center,Central Maine Medical Center College of Nursing and Health Professions,Yes [YCY],1,-2,00630500,,both,unique_official_site_match,ME,False
00630500,2008-2009,Central Maine Medical Center,ME,04240-4500,,no_exact_match,2,ambiguous_or_unmatched,2008,161022,3,relationship_established_from_other_years,1.0,0.0,True,True,2,00630500,False,Central Maine Medical Center,Central Maine Medical Center,Central Maine Medical Center College of Nursing and Health Professions,Yes [YCY],1,-2,00630500,,both,unique_official_site_match,ME,False
00630500,2009-2010,Central Maine Medical Center,ME,42404,,no_exact_match,2,ambiguous_or_unmatched,2009,161022,3,relationship_established_from_other_years,1.0,0.0,True,True,2,00630500,False,Central Maine Medical Center,Central Maine Medical Center,Central Maine Medical Center College of Nursing and Health Professions,Yes [YCY],1,-2,00630500,,both,unique_official_site_match,ME,False
00630500,2010-2011,CENTRAL MAINE MEDICAL CENTER,ME,42404,,no_exact_match,2,ambiguous_or_unmatched,2010,161022,3,relationship_established_from_other_years,1.0,0.0,True,True,2,00630500,False,Central Maine Medical Center,Central Maine Medical Center,Central Maine Medical Center College of Nursing and Health Professions,Yes [YCY],1,-2,00630500,,both,unique_official_site_match,ME,False
00630500,2011-2012,CENTRAL MAINE MEDICAL CENTER COLLEGE OF NURSING AND HEALTH PROFESSIONS,ME,42439,,no_exact_match,2,ambiguous_or_unmatched,2011,161022,1,ipeds_header_match,1.0,0.0,True,True,1,00630500,False,Central Maine Medical Center,Central Maine Medical Center,Central Maine Medical Center College of Nursing and Health Professions,Yes [YCY],1,-2,00630500,Merged,both,unique_official_site_match,ME,False
00630500,2012-2013,MAINE COLLEGE OF HEALTH PROFESSIONS,ME,42439,,no_exact_match,1,ambiguous_or_unmatched,2012,161022,1,ipeds_header_match,1.0,0.0,True,True,1,00630500,False,Central Maine Medical Center,Central Maine Medical Center,Central Maine Medical Center College of Nursing and Health Professions,Yes [YCY],1,00630500|00630501|4|20130613,00630500,,both,unique_official_site_match,ME,False
00630500,2013-2014,Maine College of Health Professions,ME,42439,,no_exact_match,1,ambiguous_or_unmatched,2013,161022,1,ipeds_header_match,1.0,0.0,True,True,1,00630500,False,Central Maine Medical Center College of Nursing and Health Professions,Central Maine Medical Center College of Nursing and Health Professions,Central Maine Medical Center College of Nursing and Health Professions,Yes [YCY],1,-2,00630503,,both,unique_official_site_match,ME,False
00635200,2000-2001,BAYSTATE MEDICAL CENTER,MA,01199-0001,,no_exact_match,1,ambiguous_or_unmatched,2000,433156,1,ipeds_header_match,1.0,0.0,True,True,1,00635200,False,Baystate Medical Center,Baystate Medical Center,BAYSTATE MEDICAL CENTER-SCHOOL OF NURSE MIDWIFERY,No,1,-2,-2,,both,unique_official_site_match,MA,False
00635200,2001-2002,BAYSTATE MEDICAL CENTER,MA,01199-0001,,no_exact_match,1,ambiguous_or_unmatched,2001,433156,1,ipeds_header_match,1.0,0.0,True,True,1,00635200,False,Baystate Medical Center,Baystate Medical Center,BAYSTATE MEDICAL CENTER MIDWIFERY EDUCATION PROG,No,1,-2,00635200,,both,unique_official_site_match,MA,False
00639200,2000-2001,RESEARCH MEDICAL CENTER,MO,64132-1199,,no_exact_match,3,ambiguous_or_unmatched,2000,178989,3,relationship_established_from_other_years,1.0,0.0,True,True,2,00639200,False,Research Medical Center,Research Medical Center,RESEARCH COLLEGE OF NURSING,Yes,1,-2,-2,,both,unique_official_site_match,MO,False
00639200,2001-2002,RESEARCH MEDICAL CENTER,MO,64132,,no_exact_match,3,ambiguous_or_unmatched,2001,178989,3,relationship_established_from_other_years,1.0,0.0,True,True,2,00639200,False,Research Medical Center,Research Medical Center,RESEARCH COLLEGE OF NURSING,Yes,1,-2,00639200,,both,unique_official_site_match,MO,False
00639200,2002-2003,Research Medical Center,MO,64132-1199,,no_exact_match,3,ambiguous_or_unmatched,2002,178989,3,relationship_established_from_other_years,1.0,0.0,True,True,2,00639200,False,Research Medical Center,Research Medical Center,RESEARCH COLLEGE OF NURSING,Yes,1,-2,00639200,,both,unique_official_site_match,MO,False
00639200,2003-2004,Research Medical Center,MO,64132-1199,,no_exact_match,3,ambiguous_or_unmatched,2003,178989,3,relationship_established_from_other_years,1.0,0.0,True,True,2,00639200,False,Research Medical Center,Research Medical Center,RESEARCH COLLEGE OF NURSING,Yes,1,-2,00639200,,both,unique_official_site_match,MO,False
00639200,2004-2005,Research Medical Center,MO,64132-1199,,no_exact_match,3,ambiguous_or_unmatched,2004,178989,3,relationship_established_from_other_years,1.0,0.0,True,True,2,00639200,False,Research Medical Center,Research Medical Center,RESEARCH COLLEGE OF NURSING,Yes,1,-2,00639200,,both,unique_official_site_match,MO,False
00639200,2005-2006,Research Medical Center,MO,64132-1199,,no_exact_match,3,ambiguous_or_unmatched,2005,178989,3,relationship_established_from_other_years,1.0,0.0,True,True,2,00639200,False,Research Medical Center,Research Medical Center,Research College of Nursing,Yes [YPY],1,-2,00639200,,both,unique_official_site_match,MO,False
00639200,2006-2007,RESEARCH MEDICAL CENTER,MO,64132-1199,,no_exact_match,3,ambiguous_or_unmatched,2006,178989,3,relationship_established_from_other_years,1.0,0.0,True,True,2,00639200,False,Research Medical Center,Research Medical Center,Research College of Nursing,No [NNN],1,-2,00639200,,both,unique_official_site_match,MO,False
00639200,2007-2008,RESEARCH MEDICAL CENTER,MO,64132-1199,,no_exact_match,3,ambiguous_or_unmatched,2007,178989,3,relationship_established_from_other_years,1.0,0.0,True,True,2,00639200,False,Research Medical Center,Research Medical Center,Research College of Nursing,No [NNN],2,-2,00639200,,both,unique_official_site_match,MO,False
00639200,2011-2012,Research Medical Center,MO,64132-1199,,no_exact_match,1,ambiguous_or_unmatched,2011,178989,1,ipeds_header_match,1.0,0.0,True,True,1,00639200,False,Research Medical Center,Research Medical Center,Research College of Nursing,Yes [YCY],1,-2,00639200,,both,unique_official_site_match,MO,False
00639200,2012-2013,Research Medical Center,MO,64132-1199,,no_exact_match,1,ambiguous_or_unmatched,2012,178989,1,ipeds_header_match,1.0,0.0,True,True,1,00639200,False,Research Medical Center,Research Medical Center,Research College of Nursing,Yes [YCY],1,-2,00639200,,both,unique_official_site_match,MO,False
00642100,2000-2001,MUHLENBERG REGIONAL MEDICAL CTR-HAROLD B. & DOROTHY A. SNYDER SCHOOLS,NJ,07061-3399,,no_exact_match,2,ambiguous_or_unmatched,2000,185679,3,relationship_established_from_other_years,1.0,0.0,True,True,2,00642100,False,Muhlenberg Regional Medical Ctr-Harold B. & Dorothy A. Snyder Schools,Muhlenberg Regional Medical Ctr-Harold B. & Dorothy A. Snyder Schools,MUHLENBERG REGIONAL MEDICAL CENTER-SCHOOL OF NURS,Yes,1,-2,-2,,both,unique_official_site_match,NJ,False
00642100,2001-2002,MUHLENBERG REGIONAL MEDICAL CTR-HAROLD B. & DOROTHY A. SNYDER SCHOOLS,NJ,07061,,no_exact_match,2,ambiguous_or_unmatched,2001,185679,3,relationship_established_from_other_years,1.0,0.0,True,True,2,00642100,False,Muhlenberg Regional Medical Ctr-Harold B. & Dorothy A. Snyder Schools,Muhlenberg Regional Medical Ctr-Harold B. & Dorothy A. Snyder Schools,MUHLENBERG REGIONAL MEDICAL CENTER-SCHOOL OF NURS,Yes,1,-2,00642100,,both,unique_official_site_match,NJ,False
00642900,2000-2001,ST FRANCIS MEDICAL CENTER,NJ,08629-1986,,no_exact_match,2,ambiguous_or_unmatched,2000,186423,3,relationship_established_from_other_years,1.0,0.0,True,True,2,00642900,False,Saint Francis Medical Center,St Francis Medical Center,SAINT FRANCIS MEDICAL CENTER SCHOOL OF NURSING,Yes,1,-2,-2,,both,unique_official_site_match,NJ,False
00642900,2001-2002,ST FRANCIS MEDICAL CENTER,NJ,08629-1986,,no_exact_match,2,ambiguous_or_unmatched,2001,186423,3,relationship_established_from_other_years,1.0,0.0,True,True,2,00642900,False,Saint Francis Medical Center,St Francis Medical Center,SAINT FRANCIS MEDICAL CENTER SCHOOL OF NURSING,Yes,1,-2,00642900,,both,unique_official_site_match,NJ,False
00642900,2002-2003,ST FRANCIS MEDICAL CENTER,NJ,08629-1986,,no_exact_match,2,ambiguous_or_unmatched,2002,186423,3,relationship_established_from_other_years,1.0,0.0,True,True,2,00642900,False,Saint Francis Medical Center,St Francis Medical Center,SAINT FRANCIS MEDICAL CENTER SCHOOL OF NURSING,Yes,2,-2,00642900,,both,unique_official_site_match,NJ,False
00642900,2003-2004,SAINT FRANCIS MEDICAL CENTER,NJ,08629-1986,,no_exact_match,2,ambiguous_or_unmatched,2003,186423,3,relationship_established_from_other_years,1.0,0.0,True,True,2,00642900,False,Saint Francis Medical Center,St Francis Medical Center,SAINT FRANCIS MEDICAL CENTER SCHOOL OF NURSING,Yes,1,-2,00642900,,both,unique_official_site_match,NJ,False
00642900,2004-2005,ST FRANCIS MEDICAL CENTER,NJ,08629-1986,,no_exact_match,2,ambiguous_or_unmatched,2004,186423,3,relationship_established_from_other_years,1.0,0.0,True,True,2,00642900,False,Saint Francis Medical Center,St Francis Medical Center,SAINT FRANCIS MEDICAL CENTER SCHOOL OF NURSING,Yes,1,-2,00642900,,both,unique_official_site_match,NJ,False
00642900,2005-2006,ST FRANCIS MEDICAL CENTER,NJ,08629-1986,,no_exact_match,2,ambiguous_or_unmatched,2005,186423,3,relationship_established_from_other_years,1.0,0.0,True,True,2,00642900,False,Saint Francis Medical Center,St Francis Medical Center,Saint Francis Medical Center School of Nursing,Yes [YPY],1,-2,00642900,,both,unique_official_site_match,NJ,False
00642900,2006-2007,ST FRANCIS MEDICAL CENTER,NJ,86291,,no_exact_match,2,ambiguous_or_unmatched,2006,186423,3,relationship_established_from_other_years,1.0,0.0,True,True,2,00642900,False,Saint Francis Medical Center,St Francis Medical Center,Saint Francis Medical Center School of Nursing,Yes [YPY],1,-2,00642900,,both,unique_official_site_match,NJ,False
00642900,2007-2008,ST FRANCIS MEDICAL CENTER,NJ,86291,,no_exact_match,2,ambiguous_or_unmatched,2007,186423,3,relationship_established_from_other_years,1.0,0.0,True,True,2,00642900,False,Saint Francis Medical Center,St Francis Medical Center,Saint Francis Medical Center School of Nursing,Yes [YPY],1,-2,00642900,,both,unique_official_site_match,NJ,False
00642900,2008-2009,ST FRANCIS MEDICAL CENTER,NJ,08629-1986,,no_exact_match,2,ambiguous_or_unmatched,2008,186423,3,relationship_established_from_other_years,1.0,0.0,True,True,2,00642900,False,Saint Francis Medical Center,St Francis Medical Center,Saint Francis Medical Center School of Nursing,Yes [YCY],1,-2,00642900,,both,unique_official_site_match,NJ,False
00642900,2009-2010,ST FRANCIS MEDICAL CENTER,NJ,86291,,no_exact_match,2,ambiguous_or_unmatched,2009,186423,3,relationship_established_from_other_years,1.0,0.0,True,True,2,00642900,False,Saint Francis Medical Center,St Francis Medical Center,Saint Francis Medical Center School of Nursing,Yes [YCY],1,-2,00642900,,both,unique_official_site_match,NJ,False
00642900,2010-2011,ST FRANCIS MEDICAL CENTER,NJ,86291,,no_exact_match,2,ambiguous_or_unmatched,2010,186423,3,relationship_established_from_other_years,1.0,0.0,True,True,2,00642900,False,Saint Francis Medical Center,St Francis Medical Center,Saint Francis Medical Center School of Nursing,Yes [YCY],1,-2,00642900,,both,unique_official_site_match,NJ,False
00642900,2011-2012,ST FRANCIS MEDICAL CENTER,NJ,86291,,no_exact_match,2,ambiguous_or_unmatched,2011,186423,3,relationship_established_from_other_years,1.0,0.0,True,True,2,00642900,False,Saint Francis Medical Center,St Francis Medical Center,Saint Francis Medical Center School of Nursing,Yes [YCY],1,-2,00642900,,both,unique_official_site_match,NJ,False
00642900,2012-2013,ST FRANCIS MEDICAL CENTER,NJ,86291,,no_exact_match,2,ambiguous_or_unmatched,2012,186423,3,relationship_established_from_other_years,1.0,0.0,True,True,2,00642900,False,Saint Francis Medical Center,St Francis Medical Center,Saint Francis Medical Center School of Nursing,Yes [YCY],1,-2,00642900,,both,unique_official_site_match,NJ,False
00642900,2013-2014,ST FRANCIS MEDICAL CENTER,NJ,86291,,no_exact_match,2,ambiguous_or_unmatched,2013,186423,3,relationship_established_from_other_years,1.0,0.0,True,True,2,00642900,False,Saint Francis Medical Center,St Francis Medical Center,Saint Francis Medical Center School of Nursing,Yes [YCY],1,-2,00642900,,both,unique_official_site_match,NJ,False
00646100,2000-2001,SAINT ELIZABETH MEDICAL CENTER,NY,13501-2998,,no_exact_match,2,ambiguous_or_unmatched,2000,434593,3,relationship_established_from_other_years,1.0,0.0,True,True,2,00646100,False,Saint Elizabeth Medical Center,Saint Elizabeth Medical Center,SAINT ELIZABETH MEDICAL CENTER SCH OF RADIOGRAPHY,Yes,1,-2,-2,,both,unique_official_site_match,NY,False
00646100,2001-2002,SAINT ELIZABETH MEDICAL CENTER,NY,13501-2998,,no_exact_match,2,ambiguous_or_unmatched,2001,434593,1,ipeds_header_match,1.0,0.0,True,True,1,00646100,False,Saint Elizabeth Medical Center,Saint Elizabeth Medical Center,SAINT ELIZABETH MEDICAL CENTER SCH OF RADIOGRAPHY,Yes,9,-2,00646100,,both,unique_official_site_match,NY,False
00646100,2002-2003,SAINT ELIZABETH MEDICAL CENTER,NY,13501-2998,,no_exact_match,3,ambiguous_or_unmatched,2002,195702,3,relationship_established_from_other_years,1.0,0.0,True,True,2,00646100,False,Saint Elizabeth Medical Center,Saint Elizabeth Medical Center,SAINT ELIZABETH MEDICAL CENTER SCHOOL OF RADIOGRAP,Yes,1,-2,00646100,Merged,both,unique_official_site_match,NY,False
00646100,2003-2004,SAINT ELIZABETH MEDICAL CENTER,NY,13501-2998,,no_exact_match,2,ambiguous_or_unmatched,2003,195702,3,relationship_established_from_other_years,1.0,0.0,True,True,2,00646100,False,Saint Elizabeth Medical Center,Saint Elizabeth Medical Center,SAINT ELIZABETH MEDICAL CENTER SCHOOL OF RADIOGRAPHY,Yes,1,-2,00646100,,both,unique_official_site_match,NY,False
00646100,2004-2005,SAINT ELIZABETH MEDICAL CENTER,NY,13501-2998,,no_exact_match,2,ambiguous_or_unmatched,2004,195702,3,relationship_established_from_other_years,1.0,0.0,True,True,2,00646100,False,Saint Elizabeth Medical Center,Saint Elizabeth Medical Center,SAINT ELIZABETH MEDICAL CENTER SCHOOL OF RADIOGRAP,Yes,1,-2,00646100,,both,unique_official_site_match,NY,False
00646100,2005-2006,SAINT ELIZABETH MEDICAL CENTER,NY,13501-2998,,no_exact_match,2,ambiguous_or_unmatched,2005,195702,3,relationship_established_from_other_years,1.0,0.0,True,True,2,00646100,False,Saint Elizabeth Medical Center,Saint Elizabeth Medical Center,Saint Elizabeth Medical Center School of Radiography,Yes [YPY],1,-2,00646100,,both,unique_official_site_match,NY,False
00646100,2006-2007,SAINT ELIZABETH MEDICAL CENTER,NY,13501-2998,,no_exact_match,2,ambiguous_or_unmatched,2006,195702,3,relationship_established_from_other_years,1.0,0.0,True,True,2,00646100,False,Saint Elizabeth Medical Center,Saint Elizabeth Medical Center,Saint Elizabeth Medical Center School of Radiography,Yes [YPY],1,-2,00646100,,both,unique_official_site_match,NY,False
00646100,2007-2008,SAINT ELIZABETH MEDICAL CENTER,NY,13501-2998,,no_exact_match,2,ambiguous_or_unmatched,2007,195702,3,relationship_established_from_other_years,1.0,0.0,True,True,2,00646100,False,Saint Elizabeth Medical Center,Saint Elizabeth Medical Center,Saint Elizabeth Medical Center School of Radiography,Yes [YPY],1,-2,00646100,,both,unique_official_site_match,NY,False
00646100,2008-2009,SAINT ELIZABETH MEDICAL CENTER,NY,13501-2998,,no_exact_match,2,ambiguous_or_unmatched,2008,195702,3,relationship_established_from_other_years,1.0,0.0,True,True,2,00646100,False,Saint Elizabeth Medical Center,Saint Elizabeth Medical Center,Saint Elizabeth Medical Center School of Radiography,Yes [YPY],1,-2,00646100,,both,unique_official_site_match,NY,False
00646100,2009-2010,SAINT ELIZABETH MEDICAL CENTER,NY,13501-2998,,no_exact_match,2,ambiguous_or_unmatched,2009,195702,3,relationship_established_from_other_years,1.0,0.0,True,True,2,00646100,False,Saint Elizabeth Medical Center,Saint Elizabeth Medical Center,Saint Elizabeth Medical Center School of Radiography,Yes [YCY],1,-2,00646100,,both,unique_official_site_match,NY,False
00646100,2010-2011,SAINT ELIZABETH MEDICAL CENTER,NY,13501-2998,,no_exact_match,2,ambiguous_or_unmatched,2010,195702,3,relationship_established_from_other_years,1.0,0.0,True,True,2,00646100,False,Saint Elizabeth Medical Center,Saint Elizabeth Medical Center,Saint Elizabeth Medical Center School of Radiography,Yes [YPY],1,-2,00646100,,both,unique_official_site_match,NY,False
00646100,2011-2012,SAINT ELIZABETH MEDICAL CENTER,NY,13501-2998,,no_exact_match,2,ambiguous_or_unmatched,2011,195702,3,relationship_established_from_other_years,1.0,0.0,True,True,2,00646100,False,Saint Elizabeth Medical Center,Saint Elizabeth Medical Center,Saint Elizabeth Medical Center School of Radiography,Yes [YPY],1,-2,00646100,,both,unique_official_site_match,NY,False
00646100,2012-2013,SAINT ELIZABETH MEDICAL CENTER,NY,13501-2998,,no_exact_match,2,ambiguous_or_unmatched,2012,195702,3,relationship_established_from_other_years,1.0,0.0,True,True,2,00646100,False,Saint Elizabeth Medical Center,Saint Elizabeth Medical Center,Saint Elizabeth Medical Center School of Radiography,Yes [YPY],1,-2,00646100,,both,unique_official_site_match,NY,False
00646100,2013-2014,SAINT ELIZABETH MEDICAL CENTER,NY,13501-2998,,no_exact_match,2,ambiguous_or_unmatched,2013,195702,3,relationship_established_from_other_years,1.0,0.0,True,True,2,00646100,False,Saint Elizabeth Medical Center,Saint Elizabeth Medical Center,Saint Elizabeth Medical Center School of Radiography,Yes [YPY],1,-2,00646100,,both,unique_official_site_match,NY,False
00657600,2000-2001,HERITAGE VALLEY HEALTH SYSTEM,PA,15143-1498,,no_exact_match,2,ambiguous_or_unmatched,2000,215965,3,relationship_established_from_other_years,1.0,0.0,True,True,2,00657600,False,Heritage Valley Health System,Heritage Valley Health System,SEWICKLEY VALLEY HOSPITAL SCHOOL OF NURSING,Yes,1,-2,-2,,both,unique_official_site_match,PA,False
00657600,2001-2002,HERITAGE VALLEY HEALTH SYSTEM,PA,15143,,no_exact_match,2,ambiguous_or_unmatched,2001,215965,3,relationship_established_from_other_years,1.0,0.0,True,True,2,00657600,False,Heritage Valley Health System,Heritage Valley Health System,SEWICKLEY VALLEY HOSPITAL SCHOOL OF NURSING,Yes,1,-2,00657600,,both,unique_official_site_match,PA,False
00657600,2002-2003,HERITAGE VALLEY HEALTH SYSTEM,PA,15143-1498,,no_exact_match,2,ambiguous_or_unmatched,2002,215965,3,relationship_established_from_other_years,1.0,0.0,True,True,2,00657600,False,Heritage Valley Health System,Heritage Valley Health System,SEWICKLEY VALLEY HOSPITAL SCHOOL OF NURSING,Yes,1,-2,00657600,,both,unique_official_site_match,PA,False
00657600,2003-2004,HERITAGE VALLEY HEALTH SYSTEM,PA,15143-1498,,no_exact_match,2,ambiguous_or_unmatched,2003,215965,3,relationship_established_from_other_years,1.0,0.0,True,True,2,00657600,False,Heritage Valley Health System,Heritage Valley Health System,SEWICKLEY VALLEY HOSPITAL SCHOOL OF NURSING,Yes,1,-2,00657600,,both,unique_official_site_match,PA,False
00657600,2004-2005,HERITAGE VALLEY HEALTH SYSTEM,PA,15143-1498,,no_exact_match,2,ambiguous_or_unmatched,2004,215965,3,relationship_established_from_other_years,1.0,0.0,True,True,2,00657600,False,Heritage Valley Health System,Heritage Valley Health System,SEWICKLEY VALLEY HOSPITAL SCHOOL OF NURSING,Yes,1,-2,00657600,,both,unique_official_site_match,PA,False
00657600,2005-2006,Heritage Valley Health System,PA,15143-1498,,no_exact_match,2,ambiguous_or_unmatched,2005,215965,3,relationship_established_from_other_years,1.0,0.0,True,True,2,00657600,False,Heritage Valley Health System,Heritage Valley Health System,Sewickley Valley Hospital School of Nursing,Yes [YCY],1,-2,00657600,,both,unique_official_site_match,PA,False
00657600,2006-2007,Heritage Valley Health System,PA,15143-1498,,no_exact_match,2,ambiguous_or_unmatched,2006,215965,3,relationship_established_from_other_years,1.0,0.0,True,True,2,00657600,False,Heritage Valley Health System,Heritage Valley Health System,Sewickley Valley Hospital School of Nursing,Yes [YCY],1,-2,00657600,,both,unique_official_site_match,PA,False
00657600,2007-2008,Heritage Valley Health System,PA,15143-1498,,no_exact_match,2,ambiguous_or_unmatched,2007,215965,3,relationship_established_from_other_years,1.0,0.0,True,True,2,00657600,False,Heritage Valley Health System,Heritage Valley Health System,Sewickley Valley Hospital School of Nursing,Yes [YCY],1,-2,00657600,,both,unique_official_site_match,PA,False
00657600,2011-2012,Heritage Valley Health System,PA,15143-1498,,no_exact_match,1,ambiguous_or_unmatched,2011,215965,1,ipeds_header_match,1.0,0.0,True,True,1,00657600,False,Heritage Valley Health System,Heritage Valley Health System,Heritage Valley Sewickley School of Nursing,Yes [YCY],1,-2,00657600,,both,unique_official_site_match,PA,False
00657600,2012-2013,Heritage Valley Health System,PA,15143-1498,,no_exact_match,1,ambiguous_or_unmatched,2012,215965,1,ipeds_header_match,1.0,0.0,True,True,1,00657600,False,Heritage Valley Health System,Heritage Valley Health System,Heritage Valley Sewickley School of Nursing,Yes [YCY],1,00657600|-2|X|20130913,00657600,,both,unique_official_site_match,PA,False
00657700,2000-2001,UPMC SHADYSIDE,PA,15232-1381,,no_exact_match,2,ambiguous_or_unmatched,2000,215974,3,relationship_established_from_other_years,1.0,0.0,True,True,2,00657700,False,UPMC Shadyside,UPMC Shadyside,UNIVERSITY OF PITTSBG MED CTR-SHADYSIDE SCH OF NUR,Yes,1,-2,-2,,both,unique_official_site_match,PA,False
00657700,2001-2002,UPMC SHADYSIDE,PA,15232-1381,,no_exact_match,2,ambiguous_or_unmatched,2001,215974,3,relationship_established_from_other_years,1.0,0.0,True,True,2,00657700,False,UPMC Shadyside,UPMC Shadyside,UNIVERSITY OF PITTSBG MED CTR-SHADYSIDE SCH OF NUR,Yes,1,-2,00657700,,both,unique_official_site_match,PA,False
00657700,2011-2012,UPMC SHADYSIDE,PA,15232-1381,,no_exact_match,1,ambiguous_or_unmatched,2011,215974,1,ipeds_header_match,1.0,0.0,True,True,1,00657700,False,UPMC Shadyside,UPMC Shadyside,University of Pittsburgh Medical Center-Shadyside School of Nursing,Yes [YCY],1,-2,00657700,,both,unique_official_site_match,PA,False
00657700,2012-2013,UPMC SHADYSIDE,PA,15232-1381,,no_exact_match,1,ambiguous_or_unmatched,2012,215974,1,ipeds_header_match,1.0,0.0,True,True,1,00657700,False,UPMC Shadyside,UPMC Shadyside,University of Pittsburgh Medical Center-Shadyside School of Nursing,Yes [YCY],1,-2,00657700,,both,unique_official_site_match,PA,False
00658200,2000-2001,WASHINGTON HOSPITAL (THE),PA,15301-3398,,no_exact_match,2,ambiguous_or_unmatched,2000,216630,3,relationship_established_from_other_years,1.0,0.0,True,True,2,00658200,False,Washington Hospital (The),Washington Hospital (The) - School of Nursing,WASHINGTON HOSPITAL SCHOOL OF NURSING,Yes,1,-2,-2,,both,unique_official_site_match,PA,False
00658200,2001-2002,WASHINGTON HOSPITAL (THE),PA,15301-3398,,no_exact_match,2,ambiguous_or_unmatched,2001,216630,3,relationship_established_from_other_years,1.0,0.0,True,True,2,00658200,False,Washington Hospital (The),Washington Hospital (The) - School of Nursing,WASHINGTON HOSPITAL SCHOOL OF NURSING,Yes,1,-2,00658200,,both,unique_official_site_match,PA,False
00658200,2002-2003,WASHINGTON HOSPITAL (THE),PA,15301-3398,,no_exact_match,2,ambiguous_or_unmatched,2002,216630,3,relationship_established_from_other_years,1.0,0.0,True,True,2,00658200,False,Washington Hospital (The),Washington Hospital (The) - School of Nursing,WASHINGTON HOSPITAL SCHOOL OF NURSING,Yes,1,-2,00658200,,both,unique_official_site_match,PA,False
00658200,2003-2004,WASHINGTON HOSPITAL (THE),PA,15301-3398,,no_exact_match,2,ambiguous_or_unmatched,2003,216630,3,relationship_established_from_other_years,1.0,0.0,True,True,2,00658200,False,Washington Hospital (The),Washington Hospital (The) - School of Nursing,WASHINGTON HOSPITAL SCHOOL OF NURSING,Yes,1,-2,00658200,,both,unique_official_site_match,PA,False
00658200,2004-2005,WASHINGTON HOSPITAL (THE),PA,15301-3398,,no_exact_match,2,ambiguous_or_unmatched,2004,216630,3,relationship_established_from_other_years,1.0,0.0,True,True,2,00658200,False,Washington Hospital (The),Washington Hospital (The) - School of Nursing,WASHINGTON HOSPITAL SCHOOL OF NURSING,Yes,1,-2,00658200,,both,unique_official_site_match,PA,False
00658200,2005-2006,WASHINGTON HOSPITAL (THE),PA,15301-3398,,no_exact_match,2,ambiguous_or_unmatched,2005,216630,3,relationship_established_from_other_years,1.0,0.0,True,True,2,00658200,False,Washington Hospital (The),Washington Hospital (The) - School of Nursing,Washington Hospital School of Nursing,Yes [YCY],1,-2,00658200,,both,unique_official_site_match,PA,False
00658200,2006-2007,WASHINGTON HOSPITAL (THE),PA,15301-3398,,no_exact_match,2,ambiguous_or_unmatched,2006,216630,3,relationship_established_from_other_years,1.0,0.0,True,True,2,00658200,False,Washington Hospital (The),Washington Hospital (The) - School of Nursing,Washington Hospital School of Nursing,Yes [YCY],1,-2,00658200,,both,unique_official_site_match,PA,False
00658200,2007-2008,WASHINGTON HOSPITAL (THE),PA,15301-3398,,no_exact_match,2,ambiguous_or_unmatched,2007,216630,3,relationship_established_from_other_years,1.0,0.0,True,True,2,00658200,False,Washington Hospital (The),Washington Hospital (The),Washington Hospital School of Nursing,Yes [YCY],1,-2,00658200,,both,unique_official_site_match,PA,False
00658200,2008-2009,WASHINGTON HOSPITAL (THE),PA,15301-3398,,no_exact_match,2,ambiguous_or_unmatched,2008,216630,3,relationship_established_from_other_years,1.0,0.0,True,True,2,00658200,False,Washington Hospital (The),Washington Hospital (The),Washington Hospital School of Nursing,Yes [YCY],1,-2,00658200,,both,unique_official_site_match,PA,False
00658200,2009-2010,WASHINGTON HOSPITAL (THE),PA,15301-3398,,no_exact_match,2,ambiguous_or_unmatched,2009,216630,3,relationship_established_from_other_years,1.0,0.0,True,True,2,00658200,False,Washington Hospital (The),Washington Hospital (The),Washington Hospital School of Nursing,Yes [YCY],1,-2,00658200,,both,unique_official_site_match,PA,False
00658200,2010-2011,WASHINGTON HOSPITAL (THE),PA,15301-3398,,no_exact_match,2,ambiguous_or_unmatched,2010,216630,3,relationship_established_from_other_years,1.0,0.0,True,True,2,00658200,False,Washington Hospital (The),Washington Hospital (The),Washington Hospital School of Nursing,Yes [YCY],1,-2,00658200,,both,unique_official_site_match,PA,False
00658200,2011-2012,WASHINGTON HOSPITAL (THE),PA,15301-3398,,no_exact_match,2,ambiguous_or_unmatched,2011,216630,3,relationship_established_from_other_years,1.0,0.0,True,True,2,00658200,False,Washington Hospital (The),Washington Hospital (The),Washington Hospital School of Nursing,Yes [YCY],1,-2,00658200,,both,unique_official_site_match,PA,False
00658200,2012-2013,WASHINGTON HOSPITAL (THE),PA,15301-3398,,no_exact_match,2,ambiguous_or_unmatched,2012,216630,3,relationship_established_from_other_years,1.0,0.0,True,True,2,00658200,False,Washington Hospital (The),Washington Hospital (The),Washington Hospital School of Nursing,Yes [YCY],1,-2,00658200,,both,unique_official_site_match,PA,False
00658200,2013-2014,WASHINGTON HOSPITAL (THE),PA,15301-3398,,no_exact_match,2,ambiguous_or_unmatched,2013,216630,3,relationship_established_from_other_years,1.0,0.0,True,True,2,00658200,False,Washington Hospital (The),Washington Hospital (The),Washington Hospital School of Nursing,Yes [YCY],1,-2,00658200,,both,unique_official_site_match,PA,False
00672500,2003-2004,University of Tennessee Health Science Center (The),TN,38163-4900,,no_exact_match,0,ambiguous_or_unmatched,2003,221759,3,relationship_established_from_other_years,1.0,0.0,True,True,2,00672500,False,University of Tennessee,University of Tennessee  -  Health Science Center,THE UNIVERSITY OF TENNESSEE,No,1,00672500|00353006|7|20040309,00672500,Merged,both,unique_official_site_match,TN,False
00675600,2011-2012,NORTHSHORE TECHNICAL COMMUNITY COLLEGE,LA,70427-5866,,no_exact_match,0,ambiguous_or_unmatched,2011,160667,1,ipeds_header_match,1.0,0.0,True,True,1,00675600,False,Northshore Technical College,Northshore Technical College,Northshore Technical Community College,Yes [YPY],1,-2,00548837|00675600,,both,unique_official_site_match,LA,False
00723600,2011-2012,ART INSTITUTE OF CALIFORNIA - LOS ANGELES (THE),CA,90405-3035,,no_exact_match,0,ambiguous_or_unmatched,2011,432533,3,relationship_established_from_other_years,1.0,0.0,True,True,2,00723600,False,Art Institute of California - Los Angeles (The),Art Institute of California - Los Angeles (The),The Art Institute of California-Los Angeles,Yes [YPY],1,00723600|02179941|7|20120420,00723600,,both,unique_official_site_match,CA,False
00739402,2000-2001,BERKELEY COLLEGE - WESTCHESTER CAMPUS,NY,,,no_exact_match,1,ambiguous_or_unmatched,2000,189228,1,ipeds_header_match,1.0,0.0,True,True,1,00739400,False,Berkeley College,Berkeley College  -  Westchester Campus,BERKELEY COLLEGE OF NEW YORK CITY,Yes,1,-2,-2,,both,unique_official_site_match,NY,False
00739402,2001-2002,BERKELEY COLLEGE - WESTCHESTER CAMPUS,NY,,,no_exact_match,1,ambiguous_or_unmatched,2001,189228,1,ipeds_header_match,1.0,0.0,True,True,1,00739400,False,Berkeley College,Berkeley College  -  Westchester Campus,BERKELEY COLLEGE OF NEW YORK CITY,Yes,1,-2,00739402,,both,unique_official_site_match,NY,False
00739402,2006-2007,BERKELEY COLLEGE - WESTCHESTER CAMPUS,NY,10017-4604,,no_exact_match,1,ambiguous_or_unmatched,2006,189228,1,ipeds_header_match,1.0,0.0,True,True,1,00739400,False,Berkeley College,Berkeley College  -  Westchester Campus,Berkeley College,Yes [YPY],1,-2,00739402,,both,unique_official_site_match,NY,False
00739402,2007-2008,BERKELEY COLLEGE - WESTCHESTER CAMPUS,NY,10017-4604,,no_exact_match,1,ambiguous_or_unmatched,2007,189228,1,ipeds_header_match,1.0,0.0,True,True,1,00739400,False,Berkeley College,Berkeley College  -  Westchester Campus,Berkeley College,Yes [YCY],1,-2,00739402,,both,unique_official_site_match,NY,False
00739402,2008-2009,BERKELEY COLLEGE - WESTCHESTER CAMPUS,NY,10017-4604,,no_exact_match,1,ambiguous_or_unmatched,2008,189228,1,ipeds_header_match,1.0,0.0,True,True,1,00739400,False,Berkeley College,Berkeley College  -  Westchester Campus,Berkeley College,Yes [YCY],1,-2,00739402,,both,unique_official_site_match,NY,False
00739402,2009-2010,BERKELEY COLLEGE - WESTCHESTER CAMPUS,NY,10017-4604,,no_exact_match,1,ambiguous_or_unmatched,2009,189228,1,ipeds_header_match,1.0,0.0,True,True,1,00739400,False,Berkeley College,Berkeley College  -  Westchester Campus,Berkeley College,Yes [YCY],1,-2,00739402,,both,unique_official_site_match,NY,False
00750201,2006-2007,BERKELEY COLLEGE - WOODBRIDGE,NJ,74243,,no_exact_match,1,ambiguous_or_unmatched,2006,183789,1,ipeds_header_match,1.0,0.0,True,True,1,00750200,False,Berkeley College,Berkeley College - Woodbridge,Berkeley College,Yes [YCY],1,-2,00750201,,both,unique_official_site_match,NJ,False
00750201,2007-2008,BERKELEY COLLEGE - WOODBRIDGE,NJ,74243,,no_exact_match,1,ambiguous_or_unmatched,2007,183789,1,ipeds_header_match,1.0,0.0,True,True,1,00750200,False,Berkeley College,Berkeley College - Woodbridge,Berkeley College,Yes [YCY],1,-2,00750201,,both,unique_official_site_match,NJ,False
00750201,2008-2009,BERKELEY COLLEGE - WOODBRIDGE,NJ,07424-3367,,no_exact_match,1,ambiguous_or_unmatched,2008,183789,1,ipeds_header_match,1.0,0.0,True,True,1,00750200,False,Berkeley College,Berkeley College - Woodbridge,Berkeley College,Yes [YCY],1,-2,00750201,,both,unique_official_site_match,NJ,False
00750201,2009-2010,BERKELEY COLLEGE - WOODBRIDGE,NJ,74243,,no_exact_match,1,ambiguous_or_unmatched,2009,183789,1,ipeds_header_match,1.0,0.0,True,True,1,00750200,False,Berkeley College,Berkeley College - Woodbridge,Berkeley College,Yes [YCY],1,-2,00750201,,both,unique_official_site_match,NJ,False
00750202,2006-2007,BERKELEY COLLEGE - PARAMUS,NJ,74243,,no_exact_match,1,ambiguous_or_unmatched,2006,183789,1,ipeds_header_match,1.0,0.0,True,True,1,00750200,False,Berkeley College,Berkeley College - Paramus,Berkeley College,Yes [YCY],1,-2,00750202,,both,unique_official_site_match,NJ,False
00750202,2007-2008,BERKELEY COLLEGE - PARAMUS,NJ,74243,,no_exact_match,1,ambiguous_or_unmatched,2007,183789,1,ipeds_header_match,1.0,0.0,True,True,1,00750200,False,Berkeley College,Berkeley College - Paramus,Berkeley College,Yes [YCY],1,-2,00750202,,both,unique_official_site_match,NJ,False
00750202,2008-2009,BERKELEY COLLEGE - PARAMUS,NJ,07424-3367,,no_exact_match,1,ambiguous_or_unmatched,2008,183789,1,ipeds_header_match,1.0,0.0,True,True,1,00750200,False,Berkeley College,Berkeley College - Paramus,Berkeley College,Yes [YCY],1,-2,00750202,,both,unique_official_site_match,NJ,False
00750202,2009-2010,BERKELEY COLLEGE - PARAMUS,NJ,74243,,no_exact_match,1,ambiguous_or_unmatched,2009,183789,1,ipeds_header_match,1.0,0.0,True,True,1,00750200,False,Berkeley College,Berkeley College - Paramus,Berkeley College,Yes [YCY],1,-2,00750202,,both,unique_official_site_match,NJ,False
00827600,2004-2005,Bryant & Stratton Business Institute - Syracuse,NY,13203-2502,,no_exact_match,0,ambiguous_or_unmatched,2004,189574,3,relationship_established_from_other_years,1.0,0.0,True,True,2,00827600,False,Bryant & Stratton Business Institute,Bryant & Stratton Business Institute - Syracuse,BRYANT AND STRATTON COLLEGE-MAIN SYRACUSE,No,1,00827600|00267805|7|20050419,00827600,,both,unique_official_site_match,NY,False
00840301,2006-2007,INDIAN HILLS COMMUNITY COLLEGE,IA,52501-1398,,no_exact_match,1,ambiguous_or_unmatched,2006,153472,1,ipeds_header_match,1.0,0.0,True,True,1,00840300,False,Indian Hills Community College,Indian Hills Community College,Indian Hills Community College,Yes [YCY],1,-2,00840301,,both,unique_official_site_match,IA,False
00840301,2007-2008,INDIAN HILLS COMMUNITY COLLEGE,IA,52501-1398,,no_exact_match,1,ambiguous_or_unmatched,2007,153472,1,ipeds_header_match,1.0,0.0,True,True,1,00840300,False,Indian Hills Community College,Indian Hills Community College,Indian Hills Community College,Yes [YPY],1,-2,00840301,,both,unique_official_site_match,IA,False
00840301,2008-2009,INDIAN HILLS COMMUNITY COLLEGE,IA,52501-1398,,no_exact_match,1,ambiguous_or_unmatched,2008,153472,1,ipeds_header_match,1.0,0.0,True,True,1,00840300,False,Indian Hills Community College,Indian Hills Community College,Indian Hills Community College,Yes [YPY],1,-2,00840301,,both,unique_official_site_match,IA,False
00840301,2009-2010,INDIAN HILLS COMMUNITY COLLEGE,IA,52501-1398,,no_exact_match,1,ambiguous_or_unmatched,2009,153472,1,ipeds_header_match,1.0,0.0,True,True,1,00840300,False,Indian Hills Community College,Indian Hills Community College,Indian Hills Community College,Yes [YPY],1,-2,00840301,,both,unique_official_site_match,IA,False
00849100,2003-2004,Nebraska College of Business,NE,68134-4125,,no_exact_match,0,ambiguous_or_unmatched,2003,181400,3,relationship_established_from_other_years,1.0,0.0,True,True,1,00849100,False,Hamilton College,Hamilton College - Omaha,NEBRASKA COLLEGE OF BUSINESS,No,1,00849100|00422006|7|20040309,00849100,,both,unique_official_site_match,NE,False
00849200,2011-2012,ALEGENT HEALTH SCHOOLS,NE,68114-2767,,no_exact_match,1,ambiguous_or_unmatched,2011,181145,1,ipeds_header_match,1.0,0.0,True,True,1,00849200,False,Alegent Health Schools,Alegent Health Schools,Alegent Health School of Radiologic Technology,Yes [YCY],1,-2,00849200,,both,unique_official_site_match,NE,False
00849200,2012-2013,ALEGENT HEALTH SCHOOLS,NE,68114-2767,,no_exact_match,1,ambiguous_or_unmatched,2012,181145,1,ipeds_header_match,1.0,0.0,True,True,1,00849200,False,Alegent Health Schools,Alegent Health Schools,Alegent Health School of Radiologic Technology,Yes [YCY],1,-2,00849200,,both,unique_official_site_match,NE,False
00850100,2009-2010,Rasmussen College,FL,34471-7051,,no_exact_match,0,ambiguous_or_unmatched,2009,138309,4,official_manual_match,1.0,0.0,True,True,2,00850100,False,Rasmussen College,Rasmussen College,Rasmussen College-Ocala,Yes [YCY],1,00850100|00869410|7|20100317,00850100,,both,unique_official_site_match,FL,False
00859200,2000-2001,LOUISE OBICI MEMORIAL HOSPITAL,VA,23434-8038,,no_exact_match,1,ambiguous_or_unmatched,2000,232593,1,ipeds_header_match,1.0,0.0,True,True,1,00859200,False,Louise Obici Memorial Hospital,Louise Obici Memorial Hospital,LOUISE OBICI SCHOOL OF NURSING,Yes,1,-2,-2,,both,unique_official_site_match,VA,False
00859200,2001-2002,LOUISE OBICI MEMORIAL HOSPITAL,VA,23434-8038,,no_exact_match,1,ambiguous_or_unmatched,2001,232593,1,ipeds_header_match,1.0,0.0,True,True,1,00859200,False,Louise Obici Memorial Hospital,Louise Obici Memorial Hospital,LOUISE OBICI SCHOOL OF NURSING,Yes,1,-2,00859200,,both,unique_official_site_match,VA,False
00859200,2002-2003,SUFFOLK PUBLIC SCHOOLS SENTARA OBICI HOSPITAL SCHOOL OF PRACTICAL,VA,23434-8038,,no_exact_match,1,ambiguous_or_unmatched,2002,232593,1,ipeds_header_match,1.0,0.0,True,True,1,00859200,False,Louise Obici Memorial Hospital,Louise Obici Memorial Hospital,LOUISE OBICI SCHOOL OF NURSING,Yes,1,-2,00859200,,both,unique_official_site_match,VA,False
00859200,2005-2006,SUFFOLK PUBLIC SCHOOLS SENTARA OBICI HOSPITAL SCHOOL OF PRACTICAL NURS,VA,,,no_exact_match,1,ambiguous_or_unmatched,2005,232593,1,ipeds_header_match,1.0,0.0,True,True,1,00859200,False,Louise Obici Memorial Hospital,Louise Obici Memorial Hospital,Louise Obici School of Practical Nursing,Yes [YCY],1,-2,00859200,,both,unique_official_site_match,VA,False
00893900,2000-2001,CANNELLA SCHOOL OF HAIR DESIGN,IL,60406-2130,,no_exact_match,0,ambiguous_or_unmatched,2000,401481,3,relationship_established_from_other_years,1.0,0.0,True,True,1,00893900,False,Cannella School of Hair Design,Cannella School of Hair Design,CANNELLA SCHOOL OF HAIR DESIGN,Yes,1,-2,-2,,both,unique_official_site_match,IL,False
00898802,2000-2001,LURLEEN B. WALLACE COMMUNITY COLLEGE - MACARTHUR CAMPUS,AL,,,no_exact_match,1,ambiguous_or_unmatched,2000,101602,1,ipeds_header_match,1.0,0.0,True,True,1,00898800,False,Lurleen B. Wallace Community College,Lurleen B. Wallace Community College - MacArthur Campus,LURLEEN B WALLACE JUNIOR COLLEGE,Yes,1,-2,-2,,both,unique_official_site_match,AL,False
00898802,2001-2002,LURLEEN B. WALLACE COMMUNITY COLLEGE - MACARTHUR CAMPUS,AL,,,no_exact_match,1,ambiguous_or_unmatched,2001,101602,1,ipeds_header_match,1.0,0.0,True,True,1,00898800,False,Lurleen B. Wallace Community College,Lurleen B. Wallace Community College - MacArthur Campus,LURLEEN B WALLACE JUNIOR COLLEGE,Yes,1,-2,00898802,,both,unique_official_site_match,AL,False
00898802,2002-2003,LURLEEN B. WALLACE COMMUNITY COLLEGE - MACARTHUR CAMPUS,AL,,,no_exact_match,1,ambiguous_or_unmatched,2002,101602,1,ipeds_header_match,1.0,0.0,True,True,1,00898800,False,Lurleen B. Wallace Community College,Lurleen B. Wallace Community College - MacArthur Campus,LURLEEN B WALLACE JUNIOR COLLEGE,Yes,1,-2,00898802,,both,unique_official_site_match,AL,False
00920400,2012-2013,Kiamichi Technology Center,OK,74578-0548,,no_exact_match,9,ambiguous_or_unmatched,2012,375726,3,relationship_established_from_other_years,1.0,0.0,True,True,2,00920400,False,Kiamichi Technology Center,Kiamichi Technology Center,Kiamichi Technology Center-McAlester,Yes [YCY],1,-2,00920400,,both,unique_official_site_match,OK,False
00920400,2013-2014,Kiamichi Technology Center,OK,74578-0548,,no_exact_match,9,ambiguous_or_unmatched,2013,375726,3,relationship_established_from_other_years,1.0,0.0,True,True,2,00920400,False,Kiamichi Technology Center,Kiamichi Technology Center,Kiamichi Technology Center-McAlester,Yes [YCY],1,-2,00920400,,both,unique_official_site_match,OK,False
00960200,2004-2005,Regency Beauty Institute,MN,55337-4578,,no_exact_match,0,ambiguous_or_unmatched,2004,174534,3,relationship_established_from_other_years,1.0,0.0,True,True,1,00960200,False,Regency Beauty Institute,Regency Beauty Institute - Burnsville,REGENCY BEAUTY INSTITUTE,No,1,00960200|01049003|7|20050322,00960200,,both,unique_official_site_match,MN,False
00986700,2000-2001,UNIVERSITY OF CONNECTICUT SCHOOL OF MEDICINE,CT,06030-0001,,no_exact_match,0,ambiguous_or_unmatched,2000,243762,3,relationship_established_from_other_years,1.0,0.0,True,True,1,00986700,False,University of Connecticut School of Medicine,University of Connecticut School of Medicine,THE UNIVERSITY OF CONNECTICUT SCH OF MED AND DENT,Yes,1,-2,-2,,both,unique_official_site_match,CT,False
00986700,2001-2002,UNIVERSITY OF CONNECTICUT SCHOOL OF MEDICINE,CT,06030-0001,,no_exact_match,0,ambiguous_or_unmatched,2001,243762,3,relationship_established_from_other_years,1.0,0.0,True,True,1,00986700,False,University of Connecticut School of Medicine,University of Connecticut School of Medicine,THE UNIVERSITY OF CONNECTICUT SCH OF MED AND DENT,Yes,1,-2,00986700,,both,unique_official_site_match,CT,False
00986700,2002-2003,UNIVERSITY OF CONNECTICUT SCHOOL OF MEDICINE,CT,06030-0001,,no_exact_match,0,ambiguous_or_unmatched,2002,243762,3,relationship_established_from_other_years,1.0,0.0,True,True,1,00986700,False,University of Connecticut School of Medicine,University of Connecticut School of Medicine,THE UNIVERSITY OF CONNECTICUT SCH OF MED AND DENT,Yes,1,-2,00986700,,both,unique_official_site_match,CT,False
00986700,2003-2004,UNIVERSITY OF CONNECTICUT SCHOOL OF MEDICINE,CT,06030-0001,,no_exact_match,0,ambiguous_or_unmatched,2003,243762,3,relationship_established_from_other_years,1.0,0.0,True,True,1,00986700,False,University of Connecticut School of Medicine,University of Connecticut School of Medicine,THE UNIVERSITY OF CONNECTICUT SCH OF MED AND DENT,Yes,1,-2,00986700,,both,unique_official_site_match,CT,False
00986700,2004-2005,UNIVERSITY OF CONNECTICUT SCHOOL OF MEDICINE,CT,06030-0001,,no_exact_match,0,ambiguous_or_unmatched,2004,243762,3,relationship_established_from_other_years,1.0,0.0,True,True,1,00986700,False,University of Connecticut School of Medicine,University of Connecticut School of Medicine,THE UNIVERSITY OF CONNECTICUT SCH OF MED AND DENT,Yes,1,-2,00986700,,both,unique_official_site_match,CT,False
00986700,2005-2006,UNIVERSITY OF CONNECTICUT SCHOOL OF MEDICINE,CT,06030-0001,,no_exact_match,0,ambiguous_or_unmatched,2005,243762,3,relationship_established_from_other_years,1.0,0.0,True,True,1,00986700,False,University of Connecticut School of Medicine,University of Connecticut School of Medicine,The University of Connecticut School of Medicine and Dentistry,Yes [YCY],1,-2,00986700,,both,unique_official_site_match,CT,False
00986700,2006-2007,UNIVERSITY OF CONNECTICUT SCHOOL OF MEDICINE,CT,06030-0001,,no_exact_match,0,ambiguous_or_unmatched,2006,243762,3,relationship_established_from_other_years,1.0,0.0,True,True,1,00986700,False,University of Connecticut School of Medicine,University of Connecticut School of Medicine,The University of Connecticut School of Medicine and Dentistry,Yes [YCY],1,-2,00986700,,both,unique_official_site_match,CT,False
00986700,2007-2008,UNIVERSITY OF CONNECTICUT SCHOOL OF MEDICINE,CT,06030-0001,,no_exact_match,0,ambiguous_or_unmatched,2007,243762,3,relationship_established_from_other_years,1.0,0.0,True,True,1,00986700,False,University of Connecticut School of Medicine,University of Connecticut School of Medicine,The University of Connecticut School of Medicine and Dentistry,Yes [YCY],1,-2,00986700,,both,unique_official_site_match,CT,False
00986700,2008-2009,UNIVERSITY OF CONNECTICUT SCHOOL OF MEDICINE,CT,06030-0001,,no_exact_match,0,ambiguous_or_unmatched,2008,243762,4,official_manual_match,1.0,0.0,True,True,1,00986700,False,University of Connecticut School of Medicine,University of Connecticut School of Medicine,The University of Connecticut School of Medicine and Dentistry,Yes [YCY],1,00986700|00141708|7|20090605,00986700,,both,unique_official_site_match,CT,False
00997500,2011-2012,NORTHWEST LOUISIANA TECHNICAL COLLEGE,LA,71055-2422,,no_exact_match,0,ambiguous_or_unmatched,2011,160010,1,ipeds_header_match,1.0,0.0,True,True,1,00997500,False,Northwest Louisiana Technical College,Northwest Louisiana Technical College,Northwest Louisiana Technical College,Yes [YPY],1,-2,00548827|00997500,,both,unique_official_site_match,LA,False
01006100,2004-2005,Bryant and Stratton College,VA,23462-4417,,no_exact_match,0,ambiguous_or_unmatched,2004,231785,3,relationship_established_from_other_years,1.0,0.0,True,True,2,01006100,False,Bryant & Stratton Business Institute,Bryant & Stratton Business Institute - Virginia Beach,BRYANT AND STRATTON COLLEGE-VIRGINIA BEACH,No,1,01006100|00267811|7|20050419,01006100,,both,unique_official_site_match,VA,False
01014700,2000-2001,WESTERN SUFFOLK BOCES,NY,11768-3499,,no_exact_match,0,ambiguous_or_unmatched,2000,420468,3,relationship_established_from_other_years,1.0,0.0,True,True,1,01014700,False,Western Suffolk BOCES,Western Suffolk BOCES,WESTERN SUFFOLK BOCES,Yes,1,-2,-2,,both,unique_official_site_match,NY,False
01014700,2001-2002,WESTERN SUFFOLK BOCES,NY,11768-3499,,no_exact_match,1,ambiguous_or_unmatched,2001,420468,1,ipeds_header_match,1.0,0.0,True,True,1,01014700,False,Western Suffolk BOCES,Western Suffolk BOCES,WESTERN SUFFOLK BOCES,Yes,1,-2,01014700,,both,unique_official_site_match,NY,False
01039400,2011-2012,University of Medicine & Dentistry of New Jersey,NJ,07107-3000,,no_exact_match,1,ambiguous_or_unmatched,2011,187222,1,ipeds_header_match,1.0,0.0,True,True,1,01039400,False,University of Medicine & Dentistry of New Jersey,University of Medicine & Dentistry of New Jersey,University of Medicine and Dentistry of New Jersey,Yes [YCY],1,-2,01039400,,both,unique_official_site_match,NJ,False
01039400,2012-2013,University of Medicine & Dentistry of New Jersey,NJ,07107-3000,,no_exact_match,1,ambiguous_or_unmatched,2012,187222,1,ipeds_header_match,1.0,0.0,True,True,1,01039400,False,University of Medicine & Dentistry of New Jersey,University of Medicine & Dentistry of New Jersey,University of Medicine and Dentistry of New Jersey,Yes [YCY],1,01039400|00262923|7|20130702,01039400,,both,unique_official_site_match,NJ,False
01043906,2000-2001,SOUTHWEST TENNESSEE COMMUNITY COLLEGE - WHITEHAVEN CENTER,TN,,,no_exact_match,1,ambiguous_or_unmatched,2000,221485,1,ipeds_header_match,1.0,0.0,True,True,1,01043900,False,Southwest Tennessee Community College,Southwest Tennessee Community College - Whitehaven Center,SOUTHWEST TENNESSEE COMMUNITY COLLEGE-UNION CAMPUS,Yes,1,-2,-2,,both,unique_official_site_match,TN,False
01043906,2008-2009,SOUTHWEST TENNESSEE COMMUNITY COLLEGE - WHITEHAVEN CENTER,TN,38104-3322,,no_exact_match,1,ambiguous_or_unmatched,2008,221485,1,ipeds_header_match,1.0,0.0,True,True,1,01043900,False,Southwest Tennessee Community College,Southwest Tennessee Community College - Whitehaven Center,Southwest Tennessee Community College,Yes [YCY],1,-2,01043906,,both,unique_official_site_match,TN,False
01048704,2009-2010,WEST GEORGIA TECHNICAL COLLEGE - LAGRANGE CAMPUS,GA,30182-6476,,no_exact_match,1,ambiguous_or_unmatched,2009,139278,1,ipeds_header_match,1.0,0.0,True,True,1,01048700,False,West Georgia Technical College,West Georgia Technical College - LaGrange Campus,West Georgia Technical College,Yes [YCY],1,-2,00561400|01048704,Merged,both,unique_official_site_match,GA,False
01048900,2011-2012,National College,IN,46250-1930,,no_exact_match,1,ambiguous_or_unmatched,2011,157021,1,ipeds_header_match,1.0,0.0,True,True,1,01048900,False,National College,National College,National College-Lexington,Yes [YCY],1,-2,01048900,,both,unique_official_site_match,IN,False
01048900,2012-2013,National College,IN,46250-1930,,no_exact_match,1,ambiguous_or_unmatched,2012,157021,1,ipeds_header_match,1.0,0.0,True,True,1,01048900,False,National College,National College,National College-Lexington,Yes [YCY],1,-2,01048900,,both,unique_official_site_match,IN,False
01049003,2000-2001,REGENCY BEAUTY INSTITUTE - BURNSVILLE,MN,,,no_exact_match,2,ambiguous_or_unmatched,2000,174534,3,relationship_established_from_other_years,1.0,0.0,True,True,2,01049000,False,Regency Beauty Institute,Regency Beauty Institute - Burnsville,OLIVER THEIN BEAUTY SCHOOL,Yes,1,-2,-2,,both,unique_official_site_match,MN,False
01049003,2001-2002,REGENCY BEAUTY INSTITUTE - BURNSVILLE,MN,,,no_exact_match,2,ambiguous_or_unmatched,2001,174534,3,relationship_established_from_other_years,1.0,0.0,True,True,2,01049000,False,Regency Beauty Institute,Regency Beauty Institute - Burnsville,OLIVER THEIN BEAUTY SCHOOL,Yes,1,-2,01049003,,both,unique_official_site_match,MN,False
01049003,2002-2003,REGENCY BEAUTY INSTITUTE - BURNSVILLE,MN,,,no_exact_match,2,ambiguous_or_unmatched,2002,174534,3,relationship_established_from_other_years,1.0,0.0,True,True,2,01049000,False,Regency Beauty Institute,Regency Beauty Institute - Burnsville,OLIVER THEIN REGENCY BEAUTY ACADEMY,Yes,1,-2,01049003,,both,unique_official_site_match,MN,False
01049003,2003-2004,REGENCY BEAUTY INSTITUTE - BURNSVILLE,MN,,,no_exact_match,2,ambiguous_or_unmatched,2003,174534,3,relationship_established_from_other_years,1.0,0.0,True,True,2,01049000,False,Regency Beauty Institute,Regency Beauty Institute - Burnsville,REGENCY BEAUTY INSTITUTE,Yes,1,-2,01049003,,both,unique_official_site_match,MN,False
01054100,2003-2004,EMPIRE BEAUTY SCHOOL,PA,15146-2229,,no_exact_match,2,ambiguous_or_unmatched,2003,430227,3,relationship_established_from_other_years,1.0,0.0,True,True,2,01054100,False,Empire Beauty School,Empire Beauty School,EMPIRE BEAUTY SCHOOL,Yes,1,-2,01054102,,both,unique_official_site_match,PA,False
01068401,2000-2001,ERIE COMMUNITY COLLEGE - SOUTH,NY,,,no_exact_match,1,ambiguous_or_unmatched,2000,191056,1,ipeds_header_match,1.0,0.0,True,True,1,01068400,False,Erie Community College,Erie Community College - South,ERIE COMMUNITY COLLEGE-CITY CAMPUS,Yes,1,-2,-2,,both,unique_official_site_match,NY,False
01068402,2000-2001,ERIE COMMUNITY COLLEGE - NORTH,NY,,,no_exact_match,1,ambiguous_or_unmatched,2000,191056,1,ipeds_header_match,1.0,0.0,True,True,1,01068400,False,Erie Community College,Erie Community College -  North,ERIE COMMUNITY COLLEGE-CITY CAMPUS,Yes,1,-2,-2,,both,unique_official_site_match,NY,False
01068900,2009-2010,Kaw Area Technical School,KS,66604-2199,,no_exact_match,0,ambiguous_or_unmatched,2009,155423,3,relationship_established_from_other_years,1.0,0.0,True,True,1,01068900,False,Kaw Area Technical School,Kaw Area Technical School,Washburn Institute of Technology,Yes [YPY],1,01068900|00194901|7|20100323,01068900,,both,unique_official_site_match,KS,False
01072702,2000-2001,DEVRY UNIVERSITY - PHOENIX,IL,,,no_exact_match,1,ambiguous_or_unmatched,2000,104531,3,relationship_established_from_other_years,1.0,0.0,True,True,2,01072700,False,DeVry University,DeVry University - Phoenix,DEVRY INSTITUTE OF TECHNOLOGY,Yes,1,-2,-2,,both,unique_official_site_match,IL,False
01072702,2001-2002,DEVRY UNIVERSITY - PHOENIX,IL,,,no_exact_match,1,ambiguous_or_unmatched,2001,104531,3,relationship_established_from_other_years,1.0,0.0,True,True,2,01072700,False,DeVry University,DeVry University - Phoenix,DEVRY UNIVERSITY,Yes,1,-2,01072702,,both,unique_official_site_match,IL,False
01072706,2000-2001,DEVRY UNIVERSITY - POMONA,IL,,,no_exact_match,1,ambiguous_or_unmatched,2000,113607,3,relationship_established_from_other_years,1.0,0.0,True,True,2,01072700,False,DeVry University,DeVry University - Pomona,DEVRY INSTITUTE OF TECHNOLOGY-POMONA,Yes,1,-2,-2,,both,unique_official_site_match,IL,False
01072706,2001-2002,DEVRY UNIVERSITY - POMONA,IL,,,no_exact_match,1,ambiguous_or_unmatched,2001,113607,3,relationship_established_from_other_years,1.0,0.0,True,True,2,01072700,False,DeVry University,DeVry University - Pomona,DEVRY UNIVERSITY,Yes,1,-2,01072706,,both,unique_official_site_match,IL,False
01072714,2000-2001,DEVRY UNIVERSITY - DECATUR,IL,,,no_exact_match,1,ambiguous_or_unmatched,2000,139533,3,relationship_established_from_other_years,1.0,0.0,True,True,2,01072700,False,DeVry University,DeVry University - Decatur,DEVRY INSTITUTE OF TECHNOLOGY,Yes,1,-2,-2,,both,unique_official_site_match,IL,False
01072714,2001-2002,DEVRY UNIVERSITY - DECATUR,IL,,,no_exact_match,1,ambiguous_or_unmatched,2001,139533,3,relationship_established_from_other_years,1.0,0.0,True,True,2,01072700,False,DeVry University,DeVry University - Decatur,DEVRY UNIVERSITY,Yes,1,-2,01072714,,both,unique_official_site_match,IL,False
01072715,2000-2001,DEVRY UNIVERSITY - ADDISON,IL,,,no_exact_match,1,ambiguous_or_unmatched,2000,144759,3,relationship_established_from_other_years,1.0,0.0,True,True,2,01072700,False,DeVry University,DeVry University - Addison,DEVRY INSTITUTE OF TECHNOLOGY,Yes,1,-2,-2,,both,unique_official_site_match,IL,False
01072715,2001-2002,DEVRY UNIVERSITY - ADDISON,IL,,,no_exact_match,1,ambiguous_or_unmatched,2001,144759,3,relationship_established_from_other_years,1.0,0.0,True,True,2,01072700,False,DeVry University,DeVry University - Addison,DEVRY UNIVERSITY,Yes,1,-2,01072715,,both,unique_official_site_match,IL,False
01072717,2000-2001,DEVRY UNIVERSITY - KANSAS CITY,IL,,,no_exact_match,1,ambiguous_or_unmatched,2000,177162,3,relationship_established_from_other_years,1.0,0.0,True,True,2,01072700,False,DeVry University,DeVry University - Kansas City,DEVRY INSTITUTE OF TECHNOLOGY,Yes,1,-2,-2,,both,unique_official_site_match,IL,False
01072717,2001-2002,DEVRY UNIVERSITY - KANSAS CITY,IL,,,no_exact_match,1,ambiguous_or_unmatched,2001,177162,3,relationship_established_from_other_years,1.0,0.0,True,True,2,01072700,False,DeVry University,DeVry University - Kansas City,DEVRY UNIVERSITY,Yes,1,-2,01072717,,both,unique_official_site_match,IL,False
01072718,2000-2001,DEVRY UNIVERSITY- NEW JERSEY,IL,,,no_exact_match,1,ambiguous_or_unmatched,2000,184269,3,relationship_established_from_other_years,1.0,0.0,True,True,2,01072700,False,DeVry University,DeVry University- New Jersey,DEVRY INSTITUTE,Yes,1,-2,-2,,both,unique_official_site_match,IL,False
01072718,2001-2002,DEVRY UNIVERSITY- NEW JERSEY,IL,,,no_exact_match,1,ambiguous_or_unmatched,2001,184269,3,relationship_established_from_other_years,1.0,0.0,True,True,2,01072700,False,DeVry University,DeVry University- New Jersey,DEVRY COLLEGE OF TECHNOLOGY,Yes,1,-2,01072718,,both,unique_official_site_match,IL,False
01072720,2000-2001,DEVRY UNIVERSITY - COLUMBUS,IL,,,no_exact_match,1,ambiguous_or_unmatched,2000,202541,3,relationship_established_from_other_years,1.0,0.0,True,True,2,01072700,False,DeVry University,DeVry University - Columbus,DEVRY INSTITUTE OF TECHNOLOGY,Yes,1,-2,-2,,both,unique_official_site_match,IL,False
01072720,2001-2002,DEVRY UNIVERSITY - COLUMBUS,IL,,,no_exact_match,1,ambiguous_or_unmatched,2001,202541,3,relationship_established_from_other_years,1.0,0.0,True,True,2,01072700,False,DeVry University,DeVry University - Columbus,DEVRY UNIVERSITY,Yes,1,-2,01072720,,both,unique_official_site_match,IL,False
01072724,2000-2001,DEVRY UNIVERSITY - IRVING,IL,,,no_exact_match,1,ambiguous_or_unmatched,2000,224402,3,relationship_established_from_other_years,1.0,0.0,True,True,2,01072700,False,DeVry University,DeVry University - Irving,DEVRY INSTITUTE OF TECHNOLOGY,Yes,1,-2,-2,,both,unique_official_site_match,IL,False
01072724,2001-2002,DEVRY UNIVERSITY - IRVING,IL,,,no_exact_match,1,ambiguous_or_unmatched,2001,224402,3,relationship_established_from_other_years,1.0,0.0,True,True,2,01072700,False,DeVry University,DeVry University - Irving,DEVRY UNIVERSITY,Yes,1,-2,01072724,,both,unique_official_site_match,IL,False
01073700,2000-2001,ADVOCATE ILLINOIS MASONIC SCHOOL OF RADIOLOGIC TECHNOLOGY,IL,60657-5193,,no_exact_match,3,ambiguous_or_unmatched,2000,421939,3,relationship_established_from_other_years,1.0,0.0,True,True,2,01073700,False,Advocate Illinois Masonic School of Radiologic Technology,Advocate Illinois Masonic School of Radiologic Technology,RAVENSWOOD HOSPITAL MEDICAL CENTER-SCH OF RAD TECH,Yes,1,-2,-2,,both,unique_official_site_match,IL,False
01073700,2001-2002,ADVOCATE ILLINOIS MASONIC SCHOOL OF RADIOLOGIC TECHNOLOGY,IL,60657-5193,,no_exact_match,3,ambiguous_or_unmatched,2001,421939,3,relationship_established_from_other_years,1.0,0.0,True,True,2,01073700,False,Advocate Illinois Masonic School of Radiologic Technology,Advocate Illinois Masonic School of Radiologic Technology,RAVENSWOOD MEDICAL CENTER-SCHOOL OF RAD TECH,Yes,1,-2,01073700,,both,unique_official_site_match,IL,False
01073700,2002-2003,ADVOCATE ILLINOIS MASONIC SCHOOL OF RADIOLOGIC TECHNOLOGY,IL,60657-5193,,no_exact_match,3,ambiguous_or_unmatched,2002,421939,3,relationship_established_from_other_years,1.0,0.0,True,True,2,01073700,False,Advocate Illinois Masonic School of Radiologic Technology,Advocate Illinois Masonic School of Radiologic Technology,ADVOCATE ILLINOIS MASONIC SCHOOL OF RAD TECH,Yes,1,-2,01073700,,both,unique_official_site_match,IL,False
01083200,2011-2012,WESTERN STATE UNIVERSITY COLLEGE OF LAW,CA,92831-3014,,no_exact_match,0,ambiguous_or_unmatched,2011,126030,3,relationship_established_from_other_years,1.0,0.0,True,True,1,01083200,False,Western State University College of Law,Western State University College of Law,Western State University-College of Law-Argosy,Yes [YPY],1,01083200|02179937|7|20120420,01083200,,both,unique_official_site_match,CA,False
01111701,2000-2001,ALLIANT INTERNATIONAL UNIVERSITY - SAN DIEGO,CA,,,no_exact_match,1,ambiguous_or_unmatched,2000,110468,1,ipeds_header_match,1.0,0.0,True,True,1,01111700,False,Alliant International University,Alliant International University - San Diego,CALIFORNIA SCHOOL OF PROFESSIONAL PSYCH-SAN DIEGO,Yes,1,-2,-2,,both,unique_official_site_match,CA,False
01111701,2001-2002,ALLIANT INTERNATIONAL UNIVERSITY - SAN DIEGO,CA,,,no_exact_match,1,ambiguous_or_unmatched,2001,110468,1,ipeds_header_match,1.0,0.0,True,True,1,01111700,False,Alliant International University,Alliant International University - San Diego,CALIFORNIA SCHOOL OF PROFESSIONAL PSYCH-SAN DIEGO,Yes,1,-2,00115800|01111701,,both,unique_official_site_match,CA,False
01116700,2011-2012,Community College of Vermont,VT,54042,,no_exact_match,1,ambiguous_or_unmatched,2011,230861,1,ipeds_header_match,1.0,0.0,True,True,1,01116700,False,Community College of Vermont,Community College of Vermont,Community College of Vermont,Yes [YCY],1,-2,01116700,,both,unique_official_site_match,VT,False
01147700,2000-2001,SANFORD MEDICAL CENTER,SD,57117-5039,,no_exact_match,1,ambiguous_or_unmatched,2000,219392,1,ipeds_header_match,1.0,0.0,True,True,1,01147700,False,Sioux Valley Hospital,Sioux Valley Hospital,SIOUX VALLEY HOSPITAL-SCHOOL OF RADIOLOGIC TECHN,Yes,1,-2,-2,,both,unique_official_site_match,SD,False
01147700,2001-2002,SANFORD MEDICAL CENTER,SD,57117-5039,,no_exact_match,1,ambiguous_or_unmatched,2001,219392,1,ipeds_header_match,1.0,0.0,True,True,1,01147700,False,Sioux Valley Hospital,Sioux Valley Hospital,SIOUX VALLEY HOSPITAL-SCHOOL OF RADIOLOGIC TECHN,Yes,1,-2,01147700,,both,unique_official_site_match,SD,False
01147700,2002-2003,SANFORD MEDICAL CENTER,SD,57117-5039,,no_exact_match,1,ambiguous_or_unmatched,2002,219392,1,ipeds_header_match,1.0,0.0,True,True,1,01147700,False,Sioux Valley Hospital,Sioux Valley Hospital,SIOUX VALLEY HOSPITAL-SCHOOL OF RADIOLOGIC TECHN,Yes,1,-2,01147700,,both,unique_official_site_match,SD,False
01147700,2003-2004,SANFORD MEDICAL CENTER,SD,57117-5039,,no_exact_match,1,ambiguous_or_unmatched,2003,219392,1,ipeds_header_match,1.0,0.0,True,True,1,01147700,False,Sioux Valley Hospital,Sioux Valley Hospital,SIOUX VALLEY HOSPITAL-SCHOOL OF RADIOLOGIC TECHN,Yes,1,-2,01147700,,both,unique_official_site_match,SD,False
01147700,2004-2005,SANFORD MEDICAL CENTER,SD,57117-5039,,no_exact_match,1,ambiguous_or_unmatched,2004,219392,1,ipeds_header_match,1.0,0.0,True,True,1,01147700,False,Sioux Valley Hospital,Sioux Valley Hospital,SIOUX VALLEY HOSPITAL-SCHOOL OF RADIOLOGIC TECHN,Yes,1,-2,01147700,,both,unique_official_site_match,SD,False
01147700,2005-2006,SANFORD MEDICAL CENTER,SD,57117-5039,,no_exact_match,1,ambiguous_or_unmatched,2005,219392,1,ipeds_header_match,1.0,0.0,True,True,1,01147700,False,Sioux Valley Hospital,Sioux Valley Hospital,Sioux Valley Hospital-School of Radiologic Technology,Yes [YCY],1,-2,01147700,,both,unique_official_site_match,SD,False
01147700,2006-2007,SANFORD MEDICAL CENTER,SD,57117-5039,,no_exact_match,1,ambiguous_or_unmatched,2006,219392,1,ipeds_header_match,1.0,0.0,True,True,1,01147700,False,Sioux Valley Hospital,Sioux Valley Hospital,Sioux Valley Hospital-School of Radiologic Technology,Yes [YCY],1,-2,01147700,,both,unique_official_site_match,SD,False
01151904,2000-2001,JOSEPH'S COLLEGE OF BEAUTY - KEARNEY,NE,,,no_exact_match,1,ambiguous_or_unmatched,2000,181190,1,ipeds_header_match,1.0,0.0,True,True,1,01151900,False,Joseph's College of Beauty,Joseph's of Kearney-School of Hair Design,JOSEPHS COLLEGE OF BEAUTY-LINCOLN,Yes,1,-2,-2,,both,unique_official_site_match,NE,False
01151905,2000-2001,JOSEPH'S COLLEGE OF BEAUTY - NORFOLK,NE,,,no_exact_match,1,ambiguous_or_unmatched,2000,181190,1,ipeds_header_match,1.0,0.0,True,True,1,01151900,False,Joseph's College of Beauty,Joseph's College of Beauty - Norfolk,JOSEPHS COLLEGE OF BEAUTY-LINCOLN,Yes,1,-2,-2,,both,unique_official_site_match,NE,False
01151906,2000-2001,JOSEPH'S COLLEGE OF BEAUTY - NORTH PLATTE BEAUTY ACADEMY,NE,,,no_exact_match,1,ambiguous_or_unmatched,2000,181190,1,ipeds_header_match,1.0,0.0,True,True,1,01151900,False,Joseph's College of Beauty,North Platte Beauty Academy dba Joseph's College of Beauty,JOSEPHS COLLEGE OF BEAUTY-LINCOLN,Yes,1,-2,-2,,both,unique_official_site_match,NE,False
01167000,2011-2012,Yeshiva of Nitra Rabbinical College,NY,10549-4112,,no_exact_match,1,ambiguous_or_unmatched,2011,197674,1,ipeds_header_match,1.0,0.0,True,True,1,01167000,False,Yeshiva of Nitra Rabbinical College,Yeshiva of Nitra Rabbinical College -,Yeshiva of Nitra Rabbinical College,Yes [YCY],1,01167000|01167001|4|20121109,01167000,,both,unique_official_site_match,NY,False
01167000,2012-2013,Yeshiva of Nitra Rabbinical College,NY,10549-4112,,no_exact_match,1,ambiguous_or_unmatched,2012,197674,1,ipeds_header_match,1.0,0.0,True,True,1,01167000,False,Yeshiva of Nitra Rabbinical College,Yeshiva of Nitra Rabbinical College -,Yeshiva of Nitra Rabbinical College,Yes [YCY],1,-2,01167004,,both,unique_official_site_match,NY,False
01168600,2009-2010,Rasmussen College - Eden Prairie,MN,55344-7220,,no_exact_match,0,ambiguous_or_unmatched,2009,174464,4,official_manual_match,1.0,0.0,True,True,1,01168600,False,Rasmussen College - Eden Prairie,Rasmussen College - Eden Prairie,Rasmussen College-Eden Prairie,Yes [YCY],1,01168600|00869407|7|20100317,01168600,,both,unique_official_site_match,MN,False
01169602,2001-2002,NATIONAL POLYTECHNIC COLLEGE OF ENGINEERING AND OCEANEERING - ACT,CA,,,no_exact_match,1,ambiguous_or_unmatched,2001,112516,1,ipeds_header_match,1.0,0.0,True,True,1,01169600,False,National Polytechnic College of Engineering and Oceaneering,National Polytechnic College of Engineering and Oceaneering - ACT,COLLEGE OF OCEANEERING,No,1,-2,01169602,,both,unique_official_site_match,CA,False
01169602,2002-2003,NATIONAL POLYTECHNIC COLLEGE OF ENGINEERING AND OCEANEERING - ACT,CA,,,no_exact_match,1,ambiguous_or_unmatched,2002,112516,1,ipeds_header_match,1.0,0.0,True,True,1,01169600,False,National Polytechnic College of Engineering and Oceaneering,National Polytechnic College of Engineering and Oceaneering - ACT,COLLEGE OF OCEANEERING,No,1,-2,01169602,,both,unique_official_site_match,CA,False
01169602,2003-2004,NATIONAL POLYTECHNIC COLLEGE OF ENGINEERING AND OCEANEERING - ACT,CA,,,no_exact_match,1,ambiguous_or_unmatched,2003,112516,1,ipeds_header_match,1.0,0.0,True,True,1,01169600,False,National Polytechnic College of Engineering and Oceaneering,National Polytechnic College of Engineering and Oceaneering - ACT,COLLEGE OF OCEANEERING,No,1,-2,01169602,,both,unique_official_site_match,CA,False
01174900,2011-2012,WOOD COUNTY TECHNICAL CENTER,WV,26101-6424,,no_exact_match,1,ambiguous_or_unmatched,2011,238096,1,ipeds_header_match,1.0,0.0,True,True,1,01174900,False,Wood County Technical Center,Wood County Technical Center,Wood County School of Practical Nursing,Yes [YCY],1,-2,01174900,,both,unique_official_site_match,WV,False
01174900,2012-2013,WOOD COUNTY TECHNICAL CENTER,WV,26101-6424,,no_exact_match,1,ambiguous_or_unmatched,2012,238096,1,ipeds_header_match,1.0,0.0,True,True,1,01174900,False,Wood County Technical Center,Wood County Technical Center,Wood County School of Practical Nursing,Yes [YCY],1,-2,01174900,,both,unique_official_site_match,WV,False
01182404,2008-2009,WISCONSIN INDIANHEAD TECHNICAL COLLEGE - SUPERIOR CAMPUS,WI,54871-9300,,no_exact_match,1,ambiguous_or_unmatched,2008,240198,1,ipeds_header_match,1.0,0.0,True,True,1,01182400,False,Wisconsin Indianhead Technical College,Wisconsin Indianhead Technical College - Superior Campus,Wisconsin Indianhead Technical College,Yes [YCY],1,-2,01182404,,both,unique_official_site_match,WI,False
01209200,2000-2001,PLAZA SCHOOL OF BEAUTY,SC,29732-2169,,no_exact_match,1,ambiguous_or_unmatched,2000,432117,1,ipeds_header_match,1.0,0.0,True,True,1,01209200,False,Plaza School of Beauty,Plaza School of Beauty,PLAZA SCHOOL OF BEAUTY,Yes,1,-2,-2,,both,unique_official_site_match,SC,False
01212800,2001-2002,SOUTHWESTERN COLLEGE,OH,45402,,no_exact_match,4,ambiguous_or_unmatched,2001,205726,3,relationship_established_from_other_years,1.0,0.0,True,True,2,01212800,False,Southwestern College,Southwestern College,SOUTHWESTERN COLLEGE OF BUSINESS,Yes,2,-2,01212800,,both,unique_official_site_match,OH,False
01234600,2000-2001,DOVER BUSINESS COLLEGE,NJ,07011-2161,,no_exact_match,1,ambiguous_or_unmatched,2000,184135,1,ipeds_header_match,1.0,0.0,True,True,1,01234600,False,Dover Business College,Dover Business College,DOVER BUSINESS COLLEGE,Yes,1,-2,-2,,both,unique_official_site_match,NJ,False
01245200,2003-2004,Evergreen Valley College,CA,95135-1598,,no_exact_match,1,ambiguous_or_unmatched,2003,122737,1,ipeds_header_match,1.0,0.0,True,True,2,01245200,False,Evergreen Valley College,Evergreen Valley College,SAN JOSE-EVERGREEN COMMUNITY COLLEGE DISTRICT,Yes,1,-2,01245200,,both,unique_official_site_match,CA,False
01247000,2004-2005,Bryant & Stratton Business Institute - Rochester,NY,14606-4227,,no_exact_match,0,ambiguous_or_unmatched,2004,189592,3,relationship_established_from_other_years,1.0,0.0,True,True,2,01247000,False,Bryant & Stratton Business Institute,Bryant & Stratton Business Institute - Greece,BRYANT AND STRATTON COLLEGE-ROCHESTER,No,1,01247000|00267803|7|20050419,01247000,,both,unique_official_site_match,NY,False
01256200,2004-2005,California Paramedical & Technical College,CA,90807-3377,,no_exact_match,1,ambiguous_or_unmatched,2004,110325,1,ipeds_header_match,1.0,0.0,True,True,1,01256200,False,California Paramedical & Technical College,California Paramedical and Technical College,CALIFORNIA PARAMEDICAL AND TECHNICAL COLLEGE,No,2,-2,01256200,,both,unique_official_site_match,CA,False
01257300,2001-2002,WEST VIRGINIA UNIVERSITY HOSPITALS,WV,26506-8062,,no_exact_match,2,ambiguous_or_unmatched,2001,237905,3,relationship_established_from_other_years,1.0,0.0,True,True,2,01257300,False,West Virginia University Hospitals,West Virginia University Hospitals,WEST VIRGINIA UNIVERSITY HOSPITAL SCH OF RAD TECHN,Yes,1,-2,01257300,,both,unique_official_site_match,WV,False
01257300,2002-2003,WEST VIRGINIA UNIVERSITY HOSPITALS,WV,26506-8062,,no_exact_match,2,ambiguous_or_unmatched,2002,237905,3,relationship_established_from_other_years,1.0,0.0,True,True,2,01257300,False,West Virginia University Hospitals,West Virginia University Hospitals,WEST VIRGINIA UNIVERSITY HOSPITAL SCH OF RAD TECHN,Yes,1,-2,01257300,,both,unique_official_site_match,WV,False
01257300,2003-2004,WEST VIRGINIA UNIVERSITY HOSPITALS,WV,26506-8062,,no_exact_match,2,ambiguous_or_unmatched,2003,237905,3,relationship_established_from_other_years,1.0,0.0,True,True,2,01257300,False,West Virginia University Hospitals,West Virginia University Hospitals,WEST VIRGINIA UNIVERSITY HOSPITAL SCH OF RAD TECHN,Yes,1,-2,01257300,,both,unique_official_site_match,WV,False
01257300,2004-2005,WEST VIRGINIA UNIVERSITY HOSPITALS,WV,26506-8062,,no_exact_match,2,ambiguous_or_unmatched,2004,237905,3,relationship_established_from_other_years,1.0,0.0,True,True,2,01257300,False,West Virginia University Hospitals,West Virginia University Hospitals,WEST VIRGINIA UNIVERSITY HOSPITAL SCH OF RAD TECHN,Yes,1,-2,01257300,,both,unique_official_site_match,WV,False
01257300,2005-2006,WEST VIRGINIA UNIVERSITY HOSPITALS,WV,26506-8062,,no_exact_match,2,ambiguous_or_unmatched,2005,237905,3,relationship_established_from_other_years,1.0,0.0,True,True,2,01257300,False,West Virginia University Hospitals,West Virginia University Hospitals,West Virginia University Hospital School of Radiologic Technology,Yes [YCY],1,-2,01257300,,both,unique_official_site_match,WV,False
01257300,2006-2007,WEST VIRGINIA UNIVERSITY HOSPITALS,WV,26506-8062,,no_exact_match,2,ambiguous_or_unmatched,2006,237905,3,relationship_established_from_other_years,1.0,0.0,True,True,2,01257300,False,West Virginia University Hospitals,West Virginia University Hospitals,West Virginia University Hospital School of Radiologic Technology,Yes [YCY],1,-2,01257300,,both,unique_official_site_match,WV,False
01272700,2004-2005,ROWAN TECHNICAL COLLEGE,KY,40351-8359,,no_exact_match,0,ambiguous_or_unmatched,2004,157605,3,relationship_established_from_other_years,1.0,0.0,True,True,1,01272700,False,Maysville Community and Technical College,"Maysville Cmnty and Techncl Colg - Rowan Campus, Morehead",ROWAN TECHNICAL COLLEGE,No,1,01272700|00696002|7|20050322,01272700,,both,unique_official_site_match,KY,False
01286001,2000-2001,ARKANSAS NORTHEASTERN COLLEGE -,AR,,,no_exact_match,1,ambiguous_or_unmatched,2000,107327,1,ipeds_header_match,1.0,0.0,True,True,1,01286000,False,Arkansas Northeastern College,Arkansas Northeastern College -,MISSISSIPPI COUNTY COMMUNITY COLLEGE,Yes,1,-2,-2,,both,unique_official_site_match,AR,False
01286001,2001-2002,ARKANSAS NORTHEASTERN COLLEGE -,AR,,,no_exact_match,1,ambiguous_or_unmatched,2001,107327,1,ipeds_header_match,1.0,0.0,True,True,1,01286000,False,Arkansas Northeastern College,Arkansas Northeastern College -,MISSISSIPPI COUNTY COMMUNITY COLLEGE,Yes,1,-2,01286001,,both,unique_official_site_match,AR,False
01286001,2002-2003,ARKANSAS NORTHEASTERN COLLEGE,AR,,,no_exact_match,1,ambiguous_or_unmatched,2002,107327,1,ipeds_header_match,1.0,0.0,True,True,1,01286000,False,Arkansas Northeastern College,Arkansas Northeastern College -,MISSISSIPPI COUNTY COMMUNITY COLLEGE,Yes,1,-2,01286001,,both,unique_official_site_match,AR,False
01303907,2000-2001,SOUTH UNIVERSITY - COLUMBIA,GA,,,no_exact_match,3,ambiguous_or_unmatched,2000,251312,3,relationship_established_from_other_years,1.0,0.0,True,True,2,01303900,False,South University,South University - Columbia,COLUMBIA JUNIOR COLLEGE,Yes,1,-2,-2,,both,unique_official_site_match,GA,False
01303907,2001-2002,SOUTH UNIVERSITY - COLUMBIA,GA,,,no_exact_match,3,ambiguous_or_unmatched,2001,251312,3,relationship_established_from_other_years,1.0,0.0,True,True,2,01303900,False,South University,South University - Columbia,COLUMBIA JUNIOR COLLEGE,Yes,1,-2,01303907,,both,unique_official_site_match,GA,False
02068200,2000-2001,LESTER E. COX MEDICAL CENTER,MO,65802-1988,,no_exact_match,3,ambiguous_or_unmatched,2000,176770,3,relationship_established_from_other_years,1.0,0.0,True,True,2,02068200,False,Lester E. Cox Medical Center,Lester E. Cox Medical Center,LESTER L COX COLLEGE OF NURSING AND HEALTH SCIENCE,Yes,1,-2,-2,,both,unique_official_site_match,MO,False
02075400,2003-2004,KELLER GRADUATE SCHOOL OF MANAGEMENT,IL,60515-5683,,no_exact_match,4,ambiguous_or_unmatched,2003,144777,3,relationship_established_from_other_years,1.0,0.0,True,True,2,02075400,False,Keller Graduate School of Management,Keller Graduate School of Management,DEVRY UNIVERSITY-CORPORATE OFFICE,Yes,1,-2,02075400,,both,unique_official_site_match,IL,False
02075400,2004-2005,KELLER GRADUATE SCHOOL OF MANAGEMENT,IL,60515-5683,,no_exact_match,4,ambiguous_or_unmatched,2004,144777,3,relationship_established_from_other_years,1.0,0.0,True,True,2,02075400,False,Keller Graduate School of Management,Keller Graduate School of Management,DEVRY UNIVERSITY-CORPORATE OFFICE,Yes,1,-2,02075400,,both,unique_official_site_match,IL,False
02075400,2005-2006,KELLER GRADUATE SCHOOL OF MANAGEMENT,IL,60515-5683,,no_exact_match,4,ambiguous_or_unmatched,2005,144777,3,relationship_established_from_other_years,1.0,0.0,True,True,2,02075400,False,Keller Graduate School of Management,Keller Graduate School of Management,DeVry University-Corporate Office,Yes [YCY],1,-2,02075400,,both,unique_official_site_match,IL,False
02075400,2006-2007,KELLER GRADUATE SCHOOL OF MANAGEMENT,IL,60181-4663,,no_exact_match,4,ambiguous_or_unmatched,2006,144777,3,relationship_established_from_other_years,1.0,0.0,True,True,2,02075400,False,Keller Graduate School of Management,Keller Graduate School of Management,DeVry University-Corporate Office,Yes [YCY],1,-2,02075400,,both,unique_official_site_match,IL,False
02075400,2007-2008,KELLER GRADUATE SCHOOL OF MANAGEMENT,IL,60515-5683,,no_exact_match,4,ambiguous_or_unmatched,2007,144777,3,relationship_established_from_other_years,1.0,0.0,True,True,2,02075400,False,Keller Graduate School of Management,Keller Graduate School of Management,DeVry University-Corporate Office,Yes [YCY],1,-2,02075400,,both,unique_official_site_match,IL,False
02075400,2008-2009,KELLER GRADUATE SCHOOL OF MANAGEMENT,IL,60515-5683,,no_exact_match,4,ambiguous_or_unmatched,2008,144777,3,relationship_established_from_other_years,1.0,0.0,True,True,2,02075400,False,Keller Graduate School of Management,Keller Graduate School of Management,DeVry University-Administrative Office,Yes [YCY],1,-2,02075400,,both,unique_official_site_match,IL,False
02083900,2011-2012,Northern New Mexico College,NM,87530-0000,,no_exact_match,1,ambiguous_or_unmatched,2011,188058,1,ipeds_header_match,1.0,0.0,True,True,1,02083900,False,Northern New Mexico College,Northern New Mexico College,Northern New Mexico College,Yes [YCY],1,-2,02083900,,both,unique_official_site_match,NM,False
02083900,2012-2013,Northern New Mexico College,NM,87530-0000,,no_exact_match,1,ambiguous_or_unmatched,2012,188058,1,ipeds_header_match,1.0,0.0,True,True,1,02083900,False,Northern New Mexico College,Northern New Mexico College,Northern New Mexico College,Yes [YCY],1,-2,02083900,,both,unique_official_site_match,NM,False
02090800,2001-2002,NEWPORT SCHOOL OF HAIRDRESSING,RI,02910-3411,,no_exact_match,1,ambiguous_or_unmatched,2001,217369,1,ipeds_header_match,1.0,0.0,True,True,1,02090800,False,Newport School of Hairdressing,Newport School of Hairdressing,NEWPORT SCHOOL OF HAIRDRESSING,No,1,-2,02090800,,both,unique_official_site_match,RI,False
02093700,2011-2012,Long Island Business Institute,NY,11725-2997,,no_exact_match,1,ambiguous_or_unmatched,2011,192509,1,ipeds_header_match,1.0,0.0,True,True,1,02093700,False,Long Island Business Institute,Long Island Business Institute,Long Island Business Institute,Yes [YCY],1,-2,02093700,,both,unique_official_site_match,NY,False
02093700,2012-2013,Long Island Business Institute,NY,11725-2997,,no_exact_match,1,ambiguous_or_unmatched,2012,192509,1,ipeds_header_match,1.0,0.0,True,True,1,02093700,False,Long Island Business Institute,Long Island Business Institute,Long Island Business Institute,Yes [YCY],1,-2,02093700,,both,unique_official_site_match,NY,False
02096000,2000-2001,REGIONS HOSPITAL,MN,55101-2595,,no_exact_match,2,ambiguous_or_unmatched,2000,175023,3,relationship_established_from_other_years,1.0,0.0,True,True,2,02096000,False,Regions Hospital,Regions Hospital,REGIONS HOSPITAL SCHOOL OF OPHTHALMIC MED TECHN,Yes,1,-2,-2,,both,unique_official_site_match,MN,False
02096000,2001-2002,REGIONS HOSPITAL,MN,55101-2595,,no_exact_match,2,ambiguous_or_unmatched,2001,175023,3,relationship_established_from_other_years,1.0,0.0,True,True,2,02096000,False,Regions Hospital,Regions Hospital,REGIONS HOSPITAL SCHOOL OF OPHTHALMIC MED TECHN,Yes,1,-2,02096000,,both,unique_official_site_match,MN,False
02099501,2006-2007,CENTRAL COMMUNITY COLLEGE - HASTINGS CAMPUS,NE,68801-7299,,no_exact_match,1,ambiguous_or_unmatched,2006,180902,1,ipeds_header_match,1.0,0.0,True,True,1,02099500,False,Central Community College,Central Community College - Hastings Campus,Central Community College,Yes [YCY],1,-2,02099501,,both,unique_official_site_match,NE,False
02099501,2007-2008,CENTRAL COMMUNITY COLLEGE - HASTINGS CAMPUS,NE,68801-7299,,no_exact_match,1,ambiguous_or_unmatched,2007,180902,1,ipeds_header_match,1.0,0.0,True,True,1,02099500,False,Central Community College,Central Community College - Hastings Campus,Central Community College,Yes [YCY],1,-2,02099501,,both,unique_official_site_match,NE,False
02099501,2008-2009,CENTRAL COMMUNITY COLLEGE - HASTINGS CAMPUS,NE,68801-7299,,no_exact_match,1,ambiguous_or_unmatched,2008,180902,1,ipeds_header_match,1.0,0.0,True,True,1,02099500,False,Central Community College,Central Community College - Hastings Campus,Central Community College,Yes [YCY],1,-2,02099501,,both,unique_official_site_match,NE,False
02099501,2009-2010,CENTRAL COMMUNITY COLLEGE - HASTINGS CAMPUS,NE,68801-7299,,no_exact_match,1,ambiguous_or_unmatched,2009,180902,1,ipeds_header_match,1.0,0.0,True,True,1,02099500,False,Central Community College,Central Community College - Hastings Campus,Central Community College,Yes [YCY],1,-2,02099501,,both,unique_official_site_match,NE,False
02099502,2006-2007,CENTRAL COMMUNITY COLLEGE - COLUMBUS CAMPUS,NE,68801-7299,,no_exact_match,1,ambiguous_or_unmatched,2006,180902,1,ipeds_header_match,1.0,0.0,True,True,1,02099500,False,Central Community College,Central Community College - Columbus Campus,Central Community College,Yes [YCY],1,-2,02099502,,both,unique_official_site_match,NE,False
02099502,2007-2008,CENTRAL COMMUNITY COLLEGE - COLUMBUS CAMPUS,NE,68801-7299,,no_exact_match,1,ambiguous_or_unmatched,2007,180902,1,ipeds_header_match,1.0,0.0,True,True,1,02099500,False,Central Community College,Central Community College - Columbus Campus,Central Community College,Yes [YCY],1,-2,02099502,,both,unique_official_site_match,NE,False
02099502,2008-2009,CENTRAL COMMUNITY COLLEGE - COLUMBUS CAMPUS,NE,68801-7299,,no_exact_match,1,ambiguous_or_unmatched,2008,180902,1,ipeds_header_match,1.0,0.0,True,True,1,02099500,False,Central Community College,Central Community College - Columbus Campus,Central Community College,Yes [YCY],1,-2,02099502,,both,unique_official_site_match,NE,False
02099502,2009-2010,CENTRAL COMMUNITY COLLEGE - COLUMBUS CAMPUS,NE,68801-7299,,no_exact_match,1,ambiguous_or_unmatched,2009,180902,1,ipeds_header_match,1.0,0.0,True,True,1,02099500,False,Central Community College,Central Community College - Columbus Campus,Central Community College,Yes [YCY],1,-2,02099502,,both,unique_official_site_match,NE,False
02101002,2007-2008,NORTHWEST COLLEGE,OR,97086-7702,,no_exact_match,2,ambiguous_or_unmatched,2007,209083,1,ipeds_header_match,1.0,0.0,True,True,2,02101000,False,Northwest College,Northwest College,Beaverton School of Beauty,Yes [YPY],2,-2,02101002|02553800,,both,unique_official_site_match,OR,False
02104300,2011-2012,Otsego Delaware Schoharie Greene BOCES,NY,12134-0000,,no_exact_match,1,ambiguous_or_unmatched,2011,194259,1,ipeds_header_match,1.0,0.0,True,True,1,02104300,False,Otsego Delaware Schoharie Greene BOCES,Otsego Delaware Schoharie Greene BOCES,Otsego Area BOCES-School of Practical Nursing,Yes [YCY],1,-2,02104300,,both,unique_official_site_match,NY,False
02104300,2012-2013,Otsego Delaware Schoharie Greene BOCES,NY,12134-0000,,no_exact_match,1,ambiguous_or_unmatched,2012,194259,1,ipeds_header_match,1.0,0.0,True,True,1,02104300,False,Otsego Delaware Schoharie Greene BOCES,Otsego Delaware Schoharie Greene BOCES,Otsego Area BOCES-School of Practical Nursing,Yes [YCY],1,-2,02104300,,both,unique_official_site_match,NY,False
02108200,2007-2008,Brown Mackie College-Louisville,KY,40219-1916,,no_exact_match,0,ambiguous_or_unmatched,2007,157599,3,relationship_established_from_other_years,1.0,0.0,True,True,2,02108200,False,Brown Mackie College-Louisville,Brown Mackie College-Louisville,Brown Mackie College-Louisville,Yes [YPY],1,02108200|02616204|7|20080527,02108200,,both,unique_official_site_match,KY,False
02110501,2000-2001,ART INSTITUTE OF CHARLOTTE (THE) - BROWN MACKIE COLLEGE-ATLANTA,NC,,,no_exact_match,1,ambiguous_or_unmatched,2000,197832,1,ipeds_header_match,1.0,0.0,True,True,1,02110500,False,Art Institute of Charlotte (The),Art Institute of Charlotte (The) - Brown Mackie College-Atlanta,THE ART INSTITUTE OF CHARLOTTE,Yes,1,-2,-2,,both,unique_official_site_match,NC,False
02110501,2001-2002,ART INSTITUTE OF CHARLOTTE (THE) - BROWN MACKIE COLLEGE-ATLANTA,NC,,,no_exact_match,1,ambiguous_or_unmatched,2001,197832,1,ipeds_header_match,1.0,0.0,True,True,1,02110500,False,Art Institute of Charlotte (The),Art Institute of Charlotte (The) - Brown Mackie College-Atlanta,THE ART INSTITUTE OF CHARLOTTE,Yes,1,-2,02110501,,both,unique_official_site_match,NC,False
02110501,2002-2003,ART INSTITUTE OF CHARLOTTE (THE) - BROWN MACKIE COLLEGE-ATLANTA,NC,,,no_exact_match,1,ambiguous_or_unmatched,2002,197832,1,ipeds_header_match,1.0,0.0,True,True,1,02110500,False,Art Institute of Charlotte (The),Art Institute of Charlotte (The) - Brown Mackie College-Atlanta,THE ART INSTITUTE OF CHARLOTTE,Yes,1,-2,02110501,,both,unique_official_site_match,NC,False
02110501,2003-2004,ART INSTITUTE OF CHARLOTTE (THE) - BROWN MACKIE COLLEGE-ATLANTA,NC,,,no_exact_match,1,ambiguous_or_unmatched,2003,197832,1,ipeds_header_match,1.0,0.0,True,True,1,02110500,False,Art Institute of Charlotte (The),Art Institute of Charlotte (The) - Brown Mackie College-Atlanta,ART INSTITUTE OF CHARLOTTE,Yes,1,-2,02110501,,both,unique_official_site_match,NC,False
02118700,2000-2001,LONG ISLAND COLLEGE HOSPITAL - SCHOOL OF NURSING,NY,11201-6001,,no_exact_match,2,ambiguous_or_unmatched,2000,192475,3,relationship_established_from_other_years,1.0,0.0,True,True,2,02118700,False,Long Island College Hospital - School of Nursing,Long Island College Hospital - School of Nursing,LONG ISLAND COLLEGE HOSPITAL SCHOOL OF NURSING,Yes,1,-2,-2,,both,unique_official_site_match,NY,False
02118700,2001-2002,LONG ISLAND COLLEGE HOSPITAL - SCHOOL OF NURSING,NY,11201,,no_exact_match,2,ambiguous_or_unmatched,2001,192475,3,relationship_established_from_other_years,1.0,0.0,True,True,2,02118700,False,Long Island College Hospital - School of Nursing,Long Island College Hospital - School of Nursing,LONG ISLAND COLLEGE HOSPITAL SCHOOL OF NURSING,Yes,1,-2,02118700,,both,unique_official_site_match,NY,False
02120703,2000-2001,SAN JOAQUIN VALLEY COLLEGE - BAKERSFIELD,CA,,,no_exact_match,3,ambiguous_or_unmatched,2000,122694,3,relationship_established_from_other_years,1.0,0.0,True,True,2,02120700,False,San Joaquin Valley College,San Joaquin Valley College - Bakersfield,SAN JOAQUIN VALLEY COLLEGE,Yes,1,-2,-2,,both,unique_official_site_match,CA,False
02154700,2001-2002,MIAMI TECHNICAL INSTITUTE,FL,33168,,no_exact_match,1,ambiguous_or_unmatched,2001,423139,1,ipeds_header_match,1.0,0.0,True,True,1,02154700,False,Miami Technical Institute,Miami Technical Institute,MIAMI TECHNICAL INSTITUTE,No,9,-2,02154700,,both,unique_official_site_match,FL,False
02203400,2011-2012,NEVADA REGIONAL TECHNICAL CENTER,MO,64772-1298,,no_exact_match,1,ambiguous_or_unmatched,2011,417673,1,ipeds_header_match,1.0,0.0,True,True,1,02203400,False,Nevada Regional Technical Center,Nevada Regional Technical Center,Nevada Regional Technical Center,Yes [YPY],3,-2,02203400,,both,unique_official_site_match,MO,False
02203400,2012-2013,NEVADA REGIONAL TECHNICAL CENTER,MO,64772-1298,,no_exact_match,1,ambiguous_or_unmatched,2012,417673,1,ipeds_header_match,1.0,0.0,True,True,1,02203400,False,Nevada Regional Technical Center,Nevada Regional Technical Center,Nevada Regional Technical Center,Yes [YCY],3,-2,02203400,,both,unique_official_site_match,MO,False
02205206,2000-2001,SANFORD-BROWN COLLEGE - COLLINSVILLE,MO,,,no_exact_match,4,ambiguous_or_unmatched,2000,391582,3,relationship_established_from_other_years,1.0,0.0,True,True,2,02205200,False,Sanford-Brown College,Sanford-Brown College - Collinsville,SANFORD-BROWN COLLEGE,Yes,1,-2,-2,,both,unique_official_site_match,MO,False
02205300,2000-2001,SAVANNAH RIVER COLLEGE,GA,30909-2116,,no_exact_match,1,ambiguous_or_unmatched,2000,140191,1,ipeds_header_match,1.0,0.0,True,True,1,02205300,False,Savannah River College,Savannah River College,KERR BUSINESS COLLEGE,Yes,1,-2,-2,,both,unique_official_site_match,GA,False
02236800,2000-2001,PROFESSIONAL BEAUTY SCHOOL,WA,98902-2414,,no_exact_match,2,ambiguous_or_unmatched,2000,413343,3,relationship_established_from_other_years,1.0,0.0,True,True,2,02236800,False,Professional Beauty School,Professional Beauty School,PROFESSIONAL BEAUTY SCHOOL,Yes,1,-2,-2,,both,unique_official_site_match,WA,False
02241900,2012-2013,COMMONWEALTH OF PUERTO RICO DEPARTMENT OF EDUCATION -DEPT OF EDUCATIO,PR,91907,,no_exact_match,6,ambiguous_or_unmatched,2012,418676,3,relationship_established_from_other_years,1.0,0.0,True,True,2,02241900,False,Commonwealth of Puerto Rico Department of Education,Commonwealth of Puerto Rico Department of Education -Dept of Educatio,Carlos F Daniels Area Vocational School,Yes [YPY],3,-2,02241900,,both,unique_official_site_match,PR,False
02241900,2015-2016,COMMONWEALTH OF PUERTO RICO DEPARTMENT OF EDUCATION -DEPT OF EDUCATIO,PR,00919-0759,,no_exact_match,5,ambiguous_or_unmatched,2015,242556,2,institution_reported_reporting_map,1.0,0.0,True,True,2,02241900,False,Commonwealth of Puerto Rico Department of Education,Commonwealth of Puerto Rico Department of Education -Dept of Educatio,Instituto Tecnologico de Puerto Rico-Recinto de Guayama,Yes [YPY],1,-2,02241900,,both,unique_official_site_match,PR,False
02241900,2016-2017,COMMONWEALTH OF PUERTO RICO DEPARTMENT OF EDUCATION -DEPT OF EDUCATIO,PR,00919-0759,,no_exact_match,5,ambiguous_or_unmatched,2016,242556,2,institution_reported_reporting_map,1.0,0.0,True,True,2,02241900,False,Commonwealth of Puerto Rico Department of Education,Commonwealth of Puerto Rico Department of Education -Dept of Educatio,Instituto Tecnologico de Puerto Rico-Recinto de Guayama,Yes [YPY],1,-2,02241900,,both,unique_official_site_match,PR,False
02241901,2006-2007,COMMONWEALTH OF PR DEPT OF EDUC - CARLOS F DANIELS VOC SCHOOL,PR,91907,,no_exact_match,4,ambiguous_or_unmatched,2006,418676,3,relationship_established_from_other_years,1.0,0.0,True,True,2,02241900,False,Commonwealth of Puerto Rico Department of Education,Commonwealth of PR Dept of Educa-Carlos F Daniels Vocational School,Carlos F Daniels Area Vocational School,Yes [YPY],3,-2,02241901,,both,unique_official_site_match,PR,False
02241901,2007-2008,COMMONWEALTH OF PR DEPT OF EDUC - CARLOS F DANIELS VOC SCHOOL,PR,91907,,no_exact_match,4,ambiguous_or_unmatched,2007,418676,3,relationship_established_from_other_years,1.0,0.0,True,True,2,02241900,False,Commonwealth of Puerto Rico Department of Education,Commonwealth of PR Dept of Educ - Carlos F Daniels Voc School,Carlos F Daniels Area Vocational School,Yes [YPY],3,-2,02241901,,both,unique_official_site_match,PR,False
02241901,2008-2009,COMMONWEALTH OF PR DEPT OF EDUC - CARLOS F DANIELS VOC SCHOOL,PR,00919-0759,,no_exact_match,5,ambiguous_or_unmatched,2008,418676,3,relationship_established_from_other_years,1.0,0.0,True,True,2,02241900,False,Commonwealth of Puerto Rico Department of Education,Commonwealth of PR Dept of Educ - Carlos F Daniels Voc School,Carlos F Daniels Area Vocational School,Yes [YPY],3,-2,02241901,,both,unique_official_site_match,PR,False
02241901,2009-2010,COMMONWEALTH OF PR DEPT OF EDUC - CARLOS F DANIELS VOC SCHOOL,PR,91907,,no_exact_match,5,ambiguous_or_unmatched,2009,418676,3,relationship_established_from_other_years,1.0,0.0,True,True,2,02241900,False,Commonwealth of Puerto Rico Department of Education,Commonwealth of PR Dept of Educ - Carlos F Daniels Voc School,Carlos F Daniels Area Vocational School,Yes [YPY],3,-2,02241901,,both,unique_official_site_match,PR,False
02251202,2006-2007,SCHUYLKILL TECHNOLOGY CENTERS - NORTH,PA,17931-2100,,no_exact_match,1,ambiguous_or_unmatched,2006,215886,1,ipeds_header_match,1.0,0.0,True,True,1,02251200,False,Schuylkill Technology Centers,Schuylkill Technology Centers - North,Schuylkill Technology Centers,Yes [YCY],1,-2,02251202,,both,unique_official_site_match,PA,False
02251202,2007-2008,SCHUYLKILL TECHNOLOGY CENTERS - NORTH,PA,17931-2100,,no_exact_match,1,ambiguous_or_unmatched,2007,215886,1,ipeds_header_match,1.0,0.0,True,True,1,02251200,False,Schuylkill Technology Centers,Schuylkill Technology Centers - North,Schuylkill Technology Centers,Yes [YCY],1,-2,02251202,,both,unique_official_site_match,PA,False
02251202,2009-2010,SCHUYLKILL TECHNOLOGY CENTERS - NORTH,PA,17931-2100,,no_exact_match,1,ambiguous_or_unmatched,2009,215886,1,ipeds_header_match,1.0,0.0,True,True,1,02251200,False,Schuylkill Technology Centers,Schuylkill Technology Centers - North,Schuylkill Technology Center,Yes [YCY],1,-2,02251202,,both,unique_official_site_match,PA,False
02266200,2001-2002,AMERICAN PROFESSIONAL INSTITUTE,GA,31201-3185,,no_exact_match,1,ambiguous_or_unmatched,2001,376668,1,ipeds_header_match,1.0,0.0,True,True,1,02266200,False,American Professional Institute,American Professional Institute,SOUTHERN INSTITUTE OF COSMETOLOGY,Yes,1,-2,02266200,,both,unique_official_site_match,GA,False
02274400,2004-2005,Bryant & Stratton College,OH,44130-1098,,no_exact_match,0,ambiguous_or_unmatched,2004,201469,3,relationship_established_from_other_years,1.0,0.0,True,True,2,02274400,False,Bryant & Stratton Business Institute,Bryant & Stratton Business Institute - Parma,BRYANT AND STRATTON COLLEGE-PARMA,No,1,02274400|00267808|7|20050419,02274400,,both,unique_official_site_match,OH,False
02326900,2000-2001,SUNSTATE ACADEMY,FL,33907-1415,,no_exact_match,1,ambiguous_or_unmatched,2000,362700,1,ipeds_header_match,1.0,0.0,True,True,1,02326900,False,Sunstate Academy,Sunstate Academy,SUNSTATE ACADEMY OF HAIR DESIGN,Yes,1,-2,-2,,both,unique_official_site_match,FL,False
02327600,2011-2012,ART INSTITUTE OF CALIFORNIA - SAN DIEGO,CA,92108-4423,,no_exact_match,0,ambiguous_or_unmatched,2011,117113,3,relationship_established_from_other_years,1.0,0.0,True,True,2,02327600,False,Art Institute of California - San Diego,Art Institute of California - San Diego,The Art Institute of California-San Diego,Yes [YPY],1,02327600|02179947|7|20120420,02327600,,both,unique_official_site_match,CA,False
02335700,2000-2001,BATON ROUGE GENERAL MEDICAL CENTER,LA,70806-3889,,no_exact_match,2,ambiguous_or_unmatched,2000,158325,3,relationship_established_from_other_years,1.0,0.0,True,True,2,02335700,False,Baton Rouge General Medical Center,Baton Rouge General Medical Center,BATON ROUGE GENERAL MEDICAL CENTER SCHOOL OF NURS,Yes,1,-2,-2,,both,unique_official_site_match,LA,False
02335700,2001-2002,BATON ROUGE GENERAL MEDICAL CENTER,LA,70806-3889,,no_exact_match,2,ambiguous_or_unmatched,2001,158325,3,relationship_established_from_other_years,1.0,0.0,True,True,2,02335700,False,Baton Rouge General Medical Center,Baton Rouge General Medical Center,BATON ROUGE GENERAL MEDICAL CENTER SCHOOL OF NURS,Yes,1,-2,02335700,,both,unique_official_site_match,LA,False
02335700,2002-2003,BATON ROUGE GENERAL MEDICAL CENTER,LA,70806-3889,,no_exact_match,2,ambiguous_or_unmatched,2002,158325,3,relationship_established_from_other_years,1.0,0.0,True,True,2,02335700,False,Baton Rouge General Medical Center,Baton Rouge General Medical Center,BATON ROUGE GENERAL MEDICAL CENTER SCHOOL OF NURS,Yes,1,-2,02335700,,both,unique_official_site_match,LA,False
02335700,2003-2004,BATON ROUGE GENERAL MEDICAL CENTER,LA,70806-3889,,no_exact_match,2,ambiguous_or_unmatched,2003,158325,3,relationship_established_from_other_years,1.0,0.0,True,True,2,02335700,False,Baton Rouge General Medical Center,Baton Rouge General Medical Center,BATON ROUGE GENERAL MEDICAL CTR SCHOOL OF NURSING,Yes,1,-2,02335700,,both,unique_official_site_match,LA,False
02335700,2004-2005,BATON ROUGE GENERAL MEDICAL CENTER,LA,70806-3889,,no_exact_match,2,ambiguous_or_unmatched,2004,158325,3,relationship_established_from_other_years,1.0,0.0,True,True,2,02335700,False,Baton Rouge General Medical Center,Baton Rouge General Medical Center,BATON ROUGE GENERAL MEDICAL CENTER SCHOOL OF NURSI,Yes,1,-2,02335700,,both,unique_official_site_match,LA,False
02335700,2005-2006,BATON ROUGE GENERAL MEDICAL CENTER,LA,70806-3889,,no_exact_match,2,ambiguous_or_unmatched,2005,158325,3,relationship_established_from_other_years,1.0,0.0,True,True,2,02335700,False,Baton Rouge General Medical Center,Baton Rouge General Medical Center,Baton Rouge General Medical Center School of Nursing,Yes [YCY],1,-2,02335700,,both,unique_official_site_match,LA,False
02335700,2006-2007,BATON ROUGE GENERAL MEDICAL CENTER,LA,70806-3889,,no_exact_match,2,ambiguous_or_unmatched,2006,158325,3,relationship_established_from_other_years,1.0,0.0,True,True,2,02335700,False,Baton Rouge General Medical Center,Baton Rouge General Medical Center,Baton Rouge General Medical Center School of Nursing,Yes [YCY],1,-2,02335700,,both,unique_official_site_match,LA,False
02335700,2007-2008,BATON ROUGE GENERAL MEDICAL CENTER,LA,70806-3889,,no_exact_match,2,ambiguous_or_unmatched,2007,158325,3,relationship_established_from_other_years,1.0,0.0,True,True,2,02335700,False,Baton Rouge General Medical Center,Baton Rouge General Medical Center,Baton Rouge General Medical Center School of Nursing,Yes [YCY],1,-2,02335700,,both,unique_official_site_match,LA,False
02335700,2008-2009,BATON ROUGE GENERAL MEDICAL CENTER,LA,70806-3889,,no_exact_match,2,ambiguous_or_unmatched,2008,158325,3,relationship_established_from_other_years,1.0,0.0,True,True,2,02335700,False,Baton Rouge General Medical Center,Baton Rouge General Medical Center,Baton Rouge General Medical Center School of Nursing,Yes [YCY],1,-2,02335700,,both,unique_official_site_match,LA,False
02335700,2009-2010,BATON ROUGE GENERAL MEDICAL CENTER,LA,70806-3889,,no_exact_match,2,ambiguous_or_unmatched,2009,158325,3,relationship_established_from_other_years,1.0,0.0,True,True,2,02335700,False,Baton Rouge General Medical Center,Baton Rouge General Medical Center,Baton Rouge General Medical Center School of Nursing,Yes [YCY],1,-2,02335700,,both,unique_official_site_match,LA,False
02335700,2010-2011,BATON ROUGE GENERAL MEDICAL CENTER,LA,70806-3889,,no_exact_match,2,ambiguous_or_unmatched,2010,158325,3,relationship_established_from_other_years,1.0,0.0,True,True,2,02335700,False,Baton Rouge General Medical Center,Baton Rouge General Medical Center,Baton Rouge General Medical Center-School of Nursing,Yes [YCY],1,-2,02335700,,both,unique_official_site_match,LA,False
02335700,2011-2012,BATON ROUGE GENERAL MEDICAL CENTER,LA,70806-3889,,no_exact_match,2,ambiguous_or_unmatched,2011,158325,3,relationship_established_from_other_years,1.0,0.0,True,True,2,02335700,False,Baton Rouge General Medical Center,Baton Rouge General Medical Center,Baton Rouge General Medical Center-School of Nursing,Yes [YCY],1,-2,02335700,,both,unique_official_site_match,LA,False
02335700,2012-2013,BATON ROUGE GENERAL MEDICAL CENTER,LA,70806-3889,,no_exact_match,2,ambiguous_or_unmatched,2012,158325,3,relationship_established_from_other_years,1.0,0.0,True,True,2,02335700,False,Baton Rouge General Medical Center,Baton Rouge General Medical Center,Baton Rouge General Medical Center-School of Nursing,Yes [YCY],1,-2,02335700,,both,unique_official_site_match,LA,False
02335700,2013-2014,BATON ROUGE GENERAL MEDICAL CENTER,LA,70806-3889,,no_exact_match,2,ambiguous_or_unmatched,2013,158325,3,relationship_established_from_other_years,1.0,0.0,True,True,2,02335700,False,Baton Rouge General Medical Center,Baton Rouge General Medical Center,Baton Rouge General Medical Center-School of Nursing,Yes [YCY],1,-2,02335700,,both,unique_official_site_match,LA,False
02342700,2000-2001,VIRGINIA CAREER INSTITUTE,VA,23502-4101,,no_exact_match,1,ambiguous_or_unmatched,2000,382948,1,ipeds_header_match,1.0,0.0,True,True,1,02342700,False,Virginia Career Institute,Virginia Career Institute,VIRGINIA SCHOOL OF TECHNOLOGY,Yes,1,-2,-2,,both,unique_official_site_match,VA,False
02454300,2000-2001,NEW YORK UNIVERSITY SCHOOL OF MEDICINE,NY,10016-6497,,no_exact_match,1,ambiguous_or_unmatched,2000,189158,1,ipeds_header_match,1.0,0.0,True,True,1,02454300,False,New York University School of Medicine,New York University School of Medicine,NEW YORK UNIVERSITY MEDICAL CENTER ALLIED HLTH ED,Yes,1,-2,-2,,both,unique_official_site_match,NY,False
02454300,2001-2002,NEW YORK UNIVERSITY SCHOOL OF MEDICINE,NY,10016,,no_exact_match,1,ambiguous_or_unmatched,2001,189158,1,ipeds_header_match,1.0,0.0,True,True,1,02454300,False,New York University School of Medicine,New York University School of Medicine,NEW YORK UNIVERSITY MEDICAL CENTER ALLIED HLTH ED,Yes,1,-2,02454300,,both,unique_official_site_match,NY,False
02454300,2003-2004,New York University School of Medicine,NY,10016-6497,,no_exact_match,1,ambiguous_or_unmatched,2003,189158,1,ipeds_header_match,1.0,0.0,True,True,1,02454300,False,New York University School of Medicine,New York University School of Medicine,NEW YORK UNIVERSITY MEDICAL CENTER ALLIED HLTH ED,Yes,2,-2,02454300,,both,unique_official_site_match,NY,False
02454300,2004-2005,New York University School of Medicine,NY,10016-6497,,no_exact_match,0,ambiguous_or_unmatched,2004,193900,3,relationship_established_from_other_years,1.0,0.0,True,True,2,02454300,False,New York University School of Medicine,New York University School of Medicine,NEW YORK UNIVERSITY,Yes,1,-2,02454300,,both,unique_official_site_match,NY,False
02454300,2005-2006,New York University School of Medicine,NY,10016-6497,,no_exact_match,0,ambiguous_or_unmatched,2005,193900,3,relationship_established_from_other_years,1.0,0.0,True,True,2,02454300,False,New York University School of Medicine,New York University School of Medicine,New York University,Yes [YCY],1,-2,02454300,,both,unique_official_site_match,NY,False
02454300,2006-2007,New York University School of Medicine,NY,10016-6497,,no_exact_match,0,ambiguous_or_unmatched,2006,193900,3,relationship_established_from_other_years,1.0,0.0,True,True,2,02454300,False,New York University School of Medicine,New York University School of Medicine,New York University,Yes [YCY],1,-2,02454300,,both,unique_official_site_match,NY,False
02454300,2007-2008,New York University School of Medicine,NY,10016-6497,,no_exact_match,0,ambiguous_or_unmatched,2007,193900,3,relationship_established_from_other_years,1.0,0.0,True,True,2,02454300,False,New York University School of Medicine,New York University School of Medicine,New York University,Yes [YCY],1,-2,02454300,,both,unique_official_site_match,NY,False
02454300,2008-2009,New York University School of Medicine,NY,10016-6497,,no_exact_match,0,ambiguous_or_unmatched,2008,193900,3,relationship_established_from_other_years,1.0,0.0,True,True,2,02454300,False,New York University School of Medicine,New York University School of Medicine,New York University,Yes [YCY],1,02454300|00278500|8|20090707,02454300,,both,unique_official_site_match,NY,False
02457900,2006-2007,University of Kansas Medical Center,KS,66160-0001,,no_exact_match,0,ambiguous_or_unmatched,2006,155326,4,official_manual_match,1.0,0.0,True,True,2,02457900,False,University of Kansas Medical Center,University Of Kansas Medical Center,University of Kansas Medical Center,Yes [YCY],1,02457900|00194802|7|20070504,02457900,,both,unique_official_site_match,KS,False
02503300,2009-2010,Rasmussen College - Mankato,MN,56001-8658,,no_exact_match,0,ambiguous_or_unmatched,2009,174631,4,official_manual_match,1.0,0.0,True,True,2,02503300,False,Rasmussen College - Mankato,Rasmussen College - Mankato,Rasmussen College-Mankato,Yes [YCY],1,02503300|00869409|7|20100317,02503300,,both,unique_official_site_match,MN,False
02508300,2011-2012,Southeast Community College,NE,68520-1299,,no_exact_match,1,ambiguous_or_unmatched,2011,181640,1,ipeds_header_match,1.0,0.0,True,True,1,02508300,False,Southeast Community College,Southeast Community College,Southeast Community College Area,Yes [YCY],1,-2,02508300,,both,unique_official_site_match,NE,False
02508300,2012-2013,Southeast Community College,NE,68520-1299,,no_exact_match,1,ambiguous_or_unmatched,2012,181640,1,ipeds_header_match,1.0,0.0,True,True,1,02508300,False,Southeast Community College,Southeast Community College,Southeast Community College Area,Yes [YCY],1,-2,02508300,,both,unique_official_site_match,NE,False
02508301,2006-2007,SOUTHEAST COMMUNITY COLLEGE - BEATRICE CAMPUS,NE,68520-1299,,no_exact_match,1,ambiguous_or_unmatched,2006,181640,1,ipeds_header_match,1.0,0.0,True,True,1,02508300,False,Southeast Community College,Southeast Community College - Beatrice Campus,Southeast Community College Area,Yes [YCY],1,-2,02508301,,both,unique_official_site_match,NE,False
02508302,2006-2007,SOUTHEAST COMMUNITY COLLEGE - MILFORD CAMPUS,NE,68520-1299,,no_exact_match,1,ambiguous_or_unmatched,2006,181640,1,ipeds_header_match,1.0,0.0,True,True,1,02508300,False,Southeast Community College,Southeast Community College - Milford Campus,Southeast Community College Area,Yes [YCY],1,-2,02508302,,both,unique_official_site_match,NE,False
02541200,2001-2002,STRATFORD UNIVERSITY,VA,22043,,no_exact_match,1,ambiguous_or_unmatched,2001,438498,1,ipeds_header_match,1.0,0.0,True,True,1,02541200,False,Stratford University,Stratford University,STRATFORD UNIVERSITY,Yes,1,-2,02541200,,both,unique_official_site_match,VA,False
02573200,2011-2012,La Belle Beauty Academy,FL,33135-2827,,no_exact_match,1,ambiguous_or_unmatched,2011,383163,1,ipeds_header_match,1.0,0.0,True,True,1,02573200,False,La Belle Beauty Academy,La Belle Beauty Academy,La Belle Beauty Academy,Yes [YCY],1,-2,02573200,,both,unique_official_site_match,FL,False
02573200,2012-2013,La Belle Beauty Academy,FL,33135-2827,,no_exact_match,1,ambiguous_or_unmatched,2012,383163,1,ipeds_header_match,1.0,0.0,True,True,1,02573200,False,La Belle Beauty Academy,La Belle Beauty Academy,La Belle Beauty Academy,Yes [YCY],1,-2,02573200,,both,unique_official_site_match,FL,False
03005701,2000-2001,DETROIT BUSINESS INSTITUTE - DOWNRIVER -,MI,,,no_exact_match,1,ambiguous_or_unmatched,2000,169576,1,ipeds_header_match,1.0,0.0,True,True,1,03005700,False,Detroit Business Institute - Downriver,Detroit Business Institute - Downriver -,DETROIT BUSINESS INSTITUTE-DOWNRIVER,Yes,1,-2,-2,,both,unique_official_site_match,MI,False
03009700,2011-2012,HARRISON COLLEGE,IN,47303-6413,,no_exact_match,0,ambiguous_or_unmatched,2011,151209,4,official_manual_match,1.0,0.0,True,True,2,03009700,False,Harrison College,Harrison College,Harrison College-Muncie,Yes [YCY],1,03009700|02158415|7|20120404,03009700,,both,unique_official_site_match,IN,False
03010000,2000-2001,VANGUARD INSTITUTE OF TECHNOLOGY,TX,78550-7911,,no_exact_match,1,ambiguous_or_unmatched,2000,438276,1,ipeds_header_match,1.0,0.0,True,True,1,03010000,False,Vanguard Institute of Technology,Vanguard Institute of Technology,VANGUARD INSTITUTE OF TECHNOLOGY,Yes,1,-2,-2,,both,unique_official_site_match,TX,False
03010000,2001-2002,VANGUARD INSTITUTE OF TECHNOLOGY,TX,78539,,no_exact_match,1,ambiguous_or_unmatched,2001,438276,1,ipeds_header_match,1.0,0.0,True,True,1,03010000,False,Vanguard Institute of Technology,Vanguard Institute of Technology,VANGUARD INSTITUTE OF TECHNOLOGY,Yes,1,-2,03010000,,both,unique_official_site_match,TX,False
03015100,2011-2012,ALLIANCE CITY SCHOOLS CAREER CENTRE,OH,44601-2899,,no_exact_match,1,ambiguous_or_unmatched,2011,369109,1,ipeds_header_match,1.0,0.0,True,True,1,03015100,False,Alliance City Schools Career Centre,Alliance City Schools Career Centre,Community Services Division-Alliance City,Yes [YCY],1,-2,03015100,,both,unique_official_site_match,OH,False
03066502,2009-2010,SOUTHEASTERN TECHNICAL COLLEGE - SWAINSBORO CAMPUS,GA,30474-8817,,no_exact_match,2,ambiguous_or_unmatched,2009,368911,1,ipeds_header_match,1.0,0.0,True,True,1,03066500,False,Southeastern Technical College,Southeastern Technical College - Swainsboro Campus,Southeastern Technical College,Yes [YCY],1,-2,00561600|03066502,Merged,both,unique_official_site_match,GA,False
03077800,2007-2008,Brown Mackie College-North Canton,OH,44718-3674,,no_exact_match,0,ambiguous_or_unmatched,2007,204316,3,relationship_established_from_other_years,1.0,0.0,True,True,1,03077800,False,Brown Mackie College-North Canton,Brown Mackie College-North Canton,Brown Mackie College-North Canton,Yes [YPY],1,03077800|00945101|7|20080527,03077800,,both,unique_official_site_match,OH,False
03094400,2000-2001,ELITE PROGRESSIVE SCHOOL OF COSMETOLOGY,CA,95841-2909,,no_exact_match,0,ambiguous_or_unmatched,2000,417132,3,relationship_established_from_other_years,1.0,0.0,True,True,1,03094400,False,Elite Progressive School of Cosmetology,Elite Progressive School of Cosmetology,ELITE PROGRESSIVE SCHOOL OF COSMETOLOGY,Yes,2,-2,-2,,both,unique_official_site_match,CA,False
03104200,2000-2001,CHARLOTTE MECKLENBURG HOSPITAL AUTHORITY,NC,28203-2861,,no_exact_match,2,ambiguous_or_unmatched,2000,433174,3,relationship_established_from_other_years,1.0,0.0,True,True,2,03104200,False,Charlotte Mecklenburg Hospital Authority,Charlotte Mecklenburg Hospital Authority,CAROLINAS COLLEGE OF HEALTH SCIENCES,Yes,1,-2,-2,,both,unique_official_site_match,NC,False
03104200,2001-2002,CHARLOTTE MECKLENBURG HOSPITAL AUTHORITY,NC,28232,,no_exact_match,2,ambiguous_or_unmatched,2001,433174,1,ipeds_header_match,1.0,0.0,True,True,1,03104200,False,Charlotte Mecklenburg Hospital Authority,Charlotte Mecklenburg Hospital Authority,CAROLINAS COLLEGE OF HEALTH SCIENCES,Yes,1,-2,03104200,,both,unique_official_site_match,NC,False
03104200,2002-2003,Charlotte Mecklenburg Hospital Authority,NC,28232-2861,,no_exact_match,1,ambiguous_or_unmatched,2002,433174,1,ipeds_header_match,1.0,0.0,True,True,1,03104200,False,Charlotte Mecklenburg Hospital Authority,Charlotte Mecklenburg Hospital Authority,CAROLINAS COLLEGE OF HEALTH SCIENCES,Yes,1,-2,03104200,,both,unique_official_site_match,NC,False
03104200,2003-2004,Charlotte Mecklenburg Hospital Authority,NC,28232-2861,,no_exact_match,1,ambiguous_or_unmatched,2003,433174,1,ipeds_header_match,1.0,0.0,True,True,1,03104200,False,Charlotte Mecklenburg Hospital Authority,Charlotte Mecklenburg Hospital Authority,CAROLINAS COLLEGE OF HEALTH SCIENCES,Yes,1,-2,03104200,,both,unique_official_site_match,NC,False
03104200,2004-2005,Charlotte Mecklenburg Hospital Authority,NC,28232-2861,,no_exact_match,1,ambiguous_or_unmatched,2004,433174,1,ipeds_header_match,1.0,0.0,True,True,1,03104200,False,Charlotte Mecklenburg Hospital Authority,Charlotte Mecklenburg Hospital Authority,CAROLINAS COLLEGE OF HEALTH SCIENCES,Yes,1,-2,03104200,,both,unique_official_site_match,NC,False
03104200,2005-2006,Charlotte Mecklenburg Hospital Authority,NC,28232-2861,,no_exact_match,1,ambiguous_or_unmatched,2005,433174,1,ipeds_header_match,1.0,0.0,True,True,1,03104200,False,Charlotte Mecklenburg Hospital Authority,Charlotte Mecklenburg Hospital Authority,Carolinas College of Health Sciences,Yes [YCY],1,-2,03104200,,both,unique_official_site_match,NC,False
03104200,2006-2007,Charlotte Mecklenburg Hospital Authority,NC,28232-2861,,no_exact_match,1,ambiguous_or_unmatched,2006,433174,1,ipeds_header_match,1.0,0.0,True,True,1,03104200,False,Charlotte Mecklenburg Hospital Authority,Charlotte Mecklenburg Hospital Authority,Carolinas College of Health Sciences,Yes [YCY],1,-2,03104200,,both,unique_official_site_match,NC,False
03104200,2007-2008,Charlotte Mecklenburg Hospital Authority,NC,28203-2861,,no_exact_match,1,ambiguous_or_unmatched,2007,433174,1,ipeds_header_match,1.0,0.0,True,True,1,03104200,False,Charlotte Mecklenburg Hospital Authority,Charlotte Mecklenburg Hospital Authority,Carolinas College of Health Sciences,Yes [YCY],1,-2,03104200,,both,unique_official_site_match,NC,False
03104200,2008-2009,Charlotte Mecklenburg Hospital Authority,NC,28203-2861,,no_exact_match,1,ambiguous_or_unmatched,2008,433174,1,ipeds_header_match,1.0,0.0,True,True,1,03104200,False,Charlotte Mecklenburg Hospital Authority,Charlotte Mecklenburg Hospital Authority,Carolinas College of Health Sciences,Yes [YCY],1,-2,03104200,,both,unique_official_site_match,NC,False
03106500,2000-2001,SENTARA NORFOLK GENERAL HOSPITAL,VA,23320-2843,,no_exact_match,1,ambiguous_or_unmatched,2000,232885,1,ipeds_header_match,1.0,0.0,True,True,1,03106500,False,Sentara Norfolk General Hospital,Sentara Norfolk General Hospital,SENTARA NORFOLK GENERAL HOSPITAL SCH OF HLTH PROFS,Yes,1,-2,-2,,both,unique_official_site_match,VA,False
03125400,2011-2012,ART INSTITUTE OF CALIFORNIA-HOLLYWOOD (THE),CA,91601-3112,,no_exact_match,0,ambiguous_or_unmatched,2011,410502,3,relationship_established_from_other_years,1.0,0.0,True,True,2,03125400,False,Art Institute of California-Hollywood (The),Art Institute of California-Hollywood (The),The Art Institute of California-Hollywood,Yes [YPY],1,03125400|02179938|7|20120420,03125400,,both,unique_official_site_match,CA,False
03176300,2001-2002,AVIATION INSTITUTE OF MAINTENANCE,IN,46241-1445,,no_exact_match,0,ambiguous_or_unmatched,2001,438735,3,relationship_established_from_other_years,1.0,0.0,True,True,1,03176300,False,Aviation Institute of Maintenance,Aviation Institute of Maintenance,AMERICAN TRANS AIR AVIATION TRAINING ACADEMY,Yes,2,-2,03176300,,both,unique_official_site_match,IN,False
03336300,2011-2012,Century College,PR,90709,,no_exact_match,1,ambiguous_or_unmatched,2011,436553,1,ipeds_header_match,1.0,0.0,True,True,1,03336300,False,Century College,Century College,Century College,Yes [YCY],1,-2,03336300,,both,unique_official_site_match,PR,False
03373300,2004-2005,BEACON COLLEGE,FL,34748-5224,,no_exact_match,0,ambiguous_or_unmatched,2004,384254,3,relationship_established_from_other_years,1.0,0.0,True,True,1,03373300,False,Beacon College,Beacon College,BEACON COLLEGE,Yes,2,-2,-2,,both,unique_official_site_match,FL,False
03404400,2000-2001,GAMLA COLLEGE,NY,,,no_exact_match,0,ambiguous_or_unmatched,2000,432108,3,relationship_established_from_other_years,1.0,0.0,True,True,1,03404400,False,Gamla College,Gamla College,GAMLA COLLEGE,No,1,-2,-2,,both,unique_official_site_match,NY,False
03416300,2000-2001,COMPUTER SYSTEMS INSTITUTE,IL,60077-0000,,no_exact_match,0,ambiguous_or_unmatched,2000,427025,3,relationship_established_from_other_years,1.0,0.0,True,True,1,03416300,False,Computer Systems Institute,Computer Systems Institute,COMPUTER SYSTEMS INSTITUTE,No,2,-2,-2,,both,unique_official_site_match,IL,False
03459400,2000-2001,SAINT PETERSBURG THEOLOGICAL SEMINARY,FL,33708-3116,,no_exact_match,0,ambiguous_or_unmatched,2000,367893,3,relationship_established_from_other_years,1.0,0.0,True,True,1,03459400,False,Saint Petersburg Theological Seminary,Saint Petersburg Theological Seminary,ST PETERSBURG THEOLOGICAL SEMINARY,Yes,2,-2,-2,,both,unique_official_site_match,FL,False
03582300,2001-2002,TALENT ACADEMY,PA,19082-2315,,no_exact_match,0,ambiguous_or_unmatched,2001,422543,3,relationship_established_from_other_years,1.0,0.0,True,True,1,03582300,False,Talent Academy,Talent Academy,TALENT ACADEMY,No,2,-2,03582300,,both,unique_official_site_match,PA,False
03596300,2002-2003,CAMTech,PA,16510-0000,,no_exact_match,0,ambiguous_or_unmatched,2002,381848,4,official_manual_match,1.0,0.0,True,True,1,03596300,False,CAMTech,CAMTech,CAMTECH,No,2,-2,03596300,,both,unique_official_site_match,PA,False
03754300,2003-2004,Life Bible College East,VA,24073,,no_exact_match,0,ambiguous_or_unmatched,2003,204219,4,official_manual_match,1.0,0.0,True,True,1,03754300,False,Life Bible College East,Life Bible College East,LIFE BIBLE COLLEGE-EAST,No,2,03754300|-2|X|20040430,03754300,,both,unique_official_site_match,VA,False
03882300,2011-2012,OREGON CAREER & TECHNOLOGY CENTER,OH,43616-2631,,no_exact_match,1,ambiguous_or_unmatched,2011,446419,1,ipeds_header_match,1.0,0.0,True,True,1,03882300,False,Oregon Career & Technology Center,Oregon Career & Technology Center,Oregon Career & Technology Center,Yes [YCY],1,03882300|-2|X|20120630,03882300,,both,unique_official_site_match,OH,False
04242100,2015-2016,University of North Texas at Dallas,TX,75241-4600,,no_exact_match,0,ambiguous_or_unmatched,2015,484905,1,ipeds_header_match,1.0,0.0,True,True,1,04242100,False,University of North Texas at Dallas,University of North Texas at Dallas,University of North Texas at Dallas,Yes [YPY],2,-2,00359412,,both,unique_official_site_match,TX,False
04259700,2017-2018,UNIVERSITY OF SAINT KATHERINE,CA,92069-1207,,no_exact_match,0,ambiguous_or_unmatched,2017,488785,4,official_manual_match,1.0,0.0,True,True,1,04259700,False,University of Saint Katherine,University of Saint Katherine,University of Saint Katherine,Yes [YPY],2,-2,-2,,both,unique_official_site_match,CA,False
04266300,2017-2018,JOHNNY MATTHEW'S HAIRDRESSING TRAINING SCHOOL,OR,97301-9531,,no_exact_match,1,ambiguous_or_unmatched,2017,491242,1,ipeds_header_match,1.0,0.0,True,True,1,04266300,False,Johnny Matthew's Hairdressing Training School,Johnny Matthew's Hairdressing Training School,Johnny Matthew's Hairdressing Training School,Yes [YPY],1,-2,-2,,both,unique_official_site_match,OR,False
