family,award_year,record_disposition,record_origin,detailed_identity_reason,column,units,source_record_count,observed_amount_cells,unknown_amount_cells,known_source_dollar_sum
grants,1999-2000,excluded_annual_identity_unresolved,opeid_master,no_annual_site_match,grant__pell_disbursements,nominal_usd,281,281,0,149352182.45
grants,1999-2000,excluded_annual_identity_unresolved,opeid_master,no_annual_site_match,grant__acg_disbursements,nominal_usd,281,0,281,
grants,1999-2000,excluded_annual_identity_unresolved,opeid_master,no_annual_site_match,grant__smart_disbursements,nominal_usd,281,0,281,
grants,1999-2000,excluded_annual_identity_unresolved,opeid_master,no_annual_site_match,grant__teach_disbursements,nominal_usd,281,0,281,
grants,1999-2000,excluded_annual_identity_unresolved,opeid_master,no_annual_site_match,grant__iasg_disbursements,nominal_usd,281,0,281,
grants,1999-2000,excluded_annual_identity_unresolved,opeid_master,resolved_administrative_directory_identity_ineligible,grant__pell_disbursements,nominal_usd,12,12,0,550786569.44
grants,1999-2000,excluded_annual_identity_unresolved,opeid_master,resolved_administrative_directory_identity_ineligible,grant__acg_disbursements,nominal_usd,12,0,12,
grants,1999-2000,excluded_annual_identity_unresolved,opeid_master,resolved_administrative_directory_identity_ineligible,grant__smart_disbursements,nominal_usd,12,0,12,
grants,1999-2000,excluded_annual_identity_unresolved,opeid_master,resolved_administrative_directory_identity_ineligible,grant__teach_disbursements,nominal_usd,12,0,12,
grants,1999-2000,excluded_annual_identity_unresolved,opeid_master,resolved_administrative_directory_identity_ineligible,grant__iasg_disbursements,nominal_usd,12,0,12,
grants,1999-2000,included_unique_family_record,opeid_master,unique_annual_directory_only,grant__pell_disbursements,nominal_usd,4931,4931,0,6510014545.06
grants,1999-2000,included_unique_family_record,opeid_master,unique_annual_directory_only,grant__acg_disbursements,nominal_usd,4931,0,4931,
grants,1999-2000,included_unique_family_record,opeid_master,unique_annual_directory_only,grant__smart_disbursements,nominal_usd,4931,0,4931,
grants,1999-2000,included_unique_family_record,opeid_master,unique_annual_directory_only,grant__teach_disbursements,nominal_usd,4931,0,4931,
grants,1999-2000,included_unique_family_record,opeid_master,unique_annual_directory_only,grant__iasg_disbursements,nominal_usd,4931,0,4931,
grants,2000-2001,ambiguous_family_multiple_records,opeid_master,multiple_fsa_records_for_same_unitid_year_family,grant__pell_disbursements,nominal_usd,94,94,0,104334727.10000001
grants,2000-2001,ambiguous_family_multiple_records,opeid_master,multiple_fsa_records_for_same_unitid_year_family,grant__acg_disbursements,nominal_usd,94,0,94,
grants,2000-2001,ambiguous_family_multiple_records,opeid_master,multiple_fsa_records_for_same_unitid_year_family,grant__smart_disbursements,nominal_usd,94,0,94,
grants,2000-2001,ambiguous_family_multiple_records,opeid_master,multiple_fsa_records_for_same_unitid_year_family,grant__teach_disbursements,nominal_usd,94,0,94,
grants,2000-2001,ambiguous_family_multiple_records,opeid_master,multiple_fsa_records_for_same_unitid_year_family,grant__iasg_disbursements,nominal_usd,94,0,94,
grants,2000-2001,excluded_annual_identity_unresolved,opeid_master,multiple_official_site_unitids,grant__pell_disbursements,nominal_usd,75,75,0,404558644.98999995
grants,2000-2001,excluded_annual_identity_unresolved,opeid_master,multiple_official_site_unitids,grant__acg_disbursements,nominal_usd,75,0,75,
grants,2000-2001,excluded_annual_identity_unresolved,opeid_master,multiple_official_site_unitids,grant__smart_disbursements,nominal_usd,75,0,75,
grants,2000-2001,excluded_annual_identity_unresolved,opeid_master,multiple_official_site_unitids,grant__teach_disbursements,nominal_usd,75,0,75,
grants,2000-2001,excluded_annual_identity_unresolved,opeid_master,multiple_official_site_unitids,grant__iasg_disbursements,nominal_usd,75,0,75,
grants,2000-2001,excluded_annual_identity_unresolved,opeid_master,no_annual_site_match,grant__pell_disbursements,nominal_usd,119,119,0,57455487.849999994
grants,2000-2001,excluded_annual_identity_unresolved,opeid_master,no_annual_site_match,grant__acg_disbursements,nominal_usd,119,0,119,
grants,2000-2001,excluded_annual_identity_unresolved,opeid_master,no_annual_site_match,grant__smart_disbursements,nominal_usd,119,0,119,
grants,2000-2001,excluded_annual_identity_unresolved,opeid_master,no_annual_site_match,grant__teach_disbursements,nominal_usd,119,0,119,
grants,2000-2001,excluded_annual_identity_unresolved,opeid_master,no_annual_site_match,grant__iasg_disbursements,nominal_usd,119,0,119,
grants,2000-2001,excluded_annual_identity_unresolved,opeid_master,resolved_administrative_directory_identity_ineligible,grant__pell_disbursements,nominal_usd,12,12,0,582183080.91
grants,2000-2001,excluded_annual_identity_unresolved,opeid_master,resolved_administrative_directory_identity_ineligible,grant__acg_disbursements,nominal_usd,12,0,12,
grants,2000-2001,excluded_annual_identity_unresolved,opeid_master,resolved_administrative_directory_identity_ineligible,grant__smart_disbursements,nominal_usd,12,0,12,
grants,2000-2001,excluded_annual_identity_unresolved,opeid_master,resolved_administrative_directory_identity_ineligible,grant__teach_disbursements,nominal_usd,12,0,12,
grants,2000-2001,excluded_annual_identity_unresolved,opeid_master,resolved_administrative_directory_identity_ineligible,grant__iasg_disbursements,nominal_usd,12,0,12,
grants,2000-2001,included_unique_family_record,opeid_master,official_site_alias_annual_unitid_verified,grant__pell_disbursements,nominal_usd,57,57,0,65524559.13
grants,2000-2001,included_unique_family_record,opeid_master,official_site_alias_annual_unitid_verified,grant__acg_disbursements,nominal_usd,57,0,57,
grants,2000-2001,included_unique_family_record,opeid_master,official_site_alias_annual_unitid_verified,grant__smart_disbursements,nominal_usd,57,0,57,
grants,2000-2001,included_unique_family_record,opeid_master,official_site_alias_annual_unitid_verified,grant__teach_disbursements,nominal_usd,57,0,57,
grants,2000-2001,included_unique_family_record,opeid_master,official_site_alias_annual_unitid_verified,grant__iasg_disbursements,nominal_usd,57,0,57,
grants,2000-2001,included_unique_family_record,opeid_master,official_site_and_directory_agree,grant__pell_disbursements,nominal_usd,4847,4847,0,6739922396.679999
grants,2000-2001,included_unique_family_record,opeid_master,official_site_and_directory_agree,grant__acg_disbursements,nominal_usd,4847,0,4847,
grants,2000-2001,included_unique_family_record,opeid_master,official_site_and_directory_agree,grant__smart_disbursements,nominal_usd,4847,0,4847,
grants,2000-2001,included_unique_family_record,opeid_master,official_site_and_directory_agree,grant__teach_disbursements,nominal_usd,4847,0,4847,
grants,2000-2001,included_unique_family_record,opeid_master,official_site_and_directory_agree,grant__iasg_disbursements,nominal_usd,4847,0,4847,
grants,2001-2002,ambiguous_family_multiple_records,opeid_master,multiple_fsa_records_for_same_unitid_year_family,grant__pell_disbursements,nominal_usd,33,33,0,66827192.300000004
grants,2001-2002,ambiguous_family_multiple_records,opeid_master,multiple_fsa_records_for_same_unitid_year_family,grant__acg_disbursements,nominal_usd,33,0,33,
grants,2001-2002,ambiguous_family_multiple_records,opeid_master,multiple_fsa_records_for_same_unitid_year_family,grant__smart_disbursements,nominal_usd,33,0,33,
grants,2001-2002,ambiguous_family_multiple_records,opeid_master,multiple_fsa_records_for_same_unitid_year_family,grant__teach_disbursements,nominal_usd,33,0,33,
grants,2001-2002,ambiguous_family_multiple_records,opeid_master,multiple_fsa_records_for_same_unitid_year_family,grant__iasg_disbursements,nominal_usd,33,0,33,
grants,2001-2002,excluded_annual_identity_unresolved,opeid_master,multiple_nonadministrative_directory_unitids,grant__pell_disbursements,nominal_usd,1,1,0,8643672.99
grants,2001-2002,excluded_annual_identity_unresolved,opeid_master,multiple_nonadministrative_directory_unitids,grant__acg_disbursements,nominal_usd,1,0,1,
grants,2001-2002,excluded_annual_identity_unresolved,opeid_master,multiple_nonadministrative_directory_unitids,grant__smart_disbursements,nominal_usd,1,0,1,
grants,2001-2002,excluded_annual_identity_unresolved,opeid_master,multiple_nonadministrative_directory_unitids,grant__teach_disbursements,nominal_usd,1,0,1,
grants,2001-2002,excluded_annual_identity_unresolved,opeid_master,multiple_nonadministrative_directory_unitids,grant__iasg_disbursements,nominal_usd,1,0,1,
grants,2001-2002,excluded_annual_identity_unresolved,opeid_master,multiple_official_site_unitids,grant__pell_disbursements,nominal_usd,79,79,0,674382600.0
grants,2001-2002,excluded_annual_identity_unresolved,opeid_master,multiple_official_site_unitids,grant__acg_disbursements,nominal_usd,79,0,79,
grants,2001-2002,excluded_annual_identity_unresolved,opeid_master,multiple_official_site_unitids,grant__smart_disbursements,nominal_usd,79,0,79,
grants,2001-2002,excluded_annual_identity_unresolved,opeid_master,multiple_official_site_unitids,grant__teach_disbursements,nominal_usd,79,0,79,
grants,2001-2002,excluded_annual_identity_unresolved,opeid_master,multiple_official_site_unitids,grant__iasg_disbursements,nominal_usd,79,0,79,
grants,2001-2002,excluded_annual_identity_unresolved,opeid_master,no_annual_site_match,grant__pell_disbursements,nominal_usd,79,79,0,61103694.160000004
grants,2001-2002,excluded_annual_identity_unresolved,opeid_master,no_annual_site_match,grant__acg_disbursements,nominal_usd,79,0,79,
grants,2001-2002,excluded_annual_identity_unresolved,opeid_master,no_annual_site_match,grant__smart_disbursements,nominal_usd,79,0,79,
grants,2001-2002,excluded_annual_identity_unresolved,opeid_master,no_annual_site_match,grant__teach_disbursements,nominal_usd,79,0,79,
grants,2001-2002,excluded_annual_identity_unresolved,opeid_master,no_annual_site_match,grant__iasg_disbursements,nominal_usd,79,0,79,
grants,2001-2002,excluded_annual_identity_unresolved,opeid_master,resolved_administrative_directory_identity_ineligible,grant__pell_disbursements,nominal_usd,11,11,0,570906301.4899999
grants,2001-2002,excluded_annual_identity_unresolved,opeid_master,resolved_administrative_directory_identity_ineligible,grant__acg_disbursements,nominal_usd,11,0,11,
grants,2001-2002,excluded_annual_identity_unresolved,opeid_master,resolved_administrative_directory_identity_ineligible,grant__smart_disbursements,nominal_usd,11,0,11,
grants,2001-2002,excluded_annual_identity_unresolved,opeid_master,resolved_administrative_directory_identity_ineligible,grant__teach_disbursements,nominal_usd,11,0,11,
grants,2001-2002,excluded_annual_identity_unresolved,opeid_master,resolved_administrative_directory_identity_ineligible,grant__iasg_disbursements,nominal_usd,11,0,11,
grants,2001-2002,included_unique_family_record,opeid_master,official_site_alias_annual_unitid_verified,grant__pell_disbursements,nominal_usd,52,52,0,93592204.48
grants,2001-2002,included_unique_family_record,opeid_master,official_site_alias_annual_unitid_verified,grant__acg_disbursements,nominal_usd,52,0,52,
grants,2001-2002,included_unique_family_record,opeid_master,official_site_alias_annual_unitid_verified,grant__smart_disbursements,nominal_usd,52,0,52,
grants,2001-2002,included_unique_family_record,opeid_master,official_site_alias_annual_unitid_verified,grant__teach_disbursements,nominal_usd,52,0,52,
grants,2001-2002,included_unique_family_record,opeid_master,official_site_alias_annual_unitid_verified,grant__iasg_disbursements,nominal_usd,52,0,52,
grants,2001-2002,included_unique_family_record,opeid_master,official_site_and_directory_agree,grant__pell_disbursements,nominal_usd,4930,4930,0,8500213112.76
grants,2001-2002,included_unique_family_record,opeid_master,official_site_and_directory_agree,grant__acg_disbursements,nominal_usd,4930,0,4930,
grants,2001-2002,included_unique_family_record,opeid_master,official_site_and_directory_agree,grant__smart_disbursements,nominal_usd,4930,0,4930,
grants,2001-2002,included_unique_family_record,opeid_master,official_site_and_directory_agree,grant__teach_disbursements,nominal_usd,4930,0,4930,
grants,2001-2002,included_unique_family_record,opeid_master,official_site_and_directory_agree,grant__iasg_disbursements,nominal_usd,4930,0,4930,
grants,2002-2003,ambiguous_family_multiple_records,opeid_master,multiple_fsa_records_for_same_unitid_year_family,grant__pell_disbursements,nominal_usd,29,29,0,67325842.14
grants,2002-2003,ambiguous_family_multiple_records,opeid_master,multiple_fsa_records_for_same_unitid_year_family,grant__acg_disbursements,nominal_usd,29,0,29,
grants,2002-2003,ambiguous_family_multiple_records,opeid_master,multiple_fsa_records_for_same_unitid_year_family,grant__smart_disbursements,nominal_usd,29,0,29,
grants,2002-2003,ambiguous_family_multiple_records,opeid_master,multiple_fsa_records_for_same_unitid_year_family,grant__teach_disbursements,nominal_usd,29,0,29,
grants,2002-2003,ambiguous_family_multiple_records,opeid_master,multiple_fsa_records_for_same_unitid_year_family,grant__iasg_disbursements,nominal_usd,29,0,29,
grants,2002-2003,excluded_annual_identity_unresolved,opeid_master,multiple_official_site_unitids,grant__pell_disbursements,nominal_usd,68,68,0,664544855.4499999
grants,2002-2003,excluded_annual_identity_unresolved,opeid_master,multiple_official_site_unitids,grant__acg_disbursements,nominal_usd,68,0,68,
grants,2002-2003,excluded_annual_identity_unresolved,opeid_master,multiple_official_site_unitids,grant__smart_disbursements,nominal_usd,68,0,68,
grants,2002-2003,excluded_annual_identity_unresolved,opeid_master,multiple_official_site_unitids,grant__teach_disbursements,nominal_usd,68,0,68,
grants,2002-2003,excluded_annual_identity_unresolved,opeid_master,multiple_official_site_unitids,grant__iasg_disbursements,nominal_usd,68,0,68,
grants,2002-2003,excluded_annual_identity_unresolved,opeid_master,no_annual_site_match,grant__pell_disbursements,nominal_usd,86,86,0,89414315.46
grants,2002-2003,excluded_annual_identity_unresolved,opeid_master,no_annual_site_match,grant__acg_disbursements,nominal_usd,86,0,86,
grants,2002-2003,excluded_annual_identity_unresolved,opeid_master,no_annual_site_match,grant__smart_disbursements,nominal_usd,86,0,86,
grants,2002-2003,excluded_annual_identity_unresolved,opeid_master,no_annual_site_match,grant__teach_disbursements,nominal_usd,86,0,86,
grants,2002-2003,excluded_annual_identity_unresolved,opeid_master,no_annual_site_match,grant__iasg_disbursements,nominal_usd,86,0,86,
grants,2002-2003,excluded_annual_identity_unresolved,opeid_master,resolved_administrative_directory_identity_ineligible,grant__pell_disbursements,nominal_usd,10,10,0,696551219.76
grants,2002-2003,excluded_annual_identity_unresolved,opeid_master,resolved_administrative_directory_identity_ineligible,grant__acg_disbursements,nominal_usd,10,0,10,
grants,2002-2003,excluded_annual_identity_unresolved,opeid_master,resolved_administrative_directory_identity_ineligible,grant__smart_disbursements,nominal_usd,10,0,10,
grants,2002-2003,excluded_annual_identity_unresolved,opeid_master,resolved_administrative_directory_identity_ineligible,grant__teach_disbursements,nominal_usd,10,0,10,
grants,2002-2003,excluded_annual_identity_unresolved,opeid_master,resolved_administrative_directory_identity_ineligible,grant__iasg_disbursements,nominal_usd,10,0,10,
grants,2002-2003,included_unique_family_record,opeid_master,official_site_alias_annual_unitid_verified,grant__pell_disbursements,nominal_usd,26,26,0,34448692.5
grants,2002-2003,included_unique_family_record,opeid_master,official_site_alias_annual_unitid_verified,grant__acg_disbursements,nominal_usd,26,0,26,
grants,2002-2003,included_unique_family_record,opeid_master,official_site_alias_annual_unitid_verified,grant__smart_disbursements,nominal_usd,26,0,26,
grants,2002-2003,included_unique_family_record,opeid_master,official_site_alias_annual_unitid_verified,grant__teach_disbursements,nominal_usd,26,0,26,
grants,2002-2003,included_unique_family_record,opeid_master,official_site_alias_annual_unitid_verified,grant__iasg_disbursements,nominal_usd,26,0,26,
grants,2002-2003,included_unique_family_record,opeid_master,official_site_and_directory_agree,grant__pell_disbursements,nominal_usd,4956,4956,0,10081372413.99
grants,2002-2003,included_unique_family_record,opeid_master,official_site_and_directory_agree,grant__acg_disbursements,nominal_usd,4956,0,4956,
grants,2002-2003,included_unique_family_record,opeid_master,official_site_and_directory_agree,grant__smart_disbursements,nominal_usd,4956,0,4956,
grants,2002-2003,included_unique_family_record,opeid_master,official_site_and_directory_agree,grant__teach_disbursements,nominal_usd,4956,0,4956,
grants,2002-2003,included_unique_family_record,opeid_master,official_site_and_directory_agree,grant__iasg_disbursements,nominal_usd,4956,0,4956,
grants,2003-2004,ambiguous_family_multiple_records,opeid_master,multiple_fsa_records_for_same_unitid_year_family,grant__pell_disbursements,nominal_usd,14,14,0,37220082.45
grants,2003-2004,ambiguous_family_multiple_records,opeid_master,multiple_fsa_records_for_same_unitid_year_family,grant__acg_disbursements,nominal_usd,14,0,14,
grants,2003-2004,ambiguous_family_multiple_records,opeid_master,multiple_fsa_records_for_same_unitid_year_family,grant__smart_disbursements,nominal_usd,14,0,14,
grants,2003-2004,ambiguous_family_multiple_records,opeid_master,multiple_fsa_records_for_same_unitid_year_family,grant__teach_disbursements,nominal_usd,14,0,14,
grants,2003-2004,ambiguous_family_multiple_records,opeid_master,multiple_fsa_records_for_same_unitid_year_family,grant__iasg_disbursements,nominal_usd,14,0,14,
grants,2003-2004,excluded_annual_identity_unresolved,opeid_master,crosswalk_site_parse_incomplete,grant__pell_disbursements,nominal_usd,1,1,0,108256588.3
grants,2003-2004,excluded_annual_identity_unresolved,opeid_master,crosswalk_site_parse_incomplete,grant__acg_disbursements,nominal_usd,1,0,1,
grants,2003-2004,excluded_annual_identity_unresolved,opeid_master,crosswalk_site_parse_incomplete,grant__smart_disbursements,nominal_usd,1,0,1,
grants,2003-2004,excluded_annual_identity_unresolved,opeid_master,crosswalk_site_parse_incomplete,grant__teach_disbursements,nominal_usd,1,0,1,
grants,2003-2004,excluded_annual_identity_unresolved,opeid_master,crosswalk_site_parse_incomplete,grant__iasg_disbursements,nominal_usd,1,0,1,
grants,2003-2004,excluded_annual_identity_unresolved,opeid_master,multiple_official_site_unitids,grant__pell_disbursements,nominal_usd,77,77,0,697217997.36
grants,2003-2004,excluded_annual_identity_unresolved,opeid_master,multiple_official_site_unitids,grant__acg_disbursements,nominal_usd,77,0,77,
grants,2003-2004,excluded_annual_identity_unresolved,opeid_master,multiple_official_site_unitids,grant__smart_disbursements,nominal_usd,77,0,77,
grants,2003-2004,excluded_annual_identity_unresolved,opeid_master,multiple_official_site_unitids,grant__teach_disbursements,nominal_usd,77,0,77,
grants,2003-2004,excluded_annual_identity_unresolved,opeid_master,multiple_official_site_unitids,grant__iasg_disbursements,nominal_usd,77,0,77,
grants,2003-2004,excluded_annual_identity_unresolved,opeid_master,no_annual_site_match,grant__pell_disbursements,nominal_usd,126,126,0,49737291.34
grants,2003-2004,excluded_annual_identity_unresolved,opeid_master,no_annual_site_match,grant__acg_disbursements,nominal_usd,126,0,126,
grants,2003-2004,excluded_annual_identity_unresolved,opeid_master,no_annual_site_match,grant__smart_disbursements,nominal_usd,126,0,126,
grants,2003-2004,excluded_annual_identity_unresolved,opeid_master,no_annual_site_match,grant__teach_disbursements,nominal_usd,126,0,126,
grants,2003-2004,excluded_annual_identity_unresolved,opeid_master,no_annual_site_match,grant__iasg_disbursements,nominal_usd,126,0,126,
grants,2003-2004,excluded_annual_identity_unresolved,opeid_master,resolved_administrative_directory_identity_ineligible,grant__pell_disbursements,nominal_usd,14,14,0,771578397.2700001
grants,2003-2004,excluded_annual_identity_unresolved,opeid_master,resolved_administrative_directory_identity_ineligible,grant__acg_disbursements,nominal_usd,14,0,14,
grants,2003-2004,excluded_annual_identity_unresolved,opeid_master,resolved_administrative_directory_identity_ineligible,grant__smart_disbursements,nominal_usd,14,0,14,
grants,2003-2004,excluded_annual_identity_unresolved,opeid_master,resolved_administrative_directory_identity_ineligible,grant__teach_disbursements,nominal_usd,14,0,14,
grants,2003-2004,excluded_annual_identity_unresolved,opeid_master,resolved_administrative_directory_identity_ineligible,grant__iasg_disbursements,nominal_usd,14,0,14,
grants,2003-2004,included_unique_family_record,opeid_master,official_site_alias_annual_unitid_verified,grant__pell_disbursements,nominal_usd,26,26,0,33124864.150000002
grants,2003-2004,included_unique_family_record,opeid_master,official_site_alias_annual_unitid_verified,grant__acg_disbursements,nominal_usd,26,0,26,
grants,2003-2004,included_unique_family_record,opeid_master,official_site_alias_annual_unitid_verified,grant__smart_disbursements,nominal_usd,26,0,26,
grants,2003-2004,included_unique_family_record,opeid_master,official_site_alias_annual_unitid_verified,grant__teach_disbursements,nominal_usd,26,0,26,
grants,2003-2004,included_unique_family_record,opeid_master,official_site_alias_annual_unitid_verified,grant__iasg_disbursements,nominal_usd,26,0,26,
grants,2003-2004,included_unique_family_record,opeid_master,official_site_and_directory_agree,grant__pell_disbursements,nominal_usd,4945,4945,0,10997753343.11
grants,2003-2004,included_unique_family_record,opeid_master,official_site_and_directory_agree,grant__acg_disbursements,nominal_usd,4945,0,4945,
grants,2003-2004,included_unique_family_record,opeid_master,official_site_and_directory_agree,grant__smart_disbursements,nominal_usd,4945,0,4945,
grants,2003-2004,included_unique_family_record,opeid_master,official_site_and_directory_agree,grant__teach_disbursements,nominal_usd,4945,0,4945,
grants,2003-2004,included_unique_family_record,opeid_master,official_site_and_directory_agree,grant__iasg_disbursements,nominal_usd,4945,0,4945,
grants,2004-2005,ambiguous_family_multiple_records,opeid_master,multiple_fsa_records_for_same_unitid_year_family,grant__pell_disbursements,nominal_usd,8,8,0,23386380.76
grants,2004-2005,ambiguous_family_multiple_records,opeid_master,multiple_fsa_records_for_same_unitid_year_family,grant__acg_disbursements,nominal_usd,8,0,8,
grants,2004-2005,ambiguous_family_multiple_records,opeid_master,multiple_fsa_records_for_same_unitid_year_family,grant__smart_disbursements,nominal_usd,8,0,8,
grants,2004-2005,ambiguous_family_multiple_records,opeid_master,multiple_fsa_records_for_same_unitid_year_family,grant__teach_disbursements,nominal_usd,8,0,8,
grants,2004-2005,ambiguous_family_multiple_records,opeid_master,multiple_fsa_records_for_same_unitid_year_family,grant__iasg_disbursements,nominal_usd,8,0,8,
grants,2004-2005,excluded_annual_identity_unresolved,opeid_master,crosswalk_site_parse_incomplete,grant__pell_disbursements,nominal_usd,1,1,0,128652301.1
grants,2004-2005,excluded_annual_identity_unresolved,opeid_master,crosswalk_site_parse_incomplete,grant__acg_disbursements,nominal_usd,1,0,1,
grants,2004-2005,excluded_annual_identity_unresolved,opeid_master,crosswalk_site_parse_incomplete,grant__smart_disbursements,nominal_usd,1,0,1,
grants,2004-2005,excluded_annual_identity_unresolved,opeid_master,crosswalk_site_parse_incomplete,grant__teach_disbursements,nominal_usd,1,0,1,
grants,2004-2005,excluded_annual_identity_unresolved,opeid_master,crosswalk_site_parse_incomplete,grant__iasg_disbursements,nominal_usd,1,0,1,
grants,2004-2005,excluded_annual_identity_unresolved,opeid_master,multiple_nonadministrative_directory_unitids,grant__pell_disbursements,nominal_usd,1,1,0,230448.5
grants,2004-2005,excluded_annual_identity_unresolved,opeid_master,multiple_nonadministrative_directory_unitids,grant__acg_disbursements,nominal_usd,1,0,1,
grants,2004-2005,excluded_annual_identity_unresolved,opeid_master,multiple_nonadministrative_directory_unitids,grant__smart_disbursements,nominal_usd,1,0,1,
grants,2004-2005,excluded_annual_identity_unresolved,opeid_master,multiple_nonadministrative_directory_unitids,grant__teach_disbursements,nominal_usd,1,0,1,
grants,2004-2005,excluded_annual_identity_unresolved,opeid_master,multiple_nonadministrative_directory_unitids,grant__iasg_disbursements,nominal_usd,1,0,1,
grants,2004-2005,excluded_annual_identity_unresolved,opeid_master,multiple_official_site_unitids,grant__pell_disbursements,nominal_usd,85,85,0,798185175.67
grants,2004-2005,excluded_annual_identity_unresolved,opeid_master,multiple_official_site_unitids,grant__acg_disbursements,nominal_usd,85,0,85,
grants,2004-2005,excluded_annual_identity_unresolved,opeid_master,multiple_official_site_unitids,grant__smart_disbursements,nominal_usd,85,0,85,
grants,2004-2005,excluded_annual_identity_unresolved,opeid_master,multiple_official_site_unitids,grant__teach_disbursements,nominal_usd,85,0,85,
grants,2004-2005,excluded_annual_identity_unresolved,opeid_master,multiple_official_site_unitids,grant__iasg_disbursements,nominal_usd,85,0,85,
grants,2004-2005,excluded_annual_identity_unresolved,opeid_master,no_annual_site_match,grant__pell_disbursements,nominal_usd,129,129,0,59737880.97
grants,2004-2005,excluded_annual_identity_unresolved,opeid_master,no_annual_site_match,grant__acg_disbursements,nominal_usd,129,0,129,
grants,2004-2005,excluded_annual_identity_unresolved,opeid_master,no_annual_site_match,grant__smart_disbursements,nominal_usd,129,0,129,
grants,2004-2005,excluded_annual_identity_unresolved,opeid_master,no_annual_site_match,grant__teach_disbursements,nominal_usd,129,0,129,
grants,2004-2005,excluded_annual_identity_unresolved,opeid_master,no_annual_site_match,grant__iasg_disbursements,nominal_usd,129,0,129,
grants,2004-2005,excluded_annual_identity_unresolved,opeid_master,resolved_administrative_directory_identity_ineligible,grant__pell_disbursements,nominal_usd,11,11,0,663809533.63
grants,2004-2005,excluded_annual_identity_unresolved,opeid_master,resolved_administrative_directory_identity_ineligible,grant__acg_disbursements,nominal_usd,11,0,11,
grants,2004-2005,excluded_annual_identity_unresolved,opeid_master,resolved_administrative_directory_identity_ineligible,grant__smart_disbursements,nominal_usd,11,0,11,
grants,2004-2005,excluded_annual_identity_unresolved,opeid_master,resolved_administrative_directory_identity_ineligible,grant__teach_disbursements,nominal_usd,11,0,11,
grants,2004-2005,excluded_annual_identity_unresolved,opeid_master,resolved_administrative_directory_identity_ineligible,grant__iasg_disbursements,nominal_usd,11,0,11,
grants,2004-2005,included_unique_family_record,opeid_master,official_site_alias_annual_unitid_verified,grant__pell_disbursements,nominal_usd,16,16,0,2383687.5999999996
grants,2004-2005,included_unique_family_record,opeid_master,official_site_alias_annual_unitid_verified,grant__acg_disbursements,nominal_usd,16,0,16,
grants,2004-2005,included_unique_family_record,opeid_master,official_site_alias_annual_unitid_verified,grant__smart_disbursements,nominal_usd,16,0,16,
grants,2004-2005,included_unique_family_record,opeid_master,official_site_alias_annual_unitid_verified,grant__teach_disbursements,nominal_usd,16,0,16,
grants,2004-2005,included_unique_family_record,opeid_master,official_site_alias_annual_unitid_verified,grant__iasg_disbursements,nominal_usd,16,0,16,
grants,2004-2005,included_unique_family_record,opeid_master,official_site_and_directory_agree,grant__pell_disbursements,nominal_usd,4960,4960,0,11459200465.97
grants,2004-2005,included_unique_family_record,opeid_master,official_site_and_directory_agree,grant__acg_disbursements,nominal_usd,4960,0,4960,
grants,2004-2005,included_unique_family_record,opeid_master,official_site_and_directory_agree,grant__smart_disbursements,nominal_usd,4960,0,4960,
grants,2004-2005,included_unique_family_record,opeid_master,official_site_and_directory_agree,grant__teach_disbursements,nominal_usd,4960,0,4960,
grants,2004-2005,included_unique_family_record,opeid_master,official_site_and_directory_agree,grant__iasg_disbursements,nominal_usd,4960,0,4960,
grants,2005-2006,excluded_annual_identity_unresolved,opeid_master,crosswalk_site_parse_incomplete,grant__pell_disbursements,nominal_usd,1,1,0,133608449.3
grants,2005-2006,excluded_annual_identity_unresolved,opeid_master,crosswalk_site_parse_incomplete,grant__acg_disbursements,nominal_usd,1,0,1,
grants,2005-2006,excluded_annual_identity_unresolved,opeid_master,crosswalk_site_parse_incomplete,grant__smart_disbursements,nominal_usd,1,0,1,
grants,2005-2006,excluded_annual_identity_unresolved,opeid_master,crosswalk_site_parse_incomplete,grant__teach_disbursements,nominal_usd,1,0,1,
grants,2005-2006,excluded_annual_identity_unresolved,opeid_master,crosswalk_site_parse_incomplete,grant__iasg_disbursements,nominal_usd,1,0,1,
grants,2005-2006,excluded_annual_identity_unresolved,opeid_master,multiple_official_site_unitids,grant__pell_disbursements,nominal_usd,94,94,0,910518273.6200001
grants,2005-2006,excluded_annual_identity_unresolved,opeid_master,multiple_official_site_unitids,grant__acg_disbursements,nominal_usd,94,0,94,
grants,2005-2006,excluded_annual_identity_unresolved,opeid_master,multiple_official_site_unitids,grant__smart_disbursements,nominal_usd,94,0,94,
grants,2005-2006,excluded_annual_identity_unresolved,opeid_master,multiple_official_site_unitids,grant__teach_disbursements,nominal_usd,94,0,94,
grants,2005-2006,excluded_annual_identity_unresolved,opeid_master,multiple_official_site_unitids,grant__iasg_disbursements,nominal_usd,94,0,94,
grants,2005-2006,excluded_annual_identity_unresolved,opeid_master,no_annual_site_match,grant__pell_disbursements,nominal_usd,112,112,0,55137317.35000001
grants,2005-2006,excluded_annual_identity_unresolved,opeid_master,no_annual_site_match,grant__acg_disbursements,nominal_usd,112,0,112,
grants,2005-2006,excluded_annual_identity_unresolved,opeid_master,no_annual_site_match,grant__smart_disbursements,nominal_usd,112,0,112,
grants,2005-2006,excluded_annual_identity_unresolved,opeid_master,no_annual_site_match,grant__teach_disbursements,nominal_usd,112,0,112,
grants,2005-2006,excluded_annual_identity_unresolved,opeid_master,no_annual_site_match,grant__iasg_disbursements,nominal_usd,112,0,112,
grants,2005-2006,excluded_annual_identity_unresolved,opeid_master,resolved_administrative_directory_identity_ineligible,grant__pell_disbursements,nominal_usd,10,10,0,635766839.61
grants,2005-2006,excluded_annual_identity_unresolved,opeid_master,resolved_administrative_directory_identity_ineligible,grant__acg_disbursements,nominal_usd,10,0,10,
grants,2005-2006,excluded_annual_identity_unresolved,opeid_master,resolved_administrative_directory_identity_ineligible,grant__smart_disbursements,nominal_usd,10,0,10,
grants,2005-2006,excluded_annual_identity_unresolved,opeid_master,resolved_administrative_directory_identity_ineligible,grant__teach_disbursements,nominal_usd,10,0,10,
grants,2005-2006,excluded_annual_identity_unresolved,opeid_master,resolved_administrative_directory_identity_ineligible,grant__iasg_disbursements,nominal_usd,10,0,10,
grants,2005-2006,included_unique_family_record,opeid_master,official_site_alias_annual_unitid_verified,grant__pell_disbursements,nominal_usd,13,13,0,1287375.79
grants,2005-2006,included_unique_family_record,opeid_master,official_site_alias_annual_unitid_verified,grant__acg_disbursements,nominal_usd,13,0,13,
grants,2005-2006,included_unique_family_record,opeid_master,official_site_alias_annual_unitid_verified,grant__smart_disbursements,nominal_usd,13,0,13,
grants,2005-2006,included_unique_family_record,opeid_master,official_site_alias_annual_unitid_verified,grant__teach_disbursements,nominal_usd,13,0,13,
grants,2005-2006,included_unique_family_record,opeid_master,official_site_alias_annual_unitid_verified,grant__iasg_disbursements,nominal_usd,13,0,13,
grants,2005-2006,included_unique_family_record,opeid_master,official_site_and_directory_agree,grant__pell_disbursements,nominal_usd,5019,5019,0,10936140737.55
grants,2005-2006,included_unique_family_record,opeid_master,official_site_and_directory_agree,grant__acg_disbursements,nominal_usd,5019,0,5019,
grants,2005-2006,included_unique_family_record,opeid_master,official_site_and_directory_agree,grant__smart_disbursements,nominal_usd,5019,0,5019,
grants,2005-2006,included_unique_family_record,opeid_master,official_site_and_directory_agree,grant__teach_disbursements,nominal_usd,5019,0,5019,
grants,2005-2006,included_unique_family_record,opeid_master,official_site_and_directory_agree,grant__iasg_disbursements,nominal_usd,5019,0,5019,
grants,2006-2007,ambiguous_family_multiple_records,opeid_master,multiple_fsa_records_for_same_unitid_year_family,grant__pell_disbursements,nominal_usd,53,51,2,184634053.61
grants,2006-2007,ambiguous_family_multiple_records,opeid_master,multiple_fsa_records_for_same_unitid_year_family,grant__acg_disbursements,nominal_usd,53,46,7,1901246.0
grants,2006-2007,ambiguous_family_multiple_records,opeid_master,multiple_fsa_records_for_same_unitid_year_family,grant__smart_disbursements,nominal_usd,53,11,42,1186448.0
grants,2006-2007,ambiguous_family_multiple_records,opeid_master,multiple_fsa_records_for_same_unitid_year_family,grant__teach_disbursements,nominal_usd,53,0,53,
grants,2006-2007,ambiguous_family_multiple_records,opeid_master,multiple_fsa_records_for_same_unitid_year_family,grant__iasg_disbursements,nominal_usd,53,0,53,
grants,2006-2007,excluded_annual_identity_unresolved,opeid_master,crosswalk_site_parse_incomplete,grant__pell_disbursements,nominal_usd,1,1,0,243793033.18
grants,2006-2007,excluded_annual_identity_unresolved,opeid_master,crosswalk_site_parse_incomplete,grant__acg_disbursements,nominal_usd,1,1,0,54250.0
grants,2006-2007,excluded_annual_identity_unresolved,opeid_master,crosswalk_site_parse_incomplete,grant__smart_disbursements,nominal_usd,1,1,0,4033058.64
grants,2006-2007,excluded_annual_identity_unresolved,opeid_master,crosswalk_site_parse_incomplete,grant__teach_disbursements,nominal_usd,1,0,1,
grants,2006-2007,excluded_annual_identity_unresolved,opeid_master,crosswalk_site_parse_incomplete,grant__iasg_disbursements,nominal_usd,1,0,1,
grants,2006-2007,excluded_annual_identity_unresolved,opeid_master,directory_crosswalk_identity_conflict,grant__pell_disbursements,nominal_usd,1,1,0,1289689.08
grants,2006-2007,excluded_annual_identity_unresolved,opeid_master,directory_crosswalk_identity_conflict,grant__acg_disbursements,nominal_usd,1,1,0,1125.0
grants,2006-2007,excluded_annual_identity_unresolved,opeid_master,directory_crosswalk_identity_conflict,grant__smart_disbursements,nominal_usd,1,0,1,
grants,2006-2007,excluded_annual_identity_unresolved,opeid_master,directory_crosswalk_identity_conflict,grant__teach_disbursements,nominal_usd,1,0,1,
grants,2006-2007,excluded_annual_identity_unresolved,opeid_master,directory_crosswalk_identity_conflict,grant__iasg_disbursements,nominal_usd,1,0,1,
grants,2006-2007,excluded_annual_identity_unresolved,opeid_master,multiple_nonadministrative_directory_unitids,grant__pell_disbursements,nominal_usd,1,1,0,772254.52
grants,2006-2007,excluded_annual_identity_unresolved,opeid_master,multiple_nonadministrative_directory_unitids,grant__acg_disbursements,nominal_usd,1,0,1,
grants,2006-2007,excluded_annual_identity_unresolved,opeid_master,multiple_nonadministrative_directory_unitids,grant__smart_disbursements,nominal_usd,1,0,1,
grants,2006-2007,excluded_annual_identity_unresolved,opeid_master,multiple_nonadministrative_directory_unitids,grant__teach_disbursements,nominal_usd,1,0,1,
grants,2006-2007,excluded_annual_identity_unresolved,opeid_master,multiple_nonadministrative_directory_unitids,grant__iasg_disbursements,nominal_usd,1,0,1,
grants,2006-2007,excluded_annual_identity_unresolved,opeid_master,multiple_official_site_unitids,grant__pell_disbursements,nominal_usd,111,111,0,783662046.09
grants,2006-2007,excluded_annual_identity_unresolved,opeid_master,multiple_official_site_unitids,grant__acg_disbursements,nominal_usd,111,76,35,10546662.390000002
grants,2006-2007,excluded_annual_identity_unresolved,opeid_master,multiple_official_site_unitids,grant__smart_disbursements,nominal_usd,111,44,67,18436725.99
grants,2006-2007,excluded_annual_identity_unresolved,opeid_master,multiple_official_site_unitids,grant__teach_disbursements,nominal_usd,111,0,111,
grants,2006-2007,excluded_annual_identity_unresolved,opeid_master,multiple_official_site_unitids,grant__iasg_disbursements,nominal_usd,111,0,111,
grants,2006-2007,excluded_annual_identity_unresolved,opeid_master,no_annual_site_match,grant__pell_disbursements,nominal_usd,83,82,1,48101741.239999995
grants,2006-2007,excluded_annual_identity_unresolved,opeid_master,no_annual_site_match,grant__acg_disbursements,nominal_usd,83,9,74,204219.0
grants,2006-2007,excluded_annual_identity_unresolved,opeid_master,no_annual_site_match,grant__smart_disbursements,nominal_usd,83,3,80,156530.0
grants,2006-2007,excluded_annual_identity_unresolved,opeid_master,no_annual_site_match,grant__teach_disbursements,nominal_usd,83,0,83,
grants,2006-2007,excluded_annual_identity_unresolved,opeid_master,no_annual_site_match,grant__iasg_disbursements,nominal_usd,83,0,83,
grants,2006-2007,excluded_annual_identity_unresolved,opeid_master,resolved_administrative_directory_identity_ineligible,grant__pell_disbursements,nominal_usd,3,3,0,30159403.5
grants,2006-2007,excluded_annual_identity_unresolved,opeid_master,resolved_administrative_directory_identity_ineligible,grant__acg_disbursements,nominal_usd,3,3,0,268815.0
grants,2006-2007,excluded_annual_identity_unresolved,opeid_master,resolved_administrative_directory_identity_ineligible,grant__smart_disbursements,nominal_usd,3,0,3,
grants,2006-2007,excluded_annual_identity_unresolved,opeid_master,resolved_administrative_directory_identity_ineligible,grant__teach_disbursements,nominal_usd,3,0,3,
grants,2006-2007,excluded_annual_identity_unresolved,opeid_master,resolved_administrative_directory_identity_ineligible,grant__iasg_disbursements,nominal_usd,3,0,3,
grants,2006-2007,included_unique_family_record,opeid_master,official_site_alias_annual_unitid_verified,grant__pell_disbursements,nominal_usd,12,12,0,16574723.86
grants,2006-2007,included_unique_family_record,opeid_master,official_site_alias_annual_unitid_verified,grant__acg_disbursements,nominal_usd,12,1,11,113358.0
grants,2006-2007,included_unique_family_record,opeid_master,official_site_alias_annual_unitid_verified,grant__smart_disbursements,nominal_usd,12,1,11,194000.0
grants,2006-2007,included_unique_family_record,opeid_master,official_site_alias_annual_unitid_verified,grant__teach_disbursements,nominal_usd,12,0,12,
grants,2006-2007,included_unique_family_record,opeid_master,official_site_alias_annual_unitid_verified,grant__iasg_disbursements,nominal_usd,12,0,12,
grants,2006-2007,included_unique_family_record,opeid_master,official_site_and_directory_agree,grant__pell_disbursements,nominal_usd,5238,5238,0,11482931038.95
grants,2006-2007,included_unique_family_record,opeid_master,official_site_and_directory_agree,grant__acg_disbursements,nominal_usd,5238,2688,2550,229261865.84999996
grants,2006-2007,included_unique_family_record,opeid_master,official_site_and_directory_agree,grant__smart_disbursements,nominal_usd,5238,1380,3858,181777944.98
grants,2006-2007,included_unique_family_record,opeid_master,official_site_and_directory_agree,grant__teach_disbursements,nominal_usd,5238,0,5238,
grants,2006-2007,included_unique_family_record,opeid_master,official_site_and_directory_agree,grant__iasg_disbursements,nominal_usd,5238,0,5238,
grants,2007-2008,ambiguous_family_multiple_records,opeid_master,multiple_fsa_records_for_same_unitid_year_family,grant__pell_disbursements,nominal_usd,50,50,0,172701244.5
grants,2007-2008,ambiguous_family_multiple_records,opeid_master,multiple_fsa_records_for_same_unitid_year_family,grant__acg_disbursements,nominal_usd,50,44,6,3018277.33
grants,2007-2008,ambiguous_family_multiple_records,opeid_master,multiple_fsa_records_for_same_unitid_year_family,grant__smart_disbursements,nominal_usd,50,8,42,1384199.32
grants,2007-2008,ambiguous_family_multiple_records,opeid_master,multiple_fsa_records_for_same_unitid_year_family,grant__teach_disbursements,nominal_usd,50,0,50,
grants,2007-2008,ambiguous_family_multiple_records,opeid_master,multiple_fsa_records_for_same_unitid_year_family,grant__iasg_disbursements,nominal_usd,50,0,50,
grants,2007-2008,excluded_annual_identity_unresolved,opeid_master,crosswalk_site_parse_incomplete,grant__pell_disbursements,nominal_usd,1,1,0,398040542.78
grants,2007-2008,excluded_annual_identity_unresolved,opeid_master,crosswalk_site_parse_incomplete,grant__acg_disbursements,nominal_usd,1,1,0,114446.0
grants,2007-2008,excluded_annual_identity_unresolved,opeid_master,crosswalk_site_parse_incomplete,grant__smart_disbursements,nominal_usd,1,1,0,3451039.75
grants,2007-2008,excluded_annual_identity_unresolved,opeid_master,crosswalk_site_parse_incomplete,grant__teach_disbursements,nominal_usd,1,0,1,
grants,2007-2008,excluded_annual_identity_unresolved,opeid_master,crosswalk_site_parse_incomplete,grant__iasg_disbursements,nominal_usd,1,0,1,
grants,2007-2008,excluded_annual_identity_unresolved,opeid_master,multiple_official_site_unitids,grant__pell_disbursements,nominal_usd,124,124,0,945587928.6800001
grants,2007-2008,excluded_annual_identity_unresolved,opeid_master,multiple_official_site_unitids,grant__acg_disbursements,nominal_usd,124,85,39,15377086.42
grants,2007-2008,excluded_annual_identity_unresolved,opeid_master,multiple_official_site_unitids,grant__smart_disbursements,nominal_usd,124,52,72,17234056.31
grants,2007-2008,excluded_annual_identity_unresolved,opeid_master,multiple_official_site_unitids,grant__teach_disbursements,nominal_usd,124,0,124,
grants,2007-2008,excluded_annual_identity_unresolved,opeid_master,multiple_official_site_unitids,grant__iasg_disbursements,nominal_usd,124,0,124,
grants,2007-2008,excluded_annual_identity_unresolved,opeid_master,no_annual_site_match,grant__pell_disbursements,nominal_usd,101,101,0,34057823.06
grants,2007-2008,excluded_annual_identity_unresolved,opeid_master,no_annual_site_match,grant__acg_disbursements,nominal_usd,101,12,89,100435.84
grants,2007-2008,excluded_annual_identity_unresolved,opeid_master,no_annual_site_match,grant__smart_disbursements,nominal_usd,101,3,98,62696.0
grants,2007-2008,excluded_annual_identity_unresolved,opeid_master,no_annual_site_match,grant__teach_disbursements,nominal_usd,101,0,101,
grants,2007-2008,excluded_annual_identity_unresolved,opeid_master,no_annual_site_match,grant__iasg_disbursements,nominal_usd,101,0,101,
grants,2007-2008,excluded_annual_identity_unresolved,opeid_master,resolved_administrative_directory_identity_ineligible,grant__pell_disbursements,nominal_usd,3,3,0,32708085.47
grants,2007-2008,excluded_annual_identity_unresolved,opeid_master,resolved_administrative_directory_identity_ineligible,grant__acg_disbursements,nominal_usd,3,2,1,280561.0
grants,2007-2008,excluded_annual_identity_unresolved,opeid_master,resolved_administrative_directory_identity_ineligible,grant__smart_disbursements,nominal_usd,3,0,3,
grants,2007-2008,excluded_annual_identity_unresolved,opeid_master,resolved_administrative_directory_identity_ineligible,grant__teach_disbursements,nominal_usd,3,0,3,
grants,2007-2008,excluded_annual_identity_unresolved,opeid_master,resolved_administrative_directory_identity_ineligible,grant__iasg_disbursements,nominal_usd,3,0,3,
grants,2007-2008,included_unique_family_record,opeid_master,official_site_alias_annual_unitid_verified,grant__pell_disbursements,nominal_usd,11,11,0,17653160.599999998
grants,2007-2008,included_unique_family_record,opeid_master,official_site_alias_annual_unitid_verified,grant__acg_disbursements,nominal_usd,11,4,7,107991.68
grants,2007-2008,included_unique_family_record,opeid_master,official_site_alias_annual_unitid_verified,grant__smart_disbursements,nominal_usd,11,1,10,172000.0
grants,2007-2008,included_unique_family_record,opeid_master,official_site_alias_annual_unitid_verified,grant__teach_disbursements,nominal_usd,11,0,11,
grants,2007-2008,included_unique_family_record,opeid_master,official_site_alias_annual_unitid_verified,grant__iasg_disbursements,nominal_usd,11,0,11,
grants,2007-2008,included_unique_family_record,opeid_master,official_site_and_directory_agree,grant__pell_disbursements,nominal_usd,5215,5214,1,13074145497.869999
grants,2007-2008,included_unique_family_record,opeid_master,official_site_and_directory_agree,grant__acg_disbursements,nominal_usd,5215,2829,2386,289828419.3500001
grants,2007-2008,included_unique_family_record,opeid_master,official_site_and_directory_agree,grant__smart_disbursements,nominal_usd,5215,1415,3800,182566173.39999998
grants,2007-2008,included_unique_family_record,opeid_master,official_site_and_directory_agree,grant__teach_disbursements,nominal_usd,5215,0,5215,
grants,2007-2008,included_unique_family_record,opeid_master,official_site_and_directory_agree,grant__iasg_disbursements,nominal_usd,5215,0,5215,
grants,2008-2009,ambiguous_family_multiple_records,opeid_master,multiple_fsa_records_for_same_unitid_year_family,grant__pell_disbursements,nominal_usd,62,57,5,278942870.37
grants,2008-2009,ambiguous_family_multiple_records,opeid_master,multiple_fsa_records_for_same_unitid_year_family,grant__acg_disbursements,nominal_usd,62,55,7,4521558.37
grants,2008-2009,ambiguous_family_multiple_records,opeid_master,multiple_fsa_records_for_same_unitid_year_family,grant__smart_disbursements,nominal_usd,62,9,53,1864788.44
grants,2008-2009,ambiguous_family_multiple_records,opeid_master,multiple_fsa_records_for_same_unitid_year_family,grant__teach_disbursements,nominal_usd,62,2,60,75500.0
grants,2008-2009,ambiguous_family_multiple_records,opeid_master,multiple_fsa_records_for_same_unitid_year_family,grant__iasg_disbursements,nominal_usd,62,0,62,
grants,2008-2009,excluded_annual_identity_unresolved,opeid_master,crosswalk_site_parse_incomplete,grant__pell_disbursements,nominal_usd,1,1,0,655480561.4
grants,2008-2009,excluded_annual_identity_unresolved,opeid_master,crosswalk_site_parse_incomplete,grant__acg_disbursements,nominal_usd,1,1,0,384851.85
grants,2008-2009,excluded_annual_identity_unresolved,opeid_master,crosswalk_site_parse_incomplete,grant__smart_disbursements,nominal_usd,1,1,0,4355050.25
grants,2008-2009,excluded_annual_identity_unresolved,opeid_master,crosswalk_site_parse_incomplete,grant__teach_disbursements,nominal_usd,1,1,0,405201.0
grants,2008-2009,excluded_annual_identity_unresolved,opeid_master,crosswalk_site_parse_incomplete,grant__iasg_disbursements,nominal_usd,1,0,1,
grants,2008-2009,excluded_annual_identity_unresolved,opeid_master,directory_crosswalk_identity_conflict,grant__pell_disbursements,nominal_usd,1,1,0,16840.0
grants,2008-2009,excluded_annual_identity_unresolved,opeid_master,directory_crosswalk_identity_conflict,grant__acg_disbursements,nominal_usd,1,0,1,
grants,2008-2009,excluded_annual_identity_unresolved,opeid_master,directory_crosswalk_identity_conflict,grant__smart_disbursements,nominal_usd,1,0,1,
grants,2008-2009,excluded_annual_identity_unresolved,opeid_master,directory_crosswalk_identity_conflict,grant__teach_disbursements,nominal_usd,1,0,1,
grants,2008-2009,excluded_annual_identity_unresolved,opeid_master,directory_crosswalk_identity_conflict,grant__iasg_disbursements,nominal_usd,1,0,1,
grants,2008-2009,excluded_annual_identity_unresolved,opeid_master,multiple_nonadministrative_directory_unitids,grant__pell_disbursements,nominal_usd,1,1,0,657697.48
grants,2008-2009,excluded_annual_identity_unresolved,opeid_master,multiple_nonadministrative_directory_unitids,grant__acg_disbursements,nominal_usd,1,0,1,
grants,2008-2009,excluded_annual_identity_unresolved,opeid_master,multiple_nonadministrative_directory_unitids,grant__smart_disbursements,nominal_usd,1,0,1,
grants,2008-2009,excluded_annual_identity_unresolved,opeid_master,multiple_nonadministrative_directory_unitids,grant__teach_disbursements,nominal_usd,1,0,1,
grants,2008-2009,excluded_annual_identity_unresolved,opeid_master,multiple_nonadministrative_directory_unitids,grant__iasg_disbursements,nominal_usd,1,0,1,
grants,2008-2009,excluded_annual_identity_unresolved,opeid_master,multiple_official_site_unitids,grant__pell_disbursements,nominal_usd,121,120,1,1059279204.94
grants,2008-2009,excluded_annual_identity_unresolved,opeid_master,multiple_official_site_unitids,grant__acg_disbursements,nominal_usd,121,86,35,17314407.06
grants,2008-2009,excluded_annual_identity_unresolved,opeid_master,multiple_official_site_unitids,grant__smart_disbursements,nominal_usd,121,53,68,14027657.0
grants,2008-2009,excluded_annual_identity_unresolved,opeid_master,multiple_official_site_unitids,grant__teach_disbursements,nominal_usd,121,12,109,1176943.5
grants,2008-2009,excluded_annual_identity_unresolved,opeid_master,multiple_official_site_unitids,grant__iasg_disbursements,nominal_usd,121,0,121,
grants,2008-2009,excluded_annual_identity_unresolved,opeid_master,no_annual_site_match,grant__pell_disbursements,nominal_usd,172,172,0,286614633.27
grants,2008-2009,excluded_annual_identity_unresolved,opeid_master,no_annual_site_match,grant__acg_disbursements,nominal_usd,172,53,119,2254733.42
grants,2008-2009,excluded_annual_identity_unresolved,opeid_master,no_annual_site_match,grant__smart_disbursements,nominal_usd,172,30,142,5355009.78
grants,2008-2009,excluded_annual_identity_unresolved,opeid_master,no_annual_site_match,grant__teach_disbursements,nominal_usd,172,0,172,
grants,2008-2009,excluded_annual_identity_unresolved,opeid_master,no_annual_site_match,grant__iasg_disbursements,nominal_usd,172,0,172,
grants,2008-2009,excluded_annual_identity_unresolved,opeid_master,resolved_administrative_directory_identity_ineligible,grant__pell_disbursements,nominal_usd,3,3,0,40063084.550000004
grants,2008-2009,excluded_annual_identity_unresolved,opeid_master,resolved_administrative_directory_identity_ineligible,grant__acg_disbursements,nominal_usd,3,2,1,313300.0
grants,2008-2009,excluded_annual_identity_unresolved,opeid_master,resolved_administrative_directory_identity_ineligible,grant__smart_disbursements,nominal_usd,3,0,3,
grants,2008-2009,excluded_annual_identity_unresolved,opeid_master,resolved_administrative_directory_identity_ineligible,grant__teach_disbursements,nominal_usd,3,0,3,
grants,2008-2009,excluded_annual_identity_unresolved,opeid_master,resolved_administrative_directory_identity_ineligible,grant__iasg_disbursements,nominal_usd,3,0,3,
grants,2008-2009,included_unique_family_record,opeid_master,official_site_alias_annual_unitid_verified,grant__pell_disbursements,nominal_usd,11,10,1,19777901.32
grants,2008-2009,included_unique_family_record,opeid_master,official_site_alias_annual_unitid_verified,grant__acg_disbursements,nominal_usd,11,4,7,218950.0
grants,2008-2009,included_unique_family_record,opeid_master,official_site_alias_annual_unitid_verified,grant__smart_disbursements,nominal_usd,11,1,10,152666.66
grants,2008-2009,included_unique_family_record,opeid_master,official_site_alias_annual_unitid_verified,grant__teach_disbursements,nominal_usd,11,0,11,
grants,2008-2009,included_unique_family_record,opeid_master,official_site_alias_annual_unitid_verified,grant__iasg_disbursements,nominal_usd,11,0,11,
grants,2008-2009,included_unique_family_record,opeid_master,official_site_and_directory_agree,grant__pell_disbursements,nominal_usd,5167,5162,5,15940131909.84
grants,2008-2009,included_unique_family_record,opeid_master,official_site_and_directory_agree,grant__acg_disbursements,nominal_usd,5167,2834,2333,314474926.4600001
grants,2008-2009,included_unique_family_record,opeid_master,official_site_and_directory_agree,grant__smart_disbursements,nominal_usd,5167,1386,3781,174062600.34999996
grants,2008-2009,included_unique_family_record,opeid_master,official_site_and_directory_agree,grant__teach_disbursements,nominal_usd,5167,486,4681,35672341.309999995
grants,2008-2009,included_unique_family_record,opeid_master,official_site_and_directory_agree,grant__iasg_disbursements,nominal_usd,5167,0,5167,
grants,2009-2010,ambiguous_family_multiple_records,opeid_master,multiple_fsa_records_for_same_unitid_year_family,grant__pell_disbursements,nominal_usd,55,54,1,432198873.07
grants,2009-2010,ambiguous_family_multiple_records,opeid_master,multiple_fsa_records_for_same_unitid_year_family,grant__acg_disbursements,nominal_usd,55,47,8,5994296.279999999
grants,2009-2010,ambiguous_family_multiple_records,opeid_master,multiple_fsa_records_for_same_unitid_year_family,grant__smart_disbursements,nominal_usd,55,7,48,2405169.14
grants,2009-2010,ambiguous_family_multiple_records,opeid_master,multiple_fsa_records_for_same_unitid_year_family,grant__teach_disbursements,nominal_usd,55,2,53,107500.0
grants,2009-2010,ambiguous_family_multiple_records,opeid_master,multiple_fsa_records_for_same_unitid_year_family,grant__iasg_disbursements,nominal_usd,55,0,55,
grants,2009-2010,excluded_annual_identity_unresolved,opeid_master,directory_crosswalk_identity_conflict,grant__pell_disbursements,nominal_usd,4,4,0,918510.3600000001
grants,2009-2010,excluded_annual_identity_unresolved,opeid_master,directory_crosswalk_identity_conflict,grant__acg_disbursements,nominal_usd,4,0,4,
grants,2009-2010,excluded_annual_identity_unresolved,opeid_master,directory_crosswalk_identity_conflict,grant__smart_disbursements,nominal_usd,4,0,4,
grants,2009-2010,excluded_annual_identity_unresolved,opeid_master,directory_crosswalk_identity_conflict,grant__teach_disbursements,nominal_usd,4,0,4,
grants,2009-2010,excluded_annual_identity_unresolved,opeid_master,directory_crosswalk_identity_conflict,grant__iasg_disbursements,nominal_usd,4,0,4,
grants,2009-2010,excluded_annual_identity_unresolved,opeid_master,multiple_nonadministrative_directory_unitids,grant__pell_disbursements,nominal_usd,3,3,0,9800024.48
grants,2009-2010,excluded_annual_identity_unresolved,opeid_master,multiple_nonadministrative_directory_unitids,grant__acg_disbursements,nominal_usd,3,1,2,38750.0
grants,2009-2010,excluded_annual_identity_unresolved,opeid_master,multiple_nonadministrative_directory_unitids,grant__smart_disbursements,nominal_usd,3,0,3,
grants,2009-2010,excluded_annual_identity_unresolved,opeid_master,multiple_nonadministrative_directory_unitids,grant__teach_disbursements,nominal_usd,3,0,3,
grants,2009-2010,excluded_annual_identity_unresolved,opeid_master,multiple_nonadministrative_directory_unitids,grant__iasg_disbursements,nominal_usd,3,0,3,
grants,2009-2010,excluded_annual_identity_unresolved,opeid_master,multiple_official_site_unitids,grant__pell_disbursements,nominal_usd,123,122,1,2842905585.62
grants,2009-2010,excluded_annual_identity_unresolved,opeid_master,multiple_official_site_unitids,grant__acg_disbursements,nominal_usd,123,92,31,25383739.769999996
grants,2009-2010,excluded_annual_identity_unresolved,opeid_master,multiple_official_site_unitids,grant__smart_disbursements,nominal_usd,123,53,70,31293160.349999998
grants,2009-2010,excluded_annual_identity_unresolved,opeid_master,multiple_official_site_unitids,grant__teach_disbursements,nominal_usd,123,22,101,3727088.0
grants,2009-2010,excluded_annual_identity_unresolved,opeid_master,multiple_official_site_unitids,grant__iasg_disbursements,nominal_usd,123,0,123,
grants,2009-2010,excluded_annual_identity_unresolved,opeid_master,no_annual_site_match,grant__pell_disbursements,nominal_usd,221,221,0,640902665.46
grants,2009-2010,excluded_annual_identity_unresolved,opeid_master,no_annual_site_match,grant__acg_disbursements,nominal_usd,221,79,142,4539025.94
grants,2009-2010,excluded_annual_identity_unresolved,opeid_master,no_annual_site_match,grant__smart_disbursements,nominal_usd,221,34,187,8997212.860000001
grants,2009-2010,excluded_annual_identity_unresolved,opeid_master,no_annual_site_match,grant__teach_disbursements,nominal_usd,221,0,221,
grants,2009-2010,excluded_annual_identity_unresolved,opeid_master,no_annual_site_match,grant__iasg_disbursements,nominal_usd,221,0,221,
grants,2009-2010,excluded_annual_identity_unresolved,opeid_master,resolved_administrative_directory_identity_ineligible,grant__pell_disbursements,nominal_usd,2,2,0,42860410.97
grants,2009-2010,excluded_annual_identity_unresolved,opeid_master,resolved_administrative_directory_identity_ineligible,grant__acg_disbursements,nominal_usd,2,2,0,268409.0
grants,2009-2010,excluded_annual_identity_unresolved,opeid_master,resolved_administrative_directory_identity_ineligible,grant__smart_disbursements,nominal_usd,2,0,2,
grants,2009-2010,excluded_annual_identity_unresolved,opeid_master,resolved_administrative_directory_identity_ineligible,grant__teach_disbursements,nominal_usd,2,0,2,
grants,2009-2010,excluded_annual_identity_unresolved,opeid_master,resolved_administrative_directory_identity_ineligible,grant__iasg_disbursements,nominal_usd,2,0,2,
grants,2009-2010,included_unique_family_record,opeid_master,official_site_alias_annual_unitid_verified,grant__pell_disbursements,nominal_usd,11,10,1,40080578.17
grants,2009-2010,included_unique_family_record,opeid_master,official_site_alias_annual_unitid_verified,grant__acg_disbursements,nominal_usd,11,5,6,338449.82
grants,2009-2010,included_unique_family_record,opeid_master,official_site_alias_annual_unitid_verified,grant__smart_disbursements,nominal_usd,11,2,9,169834.21
grants,2009-2010,included_unique_family_record,opeid_master,official_site_alias_annual_unitid_verified,grant__teach_disbursements,nominal_usd,11,0,11,
grants,2009-2010,included_unique_family_record,opeid_master,official_site_alias_annual_unitid_verified,grant__iasg_disbursements,nominal_usd,11,0,11,
grants,2009-2010,included_unique_family_record,opeid_master,official_site_and_directory_agree,grant__pell_disbursements,nominal_usd,5181,5176,5,25789123360.01
grants,2009-2010,included_unique_family_record,opeid_master,official_site_and_directory_agree,grant__acg_disbursements,nominal_usd,5181,2900,2281,436884556.8999999
grants,2009-2010,included_unique_family_record,opeid_master,official_site_and_directory_agree,grant__smart_disbursements,nominal_usd,5181,1398,3783,312686316.94
grants,2009-2010,included_unique_family_record,opeid_master,official_site_and_directory_agree,grant__teach_disbursements,nominal_usd,5181,706,4475,92045091.39
grants,2009-2010,included_unique_family_record,opeid_master,official_site_and_directory_agree,grant__iasg_disbursements,nominal_usd,5181,0,5181,
grants,2009-2010,included_unique_family_record,verified_quarantine_unitid_only,verified_component_identity_opeid_unresolved,grant__pell_disbursements,nominal_usd,16,16,0,151082578.97
grants,2009-2010,included_unique_family_record,verified_quarantine_unitid_only,verified_component_identity_opeid_unresolved,grant__acg_disbursements,nominal_usd,16,16,0,5834476.12
grants,2009-2010,included_unique_family_record,verified_quarantine_unitid_only,verified_component_identity_opeid_unresolved,grant__smart_disbursements,nominal_usd,16,16,0,3796378.75
grants,2009-2010,included_unique_family_record,verified_quarantine_unitid_only,verified_component_identity_opeid_unresolved,grant__teach_disbursements,nominal_usd,16,0,16,
grants,2009-2010,included_unique_family_record,verified_quarantine_unitid_only,verified_component_identity_opeid_unresolved,grant__iasg_disbursements,nominal_usd,16,0,16,
grants,2010-2011,excluded_annual_identity_unresolved,opeid_master,directory_crosswalk_identity_conflict,grant__pell_disbursements,nominal_usd,1,1,0,796768.66
grants,2010-2011,excluded_annual_identity_unresolved,opeid_master,directory_crosswalk_identity_conflict,grant__acg_disbursements,nominal_usd,1,1,0,0.0
grants,2010-2011,excluded_annual_identity_unresolved,opeid_master,directory_crosswalk_identity_conflict,grant__smart_disbursements,nominal_usd,1,1,0,0.0
grants,2010-2011,excluded_annual_identity_unresolved,opeid_master,directory_crosswalk_identity_conflict,grant__teach_disbursements,nominal_usd,1,1,0,0.0
grants,2010-2011,excluded_annual_identity_unresolved,opeid_master,directory_crosswalk_identity_conflict,grant__iasg_disbursements,nominal_usd,1,1,0,0.0
grants,2010-2011,excluded_annual_identity_unresolved,opeid_master,multiple_nonadministrative_directory_unitids,grant__pell_disbursements,nominal_usd,4,4,0,83002515.25999999
grants,2010-2011,excluded_annual_identity_unresolved,opeid_master,multiple_nonadministrative_directory_unitids,grant__acg_disbursements,nominal_usd,4,4,0,1419645.33
grants,2010-2011,excluded_annual_identity_unresolved,opeid_master,multiple_nonadministrative_directory_unitids,grant__smart_disbursements,nominal_usd,4,4,0,597697.0
grants,2010-2011,excluded_annual_identity_unresolved,opeid_master,multiple_nonadministrative_directory_unitids,grant__teach_disbursements,nominal_usd,4,4,0,0.0
grants,2010-2011,excluded_annual_identity_unresolved,opeid_master,multiple_nonadministrative_directory_unitids,grant__iasg_disbursements,nominal_usd,4,4,0,0.0
grants,2010-2011,excluded_annual_identity_unresolved,opeid_master,multiple_official_site_unitids,grant__pell_disbursements,nominal_usd,129,129,0,4032805828.63
grants,2010-2011,excluded_annual_identity_unresolved,opeid_master,multiple_official_site_unitids,grant__acg_disbursements,nominal_usd,129,129,0,37282535.04
grants,2010-2011,excluded_annual_identity_unresolved,opeid_master,multiple_official_site_unitids,grant__smart_disbursements,nominal_usd,129,129,0,51634739.54
grants,2010-2011,excluded_annual_identity_unresolved,opeid_master,multiple_official_site_unitids,grant__teach_disbursements,nominal_usd,129,129,0,4241090.41
grants,2010-2011,excluded_annual_identity_unresolved,opeid_master,multiple_official_site_unitids,grant__iasg_disbursements,nominal_usd,129,129,0,11100.0
grants,2010-2011,excluded_annual_identity_unresolved,opeid_master,no_annual_site_match,grant__pell_disbursements,nominal_usd,121,121,0,61294063.45
grants,2010-2011,excluded_annual_identity_unresolved,opeid_master,no_annual_site_match,grant__acg_disbursements,nominal_usd,121,121,0,345817.1
grants,2010-2011,excluded_annual_identity_unresolved,opeid_master,no_annual_site_match,grant__smart_disbursements,nominal_usd,121,121,0,22000.0
grants,2010-2011,excluded_annual_identity_unresolved,opeid_master,no_annual_site_match,grant__teach_disbursements,nominal_usd,121,121,0,0.0
grants,2010-2011,excluded_annual_identity_unresolved,opeid_master,no_annual_site_match,grant__iasg_disbursements,nominal_usd,121,121,0,0.0
grants,2010-2011,excluded_annual_identity_unresolved,opeid_master,resolved_administrative_directory_identity_ineligible,grant__pell_disbursements,nominal_usd,2,2,0,52602021.37
grants,2010-2011,excluded_annual_identity_unresolved,opeid_master,resolved_administrative_directory_identity_ineligible,grant__acg_disbursements,nominal_usd,2,2,0,226654.0
grants,2010-2011,excluded_annual_identity_unresolved,opeid_master,resolved_administrative_directory_identity_ineligible,grant__smart_disbursements,nominal_usd,2,2,0,0.0
grants,2010-2011,excluded_annual_identity_unresolved,opeid_master,resolved_administrative_directory_identity_ineligible,grant__teach_disbursements,nominal_usd,2,2,0,0.0
grants,2010-2011,excluded_annual_identity_unresolved,opeid_master,resolved_administrative_directory_identity_ineligible,grant__iasg_disbursements,nominal_usd,2,2,0,0.0
grants,2010-2011,included_unique_family_record,opeid_master,official_site_alias_annual_unitid_verified,grant__pell_disbursements,nominal_usd,6,6,0,1480579.1400000001
grants,2010-2011,included_unique_family_record,opeid_master,official_site_alias_annual_unitid_verified,grant__acg_disbursements,nominal_usd,6,6,0,6631.25
grants,2010-2011,included_unique_family_record,opeid_master,official_site_alias_annual_unitid_verified,grant__smart_disbursements,nominal_usd,6,6,0,0.0
grants,2010-2011,included_unique_family_record,opeid_master,official_site_alias_annual_unitid_verified,grant__teach_disbursements,nominal_usd,6,6,0,0.0
grants,2010-2011,included_unique_family_record,opeid_master,official_site_alias_annual_unitid_verified,grant__iasg_disbursements,nominal_usd,6,6,0,0.0
grants,2010-2011,included_unique_family_record,opeid_master,official_site_and_directory_agree,grant__pell_disbursements,nominal_usd,5266,5266,0,31337993004.15
grants,2010-2011,included_unique_family_record,opeid_master,official_site_and_directory_agree,grant__acg_disbursements,nominal_usd,5266,5266,0,513866665.32
grants,2010-2011,included_unique_family_record,opeid_master,official_site_and_directory_agree,grant__smart_disbursements,nominal_usd,5266,5266,0,380077305.71
grants,2010-2011,included_unique_family_record,opeid_master,official_site_and_directory_agree,grant__teach_disbursements,nominal_usd,5266,5266,0,117197730.8
grants,2010-2011,included_unique_family_record,opeid_master,official_site_and_directory_agree,grant__iasg_disbursements,nominal_usd,5266,5266,0,157945.0
grants,2011-2012,excluded_annual_identity_unresolved,opeid_master,directory_crosswalk_identity_conflict,grant__pell_disbursements,nominal_usd,3,3,0,111755557.6
grants,2011-2012,excluded_annual_identity_unresolved,opeid_master,directory_crosswalk_identity_conflict,grant__acg_disbursements,nominal_usd,3,0,3,
grants,2011-2012,excluded_annual_identity_unresolved,opeid_master,directory_crosswalk_identity_conflict,grant__smart_disbursements,nominal_usd,3,0,3,
grants,2011-2012,excluded_annual_identity_unresolved,opeid_master,directory_crosswalk_identity_conflict,grant__teach_disbursements,nominal_usd,3,3,0,0.0
grants,2011-2012,excluded_annual_identity_unresolved,opeid_master,directory_crosswalk_identity_conflict,grant__iasg_disbursements,nominal_usd,3,3,0,0.0
grants,2011-2012,excluded_annual_identity_unresolved,opeid_master,multiple_nonadministrative_directory_unitids,grant__pell_disbursements,nominal_usd,2,2,0,49208829.22
grants,2011-2012,excluded_annual_identity_unresolved,opeid_master,multiple_nonadministrative_directory_unitids,grant__acg_disbursements,nominal_usd,2,0,2,
grants,2011-2012,excluded_annual_identity_unresolved,opeid_master,multiple_nonadministrative_directory_unitids,grant__smart_disbursements,nominal_usd,2,0,2,
grants,2011-2012,excluded_annual_identity_unresolved,opeid_master,multiple_nonadministrative_directory_unitids,grant__teach_disbursements,nominal_usd,2,2,0,385843.0
grants,2011-2012,excluded_annual_identity_unresolved,opeid_master,multiple_nonadministrative_directory_unitids,grant__iasg_disbursements,nominal_usd,2,2,0,0.0
grants,2011-2012,excluded_annual_identity_unresolved,opeid_master,multiple_official_site_unitids,grant__pell_disbursements,nominal_usd,31,31,0,868286006.5100001
grants,2011-2012,excluded_annual_identity_unresolved,opeid_master,multiple_official_site_unitids,grant__acg_disbursements,nominal_usd,31,0,31,
grants,2011-2012,excluded_annual_identity_unresolved,opeid_master,multiple_official_site_unitids,grant__smart_disbursements,nominal_usd,31,0,31,
grants,2011-2012,excluded_annual_identity_unresolved,opeid_master,multiple_official_site_unitids,grant__teach_disbursements,nominal_usd,31,31,0,2030194.1400000001
grants,2011-2012,excluded_annual_identity_unresolved,opeid_master,multiple_official_site_unitids,grant__iasg_disbursements,nominal_usd,31,31,0,11100.0
grants,2011-2012,excluded_annual_identity_unresolved,opeid_master,no_annual_site_match,grant__pell_disbursements,nominal_usd,78,78,0,11415785.38
grants,2011-2012,excluded_annual_identity_unresolved,opeid_master,no_annual_site_match,grant__acg_disbursements,nominal_usd,78,0,78,
grants,2011-2012,excluded_annual_identity_unresolved,opeid_master,no_annual_site_match,grant__smart_disbursements,nominal_usd,78,0,78,
grants,2011-2012,excluded_annual_identity_unresolved,opeid_master,no_annual_site_match,grant__teach_disbursements,nominal_usd,78,78,0,0.0
grants,2011-2012,excluded_annual_identity_unresolved,opeid_master,no_annual_site_match,grant__iasg_disbursements,nominal_usd,78,78,0,2082.0
grants,2011-2012,excluded_annual_identity_unresolved,opeid_master,resolved_administrative_directory_identity_ineligible,grant__pell_disbursements,nominal_usd,4,4,0,87358337.5
grants,2011-2012,excluded_annual_identity_unresolved,opeid_master,resolved_administrative_directory_identity_ineligible,grant__acg_disbursements,nominal_usd,4,0,4,
grants,2011-2012,excluded_annual_identity_unresolved,opeid_master,resolved_administrative_directory_identity_ineligible,grant__smart_disbursements,nominal_usd,4,0,4,
grants,2011-2012,excluded_annual_identity_unresolved,opeid_master,resolved_administrative_directory_identity_ineligible,grant__teach_disbursements,nominal_usd,4,4,0,0.0
grants,2011-2012,excluded_annual_identity_unresolved,opeid_master,resolved_administrative_directory_identity_ineligible,grant__iasg_disbursements,nominal_usd,4,4,0,0.0
grants,2011-2012,included_unique_family_record,opeid_master,official_site_alias_annual_unitid_verified,grant__pell_disbursements,nominal_usd,36,36,0,236963629.07
grants,2011-2012,included_unique_family_record,opeid_master,official_site_alias_annual_unitid_verified,grant__acg_disbursements,nominal_usd,36,0,36,
grants,2011-2012,included_unique_family_record,opeid_master,official_site_alias_annual_unitid_verified,grant__smart_disbursements,nominal_usd,36,0,36,
grants,2011-2012,included_unique_family_record,opeid_master,official_site_alias_annual_unitid_verified,grant__teach_disbursements,nominal_usd,36,36,0,4000.0
grants,2011-2012,included_unique_family_record,opeid_master,official_site_alias_annual_unitid_verified,grant__iasg_disbursements,nominal_usd,36,36,0,2775.0
grants,2011-2012,included_unique_family_record,opeid_master,official_site_and_directory_agree,grant__pell_disbursements,nominal_usd,5333,5333,0,32133688648.300003
grants,2011-2012,included_unique_family_record,opeid_master,official_site_and_directory_agree,grant__acg_disbursements,nominal_usd,5333,0,5333,
grants,2011-2012,included_unique_family_record,opeid_master,official_site_and_directory_agree,grant__smart_disbursements,nominal_usd,5333,0,5333,
grants,2011-2012,included_unique_family_record,opeid_master,official_site_and_directory_agree,grant__teach_disbursements,nominal_usd,5333,5333,0,117617469.15
grants,2011-2012,included_unique_family_record,opeid_master,official_site_and_directory_agree,grant__iasg_disbursements,nominal_usd,5333,5333,0,160665.46
grants,2012-2013,excluded_annual_identity_unresolved,opeid_master,multiple_official_site_unitids,grant__pell_disbursements,nominal_usd,35,35,0,946554563.2599999
grants,2012-2013,excluded_annual_identity_unresolved,opeid_master,multiple_official_site_unitids,grant__acg_disbursements,nominal_usd,35,0,35,
grants,2012-2013,excluded_annual_identity_unresolved,opeid_master,multiple_official_site_unitids,grant__smart_disbursements,nominal_usd,35,0,35,
grants,2012-2013,excluded_annual_identity_unresolved,opeid_master,multiple_official_site_unitids,grant__teach_disbursements,nominal_usd,35,35,0,2105768.0
grants,2012-2013,excluded_annual_identity_unresolved,opeid_master,multiple_official_site_unitids,grant__iasg_disbursements,nominal_usd,35,35,0,11050.0
grants,2012-2013,excluded_annual_identity_unresolved,opeid_master,no_annual_site_match,grant__pell_disbursements,nominal_usd,60,60,0,5492882.2
grants,2012-2013,excluded_annual_identity_unresolved,opeid_master,no_annual_site_match,grant__acg_disbursements,nominal_usd,60,0,60,
grants,2012-2013,excluded_annual_identity_unresolved,opeid_master,no_annual_site_match,grant__smart_disbursements,nominal_usd,60,0,60,
grants,2012-2013,excluded_annual_identity_unresolved,opeid_master,no_annual_site_match,grant__teach_disbursements,nominal_usd,60,60,0,0.0
grants,2012-2013,excluded_annual_identity_unresolved,opeid_master,no_annual_site_match,grant__iasg_disbursements,nominal_usd,60,60,0,0.0
grants,2012-2013,excluded_annual_identity_unresolved,opeid_master,resolved_administrative_directory_identity_ineligible,grant__pell_disbursements,nominal_usd,2,2,0,30912296.209999997
grants,2012-2013,excluded_annual_identity_unresolved,opeid_master,resolved_administrative_directory_identity_ineligible,grant__acg_disbursements,nominal_usd,2,0,2,
grants,2012-2013,excluded_annual_identity_unresolved,opeid_master,resolved_administrative_directory_identity_ineligible,grant__smart_disbursements,nominal_usd,2,0,2,
grants,2012-2013,excluded_annual_identity_unresolved,opeid_master,resolved_administrative_directory_identity_ineligible,grant__teach_disbursements,nominal_usd,2,2,0,0.0
grants,2012-2013,excluded_annual_identity_unresolved,opeid_master,resolved_administrative_directory_identity_ineligible,grant__iasg_disbursements,nominal_usd,2,2,0,0.0
grants,2012-2013,included_unique_family_record,opeid_master,official_site_alias_annual_unitid_verified,grant__pell_disbursements,nominal_usd,28,28,0,168453540.36999997
grants,2012-2013,included_unique_family_record,opeid_master,official_site_alias_annual_unitid_verified,grant__acg_disbursements,nominal_usd,28,0,28,
grants,2012-2013,included_unique_family_record,opeid_master,official_site_alias_annual_unitid_verified,grant__smart_disbursements,nominal_usd,28,0,28,
grants,2012-2013,included_unique_family_record,opeid_master,official_site_alias_annual_unitid_verified,grant__teach_disbursements,nominal_usd,28,28,0,4000.0
grants,2012-2013,included_unique_family_record,opeid_master,official_site_alias_annual_unitid_verified,grant__iasg_disbursements,nominal_usd,28,28,0,5550.0
grants,2012-2013,included_unique_family_record,opeid_master,official_site_and_directory_agree,grant__pell_disbursements,nominal_usd,5350,5350,0,30895559541.520004
grants,2012-2013,included_unique_family_record,opeid_master,official_site_and_directory_agree,grant__acg_disbursements,nominal_usd,5350,0,5350,
grants,2012-2013,included_unique_family_record,opeid_master,official_site_and_directory_agree,grant__smart_disbursements,nominal_usd,5350,0,5350,
grants,2012-2013,included_unique_family_record,opeid_master,official_site_and_directory_agree,grant__teach_disbursements,nominal_usd,5350,5350,0,107699331.49000001
grants,2012-2013,included_unique_family_record,opeid_master,official_site_and_directory_agree,grant__iasg_disbursements,nominal_usd,5350,5350,0,210794.0
grants,2013-2014,excluded_annual_identity_unresolved,opeid_master,directory_crosswalk_identity_conflict,grant__pell_disbursements,nominal_usd,4,4,0,37579724.79
grants,2013-2014,excluded_annual_identity_unresolved,opeid_master,directory_crosswalk_identity_conflict,grant__acg_disbursements,nominal_usd,4,0,4,
grants,2013-2014,excluded_annual_identity_unresolved,opeid_master,directory_crosswalk_identity_conflict,grant__smart_disbursements,nominal_usd,4,0,4,
grants,2013-2014,excluded_annual_identity_unresolved,opeid_master,directory_crosswalk_identity_conflict,grant__teach_disbursements,nominal_usd,4,4,0,0.0
grants,2013-2014,excluded_annual_identity_unresolved,opeid_master,directory_crosswalk_identity_conflict,grant__iasg_disbursements,nominal_usd,4,4,0,0.0
grants,2013-2014,excluded_annual_identity_unresolved,opeid_master,multiple_nonadministrative_directory_unitids,grant__pell_disbursements,nominal_usd,7,7,0,222241029.28
grants,2013-2014,excluded_annual_identity_unresolved,opeid_master,multiple_nonadministrative_directory_unitids,grant__acg_disbursements,nominal_usd,7,0,7,
grants,2013-2014,excluded_annual_identity_unresolved,opeid_master,multiple_nonadministrative_directory_unitids,grant__smart_disbursements,nominal_usd,7,0,7,
grants,2013-2014,excluded_annual_identity_unresolved,opeid_master,multiple_nonadministrative_directory_unitids,grant__teach_disbursements,nominal_usd,7,7,0,227069.5
grants,2013-2014,excluded_annual_identity_unresolved,opeid_master,multiple_nonadministrative_directory_unitids,grant__iasg_disbursements,nominal_usd,7,7,0,0.0
grants,2013-2014,excluded_annual_identity_unresolved,opeid_master,multiple_official_site_unitids,grant__pell_disbursements,nominal_usd,38,38,0,982651811.29
grants,2013-2014,excluded_annual_identity_unresolved,opeid_master,multiple_official_site_unitids,grant__acg_disbursements,nominal_usd,38,0,38,
grants,2013-2014,excluded_annual_identity_unresolved,opeid_master,multiple_official_site_unitids,grant__smart_disbursements,nominal_usd,38,0,38,
grants,2013-2014,excluded_annual_identity_unresolved,opeid_master,multiple_official_site_unitids,grant__teach_disbursements,nominal_usd,38,38,0,1799540.6
grants,2013-2014,excluded_annual_identity_unresolved,opeid_master,multiple_official_site_unitids,grant__iasg_disbursements,nominal_usd,38,38,0,10161.0
grants,2013-2014,excluded_annual_identity_unresolved,opeid_master,no_annual_site_match,grant__pell_disbursements,nominal_usd,86,86,0,148409286.26
grants,2013-2014,excluded_annual_identity_unresolved,opeid_master,no_annual_site_match,grant__acg_disbursements,nominal_usd,86,0,86,
grants,2013-2014,excluded_annual_identity_unresolved,opeid_master,no_annual_site_match,grant__smart_disbursements,nominal_usd,86,0,86,
grants,2013-2014,excluded_annual_identity_unresolved,opeid_master,no_annual_site_match,grant__teach_disbursements,nominal_usd,86,86,0,0.0
grants,2013-2014,excluded_annual_identity_unresolved,opeid_master,no_annual_site_match,grant__iasg_disbursements,nominal_usd,86,86,0,0.0
grants,2013-2014,excluded_annual_identity_unresolved,opeid_master,resolved_administrative_directory_identity_ineligible,grant__pell_disbursements,nominal_usd,1,1,0,809416.96
grants,2013-2014,excluded_annual_identity_unresolved,opeid_master,resolved_administrative_directory_identity_ineligible,grant__acg_disbursements,nominal_usd,1,0,1,
grants,2013-2014,excluded_annual_identity_unresolved,opeid_master,resolved_administrative_directory_identity_ineligible,grant__smart_disbursements,nominal_usd,1,0,1,
grants,2013-2014,excluded_annual_identity_unresolved,opeid_master,resolved_administrative_directory_identity_ineligible,grant__teach_disbursements,nominal_usd,1,1,0,0.0
grants,2013-2014,excluded_annual_identity_unresolved,opeid_master,resolved_administrative_directory_identity_ineligible,grant__iasg_disbursements,nominal_usd,1,1,0,0.0
grants,2013-2014,included_unique_family_record,opeid_master,official_site_alias_annual_unitid_verified,grant__pell_disbursements,nominal_usd,8,8,0,6352300.8
grants,2013-2014,included_unique_family_record,opeid_master,official_site_alias_annual_unitid_verified,grant__acg_disbursements,nominal_usd,8,0,8,
grants,2013-2014,included_unique_family_record,opeid_master,official_site_alias_annual_unitid_verified,grant__smart_disbursements,nominal_usd,8,0,8,
grants,2013-2014,included_unique_family_record,opeid_master,official_site_alias_annual_unitid_verified,grant__teach_disbursements,nominal_usd,8,8,0,0.0
grants,2013-2014,included_unique_family_record,opeid_master,official_site_alias_annual_unitid_verified,grant__iasg_disbursements,nominal_usd,8,8,0,0.0
grants,2013-2014,included_unique_family_record,opeid_master,official_site_and_directory_agree,grant__pell_disbursements,nominal_usd,5337,5337,0,30069844421.02
grants,2013-2014,included_unique_family_record,opeid_master,official_site_and_directory_agree,grant__acg_disbursements,nominal_usd,5337,0,5337,
grants,2013-2014,included_unique_family_record,opeid_master,official_site_and_directory_agree,grant__smart_disbursements,nominal_usd,5337,0,5337,
grants,2013-2014,included_unique_family_record,opeid_master,official_site_and_directory_agree,grant__teach_disbursements,nominal_usd,5337,5337,0,94486810.55
grants,2013-2014,included_unique_family_record,opeid_master,official_site_and_directory_agree,grant__iasg_disbursements,nominal_usd,5337,5337,0,291769.36
grants,2014-2015,excluded_annual_identity_unresolved,opeid_master,directory_crosswalk_identity_conflict,grant__pell_disbursements,nominal_usd,1,1,0,67787.32
grants,2014-2015,excluded_annual_identity_unresolved,opeid_master,directory_crosswalk_identity_conflict,grant__acg_disbursements,nominal_usd,1,0,1,
grants,2014-2015,excluded_annual_identity_unresolved,opeid_master,directory_crosswalk_identity_conflict,grant__smart_disbursements,nominal_usd,1,0,1,
grants,2014-2015,excluded_annual_identity_unresolved,opeid_master,directory_crosswalk_identity_conflict,grant__teach_disbursements,nominal_usd,1,1,0,0.0
grants,2014-2015,excluded_annual_identity_unresolved,opeid_master,directory_crosswalk_identity_conflict,grant__iasg_disbursements,nominal_usd,1,1,0,0.0
grants,2014-2015,excluded_annual_identity_unresolved,opeid_master,multiple_nonadministrative_directory_unitids,grant__pell_disbursements,nominal_usd,4,4,0,595486141.51
grants,2014-2015,excluded_annual_identity_unresolved,opeid_master,multiple_nonadministrative_directory_unitids,grant__acg_disbursements,nominal_usd,4,0,4,
grants,2014-2015,excluded_annual_identity_unresolved,opeid_master,multiple_nonadministrative_directory_unitids,grant__smart_disbursements,nominal_usd,4,0,4,
grants,2014-2015,excluded_annual_identity_unresolved,opeid_master,multiple_nonadministrative_directory_unitids,grant__teach_disbursements,nominal_usd,4,4,0,175624.0
grants,2014-2015,excluded_annual_identity_unresolved,opeid_master,multiple_nonadministrative_directory_unitids,grant__iasg_disbursements,nominal_usd,4,4,0,0.0
grants,2014-2015,excluded_annual_identity_unresolved,opeid_master,multiple_official_site_unitids,grant__pell_disbursements,nominal_usd,37,37,0,999529566.62
grants,2014-2015,excluded_annual_identity_unresolved,opeid_master,multiple_official_site_unitids,grant__acg_disbursements,nominal_usd,37,0,37,
grants,2014-2015,excluded_annual_identity_unresolved,opeid_master,multiple_official_site_unitids,grant__smart_disbursements,nominal_usd,37,0,37,
grants,2014-2015,excluded_annual_identity_unresolved,opeid_master,multiple_official_site_unitids,grant__teach_disbursements,nominal_usd,37,37,0,1708773.85
grants,2014-2015,excluded_annual_identity_unresolved,opeid_master,multiple_official_site_unitids,grant__iasg_disbursements,nominal_usd,37,37,0,29245.48
grants,2014-2015,excluded_annual_identity_unresolved,opeid_master,no_annual_site_match,grant__pell_disbursements,nominal_usd,72,72,0,129010385.83999999
grants,2014-2015,excluded_annual_identity_unresolved,opeid_master,no_annual_site_match,grant__acg_disbursements,nominal_usd,72,0,72,
grants,2014-2015,excluded_annual_identity_unresolved,opeid_master,no_annual_site_match,grant__smart_disbursements,nominal_usd,72,0,72,
grants,2014-2015,excluded_annual_identity_unresolved,opeid_master,no_annual_site_match,grant__teach_disbursements,nominal_usd,72,72,0,0.0
grants,2014-2015,excluded_annual_identity_unresolved,opeid_master,no_annual_site_match,grant__iasg_disbursements,nominal_usd,72,72,0,0.0
grants,2014-2015,excluded_annual_identity_unresolved,opeid_master,resolved_administrative_directory_identity_ineligible,grant__pell_disbursements,nominal_usd,1,1,0,854552.0
grants,2014-2015,excluded_annual_identity_unresolved,opeid_master,resolved_administrative_directory_identity_ineligible,grant__acg_disbursements,nominal_usd,1,0,1,
grants,2014-2015,excluded_annual_identity_unresolved,opeid_master,resolved_administrative_directory_identity_ineligible,grant__smart_disbursements,nominal_usd,1,0,1,
grants,2014-2015,excluded_annual_identity_unresolved,opeid_master,resolved_administrative_directory_identity_ineligible,grant__teach_disbursements,nominal_usd,1,1,0,0.0
grants,2014-2015,excluded_annual_identity_unresolved,opeid_master,resolved_administrative_directory_identity_ineligible,grant__iasg_disbursements,nominal_usd,1,1,0,0.0
grants,2014-2015,included_unique_family_record,opeid_master,official_site_alias_annual_unitid_verified,grant__pell_disbursements,nominal_usd,1,1,0,2483180.0
grants,2014-2015,included_unique_family_record,opeid_master,official_site_alias_annual_unitid_verified,grant__acg_disbursements,nominal_usd,1,0,1,
grants,2014-2015,included_unique_family_record,opeid_master,official_site_alias_annual_unitid_verified,grant__smart_disbursements,nominal_usd,1,0,1,
grants,2014-2015,included_unique_family_record,opeid_master,official_site_alias_annual_unitid_verified,grant__teach_disbursements,nominal_usd,1,1,0,0.0
grants,2014-2015,included_unique_family_record,opeid_master,official_site_alias_annual_unitid_verified,grant__iasg_disbursements,nominal_usd,1,1,0,0.0
grants,2014-2015,included_unique_family_record,opeid_master,official_site_and_directory_agree,grant__pell_disbursements,nominal_usd,5333,5333,0,28894610012.609997
grants,2014-2015,included_unique_family_record,opeid_master,official_site_and_directory_agree,grant__acg_disbursements,nominal_usd,5333,0,5333,
grants,2014-2015,included_unique_family_record,opeid_master,official_site_and_directory_agree,grant__smart_disbursements,nominal_usd,5333,0,5333,
grants,2014-2015,included_unique_family_record,opeid_master,official_site_and_directory_agree,grant__teach_disbursements,nominal_usd,5333,5333,0,92452735.55000001
grants,2014-2015,included_unique_family_record,opeid_master,official_site_and_directory_agree,grant__iasg_disbursements,nominal_usd,5333,5333,0,302117.30000000005
grants,2015-2016,excluded_annual_identity_unresolved,opeid_master,directory_crosswalk_identity_conflict,grant__pell_disbursements,nominal_usd,1,1,0,4351.0
grants,2015-2016,excluded_annual_identity_unresolved,opeid_master,directory_crosswalk_identity_conflict,grant__acg_disbursements,nominal_usd,1,0,1,
grants,2015-2016,excluded_annual_identity_unresolved,opeid_master,directory_crosswalk_identity_conflict,grant__smart_disbursements,nominal_usd,1,0,1,
grants,2015-2016,excluded_annual_identity_unresolved,opeid_master,directory_crosswalk_identity_conflict,grant__teach_disbursements,nominal_usd,1,1,0,0.0
grants,2015-2016,excluded_annual_identity_unresolved,opeid_master,directory_crosswalk_identity_conflict,grant__iasg_disbursements,nominal_usd,1,1,0,0.0
grants,2015-2016,excluded_annual_identity_unresolved,opeid_master,multiple_nonadministrative_directory_unitids,grant__pell_disbursements,nominal_usd,6,6,0,85154695.46
grants,2015-2016,excluded_annual_identity_unresolved,opeid_master,multiple_nonadministrative_directory_unitids,grant__acg_disbursements,nominal_usd,6,0,6,
grants,2015-2016,excluded_annual_identity_unresolved,opeid_master,multiple_nonadministrative_directory_unitids,grant__smart_disbursements,nominal_usd,6,0,6,
grants,2015-2016,excluded_annual_identity_unresolved,opeid_master,multiple_nonadministrative_directory_unitids,grant__teach_disbursements,nominal_usd,6,6,0,78481.5
grants,2015-2016,excluded_annual_identity_unresolved,opeid_master,multiple_nonadministrative_directory_unitids,grant__iasg_disbursements,nominal_usd,6,6,0,0.0
grants,2015-2016,excluded_annual_identity_unresolved,opeid_master,multiple_official_site_unitids,grant__pell_disbursements,nominal_usd,39,39,0,949859203.2199998
grants,2015-2016,excluded_annual_identity_unresolved,opeid_master,multiple_official_site_unitids,grant__acg_disbursements,nominal_usd,39,0,39,
grants,2015-2016,excluded_annual_identity_unresolved,opeid_master,multiple_official_site_unitids,grant__smart_disbursements,nominal_usd,39,0,39,
grants,2015-2016,excluded_annual_identity_unresolved,opeid_master,multiple_official_site_unitids,grant__teach_disbursements,nominal_usd,39,39,0,1771567.0
grants,2015-2016,excluded_annual_identity_unresolved,opeid_master,multiple_official_site_unitids,grant__iasg_disbursements,nominal_usd,39,39,0,21441.86
grants,2015-2016,excluded_annual_identity_unresolved,opeid_master,no_annual_site_match,grant__pell_disbursements,nominal_usd,60,60,0,4381300.27
grants,2015-2016,excluded_annual_identity_unresolved,opeid_master,no_annual_site_match,grant__acg_disbursements,nominal_usd,60,0,60,
grants,2015-2016,excluded_annual_identity_unresolved,opeid_master,no_annual_site_match,grant__smart_disbursements,nominal_usd,60,0,60,
grants,2015-2016,excluded_annual_identity_unresolved,opeid_master,no_annual_site_match,grant__teach_disbursements,nominal_usd,60,60,0,0.0
grants,2015-2016,excluded_annual_identity_unresolved,opeid_master,no_annual_site_match,grant__iasg_disbursements,nominal_usd,60,60,0,0.0
grants,2015-2016,excluded_annual_identity_unresolved,opeid_master,resolved_administrative_directory_identity_ineligible,grant__pell_disbursements,nominal_usd,1,1,0,787236.0
grants,2015-2016,excluded_annual_identity_unresolved,opeid_master,resolved_administrative_directory_identity_ineligible,grant__acg_disbursements,nominal_usd,1,0,1,
grants,2015-2016,excluded_annual_identity_unresolved,opeid_master,resolved_administrative_directory_identity_ineligible,grant__smart_disbursements,nominal_usd,1,0,1,
grants,2015-2016,excluded_annual_identity_unresolved,opeid_master,resolved_administrative_directory_identity_ineligible,grant__teach_disbursements,nominal_usd,1,1,0,0.0
grants,2015-2016,excluded_annual_identity_unresolved,opeid_master,resolved_administrative_directory_identity_ineligible,grant__iasg_disbursements,nominal_usd,1,1,0,0.0
grants,2015-2016,included_unique_family_record,opeid_master,official_site_alias_annual_unitid_verified,grant__pell_disbursements,nominal_usd,3,3,0,17924334.16
grants,2015-2016,included_unique_family_record,opeid_master,official_site_alias_annual_unitid_verified,grant__acg_disbursements,nominal_usd,3,0,3,
grants,2015-2016,included_unique_family_record,opeid_master,official_site_alias_annual_unitid_verified,grant__smart_disbursements,nominal_usd,3,0,3,
grants,2015-2016,included_unique_family_record,opeid_master,official_site_alias_annual_unitid_verified,grant__teach_disbursements,nominal_usd,3,3,0,0.0
grants,2015-2016,included_unique_family_record,opeid_master,official_site_alias_annual_unitid_verified,grant__iasg_disbursements,nominal_usd,3,3,0,0.0
grants,2015-2016,included_unique_family_record,opeid_master,official_site_and_directory_agree,grant__pell_disbursements,nominal_usd,5287,5287,0,27493528640.47
grants,2015-2016,included_unique_family_record,opeid_master,official_site_and_directory_agree,grant__acg_disbursements,nominal_usd,5287,0,5287,
grants,2015-2016,included_unique_family_record,opeid_master,official_site_and_directory_agree,grant__smart_disbursements,nominal_usd,5287,0,5287,
grants,2015-2016,included_unique_family_record,opeid_master,official_site_and_directory_agree,grant__teach_disbursements,nominal_usd,5287,5287,0,87560972.81
grants,2015-2016,included_unique_family_record,opeid_master,official_site_and_directory_agree,grant__iasg_disbursements,nominal_usd,5287,5287,0,350474.83
grants,2016-2017,excluded_annual_identity_unresolved,opeid_master,directory_crosswalk_identity_conflict,grant__pell_disbursements,nominal_usd,6,6,0,5891030.609999999
grants,2016-2017,excluded_annual_identity_unresolved,opeid_master,directory_crosswalk_identity_conflict,grant__acg_disbursements,nominal_usd,6,0,6,
grants,2016-2017,excluded_annual_identity_unresolved,opeid_master,directory_crosswalk_identity_conflict,grant__smart_disbursements,nominal_usd,6,0,6,
grants,2016-2017,excluded_annual_identity_unresolved,opeid_master,directory_crosswalk_identity_conflict,grant__teach_disbursements,nominal_usd,6,6,0,0.0
grants,2016-2017,excluded_annual_identity_unresolved,opeid_master,directory_crosswalk_identity_conflict,grant__iasg_disbursements,nominal_usd,6,6,0,0.0
grants,2016-2017,excluded_annual_identity_unresolved,opeid_master,multiple_nonadministrative_directory_unitids,grant__pell_disbursements,nominal_usd,2,2,0,2644200.0
grants,2016-2017,excluded_annual_identity_unresolved,opeid_master,multiple_nonadministrative_directory_unitids,grant__acg_disbursements,nominal_usd,2,0,2,
grants,2016-2017,excluded_annual_identity_unresolved,opeid_master,multiple_nonadministrative_directory_unitids,grant__smart_disbursements,nominal_usd,2,0,2,
grants,2016-2017,excluded_annual_identity_unresolved,opeid_master,multiple_nonadministrative_directory_unitids,grant__teach_disbursements,nominal_usd,2,2,0,0.0
grants,2016-2017,excluded_annual_identity_unresolved,opeid_master,multiple_nonadministrative_directory_unitids,grant__iasg_disbursements,nominal_usd,2,2,0,0.0
grants,2016-2017,excluded_annual_identity_unresolved,opeid_master,multiple_official_site_unitids,grant__pell_disbursements,nominal_usd,38,38,0,730805156.3000001
grants,2016-2017,excluded_annual_identity_unresolved,opeid_master,multiple_official_site_unitids,grant__acg_disbursements,nominal_usd,38,0,38,
grants,2016-2017,excluded_annual_identity_unresolved,opeid_master,multiple_official_site_unitids,grant__smart_disbursements,nominal_usd,38,0,38,
grants,2016-2017,excluded_annual_identity_unresolved,opeid_master,multiple_official_site_unitids,grant__teach_disbursements,nominal_usd,38,38,0,2046682.0
grants,2016-2017,excluded_annual_identity_unresolved,opeid_master,multiple_official_site_unitids,grant__iasg_disbursements,nominal_usd,38,38,0,18291.43
grants,2016-2017,excluded_annual_identity_unresolved,opeid_master,no_annual_site_match,grant__pell_disbursements,nominal_usd,45,45,0,4467651.53
grants,2016-2017,excluded_annual_identity_unresolved,opeid_master,no_annual_site_match,grant__acg_disbursements,nominal_usd,45,0,45,
grants,2016-2017,excluded_annual_identity_unresolved,opeid_master,no_annual_site_match,grant__smart_disbursements,nominal_usd,45,0,45,
grants,2016-2017,excluded_annual_identity_unresolved,opeid_master,no_annual_site_match,grant__teach_disbursements,nominal_usd,45,45,0,0.0
grants,2016-2017,excluded_annual_identity_unresolved,opeid_master,no_annual_site_match,grant__iasg_disbursements,nominal_usd,45,45,0,0.0
grants,2016-2017,excluded_annual_identity_unresolved,opeid_master,resolved_administrative_directory_identity_ineligible,grant__pell_disbursements,nominal_usd,1,1,0,652966.0
grants,2016-2017,excluded_annual_identity_unresolved,opeid_master,resolved_administrative_directory_identity_ineligible,grant__acg_disbursements,nominal_usd,1,0,1,
grants,2016-2017,excluded_annual_identity_unresolved,opeid_master,resolved_administrative_directory_identity_ineligible,grant__smart_disbursements,nominal_usd,1,0,1,
grants,2016-2017,excluded_annual_identity_unresolved,opeid_master,resolved_administrative_directory_identity_ineligible,grant__teach_disbursements,nominal_usd,1,1,0,0.0
grants,2016-2017,excluded_annual_identity_unresolved,opeid_master,resolved_administrative_directory_identity_ineligible,grant__iasg_disbursements,nominal_usd,1,1,0,0.0
grants,2016-2017,included_unique_family_record,opeid_master,official_site_alias_annual_unitid_verified,grant__pell_disbursements,nominal_usd,2,2,0,13812005.56
grants,2016-2017,included_unique_family_record,opeid_master,official_site_alias_annual_unitid_verified,grant__acg_disbursements,nominal_usd,2,0,2,
grants,2016-2017,included_unique_family_record,opeid_master,official_site_alias_annual_unitid_verified,grant__smart_disbursements,nominal_usd,2,0,2,
grants,2016-2017,included_unique_family_record,opeid_master,official_site_alias_annual_unitid_verified,grant__teach_disbursements,nominal_usd,2,2,0,0.0
grants,2016-2017,included_unique_family_record,opeid_master,official_site_alias_annual_unitid_verified,grant__iasg_disbursements,nominal_usd,2,2,0,0.0
grants,2016-2017,included_unique_family_record,opeid_master,official_site_and_directory_agree,grant__pell_disbursements,nominal_usd,5216,5216,0,26127444470.909996
grants,2016-2017,included_unique_family_record,opeid_master,official_site_and_directory_agree,grant__acg_disbursements,nominal_usd,5216,0,5216,
grants,2016-2017,included_unique_family_record,opeid_master,official_site_and_directory_agree,grant__smart_disbursements,nominal_usd,5216,0,5216,
grants,2016-2017,included_unique_family_record,opeid_master,official_site_and_directory_agree,grant__teach_disbursements,nominal_usd,5216,5216,0,84618057.32999998
grants,2016-2017,included_unique_family_record,opeid_master,official_site_and_directory_agree,grant__iasg_disbursements,nominal_usd,5216,5216,0,354185.14
grants,2017-2018,excluded_annual_identity_unresolved,opeid_master,multiple_nonadministrative_directory_unitids,grant__pell_disbursements,nominal_usd,1,1,0,14468986.12
grants,2017-2018,excluded_annual_identity_unresolved,opeid_master,multiple_nonadministrative_directory_unitids,grant__acg_disbursements,nominal_usd,1,0,1,
grants,2017-2018,excluded_annual_identity_unresolved,opeid_master,multiple_nonadministrative_directory_unitids,grant__smart_disbursements,nominal_usd,1,0,1,
grants,2017-2018,excluded_annual_identity_unresolved,opeid_master,multiple_nonadministrative_directory_unitids,grant__teach_disbursements,nominal_usd,1,0,1,
grants,2017-2018,excluded_annual_identity_unresolved,opeid_master,multiple_nonadministrative_directory_unitids,grant__iasg_disbursements,nominal_usd,1,0,1,
grants,2017-2018,excluded_annual_identity_unresolved,opeid_master,multiple_official_site_unitids,grant__pell_disbursements,nominal_usd,39,39,0,829548112.2000003
grants,2017-2018,excluded_annual_identity_unresolved,opeid_master,multiple_official_site_unitids,grant__acg_disbursements,nominal_usd,39,0,39,
grants,2017-2018,excluded_annual_identity_unresolved,opeid_master,multiple_official_site_unitids,grant__smart_disbursements,nominal_usd,39,0,39,
grants,2017-2018,excluded_annual_identity_unresolved,opeid_master,multiple_official_site_unitids,grant__teach_disbursements,nominal_usd,39,13,26,2328624.5
grants,2017-2018,excluded_annual_identity_unresolved,opeid_master,multiple_official_site_unitids,grant__iasg_disbursements,nominal_usd,39,2,37,28934.96
grants,2017-2018,excluded_annual_identity_unresolved,opeid_master,no_annual_site_match,grant__pell_disbursements,nominal_usd,53,53,0,23839198.84
grants,2017-2018,excluded_annual_identity_unresolved,opeid_master,no_annual_site_match,grant__acg_disbursements,nominal_usd,53,0,53,
grants,2017-2018,excluded_annual_identity_unresolved,opeid_master,no_annual_site_match,grant__smart_disbursements,nominal_usd,53,0,53,
grants,2017-2018,excluded_annual_identity_unresolved,opeid_master,no_annual_site_match,grant__teach_disbursements,nominal_usd,53,0,53,
grants,2017-2018,excluded_annual_identity_unresolved,opeid_master,no_annual_site_match,grant__iasg_disbursements,nominal_usd,53,0,53,
grants,2017-2018,excluded_annual_identity_unresolved,opeid_master,resolved_administrative_directory_identity_ineligible,grant__pell_disbursements,nominal_usd,1,1,0,715310.0
grants,2017-2018,excluded_annual_identity_unresolved,opeid_master,resolved_administrative_directory_identity_ineligible,grant__acg_disbursements,nominal_usd,1,0,1,
grants,2017-2018,excluded_annual_identity_unresolved,opeid_master,resolved_administrative_directory_identity_ineligible,grant__smart_disbursements,nominal_usd,1,0,1,
grants,2017-2018,excluded_annual_identity_unresolved,opeid_master,resolved_administrative_directory_identity_ineligible,grant__teach_disbursements,nominal_usd,1,0,1,
grants,2017-2018,excluded_annual_identity_unresolved,opeid_master,resolved_administrative_directory_identity_ineligible,grant__iasg_disbursements,nominal_usd,1,0,1,
grants,2017-2018,included_unique_family_record,opeid_master,official_site_alias_annual_unitid_verified,grant__pell_disbursements,nominal_usd,3,3,0,2789672.06
grants,2017-2018,included_unique_family_record,opeid_master,official_site_alias_annual_unitid_verified,grant__acg_disbursements,nominal_usd,3,0,3,
grants,2017-2018,included_unique_family_record,opeid_master,official_site_alias_annual_unitid_verified,grant__smart_disbursements,nominal_usd,3,0,3,
grants,2017-2018,included_unique_family_record,opeid_master,official_site_alias_annual_unitid_verified,grant__teach_disbursements,nominal_usd,3,0,3,
grants,2017-2018,included_unique_family_record,opeid_master,official_site_alias_annual_unitid_verified,grant__iasg_disbursements,nominal_usd,3,0,3,
grants,2017-2018,included_unique_family_record,opeid_master,official_site_and_directory_agree,grant__pell_disbursements,nominal_usd,5115,5111,4,27799142864.15
grants,2017-2018,included_unique_family_record,opeid_master,official_site_and_directory_agree,grant__acg_disbursements,nominal_usd,5115,0,5115,
grants,2017-2018,included_unique_family_record,opeid_master,official_site_and_directory_agree,grant__smart_disbursements,nominal_usd,5115,0,5115,
grants,2017-2018,included_unique_family_record,opeid_master,official_site_and_directory_agree,grant__teach_disbursements,nominal_usd,5115,737,4378,84124444.09
grants,2017-2018,included_unique_family_record,opeid_master,official_site_and_directory_agree,grant__iasg_disbursements,nominal_usd,5115,57,5058,320007.4800000001
grants,2018-2019,excluded_annual_identity_unresolved,opeid_master,directory_crosswalk_identity_conflict,grant__pell_disbursements,nominal_usd,11,11,0,35994639.589999996
grants,2018-2019,excluded_annual_identity_unresolved,opeid_master,directory_crosswalk_identity_conflict,grant__acg_disbursements,nominal_usd,11,0,11,
grants,2018-2019,excluded_annual_identity_unresolved,opeid_master,directory_crosswalk_identity_conflict,grant__smart_disbursements,nominal_usd,11,0,11,
grants,2018-2019,excluded_annual_identity_unresolved,opeid_master,directory_crosswalk_identity_conflict,grant__teach_disbursements,nominal_usd,11,0,11,
grants,2018-2019,excluded_annual_identity_unresolved,opeid_master,directory_crosswalk_identity_conflict,grant__iasg_disbursements,nominal_usd,11,0,11,
grants,2018-2019,excluded_annual_identity_unresolved,opeid_master,multiple_official_site_unitids,grant__pell_disbursements,nominal_usd,40,40,0,855030334.52
grants,2018-2019,excluded_annual_identity_unresolved,opeid_master,multiple_official_site_unitids,grant__acg_disbursements,nominal_usd,40,0,40,
grants,2018-2019,excluded_annual_identity_unresolved,opeid_master,multiple_official_site_unitids,grant__smart_disbursements,nominal_usd,40,0,40,
grants,2018-2019,excluded_annual_identity_unresolved,opeid_master,multiple_official_site_unitids,grant__teach_disbursements,nominal_usd,40,16,24,2056181.51
grants,2018-2019,excluded_annual_identity_unresolved,opeid_master,multiple_official_site_unitids,grant__iasg_disbursements,nominal_usd,40,3,37,20640.629999999997
grants,2018-2019,excluded_annual_identity_unresolved,opeid_master,no_annual_site_match,grant__pell_disbursements,nominal_usd,44,44,0,20284453.36
grants,2018-2019,excluded_annual_identity_unresolved,opeid_master,no_annual_site_match,grant__acg_disbursements,nominal_usd,44,0,44,
grants,2018-2019,excluded_annual_identity_unresolved,opeid_master,no_annual_site_match,grant__smart_disbursements,nominal_usd,44,0,44,
grants,2018-2019,excluded_annual_identity_unresolved,opeid_master,no_annual_site_match,grant__teach_disbursements,nominal_usd,44,0,44,
grants,2018-2019,excluded_annual_identity_unresolved,opeid_master,no_annual_site_match,grant__iasg_disbursements,nominal_usd,44,0,44,
grants,2018-2019,excluded_annual_identity_unresolved,opeid_master,resolved_administrative_directory_identity_ineligible,grant__pell_disbursements,nominal_usd,1,1,0,632529.0
grants,2018-2019,excluded_annual_identity_unresolved,opeid_master,resolved_administrative_directory_identity_ineligible,grant__acg_disbursements,nominal_usd,1,0,1,
grants,2018-2019,excluded_annual_identity_unresolved,opeid_master,resolved_administrative_directory_identity_ineligible,grant__smart_disbursements,nominal_usd,1,0,1,
grants,2018-2019,excluded_annual_identity_unresolved,opeid_master,resolved_administrative_directory_identity_ineligible,grant__teach_disbursements,nominal_usd,1,0,1,
grants,2018-2019,excluded_annual_identity_unresolved,opeid_master,resolved_administrative_directory_identity_ineligible,grant__iasg_disbursements,nominal_usd,1,0,1,
grants,2018-2019,included_unique_family_record,opeid_master,official_site_and_directory_agree,grant__pell_disbursements,nominal_usd,5022,5018,4,27493678277.7
grants,2018-2019,included_unique_family_record,opeid_master,official_site_and_directory_agree,grant__acg_disbursements,nominal_usd,5022,0,5022,
grants,2018-2019,included_unique_family_record,opeid_master,official_site_and_directory_agree,grant__smart_disbursements,nominal_usd,5022,0,5022,
grants,2018-2019,included_unique_family_record,opeid_master,official_site_and_directory_agree,grant__teach_disbursements,nominal_usd,5022,721,4301,78730848.2
grants,2018-2019,included_unique_family_record,opeid_master,official_site_and_directory_agree,grant__iasg_disbursements,nominal_usd,5022,62,4960,395392.2999999999
grants,2019-2020,excluded_annual_identity_unresolved,opeid_master,directory_crosswalk_identity_conflict,grant__pell_disbursements,nominal_usd,6,6,0,7179009.67
grants,2019-2020,excluded_annual_identity_unresolved,opeid_master,directory_crosswalk_identity_conflict,grant__acg_disbursements,nominal_usd,6,0,6,
grants,2019-2020,excluded_annual_identity_unresolved,opeid_master,directory_crosswalk_identity_conflict,grant__smart_disbursements,nominal_usd,6,0,6,
grants,2019-2020,excluded_annual_identity_unresolved,opeid_master,directory_crosswalk_identity_conflict,grant__teach_disbursements,nominal_usd,6,0,6,
grants,2019-2020,excluded_annual_identity_unresolved,opeid_master,directory_crosswalk_identity_conflict,grant__iasg_disbursements,nominal_usd,6,0,6,
grants,2019-2020,excluded_annual_identity_unresolved,opeid_master,multiple_nonadministrative_directory_unitids,grant__pell_disbursements,nominal_usd,2,2,0,1848478.38
grants,2019-2020,excluded_annual_identity_unresolved,opeid_master,multiple_nonadministrative_directory_unitids,grant__acg_disbursements,nominal_usd,2,0,2,
grants,2019-2020,excluded_annual_identity_unresolved,opeid_master,multiple_nonadministrative_directory_unitids,grant__smart_disbursements,nominal_usd,2,0,2,
grants,2019-2020,excluded_annual_identity_unresolved,opeid_master,multiple_nonadministrative_directory_unitids,grant__teach_disbursements,nominal_usd,2,0,2,
grants,2019-2020,excluded_annual_identity_unresolved,opeid_master,multiple_nonadministrative_directory_unitids,grant__iasg_disbursements,nominal_usd,2,0,2,
grants,2019-2020,excluded_annual_identity_unresolved,opeid_master,multiple_official_site_unitids,grant__pell_disbursements,nominal_usd,36,36,0,871295336.26
grants,2019-2020,excluded_annual_identity_unresolved,opeid_master,multiple_official_site_unitids,grant__acg_disbursements,nominal_usd,36,0,36,
grants,2019-2020,excluded_annual_identity_unresolved,opeid_master,multiple_official_site_unitids,grant__smart_disbursements,nominal_usd,36,0,36,
grants,2019-2020,excluded_annual_identity_unresolved,opeid_master,multiple_official_site_unitids,grant__teach_disbursements,nominal_usd,36,15,21,1832657.0
grants,2019-2020,excluded_annual_identity_unresolved,opeid_master,multiple_official_site_unitids,grant__iasg_disbursements,nominal_usd,36,2,34,6536.95
grants,2019-2020,excluded_annual_identity_unresolved,opeid_master,no_annual_site_match,grant__pell_disbursements,nominal_usd,32,31,1,9232047.719999999
grants,2019-2020,excluded_annual_identity_unresolved,opeid_master,no_annual_site_match,grant__acg_disbursements,nominal_usd,32,0,32,
grants,2019-2020,excluded_annual_identity_unresolved,opeid_master,no_annual_site_match,grant__smart_disbursements,nominal_usd,32,0,32,
grants,2019-2020,excluded_annual_identity_unresolved,opeid_master,no_annual_site_match,grant__teach_disbursements,nominal_usd,32,1,31,60224.0
grants,2019-2020,excluded_annual_identity_unresolved,opeid_master,no_annual_site_match,grant__iasg_disbursements,nominal_usd,32,0,32,
grants,2019-2020,excluded_annual_identity_unresolved,opeid_master,resolved_administrative_directory_identity_ineligible,grant__pell_disbursements,nominal_usd,1,1,0,681295.0
grants,2019-2020,excluded_annual_identity_unresolved,opeid_master,resolved_administrative_directory_identity_ineligible,grant__acg_disbursements,nominal_usd,1,0,1,
grants,2019-2020,excluded_annual_identity_unresolved,opeid_master,resolved_administrative_directory_identity_ineligible,grant__smart_disbursements,nominal_usd,1,0,1,
grants,2019-2020,excluded_annual_identity_unresolved,opeid_master,resolved_administrative_directory_identity_ineligible,grant__teach_disbursements,nominal_usd,1,0,1,
grants,2019-2020,excluded_annual_identity_unresolved,opeid_master,resolved_administrative_directory_identity_ineligible,grant__iasg_disbursements,nominal_usd,1,0,1,
grants,2019-2020,included_unique_family_record,opeid_master,official_site_and_directory_agree,grant__pell_disbursements,nominal_usd,4952,4948,4,27528038236.4
grants,2019-2020,included_unique_family_record,opeid_master,official_site_and_directory_agree,grant__acg_disbursements,nominal_usd,4952,0,4952,
grants,2019-2020,included_unique_family_record,opeid_master,official_site_and_directory_agree,grant__smart_disbursements,nominal_usd,4952,0,4952,
grants,2019-2020,included_unique_family_record,opeid_master,official_site_and_directory_agree,grant__teach_disbursements,nominal_usd,4952,725,4227,78179901.45
grants,2019-2020,included_unique_family_record,opeid_master,official_site_and_directory_agree,grant__iasg_disbursements,nominal_usd,4952,72,4880,473374.75999999995
grants,2020-2021,excluded_annual_identity_unresolved,opeid_master,directory_crosswalk_identity_conflict,grant__pell_disbursements,nominal_usd,6,6,0,59732006.33
grants,2020-2021,excluded_annual_identity_unresolved,opeid_master,directory_crosswalk_identity_conflict,grant__acg_disbursements,nominal_usd,6,0,6,
grants,2020-2021,excluded_annual_identity_unresolved,opeid_master,directory_crosswalk_identity_conflict,grant__smart_disbursements,nominal_usd,6,0,6,
grants,2020-2021,excluded_annual_identity_unresolved,opeid_master,directory_crosswalk_identity_conflict,grant__teach_disbursements,nominal_usd,6,0,6,
grants,2020-2021,excluded_annual_identity_unresolved,opeid_master,directory_crosswalk_identity_conflict,grant__iasg_disbursements,nominal_usd,6,0,6,
grants,2020-2021,excluded_annual_identity_unresolved,opeid_master,multiple_nonadministrative_directory_unitids,grant__pell_disbursements,nominal_usd,1,1,0,79514469.0
grants,2020-2021,excluded_annual_identity_unresolved,opeid_master,multiple_nonadministrative_directory_unitids,grant__acg_disbursements,nominal_usd,1,0,1,
grants,2020-2021,excluded_annual_identity_unresolved,opeid_master,multiple_nonadministrative_directory_unitids,grant__smart_disbursements,nominal_usd,1,0,1,
grants,2020-2021,excluded_annual_identity_unresolved,opeid_master,multiple_nonadministrative_directory_unitids,grant__teach_disbursements,nominal_usd,1,0,1,
grants,2020-2021,excluded_annual_identity_unresolved,opeid_master,multiple_nonadministrative_directory_unitids,grant__iasg_disbursements,nominal_usd,1,0,1,
grants,2020-2021,excluded_annual_identity_unresolved,opeid_master,multiple_official_site_unitids,grant__pell_disbursements,nominal_usd,37,37,0,777916937.9599999
grants,2020-2021,excluded_annual_identity_unresolved,opeid_master,multiple_official_site_unitids,grant__acg_disbursements,nominal_usd,37,0,37,
grants,2020-2021,excluded_annual_identity_unresolved,opeid_master,multiple_official_site_unitids,grant__smart_disbursements,nominal_usd,37,0,37,
grants,2020-2021,excluded_annual_identity_unresolved,opeid_master,multiple_official_site_unitids,grant__teach_disbursements,nominal_usd,37,17,20,1675585.73
grants,2020-2021,excluded_annual_identity_unresolved,opeid_master,multiple_official_site_unitids,grant__iasg_disbursements,nominal_usd,37,3,34,25245.0
grants,2020-2021,excluded_annual_identity_unresolved,opeid_master,no_annual_site_match,grant__pell_disbursements,nominal_usd,16,16,0,6460290.93
grants,2020-2021,excluded_annual_identity_unresolved,opeid_master,no_annual_site_match,grant__acg_disbursements,nominal_usd,16,0,16,
grants,2020-2021,excluded_annual_identity_unresolved,opeid_master,no_annual_site_match,grant__smart_disbursements,nominal_usd,16,0,16,
grants,2020-2021,excluded_annual_identity_unresolved,opeid_master,no_annual_site_match,grant__teach_disbursements,nominal_usd,16,0,16,
grants,2020-2021,excluded_annual_identity_unresolved,opeid_master,no_annual_site_match,grant__iasg_disbursements,nominal_usd,16,0,16,
grants,2020-2021,included_unique_family_record,opeid_master,official_site_and_directory_agree,grant__pell_disbursements,nominal_usd,4892,4886,6,25530113456.339996
grants,2020-2021,included_unique_family_record,opeid_master,official_site_and_directory_agree,grant__acg_disbursements,nominal_usd,4892,0,4892,
grants,2020-2021,included_unique_family_record,opeid_master,official_site_and_directory_agree,grant__smart_disbursements,nominal_usd,4892,0,4892,
grants,2020-2021,included_unique_family_record,opeid_master,official_site_and_directory_agree,grant__teach_disbursements,nominal_usd,4892,716,4176,73892441.88
grants,2020-2021,included_unique_family_record,opeid_master,official_site_and_directory_agree,grant__iasg_disbursements,nominal_usd,4892,89,4803,541036.9600000002
grants,2021-2022,excluded_annual_identity_unresolved,opeid_master,directory_crosswalk_identity_conflict,grant__pell_disbursements,nominal_usd,2,2,0,21976590.009999998
grants,2021-2022,excluded_annual_identity_unresolved,opeid_master,directory_crosswalk_identity_conflict,grant__acg_disbursements,nominal_usd,2,0,2,
grants,2021-2022,excluded_annual_identity_unresolved,opeid_master,directory_crosswalk_identity_conflict,grant__smart_disbursements,nominal_usd,2,0,2,
grants,2021-2022,excluded_annual_identity_unresolved,opeid_master,directory_crosswalk_identity_conflict,grant__teach_disbursements,nominal_usd,2,0,2,
grants,2021-2022,excluded_annual_identity_unresolved,opeid_master,directory_crosswalk_identity_conflict,grant__iasg_disbursements,nominal_usd,2,0,2,
grants,2021-2022,excluded_annual_identity_unresolved,opeid_master,multiple_nonadministrative_directory_unitids,grant__pell_disbursements,nominal_usd,1,1,0,2254217.0
grants,2021-2022,excluded_annual_identity_unresolved,opeid_master,multiple_nonadministrative_directory_unitids,grant__acg_disbursements,nominal_usd,1,0,1,
grants,2021-2022,excluded_annual_identity_unresolved,opeid_master,multiple_nonadministrative_directory_unitids,grant__smart_disbursements,nominal_usd,1,0,1,
grants,2021-2022,excluded_annual_identity_unresolved,opeid_master,multiple_nonadministrative_directory_unitids,grant__teach_disbursements,nominal_usd,1,0,1,
grants,2021-2022,excluded_annual_identity_unresolved,opeid_master,multiple_nonadministrative_directory_unitids,grant__iasg_disbursements,nominal_usd,1,0,1,
grants,2021-2022,excluded_annual_identity_unresolved,opeid_master,multiple_official_site_unitids,grant__pell_disbursements,nominal_usd,37,37,0,754490536.8000001
grants,2021-2022,excluded_annual_identity_unresolved,opeid_master,multiple_official_site_unitids,grant__acg_disbursements,nominal_usd,37,0,37,
grants,2021-2022,excluded_annual_identity_unresolved,opeid_master,multiple_official_site_unitids,grant__smart_disbursements,nominal_usd,37,0,37,
grants,2021-2022,excluded_annual_identity_unresolved,opeid_master,multiple_official_site_unitids,grant__teach_disbursements,nominal_usd,37,16,21,1312681.5
grants,2021-2022,excluded_annual_identity_unresolved,opeid_master,multiple_official_site_unitids,grant__iasg_disbursements,nominal_usd,37,3,34,33682.0
grants,2021-2022,excluded_annual_identity_unresolved,opeid_master,no_annual_site_match,grant__pell_disbursements,nominal_usd,17,17,0,5188448.98
grants,2021-2022,excluded_annual_identity_unresolved,opeid_master,no_annual_site_match,grant__acg_disbursements,nominal_usd,17,0,17,
grants,2021-2022,excluded_annual_identity_unresolved,opeid_master,no_annual_site_match,grant__smart_disbursements,nominal_usd,17,0,17,
grants,2021-2022,excluded_annual_identity_unresolved,opeid_master,no_annual_site_match,grant__teach_disbursements,nominal_usd,17,0,17,
grants,2021-2022,excluded_annual_identity_unresolved,opeid_master,no_annual_site_match,grant__iasg_disbursements,nominal_usd,17,0,17,
grants,2021-2022,included_unique_family_record,opeid_master,official_site_and_directory_agree,grant__pell_disbursements,nominal_usd,4826,4820,6,25070588998.589996
grants,2021-2022,included_unique_family_record,opeid_master,official_site_and_directory_agree,grant__acg_disbursements,nominal_usd,4826,0,4826,
grants,2021-2022,included_unique_family_record,opeid_master,official_site_and_directory_agree,grant__smart_disbursements,nominal_usd,4826,0,4826,
grants,2021-2022,included_unique_family_record,opeid_master,official_site_and_directory_agree,grant__teach_disbursements,nominal_usd,4826,685,4141,68698017.75000001
grants,2021-2022,included_unique_family_record,opeid_master,official_site_and_directory_agree,grant__iasg_disbursements,nominal_usd,4826,74,4752,502369.2899999998
grants,2022-2023,excluded_annual_identity_unresolved,opeid_master,directory_crosswalk_identity_conflict,grant__pell_disbursements,nominal_usd,4,4,0,10973767.85
grants,2022-2023,excluded_annual_identity_unresolved,opeid_master,directory_crosswalk_identity_conflict,grant__acg_disbursements,nominal_usd,4,0,4,
grants,2022-2023,excluded_annual_identity_unresolved,opeid_master,directory_crosswalk_identity_conflict,grant__smart_disbursements,nominal_usd,4,0,4,
grants,2022-2023,excluded_annual_identity_unresolved,opeid_master,directory_crosswalk_identity_conflict,grant__teach_disbursements,nominal_usd,4,0,4,
grants,2022-2023,excluded_annual_identity_unresolved,opeid_master,directory_crosswalk_identity_conflict,grant__iasg_disbursements,nominal_usd,4,0,4,
grants,2022-2023,excluded_annual_identity_unresolved,opeid_master,multiple_nonadministrative_directory_unitids,grant__pell_disbursements,nominal_usd,3,3,0,36885074.43
grants,2022-2023,excluded_annual_identity_unresolved,opeid_master,multiple_nonadministrative_directory_unitids,grant__acg_disbursements,nominal_usd,3,0,3,
grants,2022-2023,excluded_annual_identity_unresolved,opeid_master,multiple_nonadministrative_directory_unitids,grant__smart_disbursements,nominal_usd,3,0,3,
grants,2022-2023,excluded_annual_identity_unresolved,opeid_master,multiple_nonadministrative_directory_unitids,grant__teach_disbursements,nominal_usd,3,2,1,50922.0
grants,2022-2023,excluded_annual_identity_unresolved,opeid_master,multiple_nonadministrative_directory_unitids,grant__iasg_disbursements,nominal_usd,3,1,2,7313.0
grants,2022-2023,excluded_annual_identity_unresolved,opeid_master,multiple_official_site_unitids,grant__pell_disbursements,nominal_usd,38,38,0,885544023.9399999
grants,2022-2023,excluded_annual_identity_unresolved,opeid_master,multiple_official_site_unitids,grant__acg_disbursements,nominal_usd,38,0,38,
grants,2022-2023,excluded_annual_identity_unresolved,opeid_master,multiple_official_site_unitids,grant__smart_disbursements,nominal_usd,38,0,38,
grants,2022-2023,excluded_annual_identity_unresolved,opeid_master,multiple_official_site_unitids,grant__teach_disbursements,nominal_usd,38,14,24,1563762.0
grants,2022-2023,excluded_annual_identity_unresolved,opeid_master,multiple_official_site_unitids,grant__iasg_disbursements,nominal_usd,38,6,32,41445.99
grants,2022-2023,excluded_annual_identity_unresolved,opeid_master,no_annual_site_match,grant__pell_disbursements,nominal_usd,20,20,0,6708759.380000001
grants,2022-2023,excluded_annual_identity_unresolved,opeid_master,no_annual_site_match,grant__acg_disbursements,nominal_usd,20,0,20,
grants,2022-2023,excluded_annual_identity_unresolved,opeid_master,no_annual_site_match,grant__smart_disbursements,nominal_usd,20,0,20,
grants,2022-2023,excluded_annual_identity_unresolved,opeid_master,no_annual_site_match,grant__teach_disbursements,nominal_usd,20,0,20,
grants,2022-2023,excluded_annual_identity_unresolved,opeid_master,no_annual_site_match,grant__iasg_disbursements,nominal_usd,20,0,20,
grants,2022-2023,included_unique_family_record,opeid_master,official_site_and_directory_agree,grant__pell_disbursements,nominal_usd,4778,4773,5,26270415392.69
grants,2022-2023,included_unique_family_record,opeid_master,official_site_and_directory_agree,grant__acg_disbursements,nominal_usd,4778,0,4778,
grants,2022-2023,included_unique_family_record,opeid_master,official_site_and_directory_agree,grant__smart_disbursements,nominal_usd,4778,0,4778,
grants,2022-2023,included_unique_family_record,opeid_master,official_site_and_directory_agree,grant__teach_disbursements,nominal_usd,4778,700,4078,66805159.73
grants,2022-2023,included_unique_family_record,opeid_master,official_site_and_directory_agree,grant__iasg_disbursements,nominal_usd,4778,79,4699,619900.0699999998
grants,2023-2024,excluded_annual_identity_unresolved,opeid_master,directory_crosswalk_identity_conflict,grant__pell_disbursements,nominal_usd,3,3,0,10039833.14
grants,2023-2024,excluded_annual_identity_unresolved,opeid_master,directory_crosswalk_identity_conflict,grant__acg_disbursements,nominal_usd,3,0,3,
grants,2023-2024,excluded_annual_identity_unresolved,opeid_master,directory_crosswalk_identity_conflict,grant__smart_disbursements,nominal_usd,3,0,3,
grants,2023-2024,excluded_annual_identity_unresolved,opeid_master,directory_crosswalk_identity_conflict,grant__teach_disbursements,nominal_usd,3,0,3,
grants,2023-2024,excluded_annual_identity_unresolved,opeid_master,directory_crosswalk_identity_conflict,grant__iasg_disbursements,nominal_usd,3,0,3,
grants,2023-2024,excluded_annual_identity_unresolved,opeid_master,multiple_official_site_unitids,grant__pell_disbursements,nominal_usd,38,38,0,1033061493.2499999
grants,2023-2024,excluded_annual_identity_unresolved,opeid_master,multiple_official_site_unitids,grant__acg_disbursements,nominal_usd,38,0,38,
grants,2023-2024,excluded_annual_identity_unresolved,opeid_master,multiple_official_site_unitids,grant__smart_disbursements,nominal_usd,38,0,38,
grants,2023-2024,excluded_annual_identity_unresolved,opeid_master,multiple_official_site_unitids,grant__teach_disbursements,nominal_usd,38,14,24,1349365.0
grants,2023-2024,excluded_annual_identity_unresolved,opeid_master,multiple_official_site_unitids,grant__iasg_disbursements,nominal_usd,38,5,33,59271.49
grants,2023-2024,excluded_annual_identity_unresolved,opeid_master,no_annual_site_match,grant__pell_disbursements,nominal_usd,11,11,0,5110348.390000001
grants,2023-2024,excluded_annual_identity_unresolved,opeid_master,no_annual_site_match,grant__acg_disbursements,nominal_usd,11,0,11,
grants,2023-2024,excluded_annual_identity_unresolved,opeid_master,no_annual_site_match,grant__smart_disbursements,nominal_usd,11,0,11,
grants,2023-2024,excluded_annual_identity_unresolved,opeid_master,no_annual_site_match,grant__teach_disbursements,nominal_usd,11,0,11,
grants,2023-2024,excluded_annual_identity_unresolved,opeid_master,no_annual_site_match,grant__iasg_disbursements,nominal_usd,11,0,11,
grants,2023-2024,included_unique_family_record,opeid_master,official_site_and_directory_agree,grant__pell_disbursements,nominal_usd,4728,4722,6,30415375693.65
grants,2023-2024,included_unique_family_record,opeid_master,official_site_and_directory_agree,grant__acg_disbursements,nominal_usd,4728,0,4728,
grants,2023-2024,included_unique_family_record,opeid_master,official_site_and_directory_agree,grant__smart_disbursements,nominal_usd,4728,0,4728,
grants,2023-2024,included_unique_family_record,opeid_master,official_site_and_directory_agree,grant__teach_disbursements,nominal_usd,4728,712,4016,70995927.74
grants,2023-2024,included_unique_family_record,opeid_master,official_site_and_directory_agree,grant__iasg_disbursements,nominal_usd,4728,84,4644,701431.3699999998
grants,2024-2025,excluded_annual_identity_unresolved,opeid_master,directory_crosswalk_identity_conflict,grant__pell_disbursements,nominal_usd,3,3,0,42817791.7
grants,2024-2025,excluded_annual_identity_unresolved,opeid_master,directory_crosswalk_identity_conflict,grant__acg_disbursements,nominal_usd,3,0,3,
grants,2024-2025,excluded_annual_identity_unresolved,opeid_master,directory_crosswalk_identity_conflict,grant__smart_disbursements,nominal_usd,3,0,3,
grants,2024-2025,excluded_annual_identity_unresolved,opeid_master,directory_crosswalk_identity_conflict,grant__teach_disbursements,nominal_usd,3,0,3,
grants,2024-2025,excluded_annual_identity_unresolved,opeid_master,directory_crosswalk_identity_conflict,grant__iasg_disbursements,nominal_usd,3,0,3,
grants,2024-2025,excluded_annual_identity_unresolved,opeid_master,multiple_official_site_unitids,grant__pell_disbursements,nominal_usd,38,38,0,1274085622.63
grants,2024-2025,excluded_annual_identity_unresolved,opeid_master,multiple_official_site_unitids,grant__acg_disbursements,nominal_usd,38,0,38,
grants,2024-2025,excluded_annual_identity_unresolved,opeid_master,multiple_official_site_unitids,grant__smart_disbursements,nominal_usd,38,0,38,
grants,2024-2025,excluded_annual_identity_unresolved,opeid_master,multiple_official_site_unitids,grant__teach_disbursements,nominal_usd,38,17,21,1042317.5
grants,2024-2025,excluded_annual_identity_unresolved,opeid_master,multiple_official_site_unitids,grant__iasg_disbursements,nominal_usd,38,0,38,
grants,2024-2025,excluded_annual_identity_unresolved,opeid_master,no_annual_site_match,grant__pell_disbursements,nominal_usd,16,16,0,7885276.130000001
grants,2024-2025,excluded_annual_identity_unresolved,opeid_master,no_annual_site_match,grant__acg_disbursements,nominal_usd,16,0,16,
grants,2024-2025,excluded_annual_identity_unresolved,opeid_master,no_annual_site_match,grant__smart_disbursements,nominal_usd,16,0,16,
grants,2024-2025,excluded_annual_identity_unresolved,opeid_master,no_annual_site_match,grant__teach_disbursements,nominal_usd,16,0,16,
grants,2024-2025,excluded_annual_identity_unresolved,opeid_master,no_annual_site_match,grant__iasg_disbursements,nominal_usd,16,0,16,
grants,2024-2025,included_unique_family_record,opeid_master,official_site_and_directory_agree,grant__pell_disbursements,nominal_usd,4656,4650,6,37586359805.64
grants,2024-2025,included_unique_family_record,opeid_master,official_site_and_directory_agree,grant__acg_disbursements,nominal_usd,4656,0,4656,
grants,2024-2025,included_unique_family_record,opeid_master,official_site_and_directory_agree,grant__smart_disbursements,nominal_usd,4656,0,4656,
grants,2024-2025,included_unique_family_record,opeid_master,official_site_and_directory_agree,grant__teach_disbursements,nominal_usd,4656,696,3960,70431488.74
grants,2024-2025,included_unique_family_record,opeid_master,official_site_and_directory_agree,grant__iasg_disbursements,nominal_usd,4656,0,4656,
campus_based,2001-2002,excluded_annual_identity_unresolved,opeid_master,multiple_nonadministrative_directory_unitids,campus__fws_disbursements,nominal_usd,1,1,0,319443.0
campus_based,2001-2002,excluded_annual_identity_unresolved,opeid_master,multiple_nonadministrative_directory_unitids,campus__perkins_disbursements_amt,nominal_usd,1,1,0,0.0
campus_based,2001-2002,excluded_annual_identity_unresolved,opeid_master,multiple_nonadministrative_directory_unitids,campus__fseog_disbursements,nominal_usd,1,1,0,985574.0
campus_based,2001-2002,excluded_annual_identity_unresolved,opeid_master,multiple_official_site_unitids,campus__fws_disbursements,nominal_usd,74,74,0,49112774.0
campus_based,2001-2002,excluded_annual_identity_unresolved,opeid_master,multiple_official_site_unitids,campus__perkins_disbursements_amt,nominal_usd,74,74,0,67531515.0
campus_based,2001-2002,excluded_annual_identity_unresolved,opeid_master,multiple_official_site_unitids,campus__fseog_disbursements,nominal_usd,74,74,0,54140272.0
campus_based,2001-2002,excluded_annual_identity_unresolved,opeid_master,no_annual_site_match,campus__fws_disbursements,nominal_usd,54,54,0,5636519.0
campus_based,2001-2002,excluded_annual_identity_unresolved,opeid_master,no_annual_site_match,campus__perkins_disbursements_amt,nominal_usd,54,54,0,3915310.0
campus_based,2001-2002,excluded_annual_identity_unresolved,opeid_master,no_annual_site_match,campus__fseog_disbursements,nominal_usd,54,54,0,6512094.0
campus_based,2001-2002,excluded_annual_identity_unresolved,opeid_master,resolved_administrative_directory_identity_ineligible,campus__fws_disbursements,nominal_usd,8,8,0,22917159.0
campus_based,2001-2002,excluded_annual_identity_unresolved,opeid_master,resolved_administrative_directory_identity_ineligible,campus__perkins_disbursements_amt,nominal_usd,8,8,0,16265432.0
campus_based,2001-2002,excluded_annual_identity_unresolved,opeid_master,resolved_administrative_directory_identity_ineligible,campus__fseog_disbursements,nominal_usd,8,8,0,18882020.0
campus_based,2001-2002,included_unique_family_record,opeid_master,official_site_alias_annual_unitid_verified,campus__fws_disbursements,nominal_usd,17,17,0,1300731.0
campus_based,2001-2002,included_unique_family_record,opeid_master,official_site_alias_annual_unitid_verified,campus__perkins_disbursements_amt,nominal_usd,17,17,0,1187135.0
campus_based,2001-2002,included_unique_family_record,opeid_master,official_site_alias_annual_unitid_verified,campus__fseog_disbursements,nominal_usd,17,17,0,1125466.0
campus_based,2001-2002,included_unique_family_record,opeid_master,official_site_and_directory_agree,campus__fws_disbursements,nominal_usd,3882,3882,0,838125110.0
campus_based,2001-2002,included_unique_family_record,opeid_master,official_site_and_directory_agree,campus__perkins_disbursements_amt,nominal_usd,3882,3882,0,1011710958.0
campus_based,2001-2002,included_unique_family_record,opeid_master,official_site_and_directory_agree,campus__fseog_disbursements,nominal_usd,3882,3882,0,792825384.0
campus_based,2001-2002,included_unique_family_record,opeid_master,unique_annual_directory_only,campus__fws_disbursements,nominal_usd,2,2,0,398171.0
campus_based,2001-2002,included_unique_family_record,opeid_master,unique_annual_directory_only,campus__perkins_disbursements_amt,nominal_usd,2,2,0,335528.0
campus_based,2001-2002,included_unique_family_record,opeid_master,unique_annual_directory_only,campus__fseog_disbursements,nominal_usd,2,2,0,477825.0
campus_based,2002-2003,excluded_annual_identity_unresolved,opeid_master,multiple_official_site_unitids,campus__fws_disbursements,nominal_usd,65,65,0,48049925.0
campus_based,2002-2003,excluded_annual_identity_unresolved,opeid_master,multiple_official_site_unitids,campus__perkins_disbursements_amt,nominal_usd,65,65,0,76942454.0
campus_based,2002-2003,excluded_annual_identity_unresolved,opeid_master,multiple_official_site_unitids,campus__fseog_disbursements,nominal_usd,65,65,0,51978469.0
campus_based,2002-2003,excluded_annual_identity_unresolved,opeid_master,no_annual_site_match,campus__fws_disbursements,nominal_usd,49,49,0,4463254.0
campus_based,2002-2003,excluded_annual_identity_unresolved,opeid_master,no_annual_site_match,campus__perkins_disbursements_amt,nominal_usd,49,49,0,2596199.0
campus_based,2002-2003,excluded_annual_identity_unresolved,opeid_master,no_annual_site_match,campus__fseog_disbursements,nominal_usd,49,49,0,5175274.0
campus_based,2002-2003,excluded_annual_identity_unresolved,opeid_master,resolved_administrative_directory_identity_ineligible,campus__fws_disbursements,nominal_usd,7,7,0,20644559.0
campus_based,2002-2003,excluded_annual_identity_unresolved,opeid_master,resolved_administrative_directory_identity_ineligible,campus__perkins_disbursements_amt,nominal_usd,7,7,0,8470675.0
campus_based,2002-2003,excluded_annual_identity_unresolved,opeid_master,resolved_administrative_directory_identity_ineligible,campus__fseog_disbursements,nominal_usd,7,7,0,18712793.0
campus_based,2002-2003,included_unique_family_record,opeid_master,official_site_alias_annual_unitid_verified,campus__fws_disbursements,nominal_usd,8,8,0,28486.0
campus_based,2002-2003,included_unique_family_record,opeid_master,official_site_alias_annual_unitid_verified,campus__perkins_disbursements_amt,nominal_usd,8,8,0,38897.0
campus_based,2002-2003,included_unique_family_record,opeid_master,official_site_alias_annual_unitid_verified,campus__fseog_disbursements,nominal_usd,8,8,0,130126.0
campus_based,2002-2003,included_unique_family_record,opeid_master,official_site_and_directory_agree,campus__fws_disbursements,nominal_usd,3902,3902,0,863397589.0
campus_based,2002-2003,included_unique_family_record,opeid_master,official_site_and_directory_agree,campus__perkins_disbursements_amt,nominal_usd,3902,3902,0,1040588308.0
campus_based,2002-2003,included_unique_family_record,opeid_master,official_site_and_directory_agree,campus__fseog_disbursements,nominal_usd,3902,3902,0,823425557.0
campus_based,2002-2003,included_unique_family_record,opeid_master,unique_annual_directory_only,campus__fws_disbursements,nominal_usd,4,4,0,3798125.0
campus_based,2002-2003,included_unique_family_record,opeid_master,unique_annual_directory_only,campus__perkins_disbursements_amt,nominal_usd,4,4,0,16926792.0
campus_based,2002-2003,included_unique_family_record,opeid_master,unique_annual_directory_only,campus__fseog_disbursements,nominal_usd,4,4,0,8096748.0
campus_based,2003-2004,excluded_annual_identity_unresolved,opeid_master,crosswalk_site_parse_incomplete,campus__fws_disbursements,nominal_usd,1,1,0,0.0
campus_based,2003-2004,excluded_annual_identity_unresolved,opeid_master,crosswalk_site_parse_incomplete,campus__perkins_disbursements_amt,nominal_usd,1,1,0,639941.0
campus_based,2003-2004,excluded_annual_identity_unresolved,opeid_master,crosswalk_site_parse_incomplete,campus__fseog_disbursements,nominal_usd,1,1,0,1548938.0
campus_based,2003-2004,excluded_annual_identity_unresolved,opeid_master,directory_crosswalk_identity_conflict,campus__fws_disbursements,nominal_usd,1,1,0,86110.0
campus_based,2003-2004,excluded_annual_identity_unresolved,opeid_master,directory_crosswalk_identity_conflict,campus__perkins_disbursements_amt,nominal_usd,1,1,0,0.0
campus_based,2003-2004,excluded_annual_identity_unresolved,opeid_master,directory_crosswalk_identity_conflict,campus__fseog_disbursements,nominal_usd,1,1,0,127371.0
campus_based,2003-2004,excluded_annual_identity_unresolved,opeid_master,multiple_official_site_unitids,campus__fws_disbursements,nominal_usd,75,75,0,47279229.0
campus_based,2003-2004,excluded_annual_identity_unresolved,opeid_master,multiple_official_site_unitids,campus__perkins_disbursements_amt,nominal_usd,75,75,0,62303126.0
campus_based,2003-2004,excluded_annual_identity_unresolved,opeid_master,multiple_official_site_unitids,campus__fseog_disbursements,nominal_usd,75,75,0,54369602.0
campus_based,2003-2004,excluded_annual_identity_unresolved,opeid_master,no_annual_site_match,campus__fws_disbursements,nominal_usd,61,61,0,7447188.0
campus_based,2003-2004,excluded_annual_identity_unresolved,opeid_master,no_annual_site_match,campus__perkins_disbursements_amt,nominal_usd,61,61,0,19493044.0
campus_based,2003-2004,excluded_annual_identity_unresolved,opeid_master,no_annual_site_match,campus__fseog_disbursements,nominal_usd,61,61,0,14343282.0
campus_based,2003-2004,excluded_annual_identity_unresolved,opeid_master,resolved_administrative_directory_identity_ineligible,campus__fws_disbursements,nominal_usd,9,9,0,21782990.0
campus_based,2003-2004,excluded_annual_identity_unresolved,opeid_master,resolved_administrative_directory_identity_ineligible,campus__perkins_disbursements_amt,nominal_usd,9,9,0,9031231.0
campus_based,2003-2004,excluded_annual_identity_unresolved,opeid_master,resolved_administrative_directory_identity_ineligible,campus__fseog_disbursements,nominal_usd,9,9,0,24958703.0
campus_based,2003-2004,included_unique_family_record,opeid_master,official_site_alias_annual_unitid_verified,campus__fws_disbursements,nominal_usd,13,13,0,814080.0
campus_based,2003-2004,included_unique_family_record,opeid_master,official_site_alias_annual_unitid_verified,campus__perkins_disbursements_amt,nominal_usd,13,13,0,2443680.0
campus_based,2003-2004,included_unique_family_record,opeid_master,official_site_alias_annual_unitid_verified,campus__fseog_disbursements,nominal_usd,13,13,0,565801.0
campus_based,2003-2004,included_unique_family_record,opeid_master,official_site_and_directory_agree,campus__fws_disbursements,nominal_usd,3904,3904,0,953049015.0
campus_based,2003-2004,included_unique_family_record,opeid_master,official_site_and_directory_agree,campus__perkins_disbursements_amt,nominal_usd,3904,3904,0,1145227746.0
campus_based,2003-2004,included_unique_family_record,opeid_master,official_site_and_directory_agree,campus__fseog_disbursements,nominal_usd,3904,3904,0,911416210.0
campus_based,2003-2004,included_unique_family_record,opeid_master,unique_annual_directory_only,campus__fws_disbursements,nominal_usd,3,3,0,809459.0
campus_based,2003-2004,included_unique_family_record,opeid_master,unique_annual_directory_only,campus__perkins_disbursements_amt,nominal_usd,3,3,0,20900.0
campus_based,2003-2004,included_unique_family_record,opeid_master,unique_annual_directory_only,campus__fseog_disbursements,nominal_usd,3,3,0,1089091.0
campus_based,2004-2005,ambiguous_family_multiple_records,opeid_master,multiple_fsa_records_for_same_unitid_year_family,campus__fws_disbursements,nominal_usd,2,2,0,10969487.0
campus_based,2004-2005,ambiguous_family_multiple_records,opeid_master,multiple_fsa_records_for_same_unitid_year_family,campus__perkins_disbursements_amt,nominal_usd,2,2,0,9251104.0
campus_based,2004-2005,ambiguous_family_multiple_records,opeid_master,multiple_fsa_records_for_same_unitid_year_family,campus__fseog_disbursements,nominal_usd,2,2,0,7176000.0
campus_based,2004-2005,excluded_annual_identity_unresolved,opeid_master,crosswalk_site_parse_incomplete,campus__fws_disbursements,nominal_usd,1,1,0,0.0
campus_based,2004-2005,excluded_annual_identity_unresolved,opeid_master,crosswalk_site_parse_incomplete,campus__perkins_disbursements_amt,nominal_usd,1,1,0,629342.0
campus_based,2004-2005,excluded_annual_identity_unresolved,opeid_master,crosswalk_site_parse_incomplete,campus__fseog_disbursements,nominal_usd,1,1,0,1622320.0
campus_based,2004-2005,excluded_annual_identity_unresolved,opeid_master,multiple_nonadministrative_directory_unitids,campus__fws_disbursements,nominal_usd,1,1,0,0.0
campus_based,2004-2005,excluded_annual_identity_unresolved,opeid_master,multiple_nonadministrative_directory_unitids,campus__perkins_disbursements_amt,nominal_usd,1,1,0,0.0
campus_based,2004-2005,excluded_annual_identity_unresolved,opeid_master,multiple_nonadministrative_directory_unitids,campus__fseog_disbursements,nominal_usd,1,1,0,0.0
campus_based,2004-2005,excluded_annual_identity_unresolved,opeid_master,multiple_official_site_unitids,campus__fws_disbursements,nominal_usd,81,81,0,59004668.0
campus_based,2004-2005,excluded_annual_identity_unresolved,opeid_master,multiple_official_site_unitids,campus__perkins_disbursements_amt,nominal_usd,81,81,0,99772732.0
campus_based,2004-2005,excluded_annual_identity_unresolved,opeid_master,multiple_official_site_unitids,campus__fseog_disbursements,nominal_usd,81,81,0,67539489.0
campus_based,2004-2005,excluded_annual_identity_unresolved,opeid_master,no_annual_site_match,campus__fws_disbursements,nominal_usd,59,59,0,4987071.0
campus_based,2004-2005,excluded_annual_identity_unresolved,opeid_master,no_annual_site_match,campus__perkins_disbursements_amt,nominal_usd,59,59,0,6601142.0
campus_based,2004-2005,excluded_annual_identity_unresolved,opeid_master,no_annual_site_match,campus__fseog_disbursements,nominal_usd,59,59,0,4042517.0
campus_based,2004-2005,excluded_annual_identity_unresolved,opeid_master,resolved_administrative_directory_identity_ineligible,campus__fws_disbursements,nominal_usd,6,6,0,18254100.0
campus_based,2004-2005,excluded_annual_identity_unresolved,opeid_master,resolved_administrative_directory_identity_ineligible,campus__perkins_disbursements_amt,nominal_usd,6,6,0,6277797.0
campus_based,2004-2005,excluded_annual_identity_unresolved,opeid_master,resolved_administrative_directory_identity_ineligible,campus__fseog_disbursements,nominal_usd,6,6,0,17710355.0
campus_based,2004-2005,included_unique_family_record,opeid_master,official_site_alias_annual_unitid_verified,campus__fws_disbursements,nominal_usd,14,14,0,263824.0
campus_based,2004-2005,included_unique_family_record,opeid_master,official_site_alias_annual_unitid_verified,campus__perkins_disbursements_amt,nominal_usd,14,14,0,185092.0
campus_based,2004-2005,included_unique_family_record,opeid_master,official_site_alias_annual_unitid_verified,campus__fseog_disbursements,nominal_usd,14,14,0,756352.0
campus_based,2004-2005,included_unique_family_record,opeid_master,official_site_and_directory_agree,campus__fws_disbursements,nominal_usd,3905,3905,0,1002640171.0
campus_based,2004-2005,included_unique_family_record,opeid_master,official_site_and_directory_agree,campus__perkins_disbursements_amt,nominal_usd,3905,3905,0,1336783308.0
campus_based,2004-2005,included_unique_family_record,opeid_master,official_site_and_directory_agree,campus__fseog_disbursements,nominal_usd,3905,3905,0,935685392.0
campus_based,2004-2005,included_unique_family_record,opeid_master,unique_annual_directory_only,campus__fws_disbursements,nominal_usd,2,2,0,26235.0
campus_based,2004-2005,included_unique_family_record,opeid_master,unique_annual_directory_only,campus__perkins_disbursements_amt,nominal_usd,2,2,0,562501.0
campus_based,2004-2005,included_unique_family_record,opeid_master,unique_annual_directory_only,campus__fseog_disbursements,nominal_usd,2,2,0,8800.0
campus_based,2005-2006,ambiguous_family_multiple_records,opeid_master,multiple_fsa_records_for_same_unitid_year_family,campus__fws_disbursements,nominal_usd,2,2,0,11595290.0
campus_based,2005-2006,ambiguous_family_multiple_records,opeid_master,multiple_fsa_records_for_same_unitid_year_family,campus__perkins_disbursements_amt,nominal_usd,2,2,0,11448481.0
campus_based,2005-2006,ambiguous_family_multiple_records,opeid_master,multiple_fsa_records_for_same_unitid_year_family,campus__fseog_disbursements,nominal_usd,2,2,0,7216761.0
campus_based,2005-2006,excluded_annual_identity_unresolved,opeid_master,crosswalk_site_parse_incomplete,campus__fws_disbursements,nominal_usd,1,1,0,0.0
campus_based,2005-2006,excluded_annual_identity_unresolved,opeid_master,crosswalk_site_parse_incomplete,campus__perkins_disbursements_amt,nominal_usd,1,1,0,652341.0
campus_based,2005-2006,excluded_annual_identity_unresolved,opeid_master,crosswalk_site_parse_incomplete,campus__fseog_disbursements,nominal_usd,1,1,0,3691507.0
campus_based,2005-2006,excluded_annual_identity_unresolved,opeid_master,multiple_official_site_unitids,campus__fws_disbursements,nominal_usd,85,85,0,64591800.0
campus_based,2005-2006,excluded_annual_identity_unresolved,opeid_master,multiple_official_site_unitids,campus__perkins_disbursements_amt,nominal_usd,85,85,0,121136171.0
campus_based,2005-2006,excluded_annual_identity_unresolved,opeid_master,multiple_official_site_unitids,campus__fseog_disbursements,nominal_usd,85,85,0,74472464.0
campus_based,2005-2006,excluded_annual_identity_unresolved,opeid_master,no_annual_site_match,campus__fws_disbursements,nominal_usd,40,40,0,3733778.0
campus_based,2005-2006,excluded_annual_identity_unresolved,opeid_master,no_annual_site_match,campus__perkins_disbursements_amt,nominal_usd,40,40,0,6235785.0
campus_based,2005-2006,excluded_annual_identity_unresolved,opeid_master,no_annual_site_match,campus__fseog_disbursements,nominal_usd,40,40,0,2598838.0
campus_based,2005-2006,excluded_annual_identity_unresolved,opeid_master,resolved_administrative_directory_identity_ineligible,campus__fws_disbursements,nominal_usd,6,6,0,19129362.0
campus_based,2005-2006,excluded_annual_identity_unresolved,opeid_master,resolved_administrative_directory_identity_ineligible,campus__perkins_disbursements_amt,nominal_usd,6,6,0,7232962.0
campus_based,2005-2006,excluded_annual_identity_unresolved,opeid_master,resolved_administrative_directory_identity_ineligible,campus__fseog_disbursements,nominal_usd,6,6,0,20236663.0
campus_based,2005-2006,included_unique_family_record,opeid_master,official_site_alias_annual_unitid_verified,campus__fws_disbursements,nominal_usd,5,5,0,16744.0
campus_based,2005-2006,included_unique_family_record,opeid_master,official_site_alias_annual_unitid_verified,campus__perkins_disbursements_amt,nominal_usd,5,5,0,48400.0
campus_based,2005-2006,included_unique_family_record,opeid_master,official_site_alias_annual_unitid_verified,campus__fseog_disbursements,nominal_usd,5,5,0,58608.0
campus_based,2005-2006,included_unique_family_record,opeid_master,official_site_and_directory_agree,campus__fws_disbursements,nominal_usd,3925,3925,0,1008179137.0
campus_based,2005-2006,included_unique_family_record,opeid_master,official_site_and_directory_agree,campus__perkins_disbursements_amt,nominal_usd,3925,3925,0,1492015433.0
campus_based,2005-2006,included_unique_family_record,opeid_master,official_site_and_directory_agree,campus__fseog_disbursements,nominal_usd,3925,3925,0,957302332.0
campus_based,2006-2007,ambiguous_family_multiple_records,opeid_master,multiple_fsa_records_for_same_unitid_year_family,campus__fws_disbursements,nominal_usd,2,2,0,9499443.0
campus_based,2006-2007,ambiguous_family_multiple_records,opeid_master,multiple_fsa_records_for_same_unitid_year_family,campus__perkins_disbursements_amt,nominal_usd,2,2,0,13210395.0
campus_based,2006-2007,ambiguous_family_multiple_records,opeid_master,multiple_fsa_records_for_same_unitid_year_family,campus__fseog_disbursements,nominal_usd,2,2,0,7312115.0
campus_based,2006-2007,excluded_annual_identity_unresolved,opeid_master,crosswalk_site_parse_incomplete,campus__fws_disbursements,nominal_usd,1,1,0,0.0
campus_based,2006-2007,excluded_annual_identity_unresolved,opeid_master,crosswalk_site_parse_incomplete,campus__perkins_disbursements_amt,nominal_usd,1,1,0,316000.0
campus_based,2006-2007,excluded_annual_identity_unresolved,opeid_master,crosswalk_site_parse_incomplete,campus__fseog_disbursements,nominal_usd,1,1,0,4819044.0
campus_based,2006-2007,excluded_annual_identity_unresolved,opeid_master,multiple_nonadministrative_directory_unitids,campus__fws_disbursements,nominal_usd,1,1,0,46792.0
campus_based,2006-2007,excluded_annual_identity_unresolved,opeid_master,multiple_nonadministrative_directory_unitids,campus__perkins_disbursements_amt,nominal_usd,1,1,0,0.0
campus_based,2006-2007,excluded_annual_identity_unresolved,opeid_master,multiple_nonadministrative_directory_unitids,campus__fseog_disbursements,nominal_usd,1,1,0,79724.0
campus_based,2006-2007,excluded_annual_identity_unresolved,opeid_master,multiple_official_site_unitids,campus__fws_disbursements,nominal_usd,93,93,0,62648825.0
campus_based,2006-2007,excluded_annual_identity_unresolved,opeid_master,multiple_official_site_unitids,campus__perkins_disbursements_amt,nominal_usd,93,93,0,120102733.0
campus_based,2006-2007,excluded_annual_identity_unresolved,opeid_master,multiple_official_site_unitids,campus__fseog_disbursements,nominal_usd,93,93,0,80788837.0
campus_based,2006-2007,excluded_annual_identity_unresolved,opeid_master,no_annual_site_match,campus__fws_disbursements,nominal_usd,6,6,0,377709.0
campus_based,2006-2007,excluded_annual_identity_unresolved,opeid_master,no_annual_site_match,campus__perkins_disbursements_amt,nominal_usd,6,6,0,183041.0
campus_based,2006-2007,excluded_annual_identity_unresolved,opeid_master,no_annual_site_match,campus__fseog_disbursements,nominal_usd,6,6,0,462574.0
campus_based,2006-2007,excluded_annual_identity_unresolved,opeid_master,resolved_administrative_directory_identity_ineligible,campus__fws_disbursements,nominal_usd,6,6,0,18714824.0
campus_based,2006-2007,excluded_annual_identity_unresolved,opeid_master,resolved_administrative_directory_identity_ineligible,campus__perkins_disbursements_amt,nominal_usd,6,6,0,11170151.0
campus_based,2006-2007,excluded_annual_identity_unresolved,opeid_master,resolved_administrative_directory_identity_ineligible,campus__fseog_disbursements,nominal_usd,6,6,0,19470877.0
campus_based,2006-2007,included_unique_family_record,opeid_master,official_site_alias_annual_unitid_verified,campus__fws_disbursements,nominal_usd,5,5,0,53467.0
campus_based,2006-2007,included_unique_family_record,opeid_master,official_site_alias_annual_unitid_verified,campus__perkins_disbursements_amt,nominal_usd,5,5,0,1404156.0
campus_based,2006-2007,included_unique_family_record,opeid_master,official_site_alias_annual_unitid_verified,campus__fseog_disbursements,nominal_usd,5,5,0,100810.0
campus_based,2006-2007,included_unique_family_record,opeid_master,official_site_and_directory_agree,campus__fws_disbursements,nominal_usd,3828,3828,0,951079617.0
campus_based,2006-2007,included_unique_family_record,opeid_master,official_site_and_directory_agree,campus__perkins_disbursements_amt,nominal_usd,3828,3828,0,1471791481.0
campus_based,2006-2007,included_unique_family_record,opeid_master,official_site_and_directory_agree,campus__fseog_disbursements,nominal_usd,3828,3828,0,967653208.0
campus_based,2007-2008,ambiguous_family_multiple_records,opeid_master,multiple_fsa_records_for_same_unitid_year_family,campus__fws_disbursements,nominal_usd,2,2,0,9768780.0
campus_based,2007-2008,ambiguous_family_multiple_records,opeid_master,multiple_fsa_records_for_same_unitid_year_family,campus__perkins_disbursements_amt,nominal_usd,2,2,0,11978132.0
campus_based,2007-2008,ambiguous_family_multiple_records,opeid_master,multiple_fsa_records_for_same_unitid_year_family,campus__fseog_disbursements,nominal_usd,2,2,0,5708095.0
campus_based,2007-2008,excluded_annual_identity_unresolved,opeid_master,crosswalk_site_parse_incomplete,campus__fws_disbursements,nominal_usd,1,1,0,0.0
campus_based,2007-2008,excluded_annual_identity_unresolved,opeid_master,crosswalk_site_parse_incomplete,campus__perkins_disbursements_amt,nominal_usd,1,1,0,220000.0
campus_based,2007-2008,excluded_annual_identity_unresolved,opeid_master,crosswalk_site_parse_incomplete,campus__fseog_disbursements,nominal_usd,1,1,0,4381477.0
campus_based,2007-2008,excluded_annual_identity_unresolved,opeid_master,multiple_official_site_unitids,campus__fws_disbursements,nominal_usd,103,103,0,65380391.0
campus_based,2007-2008,excluded_annual_identity_unresolved,opeid_master,multiple_official_site_unitids,campus__perkins_disbursements_amt,nominal_usd,103,103,0,109430790.0
campus_based,2007-2008,excluded_annual_identity_unresolved,opeid_master,multiple_official_site_unitids,campus__fseog_disbursements,nominal_usd,103,103,0,87137364.0
campus_based,2007-2008,excluded_annual_identity_unresolved,opeid_master,no_annual_site_match,campus__fws_disbursements,nominal_usd,6,6,0,769302.0
campus_based,2007-2008,excluded_annual_identity_unresolved,opeid_master,no_annual_site_match,campus__perkins_disbursements_amt,nominal_usd,6,6,0,216592.0
campus_based,2007-2008,excluded_annual_identity_unresolved,opeid_master,no_annual_site_match,campus__fseog_disbursements,nominal_usd,6,6,0,1586862.0
campus_based,2007-2008,excluded_annual_identity_unresolved,opeid_master,resolved_administrative_directory_identity_ineligible,campus__fws_disbursements,nominal_usd,6,6,0,18831597.0
campus_based,2007-2008,excluded_annual_identity_unresolved,opeid_master,resolved_administrative_directory_identity_ineligible,campus__perkins_disbursements_amt,nominal_usd,6,6,0,10666328.0
campus_based,2007-2008,excluded_annual_identity_unresolved,opeid_master,resolved_administrative_directory_identity_ineligible,campus__fseog_disbursements,nominal_usd,6,6,0,19816287.0
campus_based,2007-2008,included_unique_family_record,opeid_master,official_site_alias_annual_unitid_verified,campus__fws_disbursements,nominal_usd,6,6,0,68504.0
campus_based,2007-2008,included_unique_family_record,opeid_master,official_site_alias_annual_unitid_verified,campus__perkins_disbursements_amt,nominal_usd,6,6,0,75799.0
campus_based,2007-2008,included_unique_family_record,opeid_master,official_site_alias_annual_unitid_verified,campus__fseog_disbursements,nominal_usd,6,6,0,378740.0
campus_based,2007-2008,included_unique_family_record,opeid_master,official_site_and_directory_agree,campus__fws_disbursements,nominal_usd,3839,3839,0,968269764.0
campus_based,2007-2008,included_unique_family_record,opeid_master,official_site_and_directory_agree,campus__perkins_disbursements_amt,nominal_usd,3839,3839,0,1250852439.0
campus_based,2007-2008,included_unique_family_record,opeid_master,official_site_and_directory_agree,campus__fseog_disbursements,nominal_usd,3839,3839,0,949041600.0
campus_based,2008-2009,ambiguous_family_multiple_records,opeid_master,multiple_fsa_records_for_same_unitid_year_family,campus__fws_disbursements,nominal_usd,2,2,0,9776592.0
campus_based,2008-2009,ambiguous_family_multiple_records,opeid_master,multiple_fsa_records_for_same_unitid_year_family,campus__perkins_disbursements_amt,nominal_usd,2,2,0,10226099.0
campus_based,2008-2009,ambiguous_family_multiple_records,opeid_master,multiple_fsa_records_for_same_unitid_year_family,campus__fseog_disbursements,nominal_usd,2,2,0,5743674.0
campus_based,2008-2009,excluded_annual_identity_unresolved,opeid_master,crosswalk_site_parse_incomplete,campus__fws_disbursements,nominal_usd,1,1,0,0.0
campus_based,2008-2009,excluded_annual_identity_unresolved,opeid_master,crosswalk_site_parse_incomplete,campus__perkins_disbursements_amt,nominal_usd,1,1,0,86280.0
campus_based,2008-2009,excluded_annual_identity_unresolved,opeid_master,crosswalk_site_parse_incomplete,campus__fseog_disbursements,nominal_usd,1,1,0,4948411.0
campus_based,2008-2009,excluded_annual_identity_unresolved,opeid_master,multiple_official_site_unitids,campus__fws_disbursements,nominal_usd,102,102,0,65620705.0
campus_based,2008-2009,excluded_annual_identity_unresolved,opeid_master,multiple_official_site_unitids,campus__perkins_disbursements_amt,nominal_usd,102,102,0,61012919.0
campus_based,2008-2009,excluded_annual_identity_unresolved,opeid_master,multiple_official_site_unitids,campus__fseog_disbursements,nominal_usd,102,102,0,72812163.0
campus_based,2008-2009,excluded_annual_identity_unresolved,opeid_master,no_annual_site_match,campus__fws_disbursements,nominal_usd,4,4,0,369367.0
campus_based,2008-2009,excluded_annual_identity_unresolved,opeid_master,no_annual_site_match,campus__perkins_disbursements_amt,nominal_usd,4,4,0,664722.0
campus_based,2008-2009,excluded_annual_identity_unresolved,opeid_master,no_annual_site_match,campus__fseog_disbursements,nominal_usd,4,4,0,310096.0
campus_based,2008-2009,excluded_annual_identity_unresolved,opeid_master,resolved_administrative_directory_identity_ineligible,campus__fws_disbursements,nominal_usd,6,6,0,18877321.0
campus_based,2008-2009,excluded_annual_identity_unresolved,opeid_master,resolved_administrative_directory_identity_ineligible,campus__perkins_disbursements_amt,nominal_usd,6,6,0,11601531.0
campus_based,2008-2009,excluded_annual_identity_unresolved,opeid_master,resolved_administrative_directory_identity_ineligible,campus__fseog_disbursements,nominal_usd,6,6,0,18790638.0
campus_based,2008-2009,included_unique_family_record,opeid_master,official_site_alias_annual_unitid_verified,campus__fws_disbursements,nominal_usd,4,4,0,330767.0
campus_based,2008-2009,included_unique_family_record,opeid_master,official_site_alias_annual_unitid_verified,campus__perkins_disbursements_amt,nominal_usd,4,4,0,1202603.0
campus_based,2008-2009,included_unique_family_record,opeid_master,official_site_alias_annual_unitid_verified,campus__fseog_disbursements,nominal_usd,4,4,0,83730.0
campus_based,2008-2009,included_unique_family_record,opeid_master,official_site_and_directory_agree,campus__fws_disbursements,nominal_usd,3806,3806,0,1018213754.0
campus_based,2008-2009,included_unique_family_record,opeid_master,official_site_and_directory_agree,campus__perkins_disbursements_amt,nominal_usd,3806,3806,0,876335404.0
campus_based,2008-2009,included_unique_family_record,opeid_master,official_site_and_directory_agree,campus__fseog_disbursements,nominal_usd,3806,3806,0,936591961.0
campus_based,2009-2010,excluded_annual_identity_unresolved,opeid_master,multiple_nonadministrative_directory_unitids,campus__fws_disbursements,nominal_usd,2,2,0,195460.0
campus_based,2009-2010,excluded_annual_identity_unresolved,opeid_master,multiple_nonadministrative_directory_unitids,campus__perkins_disbursements_amt,nominal_usd,2,2,0,0.0
campus_based,2009-2010,excluded_annual_identity_unresolved,opeid_master,multiple_nonadministrative_directory_unitids,campus__fseog_disbursements,nominal_usd,2,2,0,317738.0
campus_based,2009-2010,excluded_annual_identity_unresolved,opeid_master,multiple_official_site_unitids,campus__fws_disbursements,nominal_usd,104,104,0,70318769.0
campus_based,2009-2010,excluded_annual_identity_unresolved,opeid_master,multiple_official_site_unitids,campus__perkins_disbursements_amt,nominal_usd,104,104,0,49948593.0
campus_based,2009-2010,excluded_annual_identity_unresolved,opeid_master,multiple_official_site_unitids,campus__fseog_disbursements,nominal_usd,104,104,0,78321499.0
campus_based,2009-2010,excluded_annual_identity_unresolved,opeid_master,no_annual_site_match,campus__fws_disbursements,nominal_usd,13,3,10,250502.0
campus_based,2009-2010,excluded_annual_identity_unresolved,opeid_master,no_annual_site_match,campus__perkins_disbursements_amt,nominal_usd,13,3,10,449700.0
campus_based,2009-2010,excluded_annual_identity_unresolved,opeid_master,no_annual_site_match,campus__fseog_disbursements,nominal_usd,13,3,10,243838.0
campus_based,2009-2010,excluded_annual_identity_unresolved,opeid_master,resolved_administrative_directory_identity_ineligible,campus__fws_disbursements,nominal_usd,5,5,0,17763121.0
campus_based,2009-2010,excluded_annual_identity_unresolved,opeid_master,resolved_administrative_directory_identity_ineligible,campus__perkins_disbursements_amt,nominal_usd,5,5,0,7858435.0
campus_based,2009-2010,excluded_annual_identity_unresolved,opeid_master,resolved_administrative_directory_identity_ineligible,campus__fseog_disbursements,nominal_usd,5,5,0,16789861.0
campus_based,2009-2010,included_unique_family_record,opeid_master,official_site_alias_annual_unitid_verified,campus__fws_disbursements,nominal_usd,7,7,0,533110.0
campus_based,2009-2010,included_unique_family_record,opeid_master,official_site_alias_annual_unitid_verified,campus__perkins_disbursements_amt,nominal_usd,7,7,0,0.0
campus_based,2009-2010,included_unique_family_record,opeid_master,official_site_alias_annual_unitid_verified,campus__fseog_disbursements,nominal_usd,7,7,0,760663.0
campus_based,2009-2010,included_unique_family_record,opeid_master,official_site_and_directory_agree,campus__fws_disbursements,nominal_usd,3837,3794,43,1157002294.0
campus_based,2009-2010,included_unique_family_record,opeid_master,official_site_and_directory_agree,campus__perkins_disbursements_amt,nominal_usd,3837,3794,43,757891589.0
campus_based,2009-2010,included_unique_family_record,opeid_master,official_site_and_directory_agree,campus__fseog_disbursements,nominal_usd,3837,3794,43,969993516.0
campus_based,2009-2010,included_unique_family_record,opeid_master,unique_annual_directory_only,campus__fws_disbursements,nominal_usd,2,0,2,
campus_based,2009-2010,included_unique_family_record,opeid_master,unique_annual_directory_only,campus__perkins_disbursements_amt,nominal_usd,2,0,2,
campus_based,2009-2010,included_unique_family_record,opeid_master,unique_annual_directory_only,campus__fseog_disbursements,nominal_usd,2,0,2,
campus_based,2010-2011,excluded_annual_identity_unresolved,opeid_master,multiple_nonadministrative_directory_unitids,campus__fws_disbursements,nominal_usd,4,4,0,984542.0
campus_based,2010-2011,excluded_annual_identity_unresolved,opeid_master,multiple_nonadministrative_directory_unitids,campus__perkins_disbursements_amt,nominal_usd,4,4,0,0.0
campus_based,2010-2011,excluded_annual_identity_unresolved,opeid_master,multiple_nonadministrative_directory_unitids,campus__fseog_disbursements,nominal_usd,4,4,0,738167.0
campus_based,2010-2011,excluded_annual_identity_unresolved,opeid_master,multiple_official_site_unitids,campus__fws_disbursements,nominal_usd,114,114,0,78200851.0
campus_based,2010-2011,excluded_annual_identity_unresolved,opeid_master,multiple_official_site_unitids,campus__perkins_disbursements_amt,nominal_usd,114,114,0,53508354.0
campus_based,2010-2011,excluded_annual_identity_unresolved,opeid_master,multiple_official_site_unitids,campus__fseog_disbursements,nominal_usd,114,114,0,85786372.0
campus_based,2010-2011,excluded_annual_identity_unresolved,opeid_master,no_annual_site_match,campus__fws_disbursements,nominal_usd,23,23,0,687946.0
campus_based,2010-2011,excluded_annual_identity_unresolved,opeid_master,no_annual_site_match,campus__perkins_disbursements_amt,nominal_usd,23,23,0,176700.0
campus_based,2010-2011,excluded_annual_identity_unresolved,opeid_master,no_annual_site_match,campus__fseog_disbursements,nominal_usd,23,23,0,1383191.0
campus_based,2010-2011,excluded_annual_identity_unresolved,opeid_master,resolved_administrative_directory_identity_ineligible,campus__fws_disbursements,nominal_usd,4,4,0,14333920.0
campus_based,2010-2011,excluded_annual_identity_unresolved,opeid_master,resolved_administrative_directory_identity_ineligible,campus__perkins_disbursements_amt,nominal_usd,4,4,0,6512003.0
campus_based,2010-2011,excluded_annual_identity_unresolved,opeid_master,resolved_administrative_directory_identity_ineligible,campus__fseog_disbursements,nominal_usd,4,4,0,13801939.0
campus_based,2010-2011,included_unique_family_record,opeid_master,official_site_alias_annual_unitid_verified,campus__fws_disbursements,nominal_usd,1,1,0,0.0
campus_based,2010-2011,included_unique_family_record,opeid_master,official_site_alias_annual_unitid_verified,campus__perkins_disbursements_amt,nominal_usd,1,1,0,0.0
campus_based,2010-2011,included_unique_family_record,opeid_master,official_site_alias_annual_unitid_verified,campus__fseog_disbursements,nominal_usd,1,1,0,30545.0
campus_based,2010-2011,included_unique_family_record,opeid_master,official_site_and_directory_agree,campus__fws_disbursements,nominal_usd,3938,3938,0,1104034513.0
campus_based,2010-2011,included_unique_family_record,opeid_master,official_site_and_directory_agree,campus__perkins_disbursements_amt,nominal_usd,3938,3938,0,796597502.0
campus_based,2010-2011,included_unique_family_record,opeid_master,official_site_and_directory_agree,campus__fseog_disbursements,nominal_usd,3938,3938,0,910786244.0
campus_based,2010-2011,included_unique_family_record,opeid_master,unique_annual_directory_only,campus__fws_disbursements,nominal_usd,2,2,0,0.0
campus_based,2010-2011,included_unique_family_record,opeid_master,unique_annual_directory_only,campus__perkins_disbursements_amt,nominal_usd,2,2,0,0.0
campus_based,2010-2011,included_unique_family_record,opeid_master,unique_annual_directory_only,campus__fseog_disbursements,nominal_usd,2,2,0,0.0
campus_based,2011-2012,excluded_annual_identity_unresolved,opeid_master,directory_crosswalk_identity_conflict,campus__fws_disbursements,nominal_usd,3,3,0,4094349.0
campus_based,2011-2012,excluded_annual_identity_unresolved,opeid_master,directory_crosswalk_identity_conflict,campus__perkins_disbursements_amt,nominal_usd,3,3,0,311025.0
campus_based,2011-2012,excluded_annual_identity_unresolved,opeid_master,directory_crosswalk_identity_conflict,campus__fseog_disbursements,nominal_usd,3,3,0,4300916.0
campus_based,2011-2012,excluded_annual_identity_unresolved,opeid_master,multiple_nonadministrative_directory_unitids,campus__fws_disbursements,nominal_usd,2,2,0,1508782.0
campus_based,2011-2012,excluded_annual_identity_unresolved,opeid_master,multiple_nonadministrative_directory_unitids,campus__perkins_disbursements_amt,nominal_usd,2,2,0,1854836.0
campus_based,2011-2012,excluded_annual_identity_unresolved,opeid_master,multiple_nonadministrative_directory_unitids,campus__fseog_disbursements,nominal_usd,2,2,0,1391259.0
campus_based,2011-2012,excluded_annual_identity_unresolved,opeid_master,multiple_official_site_unitids,campus__fws_disbursements,nominal_usd,29,29,0,22059716.0
campus_based,2011-2012,excluded_annual_identity_unresolved,opeid_master,multiple_official_site_unitids,campus__perkins_disbursements_amt,nominal_usd,29,29,0,23227540.0
campus_based,2011-2012,excluded_annual_identity_unresolved,opeid_master,multiple_official_site_unitids,campus__fseog_disbursements,nominal_usd,29,29,0,23612487.0
campus_based,2011-2012,excluded_annual_identity_unresolved,opeid_master,no_annual_site_match,campus__fws_disbursements,nominal_usd,13,13,0,238655.0
campus_based,2011-2012,excluded_annual_identity_unresolved,opeid_master,no_annual_site_match,campus__perkins_disbursements_amt,nominal_usd,13,13,0,134260.0
campus_based,2011-2012,excluded_annual_identity_unresolved,opeid_master,no_annual_site_match,campus__fseog_disbursements,nominal_usd,13,13,0,170225.0
campus_based,2011-2012,excluded_annual_identity_unresolved,opeid_master,resolved_administrative_directory_identity_ineligible,campus__fws_disbursements,nominal_usd,6,6,0,15862199.0
campus_based,2011-2012,excluded_annual_identity_unresolved,opeid_master,resolved_administrative_directory_identity_ineligible,campus__perkins_disbursements_amt,nominal_usd,6,6,0,3694196.0
campus_based,2011-2012,excluded_annual_identity_unresolved,opeid_master,resolved_administrative_directory_identity_ineligible,campus__fseog_disbursements,nominal_usd,6,6,0,16480251.0
campus_based,2011-2012,included_unique_family_record,opeid_master,official_site_alias_annual_unitid_verified,campus__fws_disbursements,nominal_usd,20,20,0,5034847.0
campus_based,2011-2012,included_unique_family_record,opeid_master,official_site_alias_annual_unitid_verified,campus__perkins_disbursements_amt,nominal_usd,20,20,0,3345786.0
campus_based,2011-2012,included_unique_family_record,opeid_master,official_site_alias_annual_unitid_verified,campus__fseog_disbursements,nominal_usd,20,20,0,4254242.0
campus_based,2011-2012,included_unique_family_record,opeid_master,official_site_and_directory_agree,campus__fws_disbursements,nominal_usd,3988,3988,0,1127106190.0
campus_based,2011-2012,included_unique_family_record,opeid_master,official_site_and_directory_agree,campus__perkins_disbursements_amt,nominal_usd,3988,3988,0,915945298.0
campus_based,2011-2012,included_unique_family_record,opeid_master,official_site_and_directory_agree,campus__fseog_disbursements,nominal_usd,3988,3988,0,917208535.0
campus_based,2012-2013,excluded_annual_identity_unresolved,opeid_master,directory_crosswalk_identity_conflict,campus__fws_disbursements,nominal_usd,1,1,0,993148.0
campus_based,2012-2013,excluded_annual_identity_unresolved,opeid_master,directory_crosswalk_identity_conflict,campus__perkins_disbursements_amt,nominal_usd,1,1,0,0.0
campus_based,2012-2013,excluded_annual_identity_unresolved,opeid_master,directory_crosswalk_identity_conflict,campus__fseog_disbursements,nominal_usd,1,1,0,0.0
campus_based,2012-2013,excluded_annual_identity_unresolved,opeid_master,multiple_official_site_unitids,campus__fws_disbursements,nominal_usd,33,33,0,31591795.0
campus_based,2012-2013,excluded_annual_identity_unresolved,opeid_master,multiple_official_site_unitids,campus__perkins_disbursements_amt,nominal_usd,33,33,0,34193143.0
campus_based,2012-2013,excluded_annual_identity_unresolved,opeid_master,multiple_official_site_unitids,campus__fseog_disbursements,nominal_usd,33,33,0,35896045.0
campus_based,2012-2013,excluded_annual_identity_unresolved,opeid_master,no_annual_site_match,campus__fws_disbursements,nominal_usd,23,23,0,274463.0
campus_based,2012-2013,excluded_annual_identity_unresolved,opeid_master,no_annual_site_match,campus__perkins_disbursements_amt,nominal_usd,23,23,0,223000.0
campus_based,2012-2013,excluded_annual_identity_unresolved,opeid_master,no_annual_site_match,campus__fseog_disbursements,nominal_usd,23,23,0,204031.0
campus_based,2012-2013,excluded_annual_identity_unresolved,opeid_master,resolved_administrative_directory_identity_ineligible,campus__fws_disbursements,nominal_usd,4,4,0,12370539.0
campus_based,2012-2013,excluded_annual_identity_unresolved,opeid_master,resolved_administrative_directory_identity_ineligible,campus__perkins_disbursements_amt,nominal_usd,4,4,0,3930608.0
campus_based,2012-2013,excluded_annual_identity_unresolved,opeid_master,resolved_administrative_directory_identity_ineligible,campus__fseog_disbursements,nominal_usd,4,4,0,11245928.0
campus_based,2012-2013,included_unique_family_record,opeid_master,official_site_alias_annual_unitid_verified,campus__fws_disbursements,nominal_usd,18,18,0,3951663.0
campus_based,2012-2013,included_unique_family_record,opeid_master,official_site_alias_annual_unitid_verified,campus__perkins_disbursements_amt,nominal_usd,18,18,0,3667323.0
campus_based,2012-2013,included_unique_family_record,opeid_master,official_site_alias_annual_unitid_verified,campus__fseog_disbursements,nominal_usd,18,18,0,3295817.0
campus_based,2012-2013,included_unique_family_record,opeid_master,official_site_and_directory_agree,campus__fws_disbursements,nominal_usd,3967,3967,0,1111872214.0
campus_based,2012-2013,included_unique_family_record,opeid_master,official_site_and_directory_agree,campus__perkins_disbursements_amt,nominal_usd,3967,3967,0,968625615.0
campus_based,2012-2013,included_unique_family_record,opeid_master,official_site_and_directory_agree,campus__fseog_disbursements,nominal_usd,3967,3967,0,927039205.0
campus_based,2013-2014,excluded_annual_identity_unresolved,opeid_master,directory_crosswalk_identity_conflict,campus__fws_disbursements,nominal_usd,1,1,0,0.0
campus_based,2013-2014,excluded_annual_identity_unresolved,opeid_master,directory_crosswalk_identity_conflict,campus__perkins_disbursements_amt,nominal_usd,1,1,0,0.0
campus_based,2013-2014,excluded_annual_identity_unresolved,opeid_master,directory_crosswalk_identity_conflict,campus__fseog_disbursements,nominal_usd,1,1,0,589469.0
campus_based,2013-2014,excluded_annual_identity_unresolved,opeid_master,multiple_nonadministrative_directory_unitids,campus__fws_disbursements,nominal_usd,7,7,0,5270284.0
campus_based,2013-2014,excluded_annual_identity_unresolved,opeid_master,multiple_nonadministrative_directory_unitids,campus__perkins_disbursements_amt,nominal_usd,7,7,0,13654903.0
campus_based,2013-2014,excluded_annual_identity_unresolved,opeid_master,multiple_nonadministrative_directory_unitids,campus__fseog_disbursements,nominal_usd,7,7,0,9132696.0
campus_based,2013-2014,excluded_annual_identity_unresolved,opeid_master,multiple_official_site_unitids,campus__fws_disbursements,nominal_usd,36,36,0,39373820.0
campus_based,2013-2014,excluded_annual_identity_unresolved,opeid_master,multiple_official_site_unitids,campus__perkins_disbursements_amt,nominal_usd,36,36,0,42596223.0
campus_based,2013-2014,excluded_annual_identity_unresolved,opeid_master,multiple_official_site_unitids,campus__fseog_disbursements,nominal_usd,36,36,0,37397743.0
campus_based,2013-2014,excluded_annual_identity_unresolved,opeid_master,no_annual_site_match,campus__fws_disbursements,nominal_usd,20,20,0,656409.0
campus_based,2013-2014,excluded_annual_identity_unresolved,opeid_master,no_annual_site_match,campus__perkins_disbursements_amt,nominal_usd,20,20,0,692140.0
campus_based,2013-2014,excluded_annual_identity_unresolved,opeid_master,no_annual_site_match,campus__fseog_disbursements,nominal_usd,20,20,0,1133119.0
campus_based,2013-2014,excluded_annual_identity_unresolved,opeid_master,resolved_administrative_directory_identity_ineligible,campus__fws_disbursements,nominal_usd,3,3,0,11885604.0
campus_based,2013-2014,excluded_annual_identity_unresolved,opeid_master,resolved_administrative_directory_identity_ineligible,campus__perkins_disbursements_amt,nominal_usd,3,3,0,4005403.0
campus_based,2013-2014,excluded_annual_identity_unresolved,opeid_master,resolved_administrative_directory_identity_ineligible,campus__fseog_disbursements,nominal_usd,3,3,0,9782158.0
campus_based,2013-2014,included_unique_family_record,opeid_master,official_site_alias_annual_unitid_verified,campus__fws_disbursements,nominal_usd,2,2,0,63829.0
campus_based,2013-2014,included_unique_family_record,opeid_master,official_site_alias_annual_unitid_verified,campus__perkins_disbursements_amt,nominal_usd,2,2,0,0.0
campus_based,2013-2014,included_unique_family_record,opeid_master,official_site_alias_annual_unitid_verified,campus__fseog_disbursements,nominal_usd,2,2,0,25600.0
campus_based,2013-2014,included_unique_family_record,opeid_master,official_site_and_directory_agree,campus__fws_disbursements,nominal_usd,3941,3941,0,1064582444.0
campus_based,2013-2014,included_unique_family_record,opeid_master,official_site_and_directory_agree,campus__perkins_disbursements_amt,nominal_usd,3941,3941,0,1110404217.0
campus_based,2013-2014,included_unique_family_record,opeid_master,official_site_and_directory_agree,campus__fseog_disbursements,nominal_usd,3941,3941,0,866739747.0
campus_based,2014-2015,excluded_annual_identity_unresolved,opeid_master,multiple_nonadministrative_directory_unitids,campus__fws_disbursements,nominal_usd,4,4,0,240754.0
campus_based,2014-2015,excluded_annual_identity_unresolved,opeid_master,multiple_nonadministrative_directory_unitids,campus__perkins_disbursements_amt,nominal_usd,4,4,0,0.0
campus_based,2014-2015,excluded_annual_identity_unresolved,opeid_master,multiple_nonadministrative_directory_unitids,campus__fseog_disbursements,nominal_usd,4,4,0,11435659.0
campus_based,2014-2015,excluded_annual_identity_unresolved,opeid_master,multiple_official_site_unitids,campus__fws_disbursements,nominal_usd,35,35,0,36830725.0
campus_based,2014-2015,excluded_annual_identity_unresolved,opeid_master,multiple_official_site_unitids,campus__perkins_disbursements_amt,nominal_usd,35,35,0,47254285.0
campus_based,2014-2015,excluded_annual_identity_unresolved,opeid_master,multiple_official_site_unitids,campus__fseog_disbursements,nominal_usd,35,35,0,46751363.0
campus_based,2014-2015,excluded_annual_identity_unresolved,opeid_master,no_annual_site_match,campus__fws_disbursements,nominal_usd,41,41,0,242868.0
campus_based,2014-2015,excluded_annual_identity_unresolved,opeid_master,no_annual_site_match,campus__perkins_disbursements_amt,nominal_usd,41,41,0,238405.0
campus_based,2014-2015,excluded_annual_identity_unresolved,opeid_master,no_annual_site_match,campus__fseog_disbursements,nominal_usd,41,41,0,139623.0
campus_based,2014-2015,excluded_annual_identity_unresolved,opeid_master,resolved_administrative_directory_identity_ineligible,campus__fws_disbursements,nominal_usd,2,2,0,9006929.0
campus_based,2014-2015,excluded_annual_identity_unresolved,opeid_master,resolved_administrative_directory_identity_ineligible,campus__perkins_disbursements_amt,nominal_usd,2,2,0,3620467.0
campus_based,2014-2015,excluded_annual_identity_unresolved,opeid_master,resolved_administrative_directory_identity_ineligible,campus__fseog_disbursements,nominal_usd,2,2,0,9513894.0
campus_based,2014-2015,included_unique_family_record,opeid_master,official_site_and_directory_agree,campus__fws_disbursements,nominal_usd,3927,3927,0,1053926211.0
campus_based,2014-2015,included_unique_family_record,opeid_master,official_site_and_directory_agree,campus__perkins_disbursements_amt,nominal_usd,3927,3927,0,1109260955.0
campus_based,2014-2015,included_unique_family_record,opeid_master,official_site_and_directory_agree,campus__fseog_disbursements,nominal_usd,3927,3927,0,914662235.0
campus_based,2014-2015,included_unique_family_record,opeid_master,unique_annual_directory_only,campus__fws_disbursements,nominal_usd,4,4,0,21799.0
campus_based,2014-2015,included_unique_family_record,opeid_master,unique_annual_directory_only,campus__perkins_disbursements_amt,nominal_usd,4,4,0,0.0
campus_based,2014-2015,included_unique_family_record,opeid_master,unique_annual_directory_only,campus__fseog_disbursements,nominal_usd,4,4,0,188954.0
campus_based,2015-2016,excluded_annual_identity_unresolved,opeid_master,multiple_nonadministrative_directory_unitids,campus__fws_disbursements,nominal_usd,6,6,0,1938795.0
campus_based,2015-2016,excluded_annual_identity_unresolved,opeid_master,multiple_nonadministrative_directory_unitids,campus__perkins_disbursements_amt,nominal_usd,6,6,0,150250.0
campus_based,2015-2016,excluded_annual_identity_unresolved,opeid_master,multiple_nonadministrative_directory_unitids,campus__fseog_disbursements,nominal_usd,6,6,0,2572247.0
campus_based,2015-2016,excluded_annual_identity_unresolved,opeid_master,multiple_official_site_unitids,campus__fws_disbursements,nominal_usd,36,36,0,34400764.0
campus_based,2015-2016,excluded_annual_identity_unresolved,opeid_master,multiple_official_site_unitids,campus__perkins_disbursements_amt,nominal_usd,36,36,0,41744258.0
campus_based,2015-2016,excluded_annual_identity_unresolved,opeid_master,multiple_official_site_unitids,campus__fseog_disbursements,nominal_usd,36,36,0,42132779.0
campus_based,2015-2016,excluded_annual_identity_unresolved,opeid_master,no_annual_site_match,campus__fws_disbursements,nominal_usd,25,25,0,513671.0
campus_based,2015-2016,excluded_annual_identity_unresolved,opeid_master,no_annual_site_match,campus__perkins_disbursements_amt,nominal_usd,25,25,0,111263.0
campus_based,2015-2016,excluded_annual_identity_unresolved,opeid_master,no_annual_site_match,campus__fseog_disbursements,nominal_usd,25,25,0,537592.0
campus_based,2015-2016,excluded_annual_identity_unresolved,opeid_master,resolved_administrative_directory_identity_ineligible,campus__fws_disbursements,nominal_usd,1,1,0,14121937.0
campus_based,2015-2016,excluded_annual_identity_unresolved,opeid_master,resolved_administrative_directory_identity_ineligible,campus__perkins_disbursements_amt,nominal_usd,1,1,0,4791009.0
campus_based,2015-2016,excluded_annual_identity_unresolved,opeid_master,resolved_administrative_directory_identity_ineligible,campus__fseog_disbursements,nominal_usd,1,1,0,10362007.0
campus_based,2015-2016,included_unique_family_record,opeid_master,official_site_alias_annual_unitid_verified,campus__fws_disbursements,nominal_usd,2,2,0,129934.0
campus_based,2015-2016,included_unique_family_record,opeid_master,official_site_alias_annual_unitid_verified,campus__perkins_disbursements_amt,nominal_usd,2,2,0,0.0
campus_based,2015-2016,included_unique_family_record,opeid_master,official_site_alias_annual_unitid_verified,campus__fseog_disbursements,nominal_usd,2,2,0,145430.0
campus_based,2015-2016,included_unique_family_record,opeid_master,official_site_and_directory_agree,campus__fws_disbursements,nominal_usd,3876,3876,0,1044975340.0
campus_based,2015-2016,included_unique_family_record,opeid_master,official_site_and_directory_agree,campus__perkins_disbursements_amt,nominal_usd,3876,3876,0,998516349.0
campus_based,2015-2016,included_unique_family_record,opeid_master,official_site_and_directory_agree,campus__fseog_disbursements,nominal_usd,3876,3876,0,937124823.0
campus_based,2015-2016,included_unique_family_record,opeid_master,unique_annual_directory_only,campus__fws_disbursements,nominal_usd,1,1,0,0.0
campus_based,2015-2016,included_unique_family_record,opeid_master,unique_annual_directory_only,campus__perkins_disbursements_amt,nominal_usd,1,1,0,0.0
campus_based,2015-2016,included_unique_family_record,opeid_master,unique_annual_directory_only,campus__fseog_disbursements,nominal_usd,1,1,0,0.0
campus_based,2016-2017,excluded_annual_identity_unresolved,opeid_master,directory_crosswalk_identity_conflict,campus__fws_disbursements,nominal_usd,2,2,0,73787.0
campus_based,2016-2017,excluded_annual_identity_unresolved,opeid_master,directory_crosswalk_identity_conflict,campus__perkins_disbursements_amt,nominal_usd,2,2,0,0.0
campus_based,2016-2017,excluded_annual_identity_unresolved,opeid_master,directory_crosswalk_identity_conflict,campus__fseog_disbursements,nominal_usd,2,2,0,203067.0
campus_based,2016-2017,excluded_annual_identity_unresolved,opeid_master,multiple_nonadministrative_directory_unitids,campus__fws_disbursements,nominal_usd,2,2,0,108384.0
campus_based,2016-2017,excluded_annual_identity_unresolved,opeid_master,multiple_nonadministrative_directory_unitids,campus__perkins_disbursements_amt,nominal_usd,2,2,0,0.0
campus_based,2016-2017,excluded_annual_identity_unresolved,opeid_master,multiple_nonadministrative_directory_unitids,campus__fseog_disbursements,nominal_usd,2,2,0,104845.0
campus_based,2016-2017,excluded_annual_identity_unresolved,opeid_master,multiple_official_site_unitids,campus__fws_disbursements,nominal_usd,35,35,0,33093418.0
campus_based,2016-2017,excluded_annual_identity_unresolved,opeid_master,multiple_official_site_unitids,campus__perkins_disbursements_amt,nominal_usd,35,35,0,30052404.0
campus_based,2016-2017,excluded_annual_identity_unresolved,opeid_master,multiple_official_site_unitids,campus__fseog_disbursements,nominal_usd,35,35,0,39379778.0
campus_based,2016-2017,excluded_annual_identity_unresolved,opeid_master,no_annual_site_match,campus__fws_disbursements,nominal_usd,23,23,0,260545.0
campus_based,2016-2017,excluded_annual_identity_unresolved,opeid_master,no_annual_site_match,campus__perkins_disbursements_amt,nominal_usd,23,23,0,175726.0
campus_based,2016-2017,excluded_annual_identity_unresolved,opeid_master,no_annual_site_match,campus__fseog_disbursements,nominal_usd,23,23,0,145093.0
campus_based,2016-2017,excluded_annual_identity_unresolved,opeid_master,resolved_administrative_directory_identity_ineligible,campus__fws_disbursements,nominal_usd,1,1,0,9801495.0
campus_based,2016-2017,excluded_annual_identity_unresolved,opeid_master,resolved_administrative_directory_identity_ineligible,campus__perkins_disbursements_amt,nominal_usd,1,1,0,1014411.0
campus_based,2016-2017,excluded_annual_identity_unresolved,opeid_master,resolved_administrative_directory_identity_ineligible,campus__fseog_disbursements,nominal_usd,1,1,0,11860615.0
campus_based,2016-2017,included_unique_family_record,opeid_master,official_site_alias_annual_unitid_verified,campus__fws_disbursements,nominal_usd,1,1,0,62450.0
campus_based,2016-2017,included_unique_family_record,opeid_master,official_site_alias_annual_unitid_verified,campus__perkins_disbursements_amt,nominal_usd,1,1,0,0.0
campus_based,2016-2017,included_unique_family_record,opeid_master,official_site_alias_annual_unitid_verified,campus__fseog_disbursements,nominal_usd,1,1,0,86372.0
campus_based,2016-2017,included_unique_family_record,opeid_master,official_site_and_directory_agree,campus__fws_disbursements,nominal_usd,3804,3804,0,1042152521.0
campus_based,2016-2017,included_unique_family_record,opeid_master,official_site_and_directory_agree,campus__perkins_disbursements_amt,nominal_usd,3804,3804,0,855025879.0
campus_based,2016-2017,included_unique_family_record,opeid_master,official_site_and_directory_agree,campus__fseog_disbursements,nominal_usd,3804,3804,0,935265426.0
campus_based,2017-2018,excluded_annual_identity_unresolved,opeid_master,multiple_nonadministrative_directory_unitids,campus__fws_disbursements,nominal_usd,1,1,0,344838.0
campus_based,2017-2018,excluded_annual_identity_unresolved,opeid_master,multiple_nonadministrative_directory_unitids,campus__perkins_disbursements_amt,nominal_usd,1,1,0,0.0
campus_based,2017-2018,excluded_annual_identity_unresolved,opeid_master,multiple_nonadministrative_directory_unitids,campus__fseog_disbursements,nominal_usd,1,1,0,398072.0
campus_based,2017-2018,excluded_annual_identity_unresolved,opeid_master,multiple_official_site_unitids,campus__fws_disbursements,nominal_usd,38,38,0,32975978.0
campus_based,2017-2018,excluded_annual_identity_unresolved,opeid_master,multiple_official_site_unitids,campus__perkins_disbursements_amt,nominal_usd,38,38,0,27411822.0
campus_based,2017-2018,excluded_annual_identity_unresolved,opeid_master,multiple_official_site_unitids,campus__fseog_disbursements,nominal_usd,38,38,0,46257252.0
campus_based,2017-2018,excluded_annual_identity_unresolved,opeid_master,no_annual_site_match,campus__fws_disbursements,nominal_usd,2,2,0,481470.0
campus_based,2017-2018,excluded_annual_identity_unresolved,opeid_master,no_annual_site_match,campus__perkins_disbursements_amt,nominal_usd,2,2,0,157937.0
campus_based,2017-2018,excluded_annual_identity_unresolved,opeid_master,no_annual_site_match,campus__fseog_disbursements,nominal_usd,2,2,0,268011.0
campus_based,2017-2018,excluded_annual_identity_unresolved,opeid_master,resolved_administrative_directory_identity_ineligible,campus__fws_disbursements,nominal_usd,1,1,0,10209911.0
campus_based,2017-2018,excluded_annual_identity_unresolved,opeid_master,resolved_administrative_directory_identity_ineligible,campus__perkins_disbursements_amt,nominal_usd,1,1,0,125112.0
campus_based,2017-2018,excluded_annual_identity_unresolved,opeid_master,resolved_administrative_directory_identity_ineligible,campus__fseog_disbursements,nominal_usd,1,1,0,14684808.0
campus_based,2017-2018,included_unique_family_record,opeid_master,official_site_and_directory_agree,campus__fws_disbursements,nominal_usd,3636,3636,0,1055161697.0
campus_based,2017-2018,included_unique_family_record,opeid_master,official_site_and_directory_agree,campus__perkins_disbursements_amt,nominal_usd,3636,3636,0,602893144.0
campus_based,2017-2018,included_unique_family_record,opeid_master,official_site_and_directory_agree,campus__fseog_disbursements,nominal_usd,3636,3636,0,946037409.0
campus_based,2018-2019,excluded_annual_identity_unresolved,opeid_master,directory_crosswalk_identity_conflict,campus__fws_disbursements,nominal_usd,5,5,0,390529.0
campus_based,2018-2019,excluded_annual_identity_unresolved,opeid_master,directory_crosswalk_identity_conflict,campus__perkins_disbursements_amt,nominal_usd,5,5,0,0.0
campus_based,2018-2019,excluded_annual_identity_unresolved,opeid_master,directory_crosswalk_identity_conflict,campus__fseog_disbursements,nominal_usd,5,5,0,875483.0
campus_based,2018-2019,excluded_annual_identity_unresolved,opeid_master,multiple_official_site_unitids,campus__fws_disbursements,nominal_usd,38,38,0,34506978.0
campus_based,2018-2019,excluded_annual_identity_unresolved,opeid_master,multiple_official_site_unitids,campus__perkins_disbursements_amt,nominal_usd,38,38,0,0.0
campus_based,2018-2019,excluded_annual_identity_unresolved,opeid_master,multiple_official_site_unitids,campus__fseog_disbursements,nominal_usd,38,38,0,49978435.0
campus_based,2018-2019,excluded_annual_identity_unresolved,opeid_master,no_annual_site_match,campus__fws_disbursements,nominal_usd,11,11,0,456206.0
campus_based,2018-2019,excluded_annual_identity_unresolved,opeid_master,no_annual_site_match,campus__perkins_disbursements_amt,nominal_usd,11,11,0,0.0
campus_based,2018-2019,excluded_annual_identity_unresolved,opeid_master,no_annual_site_match,campus__fseog_disbursements,nominal_usd,11,11,0,309998.0
campus_based,2018-2019,excluded_annual_identity_unresolved,opeid_master,resolved_administrative_directory_identity_ineligible,campus__fws_disbursements,nominal_usd,1,1,0,13725510.0
campus_based,2018-2019,excluded_annual_identity_unresolved,opeid_master,resolved_administrative_directory_identity_ineligible,campus__perkins_disbursements_amt,nominal_usd,1,1,0,0.0
campus_based,2018-2019,excluded_annual_identity_unresolved,opeid_master,resolved_administrative_directory_identity_ineligible,campus__fseog_disbursements,nominal_usd,1,1,0,10913783.0
campus_based,2018-2019,included_unique_family_record,opeid_master,official_site_and_directory_agree,campus__fws_disbursements,nominal_usd,3652,3642,10,1102394811.0
campus_based,2018-2019,included_unique_family_record,opeid_master,official_site_and_directory_agree,campus__perkins_disbursements_amt,nominal_usd,3652,3642,10,0.0
campus_based,2018-2019,included_unique_family_record,opeid_master,official_site_and_directory_agree,campus__fseog_disbursements,nominal_usd,3652,3642,10,1072587909.0
campus_based,2019-2020,excluded_annual_identity_unresolved,opeid_master,directory_crosswalk_identity_conflict,campus__fws_disbursements,nominal_usd,1,1,0,42772.0
campus_based,2019-2020,excluded_annual_identity_unresolved,opeid_master,directory_crosswalk_identity_conflict,campus__perkins_disbursements_amt,nominal_usd,1,0,1,
campus_based,2019-2020,excluded_annual_identity_unresolved,opeid_master,directory_crosswalk_identity_conflict,campus__fseog_disbursements,nominal_usd,1,1,0,79250.0
campus_based,2019-2020,excluded_annual_identity_unresolved,opeid_master,multiple_nonadministrative_directory_unitids,campus__fws_disbursements,nominal_usd,1,1,0,257881.0
campus_based,2019-2020,excluded_annual_identity_unresolved,opeid_master,multiple_nonadministrative_directory_unitids,campus__perkins_disbursements_amt,nominal_usd,1,0,1,
campus_based,2019-2020,excluded_annual_identity_unresolved,opeid_master,multiple_nonadministrative_directory_unitids,campus__fseog_disbursements,nominal_usd,1,1,0,373663.0
campus_based,2019-2020,excluded_annual_identity_unresolved,opeid_master,multiple_official_site_unitids,campus__fws_disbursements,nominal_usd,36,36,0,33460979.0
campus_based,2019-2020,excluded_annual_identity_unresolved,opeid_master,multiple_official_site_unitids,campus__perkins_disbursements_amt,nominal_usd,36,0,36,
campus_based,2019-2020,excluded_annual_identity_unresolved,opeid_master,multiple_official_site_unitids,campus__fseog_disbursements,nominal_usd,36,36,0,50170844.0
campus_based,2019-2020,excluded_annual_identity_unresolved,opeid_master,no_annual_site_match,campus__fws_disbursements,nominal_usd,2,2,0,485195.0
campus_based,2019-2020,excluded_annual_identity_unresolved,opeid_master,no_annual_site_match,campus__perkins_disbursements_amt,nominal_usd,2,0,2,
campus_based,2019-2020,excluded_annual_identity_unresolved,opeid_master,no_annual_site_match,campus__fseog_disbursements,nominal_usd,2,2,0,372577.0
campus_based,2019-2020,excluded_annual_identity_unresolved,opeid_master,resolved_administrative_directory_identity_ineligible,campus__fws_disbursements,nominal_usd,1,1,0,14520403.0
campus_based,2019-2020,excluded_annual_identity_unresolved,opeid_master,resolved_administrative_directory_identity_ineligible,campus__perkins_disbursements_amt,nominal_usd,1,0,1,
campus_based,2019-2020,excluded_annual_identity_unresolved,opeid_master,resolved_administrative_directory_identity_ineligible,campus__fseog_disbursements,nominal_usd,1,1,0,12659857.0
campus_based,2019-2020,included_unique_family_record,opeid_master,official_site_and_directory_agree,campus__fws_disbursements,nominal_usd,3566,3559,7,1077758851.0
campus_based,2019-2020,included_unique_family_record,opeid_master,official_site_and_directory_agree,campus__perkins_disbursements_amt,nominal_usd,3566,0,3566,
campus_based,2019-2020,included_unique_family_record,opeid_master,official_site_and_directory_agree,campus__fseog_disbursements,nominal_usd,3566,3559,7,1130606881.0
campus_based,2020-2021,excluded_annual_identity_unresolved,opeid_master,directory_crosswalk_identity_conflict,campus__fws_disbursements,nominal_usd,5,5,0,76534.0
campus_based,2020-2021,excluded_annual_identity_unresolved,opeid_master,directory_crosswalk_identity_conflict,campus__perkins_disbursements_amt,nominal_usd,5,0,5,
campus_based,2020-2021,excluded_annual_identity_unresolved,opeid_master,directory_crosswalk_identity_conflict,campus__fseog_disbursements,nominal_usd,5,5,0,757680.0
campus_based,2020-2021,excluded_annual_identity_unresolved,opeid_master,multiple_nonadministrative_directory_unitids,campus__fws_disbursements,nominal_usd,1,1,0,1947931.0
campus_based,2020-2021,excluded_annual_identity_unresolved,opeid_master,multiple_nonadministrative_directory_unitids,campus__perkins_disbursements_amt,nominal_usd,1,0,1,
campus_based,2020-2021,excluded_annual_identity_unresolved,opeid_master,multiple_nonadministrative_directory_unitids,campus__fseog_disbursements,nominal_usd,1,1,0,8629111.0
campus_based,2020-2021,excluded_annual_identity_unresolved,opeid_master,multiple_official_site_unitids,campus__fws_disbursements,nominal_usd,37,37,0,22561658.0
campus_based,2020-2021,excluded_annual_identity_unresolved,opeid_master,multiple_official_site_unitids,campus__perkins_disbursements_amt,nominal_usd,37,0,37,
campus_based,2020-2021,excluded_annual_identity_unresolved,opeid_master,multiple_official_site_unitids,campus__fseog_disbursements,nominal_usd,37,37,0,48930001.0
campus_based,2020-2021,excluded_annual_identity_unresolved,opeid_master,no_annual_site_match,campus__fws_disbursements,nominal_usd,2,2,0,149184.0
campus_based,2020-2021,excluded_annual_identity_unresolved,opeid_master,no_annual_site_match,campus__perkins_disbursements_amt,nominal_usd,2,0,2,
campus_based,2020-2021,excluded_annual_identity_unresolved,opeid_master,no_annual_site_match,campus__fseog_disbursements,nominal_usd,2,2,0,595359.0
campus_based,2020-2021,excluded_annual_identity_unresolved,opeid_master,resolved_administrative_directory_identity_ineligible,campus__fws_disbursements,nominal_usd,1,1,0,5114458.0
campus_based,2020-2021,excluded_annual_identity_unresolved,opeid_master,resolved_administrative_directory_identity_ineligible,campus__perkins_disbursements_amt,nominal_usd,1,0,1,
campus_based,2020-2021,excluded_annual_identity_unresolved,opeid_master,resolved_administrative_directory_identity_ineligible,campus__fseog_disbursements,nominal_usd,1,1,0,23931553.0
campus_based,2020-2021,included_unique_family_record,opeid_master,official_site_and_directory_agree,campus__fws_disbursements,nominal_usd,3542,3536,6,673349696.0
campus_based,2020-2021,included_unique_family_record,opeid_master,official_site_and_directory_agree,campus__perkins_disbursements_amt,nominal_usd,3542,0,3542,
campus_based,2020-2021,included_unique_family_record,opeid_master,official_site_and_directory_agree,campus__fseog_disbursements,nominal_usd,3542,3536,6,1365514275.0
campus_based,2020-2021,included_unique_family_record,opeid_master,unique_annual_directory_only,campus__fws_disbursements,nominal_usd,1,1,0,98314.0
campus_based,2020-2021,included_unique_family_record,opeid_master,unique_annual_directory_only,campus__perkins_disbursements_amt,nominal_usd,1,0,1,
campus_based,2020-2021,included_unique_family_record,opeid_master,unique_annual_directory_only,campus__fseog_disbursements,nominal_usd,1,1,0,2777616.0
campus_based,2021-2022,excluded_annual_identity_unresolved,opeid_master,directory_crosswalk_identity_conflict,campus__fws_disbursements,nominal_usd,2,2,0,35329.0
campus_based,2021-2022,excluded_annual_identity_unresolved,opeid_master,directory_crosswalk_identity_conflict,campus__perkins_disbursements_amt,nominal_usd,2,0,2,
campus_based,2021-2022,excluded_annual_identity_unresolved,opeid_master,directory_crosswalk_identity_conflict,campus__fseog_disbursements,nominal_usd,2,2,0,448324.0
campus_based,2021-2022,excluded_annual_identity_unresolved,opeid_master,multiple_nonadministrative_directory_unitids,campus__fws_disbursements,nominal_usd,1,1,0,128418.0
campus_based,2021-2022,excluded_annual_identity_unresolved,opeid_master,multiple_nonadministrative_directory_unitids,campus__perkins_disbursements_amt,nominal_usd,1,0,1,
campus_based,2021-2022,excluded_annual_identity_unresolved,opeid_master,multiple_nonadministrative_directory_unitids,campus__fseog_disbursements,nominal_usd,1,1,0,112731.0
campus_based,2021-2022,excluded_annual_identity_unresolved,opeid_master,multiple_official_site_unitids,campus__fws_disbursements,nominal_usd,37,36,1,26477048.0
campus_based,2021-2022,excluded_annual_identity_unresolved,opeid_master,multiple_official_site_unitids,campus__perkins_disbursements_amt,nominal_usd,37,0,37,
campus_based,2021-2022,excluded_annual_identity_unresolved,opeid_master,multiple_official_site_unitids,campus__fseog_disbursements,nominal_usd,37,37,0,54972112.0
campus_based,2021-2022,excluded_annual_identity_unresolved,opeid_master,no_annual_site_match,campus__fws_disbursements,nominal_usd,3,3,0,484739.0
campus_based,2021-2022,excluded_annual_identity_unresolved,opeid_master,no_annual_site_match,campus__perkins_disbursements_amt,nominal_usd,3,0,3,
campus_based,2021-2022,excluded_annual_identity_unresolved,opeid_master,no_annual_site_match,campus__fseog_disbursements,nominal_usd,3,3,0,436872.0
campus_based,2021-2022,excluded_annual_identity_unresolved,opeid_master,resolved_administrative_directory_identity_ineligible,campus__fws_disbursements,nominal_usd,1,1,0,7072276.0
campus_based,2021-2022,excluded_annual_identity_unresolved,opeid_master,resolved_administrative_directory_identity_ineligible,campus__perkins_disbursements_amt,nominal_usd,1,0,1,
campus_based,2021-2022,excluded_annual_identity_unresolved,opeid_master,resolved_administrative_directory_identity_ineligible,campus__fseog_disbursements,nominal_usd,1,1,0,22700636.0
campus_based,2021-2022,included_unique_family_record,opeid_master,official_site_and_directory_agree,campus__fws_disbursements,nominal_usd,3536,3206,330,819487626.0
campus_based,2021-2022,included_unique_family_record,opeid_master,official_site_and_directory_agree,campus__perkins_disbursements_amt,nominal_usd,3536,0,3536,
campus_based,2021-2022,included_unique_family_record,opeid_master,official_site_and_directory_agree,campus__fseog_disbursements,nominal_usd,3536,3484,52,1367611558.0
campus_based,2022-2023,excluded_annual_identity_unresolved,opeid_master,directory_crosswalk_identity_conflict,campus__fws_disbursements,nominal_usd,4,3,1,0.0
campus_based,2022-2023,excluded_annual_identity_unresolved,opeid_master,directory_crosswalk_identity_conflict,campus__perkins_disbursements_amt,nominal_usd,4,0,4,
campus_based,2022-2023,excluded_annual_identity_unresolved,opeid_master,directory_crosswalk_identity_conflict,campus__fseog_disbursements,nominal_usd,4,4,0,538266.0
campus_based,2022-2023,excluded_annual_identity_unresolved,opeid_master,multiple_nonadministrative_directory_unitids,campus__fws_disbursements,nominal_usd,3,3,0,1763742.0
campus_based,2022-2023,excluded_annual_identity_unresolved,opeid_master,multiple_nonadministrative_directory_unitids,campus__perkins_disbursements_amt,nominal_usd,3,0,3,
campus_based,2022-2023,excluded_annual_identity_unresolved,opeid_master,multiple_nonadministrative_directory_unitids,campus__fseog_disbursements,nominal_usd,3,3,0,2610496.0
campus_based,2022-2023,excluded_annual_identity_unresolved,opeid_master,multiple_official_site_unitids,campus__fws_disbursements,nominal_usd,38,37,1,30973731.0
campus_based,2022-2023,excluded_annual_identity_unresolved,opeid_master,multiple_official_site_unitids,campus__perkins_disbursements_amt,nominal_usd,38,0,38,
campus_based,2022-2023,excluded_annual_identity_unresolved,opeid_master,multiple_official_site_unitids,campus__fseog_disbursements,nominal_usd,38,38,0,59561266.0
campus_based,2022-2023,excluded_annual_identity_unresolved,opeid_master,no_annual_site_match,campus__fws_disbursements,nominal_usd,2,2,0,387123.0
campus_based,2022-2023,excluded_annual_identity_unresolved,opeid_master,no_annual_site_match,campus__perkins_disbursements_amt,nominal_usd,2,0,2,
campus_based,2022-2023,excluded_annual_identity_unresolved,opeid_master,no_annual_site_match,campus__fseog_disbursements,nominal_usd,2,2,0,358826.0
campus_based,2022-2023,excluded_annual_identity_unresolved,opeid_master,resolved_administrative_directory_identity_ineligible,campus__fws_disbursements,nominal_usd,1,1,0,9381519.0
campus_based,2022-2023,excluded_annual_identity_unresolved,opeid_master,resolved_administrative_directory_identity_ineligible,campus__perkins_disbursements_amt,nominal_usd,1,0,1,
campus_based,2022-2023,excluded_annual_identity_unresolved,opeid_master,resolved_administrative_directory_identity_ineligible,campus__fseog_disbursements,nominal_usd,1,1,0,22925579.0
campus_based,2022-2023,included_unique_family_record,opeid_master,official_site_and_directory_agree,campus__fws_disbursements,nominal_usd,3503,3181,322,899600372.0
campus_based,2022-2023,included_unique_family_record,opeid_master,official_site_and_directory_agree,campus__perkins_disbursements_amt,nominal_usd,3503,0,3503,
campus_based,2022-2023,included_unique_family_record,opeid_master,official_site_and_directory_agree,campus__fseog_disbursements,nominal_usd,3503,3430,73,1308402604.0
campus_based,2023-2024,excluded_annual_identity_unresolved,opeid_master,directory_crosswalk_identity_conflict,campus__fws_disbursements,nominal_usd,2,1,1,0.0
campus_based,2023-2024,excluded_annual_identity_unresolved,opeid_master,directory_crosswalk_identity_conflict,campus__perkins_disbursements_amt,nominal_usd,2,0,2,
campus_based,2023-2024,excluded_annual_identity_unresolved,opeid_master,directory_crosswalk_identity_conflict,campus__fseog_disbursements,nominal_usd,2,2,0,117566.0
campus_based,2023-2024,excluded_annual_identity_unresolved,opeid_master,multiple_official_site_unitids,campus__fws_disbursements,nominal_usd,34,34,0,30940995.0
campus_based,2023-2024,excluded_annual_identity_unresolved,opeid_master,multiple_official_site_unitids,campus__perkins_disbursements_amt,nominal_usd,34,0,34,
campus_based,2023-2024,excluded_annual_identity_unresolved,opeid_master,multiple_official_site_unitids,campus__fseog_disbursements,nominal_usd,34,34,0,50023477.0
campus_based,2023-2024,excluded_annual_identity_unresolved,opeid_master,no_annual_site_match,campus__fws_disbursements,nominal_usd,2,2,0,375752.0
campus_based,2023-2024,excluded_annual_identity_unresolved,opeid_master,no_annual_site_match,campus__perkins_disbursements_amt,nominal_usd,2,0,2,
campus_based,2023-2024,excluded_annual_identity_unresolved,opeid_master,no_annual_site_match,campus__fseog_disbursements,nominal_usd,2,2,0,311479.0
campus_based,2023-2024,excluded_annual_identity_unresolved,opeid_master,resolved_administrative_directory_identity_ineligible,campus__fws_disbursements,nominal_usd,1,1,0,9764830.0
campus_based,2023-2024,excluded_annual_identity_unresolved,opeid_master,resolved_administrative_directory_identity_ineligible,campus__perkins_disbursements_amt,nominal_usd,1,0,1,
campus_based,2023-2024,excluded_annual_identity_unresolved,opeid_master,resolved_administrative_directory_identity_ineligible,campus__fseog_disbursements,nominal_usd,1,1,0,18890584.0
campus_based,2023-2024,included_unique_family_record,opeid_master,official_site_and_directory_agree,campus__fws_disbursements,nominal_usd,3181,2877,304,910768150.0
campus_based,2023-2024,included_unique_family_record,opeid_master,official_site_and_directory_agree,campus__perkins_disbursements_amt,nominal_usd,3181,0,3181,
campus_based,2023-2024,included_unique_family_record,opeid_master,official_site_and_directory_agree,campus__fseog_disbursements,nominal_usd,3181,3078,103,1037023416.0
direct_loans,1999-2000,excluded_annual_identity_unresolved,opeid_master,no_annual_site_match,loan_direct__subsidized_loans_originated_amt,nominal_usd,44,44,0,18269761.0
direct_loans,1999-2000,excluded_annual_identity_unresolved,opeid_master,no_annual_site_match,loan_direct__subsidized_disbursements,nominal_usd,44,44,0,17147577.0
direct_loans,1999-2000,excluded_annual_identity_unresolved,opeid_master,no_annual_site_match,loan_direct__unsubsidized_loans_originated_amt,nominal_usd,44,44,0,6093683.0
direct_loans,1999-2000,excluded_annual_identity_unresolved,opeid_master,no_annual_site_match,loan_direct__unsubsidized_disbursements,nominal_usd,44,44,0,5724652.0
direct_loans,1999-2000,excluded_annual_identity_unresolved,opeid_master,no_annual_site_match,loan_direct__plus_loans_originated_amt,nominal_usd,44,44,0,2588088.0
direct_loans,1999-2000,excluded_annual_identity_unresolved,opeid_master,no_annual_site_match,loan_direct__plus_disbursements,nominal_usd,44,44,0,2526089.0
direct_loans,1999-2000,excluded_annual_identity_unresolved,opeid_master,no_annual_site_match,loan_direct__grad_plus_loans_originated_amt,nominal_usd,44,0,44,
direct_loans,1999-2000,excluded_annual_identity_unresolved,opeid_master,no_annual_site_match,loan_direct__grad_plus_disbursements,nominal_usd,44,0,44,
direct_loans,1999-2000,excluded_annual_identity_unresolved,opeid_master,no_annual_site_match,loan_direct__parent_plus_loans_originated_amt,nominal_usd,44,0,44,
direct_loans,1999-2000,excluded_annual_identity_unresolved,opeid_master,no_annual_site_match,loan_direct__parent_plus_disbursements,nominal_usd,44,0,44,
direct_loans,1999-2000,excluded_annual_identity_unresolved,opeid_master,no_annual_site_match,loan_direct__subsidized_undergraduate_loans_originated_amt,nominal_usd,44,0,44,
direct_loans,1999-2000,excluded_annual_identity_unresolved,opeid_master,no_annual_site_match,loan_direct__subsidized_undergraduate_disbursements,nominal_usd,44,0,44,
direct_loans,1999-2000,excluded_annual_identity_unresolved,opeid_master,no_annual_site_match,loan_direct__subsidized_graduate_loans_originated_amt,nominal_usd,44,0,44,
direct_loans,1999-2000,excluded_annual_identity_unresolved,opeid_master,no_annual_site_match,loan_direct__subsidized_graduate_disbursements,nominal_usd,44,0,44,
direct_loans,1999-2000,excluded_annual_identity_unresolved,opeid_master,no_annual_site_match,loan_direct__unsubsidized_undergraduate_loans_originated_amt,nominal_usd,44,0,44,
direct_loans,1999-2000,excluded_annual_identity_unresolved,opeid_master,no_annual_site_match,loan_direct__unsubsidized_undergraduate_disbursements,nominal_usd,44,0,44,
direct_loans,1999-2000,excluded_annual_identity_unresolved,opeid_master,no_annual_site_match,loan_direct__unsubsidized_graduate_loans_originated_amt,nominal_usd,44,0,44,
direct_loans,1999-2000,excluded_annual_identity_unresolved,opeid_master,no_annual_site_match,loan_direct__unsubsidized_graduate_disbursements,nominal_usd,44,0,44,
direct_loans,1999-2000,excluded_annual_identity_unresolved,opeid_master,resolved_administrative_directory_identity_ineligible,loan_direct__subsidized_loans_originated_amt,nominal_usd,2,2,0,109003463.0
direct_loans,1999-2000,excluded_annual_identity_unresolved,opeid_master,resolved_administrative_directory_identity_ineligible,loan_direct__subsidized_disbursements,nominal_usd,2,2,0,103445022.0
direct_loans,1999-2000,excluded_annual_identity_unresolved,opeid_master,resolved_administrative_directory_identity_ineligible,loan_direct__unsubsidized_loans_originated_amt,nominal_usd,2,2,0,50582488.0
direct_loans,1999-2000,excluded_annual_identity_unresolved,opeid_master,resolved_administrative_directory_identity_ineligible,loan_direct__unsubsidized_disbursements,nominal_usd,2,2,0,47604145.0
direct_loans,1999-2000,excluded_annual_identity_unresolved,opeid_master,resolved_administrative_directory_identity_ineligible,loan_direct__plus_loans_originated_amt,nominal_usd,2,2,0,6592427.0
direct_loans,1999-2000,excluded_annual_identity_unresolved,opeid_master,resolved_administrative_directory_identity_ineligible,loan_direct__plus_disbursements,nominal_usd,2,2,0,6306589.0
direct_loans,1999-2000,excluded_annual_identity_unresolved,opeid_master,resolved_administrative_directory_identity_ineligible,loan_direct__grad_plus_loans_originated_amt,nominal_usd,2,0,2,
direct_loans,1999-2000,excluded_annual_identity_unresolved,opeid_master,resolved_administrative_directory_identity_ineligible,loan_direct__grad_plus_disbursements,nominal_usd,2,0,2,
direct_loans,1999-2000,excluded_annual_identity_unresolved,opeid_master,resolved_administrative_directory_identity_ineligible,loan_direct__parent_plus_loans_originated_amt,nominal_usd,2,0,2,
direct_loans,1999-2000,excluded_annual_identity_unresolved,opeid_master,resolved_administrative_directory_identity_ineligible,loan_direct__parent_plus_disbursements,nominal_usd,2,0,2,
direct_loans,1999-2000,excluded_annual_identity_unresolved,opeid_master,resolved_administrative_directory_identity_ineligible,loan_direct__subsidized_undergraduate_loans_originated_amt,nominal_usd,2,0,2,
direct_loans,1999-2000,excluded_annual_identity_unresolved,opeid_master,resolved_administrative_directory_identity_ineligible,loan_direct__subsidized_undergraduate_disbursements,nominal_usd,2,0,2,
direct_loans,1999-2000,excluded_annual_identity_unresolved,opeid_master,resolved_administrative_directory_identity_ineligible,loan_direct__subsidized_graduate_loans_originated_amt,nominal_usd,2,0,2,
direct_loans,1999-2000,excluded_annual_identity_unresolved,opeid_master,resolved_administrative_directory_identity_ineligible,loan_direct__subsidized_graduate_disbursements,nominal_usd,2,0,2,
direct_loans,1999-2000,excluded_annual_identity_unresolved,opeid_master,resolved_administrative_directory_identity_ineligible,loan_direct__unsubsidized_undergraduate_loans_originated_amt,nominal_usd,2,0,2,
direct_loans,1999-2000,excluded_annual_identity_unresolved,opeid_master,resolved_administrative_directory_identity_ineligible,loan_direct__unsubsidized_undergraduate_disbursements,nominal_usd,2,0,2,
direct_loans,1999-2000,excluded_annual_identity_unresolved,opeid_master,resolved_administrative_directory_identity_ineligible,loan_direct__unsubsidized_graduate_loans_originated_amt,nominal_usd,2,0,2,
direct_loans,1999-2000,excluded_annual_identity_unresolved,opeid_master,resolved_administrative_directory_identity_ineligible,loan_direct__unsubsidized_graduate_disbursements,nominal_usd,2,0,2,
direct_loans,1999-2000,included_unique_family_record,opeid_master,unique_annual_directory_only,loan_direct__subsidized_loans_originated_amt,nominal_usd,1195,1195,0,5527604001.0
direct_loans,1999-2000,included_unique_family_record,opeid_master,unique_annual_directory_only,loan_direct__subsidized_disbursements,nominal_usd,1195,1195,0,5218938596.0
direct_loans,1999-2000,included_unique_family_record,opeid_master,unique_annual_directory_only,loan_direct__unsubsidized_loans_originated_amt,nominal_usd,1195,1195,0,3851997922.0
direct_loans,1999-2000,included_unique_family_record,opeid_master,unique_annual_directory_only,loan_direct__unsubsidized_disbursements,nominal_usd,1195,1195,0,3622479601.0
direct_loans,1999-2000,included_unique_family_record,opeid_master,unique_annual_directory_only,loan_direct__plus_loans_originated_amt,nominal_usd,1195,1195,0,1168186685.0
direct_loans,1999-2000,included_unique_family_record,opeid_master,unique_annual_directory_only,loan_direct__plus_disbursements,nominal_usd,1195,1195,0,1116961630.0
direct_loans,1999-2000,included_unique_family_record,opeid_master,unique_annual_directory_only,loan_direct__grad_plus_loans_originated_amt,nominal_usd,1195,0,1195,
direct_loans,1999-2000,included_unique_family_record,opeid_master,unique_annual_directory_only,loan_direct__grad_plus_disbursements,nominal_usd,1195,0,1195,
direct_loans,1999-2000,included_unique_family_record,opeid_master,unique_annual_directory_only,loan_direct__parent_plus_loans_originated_amt,nominal_usd,1195,0,1195,
direct_loans,1999-2000,included_unique_family_record,opeid_master,unique_annual_directory_only,loan_direct__parent_plus_disbursements,nominal_usd,1195,0,1195,
direct_loans,1999-2000,included_unique_family_record,opeid_master,unique_annual_directory_only,loan_direct__subsidized_undergraduate_loans_originated_amt,nominal_usd,1195,0,1195,
direct_loans,1999-2000,included_unique_family_record,opeid_master,unique_annual_directory_only,loan_direct__subsidized_undergraduate_disbursements,nominal_usd,1195,0,1195,
direct_loans,1999-2000,included_unique_family_record,opeid_master,unique_annual_directory_only,loan_direct__subsidized_graduate_loans_originated_amt,nominal_usd,1195,0,1195,
direct_loans,1999-2000,included_unique_family_record,opeid_master,unique_annual_directory_only,loan_direct__subsidized_graduate_disbursements,nominal_usd,1195,0,1195,
direct_loans,1999-2000,included_unique_family_record,opeid_master,unique_annual_directory_only,loan_direct__unsubsidized_undergraduate_loans_originated_amt,nominal_usd,1195,0,1195,
direct_loans,1999-2000,included_unique_family_record,opeid_master,unique_annual_directory_only,loan_direct__unsubsidized_undergraduate_disbursements,nominal_usd,1195,0,1195,
direct_loans,1999-2000,included_unique_family_record,opeid_master,unique_annual_directory_only,loan_direct__unsubsidized_graduate_loans_originated_amt,nominal_usd,1195,0,1195,
direct_loans,1999-2000,included_unique_family_record,opeid_master,unique_annual_directory_only,loan_direct__unsubsidized_graduate_disbursements,nominal_usd,1195,0,1195,
direct_loans,2000-2001,excluded_annual_identity_unresolved,opeid_master,multiple_official_site_unitids,loan_direct__subsidized_loans_originated_amt,nominal_usd,16,16,0,309450893.0
direct_loans,2000-2001,excluded_annual_identity_unresolved,opeid_master,multiple_official_site_unitids,loan_direct__subsidized_disbursements,nominal_usd,16,16,0,291268344.0
direct_loans,2000-2001,excluded_annual_identity_unresolved,opeid_master,multiple_official_site_unitids,loan_direct__unsubsidized_loans_originated_amt,nominal_usd,16,16,0,207973033.0
direct_loans,2000-2001,excluded_annual_identity_unresolved,opeid_master,multiple_official_site_unitids,loan_direct__unsubsidized_disbursements,nominal_usd,16,16,0,194535078.0
direct_loans,2000-2001,excluded_annual_identity_unresolved,opeid_master,multiple_official_site_unitids,loan_direct__plus_loans_originated_amt,nominal_usd,16,16,0,55737696.0
direct_loans,2000-2001,excluded_annual_identity_unresolved,opeid_master,multiple_official_site_unitids,loan_direct__plus_disbursements,nominal_usd,16,16,0,52280841.0
direct_loans,2000-2001,excluded_annual_identity_unresolved,opeid_master,multiple_official_site_unitids,loan_direct__grad_plus_loans_originated_amt,nominal_usd,16,0,16,
direct_loans,2000-2001,excluded_annual_identity_unresolved,opeid_master,multiple_official_site_unitids,loan_direct__grad_plus_disbursements,nominal_usd,16,0,16,
direct_loans,2000-2001,excluded_annual_identity_unresolved,opeid_master,multiple_official_site_unitids,loan_direct__parent_plus_loans_originated_amt,nominal_usd,16,0,16,
direct_loans,2000-2001,excluded_annual_identity_unresolved,opeid_master,multiple_official_site_unitids,loan_direct__parent_plus_disbursements,nominal_usd,16,0,16,
direct_loans,2000-2001,excluded_annual_identity_unresolved,opeid_master,multiple_official_site_unitids,loan_direct__subsidized_undergraduate_loans_originated_amt,nominal_usd,16,0,16,
direct_loans,2000-2001,excluded_annual_identity_unresolved,opeid_master,multiple_official_site_unitids,loan_direct__subsidized_undergraduate_disbursements,nominal_usd,16,0,16,
direct_loans,2000-2001,excluded_annual_identity_unresolved,opeid_master,multiple_official_site_unitids,loan_direct__subsidized_graduate_loans_originated_amt,nominal_usd,16,0,16,
direct_loans,2000-2001,excluded_annual_identity_unresolved,opeid_master,multiple_official_site_unitids,loan_direct__subsidized_graduate_disbursements,nominal_usd,16,0,16,
direct_loans,2000-2001,excluded_annual_identity_unresolved,opeid_master,multiple_official_site_unitids,loan_direct__unsubsidized_undergraduate_loans_originated_amt,nominal_usd,16,0,16,
direct_loans,2000-2001,excluded_annual_identity_unresolved,opeid_master,multiple_official_site_unitids,loan_direct__unsubsidized_undergraduate_disbursements,nominal_usd,16,0,16,
direct_loans,2000-2001,excluded_annual_identity_unresolved,opeid_master,multiple_official_site_unitids,loan_direct__unsubsidized_graduate_loans_originated_amt,nominal_usd,16,0,16,
direct_loans,2000-2001,excluded_annual_identity_unresolved,opeid_master,multiple_official_site_unitids,loan_direct__unsubsidized_graduate_disbursements,nominal_usd,16,0,16,
direct_loans,2000-2001,excluded_annual_identity_unresolved,opeid_master,no_annual_site_match,loan_direct__subsidized_loans_originated_amt,nominal_usd,41,41,0,7960653.0
direct_loans,2000-2001,excluded_annual_identity_unresolved,opeid_master,no_annual_site_match,loan_direct__subsidized_disbursements,nominal_usd,41,41,0,7347709.0
direct_loans,2000-2001,excluded_annual_identity_unresolved,opeid_master,no_annual_site_match,loan_direct__unsubsidized_loans_originated_amt,nominal_usd,41,41,0,2222619.0
direct_loans,2000-2001,excluded_annual_identity_unresolved,opeid_master,no_annual_site_match,loan_direct__unsubsidized_disbursements,nominal_usd,41,41,0,2071141.0
direct_loans,2000-2001,excluded_annual_identity_unresolved,opeid_master,no_annual_site_match,loan_direct__plus_loans_originated_amt,nominal_usd,41,41,0,387488.0
direct_loans,2000-2001,excluded_annual_identity_unresolved,opeid_master,no_annual_site_match,loan_direct__plus_disbursements,nominal_usd,41,41,0,343874.0
direct_loans,2000-2001,excluded_annual_identity_unresolved,opeid_master,no_annual_site_match,loan_direct__grad_plus_loans_originated_amt,nominal_usd,41,0,41,
direct_loans,2000-2001,excluded_annual_identity_unresolved,opeid_master,no_annual_site_match,loan_direct__grad_plus_disbursements,nominal_usd,41,0,41,
direct_loans,2000-2001,excluded_annual_identity_unresolved,opeid_master,no_annual_site_match,loan_direct__parent_plus_loans_originated_amt,nominal_usd,41,0,41,
direct_loans,2000-2001,excluded_annual_identity_unresolved,opeid_master,no_annual_site_match,loan_direct__parent_plus_disbursements,nominal_usd,41,0,41,
direct_loans,2000-2001,excluded_annual_identity_unresolved,opeid_master,no_annual_site_match,loan_direct__subsidized_undergraduate_loans_originated_amt,nominal_usd,41,0,41,
direct_loans,2000-2001,excluded_annual_identity_unresolved,opeid_master,no_annual_site_match,loan_direct__subsidized_undergraduate_disbursements,nominal_usd,41,0,41,
direct_loans,2000-2001,excluded_annual_identity_unresolved,opeid_master,no_annual_site_match,loan_direct__subsidized_graduate_loans_originated_amt,nominal_usd,41,0,41,
direct_loans,2000-2001,excluded_annual_identity_unresolved,opeid_master,no_annual_site_match,loan_direct__subsidized_graduate_disbursements,nominal_usd,41,0,41,
direct_loans,2000-2001,excluded_annual_identity_unresolved,opeid_master,no_annual_site_match,loan_direct__unsubsidized_undergraduate_loans_originated_amt,nominal_usd,41,0,41,
direct_loans,2000-2001,excluded_annual_identity_unresolved,opeid_master,no_annual_site_match,loan_direct__unsubsidized_undergraduate_disbursements,nominal_usd,41,0,41,
direct_loans,2000-2001,excluded_annual_identity_unresolved,opeid_master,no_annual_site_match,loan_direct__unsubsidized_graduate_loans_originated_amt,nominal_usd,41,0,41,
direct_loans,2000-2001,excluded_annual_identity_unresolved,opeid_master,no_annual_site_match,loan_direct__unsubsidized_graduate_disbursements,nominal_usd,41,0,41,
direct_loans,2000-2001,excluded_annual_identity_unresolved,opeid_master,resolved_administrative_directory_identity_ineligible,loan_direct__subsidized_loans_originated_amt,nominal_usd,2,2,0,104817600.0
direct_loans,2000-2001,excluded_annual_identity_unresolved,opeid_master,resolved_administrative_directory_identity_ineligible,loan_direct__subsidized_disbursements,nominal_usd,2,2,0,99008417.0
direct_loans,2000-2001,excluded_annual_identity_unresolved,opeid_master,resolved_administrative_directory_identity_ineligible,loan_direct__unsubsidized_loans_originated_amt,nominal_usd,2,2,0,52139713.0
direct_loans,2000-2001,excluded_annual_identity_unresolved,opeid_master,resolved_administrative_directory_identity_ineligible,loan_direct__unsubsidized_disbursements,nominal_usd,2,2,0,49231789.0
direct_loans,2000-2001,excluded_annual_identity_unresolved,opeid_master,resolved_administrative_directory_identity_ineligible,loan_direct__plus_loans_originated_amt,nominal_usd,2,2,0,7122966.0
direct_loans,2000-2001,excluded_annual_identity_unresolved,opeid_master,resolved_administrative_directory_identity_ineligible,loan_direct__plus_disbursements,nominal_usd,2,2,0,6861475.0
direct_loans,2000-2001,excluded_annual_identity_unresolved,opeid_master,resolved_administrative_directory_identity_ineligible,loan_direct__grad_plus_loans_originated_amt,nominal_usd,2,0,2,
direct_loans,2000-2001,excluded_annual_identity_unresolved,opeid_master,resolved_administrative_directory_identity_ineligible,loan_direct__grad_plus_disbursements,nominal_usd,2,0,2,
direct_loans,2000-2001,excluded_annual_identity_unresolved,opeid_master,resolved_administrative_directory_identity_ineligible,loan_direct__parent_plus_loans_originated_amt,nominal_usd,2,0,2,
direct_loans,2000-2001,excluded_annual_identity_unresolved,opeid_master,resolved_administrative_directory_identity_ineligible,loan_direct__parent_plus_disbursements,nominal_usd,2,0,2,
direct_loans,2000-2001,excluded_annual_identity_unresolved,opeid_master,resolved_administrative_directory_identity_ineligible,loan_direct__subsidized_undergraduate_loans_originated_amt,nominal_usd,2,0,2,
direct_loans,2000-2001,excluded_annual_identity_unresolved,opeid_master,resolved_administrative_directory_identity_ineligible,loan_direct__subsidized_undergraduate_disbursements,nominal_usd,2,0,2,
direct_loans,2000-2001,excluded_annual_identity_unresolved,opeid_master,resolved_administrative_directory_identity_ineligible,loan_direct__subsidized_graduate_loans_originated_amt,nominal_usd,2,0,2,
direct_loans,2000-2001,excluded_annual_identity_unresolved,opeid_master,resolved_administrative_directory_identity_ineligible,loan_direct__subsidized_graduate_disbursements,nominal_usd,2,0,2,
direct_loans,2000-2001,excluded_annual_identity_unresolved,opeid_master,resolved_administrative_directory_identity_ineligible,loan_direct__unsubsidized_undergraduate_loans_originated_amt,nominal_usd,2,0,2,
direct_loans,2000-2001,excluded_annual_identity_unresolved,opeid_master,resolved_administrative_directory_identity_ineligible,loan_direct__unsubsidized_undergraduate_disbursements,nominal_usd,2,0,2,
direct_loans,2000-2001,excluded_annual_identity_unresolved,opeid_master,resolved_administrative_directory_identity_ineligible,loan_direct__unsubsidized_graduate_loans_originated_amt,nominal_usd,2,0,2,
direct_loans,2000-2001,excluded_annual_identity_unresolved,opeid_master,resolved_administrative_directory_identity_ineligible,loan_direct__unsubsidized_graduate_disbursements,nominal_usd,2,0,2,
direct_loans,2000-2001,included_unique_family_record,opeid_master,official_site_alias_annual_unitid_verified,loan_direct__subsidized_loans_originated_amt,nominal_usd,7,7,0,1493205.0
direct_loans,2000-2001,included_unique_family_record,opeid_master,official_site_alias_annual_unitid_verified,loan_direct__subsidized_disbursements,nominal_usd,7,7,0,1331087.0
direct_loans,2000-2001,included_unique_family_record,opeid_master,official_site_alias_annual_unitid_verified,loan_direct__unsubsidized_loans_originated_amt,nominal_usd,7,7,0,1023066.0
direct_loans,2000-2001,included_unique_family_record,opeid_master,official_site_alias_annual_unitid_verified,loan_direct__unsubsidized_disbursements,nominal_usd,7,7,0,894336.0
direct_loans,2000-2001,included_unique_family_record,opeid_master,official_site_alias_annual_unitid_verified,loan_direct__plus_loans_originated_amt,nominal_usd,7,7,0,221698.0
direct_loans,2000-2001,included_unique_family_record,opeid_master,official_site_alias_annual_unitid_verified,loan_direct__plus_disbursements,nominal_usd,7,7,0,213739.0
direct_loans,2000-2001,included_unique_family_record,opeid_master,official_site_alias_annual_unitid_verified,loan_direct__grad_plus_loans_originated_amt,nominal_usd,7,0,7,
direct_loans,2000-2001,included_unique_family_record,opeid_master,official_site_alias_annual_unitid_verified,loan_direct__grad_plus_disbursements,nominal_usd,7,0,7,
direct_loans,2000-2001,included_unique_family_record,opeid_master,official_site_alias_annual_unitid_verified,loan_direct__parent_plus_loans_originated_amt,nominal_usd,7,0,7,
direct_loans,2000-2001,included_unique_family_record,opeid_master,official_site_alias_annual_unitid_verified,loan_direct__parent_plus_disbursements,nominal_usd,7,0,7,
direct_loans,2000-2001,included_unique_family_record,opeid_master,official_site_alias_annual_unitid_verified,loan_direct__subsidized_undergraduate_loans_originated_amt,nominal_usd,7,0,7,
direct_loans,2000-2001,included_unique_family_record,opeid_master,official_site_alias_annual_unitid_verified,loan_direct__subsidized_undergraduate_disbursements,nominal_usd,7,0,7,
direct_loans,2000-2001,included_unique_family_record,opeid_master,official_site_alias_annual_unitid_verified,loan_direct__subsidized_graduate_loans_originated_amt,nominal_usd,7,0,7,
direct_loans,2000-2001,included_unique_family_record,opeid_master,official_site_alias_annual_unitid_verified,loan_direct__subsidized_graduate_disbursements,nominal_usd,7,0,7,
direct_loans,2000-2001,included_unique_family_record,opeid_master,official_site_alias_annual_unitid_verified,loan_direct__unsubsidized_undergraduate_loans_originated_amt,nominal_usd,7,0,7,
direct_loans,2000-2001,included_unique_family_record,opeid_master,official_site_alias_annual_unitid_verified,loan_direct__unsubsidized_undergraduate_disbursements,nominal_usd,7,0,7,
direct_loans,2000-2001,included_unique_family_record,opeid_master,official_site_alias_annual_unitid_verified,loan_direct__unsubsidized_graduate_loans_originated_amt,nominal_usd,7,0,7,
direct_loans,2000-2001,included_unique_family_record,opeid_master,official_site_alias_annual_unitid_verified,loan_direct__unsubsidized_graduate_disbursements,nominal_usd,7,0,7,
direct_loans,2000-2001,included_unique_family_record,opeid_master,official_site_and_directory_agree,loan_direct__subsidized_loans_originated_amt,nominal_usd,1138,1138,0,4928765992.0
direct_loans,2000-2001,included_unique_family_record,opeid_master,official_site_and_directory_agree,loan_direct__subsidized_disbursements,nominal_usd,1138,1138,0,4652661072.0
direct_loans,2000-2001,included_unique_family_record,opeid_master,official_site_and_directory_agree,loan_direct__unsubsidized_loans_originated_amt,nominal_usd,1138,1138,0,3643556253.0
direct_loans,2000-2001,included_unique_family_record,opeid_master,official_site_and_directory_agree,loan_direct__unsubsidized_disbursements,nominal_usd,1138,1138,0,3418650147.0
direct_loans,2000-2001,included_unique_family_record,opeid_master,official_site_and_directory_agree,loan_direct__plus_loans_originated_amt,nominal_usd,1138,1138,0,1181280166.0
direct_loans,2000-2001,included_unique_family_record,opeid_master,official_site_and_directory_agree,loan_direct__plus_disbursements,nominal_usd,1138,1138,0,1121502382.0
direct_loans,2000-2001,included_unique_family_record,opeid_master,official_site_and_directory_agree,loan_direct__grad_plus_loans_originated_amt,nominal_usd,1138,0,1138,
direct_loans,2000-2001,included_unique_family_record,opeid_master,official_site_and_directory_agree,loan_direct__grad_plus_disbursements,nominal_usd,1138,0,1138,
direct_loans,2000-2001,included_unique_family_record,opeid_master,official_site_and_directory_agree,loan_direct__parent_plus_loans_originated_amt,nominal_usd,1138,0,1138,
direct_loans,2000-2001,included_unique_family_record,opeid_master,official_site_and_directory_agree,loan_direct__parent_plus_disbursements,nominal_usd,1138,0,1138,
direct_loans,2000-2001,included_unique_family_record,opeid_master,official_site_and_directory_agree,loan_direct__subsidized_undergraduate_loans_originated_amt,nominal_usd,1138,0,1138,
direct_loans,2000-2001,included_unique_family_record,opeid_master,official_site_and_directory_agree,loan_direct__subsidized_undergraduate_disbursements,nominal_usd,1138,0,1138,
direct_loans,2000-2001,included_unique_family_record,opeid_master,official_site_and_directory_agree,loan_direct__subsidized_graduate_loans_originated_amt,nominal_usd,1138,0,1138,
direct_loans,2000-2001,included_unique_family_record,opeid_master,official_site_and_directory_agree,loan_direct__subsidized_graduate_disbursements,nominal_usd,1138,0,1138,
direct_loans,2000-2001,included_unique_family_record,opeid_master,official_site_and_directory_agree,loan_direct__unsubsidized_undergraduate_loans_originated_amt,nominal_usd,1138,0,1138,
direct_loans,2000-2001,included_unique_family_record,opeid_master,official_site_and_directory_agree,loan_direct__unsubsidized_undergraduate_disbursements,nominal_usd,1138,0,1138,
direct_loans,2000-2001,included_unique_family_record,opeid_master,official_site_and_directory_agree,loan_direct__unsubsidized_graduate_loans_originated_amt,nominal_usd,1138,0,1138,
direct_loans,2000-2001,included_unique_family_record,opeid_master,official_site_and_directory_agree,loan_direct__unsubsidized_graduate_disbursements,nominal_usd,1138,0,1138,
direct_loans,2001-2002,excluded_annual_identity_unresolved,opeid_master,multiple_official_site_unitids,loan_direct__subsidized_loans_originated_amt,nominal_usd,18,18,0,349530719.0
direct_loans,2001-2002,excluded_annual_identity_unresolved,opeid_master,multiple_official_site_unitids,loan_direct__subsidized_disbursements,nominal_usd,18,18,0,329823212.0
direct_loans,2001-2002,excluded_annual_identity_unresolved,opeid_master,multiple_official_site_unitids,loan_direct__unsubsidized_loans_originated_amt,nominal_usd,18,18,0,238334759.0
direct_loans,2001-2002,excluded_annual_identity_unresolved,opeid_master,multiple_official_site_unitids,loan_direct__unsubsidized_disbursements,nominal_usd,18,18,0,224361587.0
direct_loans,2001-2002,excluded_annual_identity_unresolved,opeid_master,multiple_official_site_unitids,loan_direct__plus_loans_originated_amt,nominal_usd,18,18,0,64858858.0
direct_loans,2001-2002,excluded_annual_identity_unresolved,opeid_master,multiple_official_site_unitids,loan_direct__plus_disbursements,nominal_usd,18,18,0,61871938.0
direct_loans,2001-2002,excluded_annual_identity_unresolved,opeid_master,multiple_official_site_unitids,loan_direct__grad_plus_loans_originated_amt,nominal_usd,18,0,18,
direct_loans,2001-2002,excluded_annual_identity_unresolved,opeid_master,multiple_official_site_unitids,loan_direct__grad_plus_disbursements,nominal_usd,18,0,18,
direct_loans,2001-2002,excluded_annual_identity_unresolved,opeid_master,multiple_official_site_unitids,loan_direct__parent_plus_loans_originated_amt,nominal_usd,18,0,18,
direct_loans,2001-2002,excluded_annual_identity_unresolved,opeid_master,multiple_official_site_unitids,loan_direct__parent_plus_disbursements,nominal_usd,18,0,18,
direct_loans,2001-2002,excluded_annual_identity_unresolved,opeid_master,multiple_official_site_unitids,loan_direct__subsidized_undergraduate_loans_originated_amt,nominal_usd,18,0,18,
direct_loans,2001-2002,excluded_annual_identity_unresolved,opeid_master,multiple_official_site_unitids,loan_direct__subsidized_undergraduate_disbursements,nominal_usd,18,0,18,
direct_loans,2001-2002,excluded_annual_identity_unresolved,opeid_master,multiple_official_site_unitids,loan_direct__subsidized_graduate_loans_originated_amt,nominal_usd,18,0,18,
direct_loans,2001-2002,excluded_annual_identity_unresolved,opeid_master,multiple_official_site_unitids,loan_direct__subsidized_graduate_disbursements,nominal_usd,18,0,18,
direct_loans,2001-2002,excluded_annual_identity_unresolved,opeid_master,multiple_official_site_unitids,loan_direct__unsubsidized_undergraduate_loans_originated_amt,nominal_usd,18,0,18,
direct_loans,2001-2002,excluded_annual_identity_unresolved,opeid_master,multiple_official_site_unitids,loan_direct__unsubsidized_undergraduate_disbursements,nominal_usd,18,0,18,
direct_loans,2001-2002,excluded_annual_identity_unresolved,opeid_master,multiple_official_site_unitids,loan_direct__unsubsidized_graduate_loans_originated_amt,nominal_usd,18,0,18,
direct_loans,2001-2002,excluded_annual_identity_unresolved,opeid_master,multiple_official_site_unitids,loan_direct__unsubsidized_graduate_disbursements,nominal_usd,18,0,18,
direct_loans,2001-2002,excluded_annual_identity_unresolved,opeid_master,no_annual_site_match,loan_direct__subsidized_loans_originated_amt,nominal_usd,26,26,0,6170955.0
direct_loans,2001-2002,excluded_annual_identity_unresolved,opeid_master,no_annual_site_match,loan_direct__subsidized_disbursements,nominal_usd,26,26,0,5696934.0
direct_loans,2001-2002,excluded_annual_identity_unresolved,opeid_master,no_annual_site_match,loan_direct__unsubsidized_loans_originated_amt,nominal_usd,26,26,0,1089549.0
direct_loans,2001-2002,excluded_annual_identity_unresolved,opeid_master,no_annual_site_match,loan_direct__unsubsidized_disbursements,nominal_usd,26,26,0,987997.0
direct_loans,2001-2002,excluded_annual_identity_unresolved,opeid_master,no_annual_site_match,loan_direct__plus_loans_originated_amt,nominal_usd,26,26,0,116224.0
direct_loans,2001-2002,excluded_annual_identity_unresolved,opeid_master,no_annual_site_match,loan_direct__plus_disbursements,nominal_usd,26,26,0,101144.0
direct_loans,2001-2002,excluded_annual_identity_unresolved,opeid_master,no_annual_site_match,loan_direct__grad_plus_loans_originated_amt,nominal_usd,26,0,26,
direct_loans,2001-2002,excluded_annual_identity_unresolved,opeid_master,no_annual_site_match,loan_direct__grad_plus_disbursements,nominal_usd,26,0,26,
direct_loans,2001-2002,excluded_annual_identity_unresolved,opeid_master,no_annual_site_match,loan_direct__parent_plus_loans_originated_amt,nominal_usd,26,0,26,
direct_loans,2001-2002,excluded_annual_identity_unresolved,opeid_master,no_annual_site_match,loan_direct__parent_plus_disbursements,nominal_usd,26,0,26,
direct_loans,2001-2002,excluded_annual_identity_unresolved,opeid_master,no_annual_site_match,loan_direct__subsidized_undergraduate_loans_originated_amt,nominal_usd,26,0,26,
direct_loans,2001-2002,excluded_annual_identity_unresolved,opeid_master,no_annual_site_match,loan_direct__subsidized_undergraduate_disbursements,nominal_usd,26,0,26,
direct_loans,2001-2002,excluded_annual_identity_unresolved,opeid_master,no_annual_site_match,loan_direct__subsidized_graduate_loans_originated_amt,nominal_usd,26,0,26,
direct_loans,2001-2002,excluded_annual_identity_unresolved,opeid_master,no_annual_site_match,loan_direct__subsidized_graduate_disbursements,nominal_usd,26,0,26,
direct_loans,2001-2002,excluded_annual_identity_unresolved,opeid_master,no_annual_site_match,loan_direct__unsubsidized_undergraduate_loans_originated_amt,nominal_usd,26,0,26,
direct_loans,2001-2002,excluded_annual_identity_unresolved,opeid_master,no_annual_site_match,loan_direct__unsubsidized_undergraduate_disbursements,nominal_usd,26,0,26,
direct_loans,2001-2002,excluded_annual_identity_unresolved,opeid_master,no_annual_site_match,loan_direct__unsubsidized_graduate_loans_originated_amt,nominal_usd,26,0,26,
direct_loans,2001-2002,excluded_annual_identity_unresolved,opeid_master,no_annual_site_match,loan_direct__unsubsidized_graduate_disbursements,nominal_usd,26,0,26,
direct_loans,2001-2002,excluded_annual_identity_unresolved,opeid_master,resolved_administrative_directory_identity_ineligible,loan_direct__subsidized_loans_originated_amt,nominal_usd,2,2,0,106006650.0
direct_loans,2001-2002,excluded_annual_identity_unresolved,opeid_master,resolved_administrative_directory_identity_ineligible,loan_direct__subsidized_disbursements,nominal_usd,2,2,0,101756370.0
direct_loans,2001-2002,excluded_annual_identity_unresolved,opeid_master,resolved_administrative_directory_identity_ineligible,loan_direct__unsubsidized_loans_originated_amt,nominal_usd,2,2,0,56752946.0
direct_loans,2001-2002,excluded_annual_identity_unresolved,opeid_master,resolved_administrative_directory_identity_ineligible,loan_direct__unsubsidized_disbursements,nominal_usd,2,2,0,54739293.0
direct_loans,2001-2002,excluded_annual_identity_unresolved,opeid_master,resolved_administrative_directory_identity_ineligible,loan_direct__plus_loans_originated_amt,nominal_usd,2,2,0,6982373.0
direct_loans,2001-2002,excluded_annual_identity_unresolved,opeid_master,resolved_administrative_directory_identity_ineligible,loan_direct__plus_disbursements,nominal_usd,2,2,0,6820228.0
direct_loans,2001-2002,excluded_annual_identity_unresolved,opeid_master,resolved_administrative_directory_identity_ineligible,loan_direct__grad_plus_loans_originated_amt,nominal_usd,2,0,2,
direct_loans,2001-2002,excluded_annual_identity_unresolved,opeid_master,resolved_administrative_directory_identity_ineligible,loan_direct__grad_plus_disbursements,nominal_usd,2,0,2,
direct_loans,2001-2002,excluded_annual_identity_unresolved,opeid_master,resolved_administrative_directory_identity_ineligible,loan_direct__parent_plus_loans_originated_amt,nominal_usd,2,0,2,
direct_loans,2001-2002,excluded_annual_identity_unresolved,opeid_master,resolved_administrative_directory_identity_ineligible,loan_direct__parent_plus_disbursements,nominal_usd,2,0,2,
direct_loans,2001-2002,excluded_annual_identity_unresolved,opeid_master,resolved_administrative_directory_identity_ineligible,loan_direct__subsidized_undergraduate_loans_originated_amt,nominal_usd,2,0,2,
direct_loans,2001-2002,excluded_annual_identity_unresolved,opeid_master,resolved_administrative_directory_identity_ineligible,loan_direct__subsidized_undergraduate_disbursements,nominal_usd,2,0,2,
direct_loans,2001-2002,excluded_annual_identity_unresolved,opeid_master,resolved_administrative_directory_identity_ineligible,loan_direct__subsidized_graduate_loans_originated_amt,nominal_usd,2,0,2,
direct_loans,2001-2002,excluded_annual_identity_unresolved,opeid_master,resolved_administrative_directory_identity_ineligible,loan_direct__subsidized_graduate_disbursements,nominal_usd,2,0,2,
direct_loans,2001-2002,excluded_annual_identity_unresolved,opeid_master,resolved_administrative_directory_identity_ineligible,loan_direct__unsubsidized_undergraduate_loans_originated_amt,nominal_usd,2,0,2,
direct_loans,2001-2002,excluded_annual_identity_unresolved,opeid_master,resolved_administrative_directory_identity_ineligible,loan_direct__unsubsidized_undergraduate_disbursements,nominal_usd,2,0,2,
direct_loans,2001-2002,excluded_annual_identity_unresolved,opeid_master,resolved_administrative_directory_identity_ineligible,loan_direct__unsubsidized_graduate_loans_originated_amt,nominal_usd,2,0,2,
direct_loans,2001-2002,excluded_annual_identity_unresolved,opeid_master,resolved_administrative_directory_identity_ineligible,loan_direct__unsubsidized_graduate_disbursements,nominal_usd,2,0,2,
direct_loans,2001-2002,included_unique_family_record,opeid_master,official_site_alias_annual_unitid_verified,loan_direct__subsidized_loans_originated_amt,nominal_usd,2,2,0,807990.0
direct_loans,2001-2002,included_unique_family_record,opeid_master,official_site_alias_annual_unitid_verified,loan_direct__subsidized_disbursements,nominal_usd,2,2,0,753287.0
direct_loans,2001-2002,included_unique_family_record,opeid_master,official_site_alias_annual_unitid_verified,loan_direct__unsubsidized_loans_originated_amt,nominal_usd,2,2,0,837381.0
direct_loans,2001-2002,included_unique_family_record,opeid_master,official_site_alias_annual_unitid_verified,loan_direct__unsubsidized_disbursements,nominal_usd,2,2,0,733188.0
direct_loans,2001-2002,included_unique_family_record,opeid_master,official_site_alias_annual_unitid_verified,loan_direct__plus_loans_originated_amt,nominal_usd,2,2,0,215204.0
direct_loans,2001-2002,included_unique_family_record,opeid_master,official_site_alias_annual_unitid_verified,loan_direct__plus_disbursements,nominal_usd,2,2,0,193892.0
direct_loans,2001-2002,included_unique_family_record,opeid_master,official_site_alias_annual_unitid_verified,loan_direct__grad_plus_loans_originated_amt,nominal_usd,2,0,2,
direct_loans,2001-2002,included_unique_family_record,opeid_master,official_site_alias_annual_unitid_verified,loan_direct__grad_plus_disbursements,nominal_usd,2,0,2,
direct_loans,2001-2002,included_unique_family_record,opeid_master,official_site_alias_annual_unitid_verified,loan_direct__parent_plus_loans_originated_amt,nominal_usd,2,0,2,
direct_loans,2001-2002,included_unique_family_record,opeid_master,official_site_alias_annual_unitid_verified,loan_direct__parent_plus_disbursements,nominal_usd,2,0,2,
direct_loans,2001-2002,included_unique_family_record,opeid_master,official_site_alias_annual_unitid_verified,loan_direct__subsidized_undergraduate_loans_originated_amt,nominal_usd,2,0,2,
direct_loans,2001-2002,included_unique_family_record,opeid_master,official_site_alias_annual_unitid_verified,loan_direct__subsidized_undergraduate_disbursements,nominal_usd,2,0,2,
direct_loans,2001-2002,included_unique_family_record,opeid_master,official_site_alias_annual_unitid_verified,loan_direct__subsidized_graduate_loans_originated_amt,nominal_usd,2,0,2,
direct_loans,2001-2002,included_unique_family_record,opeid_master,official_site_alias_annual_unitid_verified,loan_direct__subsidized_graduate_disbursements,nominal_usd,2,0,2,
direct_loans,2001-2002,included_unique_family_record,opeid_master,official_site_alias_annual_unitid_verified,loan_direct__unsubsidized_undergraduate_loans_originated_amt,nominal_usd,2,0,2,
direct_loans,2001-2002,included_unique_family_record,opeid_master,official_site_alias_annual_unitid_verified,loan_direct__unsubsidized_undergraduate_disbursements,nominal_usd,2,0,2,
direct_loans,2001-2002,included_unique_family_record,opeid_master,official_site_alias_annual_unitid_verified,loan_direct__unsubsidized_graduate_loans_originated_amt,nominal_usd,2,0,2,
direct_loans,2001-2002,included_unique_family_record,opeid_master,official_site_alias_annual_unitid_verified,loan_direct__unsubsidized_graduate_disbursements,nominal_usd,2,0,2,
direct_loans,2001-2002,included_unique_family_record,opeid_master,official_site_and_directory_agree,loan_direct__subsidized_loans_originated_amt,nominal_usd,1106,1106,0,4900092357.0
direct_loans,2001-2002,included_unique_family_record,opeid_master,official_site_and_directory_agree,loan_direct__subsidized_disbursements,nominal_usd,1106,1106,0,4709370342.0
direct_loans,2001-2002,included_unique_family_record,opeid_master,official_site_and_directory_agree,loan_direct__unsubsidized_loans_originated_amt,nominal_usd,1106,1106,0,3860691090.0
direct_loans,2001-2002,included_unique_family_record,opeid_master,official_site_and_directory_agree,loan_direct__unsubsidized_disbursements,nominal_usd,1106,1106,0,3684220887.0
direct_loans,2001-2002,included_unique_family_record,opeid_master,official_site_and_directory_agree,loan_direct__plus_loans_originated_amt,nominal_usd,1106,1106,0,1241713688.0
direct_loans,2001-2002,included_unique_family_record,opeid_master,official_site_and_directory_agree,loan_direct__plus_disbursements,nominal_usd,1106,1106,0,1199539422.0
direct_loans,2001-2002,included_unique_family_record,opeid_master,official_site_and_directory_agree,loan_direct__grad_plus_loans_originated_amt,nominal_usd,1106,0,1106,
direct_loans,2001-2002,included_unique_family_record,opeid_master,official_site_and_directory_agree,loan_direct__grad_plus_disbursements,nominal_usd,1106,0,1106,
direct_loans,2001-2002,included_unique_family_record,opeid_master,official_site_and_directory_agree,loan_direct__parent_plus_loans_originated_amt,nominal_usd,1106,0,1106,
direct_loans,2001-2002,included_unique_family_record,opeid_master,official_site_and_directory_agree,loan_direct__parent_plus_disbursements,nominal_usd,1106,0,1106,
direct_loans,2001-2002,included_unique_family_record,opeid_master,official_site_and_directory_agree,loan_direct__subsidized_undergraduate_loans_originated_amt,nominal_usd,1106,0,1106,
direct_loans,2001-2002,included_unique_family_record,opeid_master,official_site_and_directory_agree,loan_direct__subsidized_undergraduate_disbursements,nominal_usd,1106,0,1106,
direct_loans,2001-2002,included_unique_family_record,opeid_master,official_site_and_directory_agree,loan_direct__subsidized_graduate_loans_originated_amt,nominal_usd,1106,0,1106,
direct_loans,2001-2002,included_unique_family_record,opeid_master,official_site_and_directory_agree,loan_direct__subsidized_graduate_disbursements,nominal_usd,1106,0,1106,
direct_loans,2001-2002,included_unique_family_record,opeid_master,official_site_and_directory_agree,loan_direct__unsubsidized_undergraduate_loans_originated_amt,nominal_usd,1106,0,1106,
direct_loans,2001-2002,included_unique_family_record,opeid_master,official_site_and_directory_agree,loan_direct__unsubsidized_undergraduate_disbursements,nominal_usd,1106,0,1106,
direct_loans,2001-2002,included_unique_family_record,opeid_master,official_site_and_directory_agree,loan_direct__unsubsidized_graduate_loans_originated_amt,nominal_usd,1106,0,1106,
direct_loans,2001-2002,included_unique_family_record,opeid_master,official_site_and_directory_agree,loan_direct__unsubsidized_graduate_disbursements,nominal_usd,1106,0,1106,
direct_loans,2002-2003,excluded_annual_identity_unresolved,opeid_master,directory_crosswalk_identity_conflict,loan_direct__subsidized_loans_originated_amt,nominal_usd,1,1,0,67455.0
direct_loans,2002-2003,excluded_annual_identity_unresolved,opeid_master,directory_crosswalk_identity_conflict,loan_direct__subsidized_disbursements,nominal_usd,1,1,0,42536.0
direct_loans,2002-2003,excluded_annual_identity_unresolved,opeid_master,directory_crosswalk_identity_conflict,loan_direct__unsubsidized_loans_originated_amt,nominal_usd,1,1,0,68163.0
direct_loans,2002-2003,excluded_annual_identity_unresolved,opeid_master,directory_crosswalk_identity_conflict,loan_direct__unsubsidized_disbursements,nominal_usd,1,1,0,41491.0
direct_loans,2002-2003,excluded_annual_identity_unresolved,opeid_master,directory_crosswalk_identity_conflict,loan_direct__plus_loans_originated_amt,nominal_usd,1,1,0,0.0
direct_loans,2002-2003,excluded_annual_identity_unresolved,opeid_master,directory_crosswalk_identity_conflict,loan_direct__plus_disbursements,nominal_usd,1,1,0,0.0
direct_loans,2002-2003,excluded_annual_identity_unresolved,opeid_master,directory_crosswalk_identity_conflict,loan_direct__grad_plus_loans_originated_amt,nominal_usd,1,0,1,
direct_loans,2002-2003,excluded_annual_identity_unresolved,opeid_master,directory_crosswalk_identity_conflict,loan_direct__grad_plus_disbursements,nominal_usd,1,0,1,
direct_loans,2002-2003,excluded_annual_identity_unresolved,opeid_master,directory_crosswalk_identity_conflict,loan_direct__parent_plus_loans_originated_amt,nominal_usd,1,0,1,
direct_loans,2002-2003,excluded_annual_identity_unresolved,opeid_master,directory_crosswalk_identity_conflict,loan_direct__parent_plus_disbursements,nominal_usd,1,0,1,
direct_loans,2002-2003,excluded_annual_identity_unresolved,opeid_master,directory_crosswalk_identity_conflict,loan_direct__subsidized_undergraduate_loans_originated_amt,nominal_usd,1,0,1,
direct_loans,2002-2003,excluded_annual_identity_unresolved,opeid_master,directory_crosswalk_identity_conflict,loan_direct__subsidized_undergraduate_disbursements,nominal_usd,1,0,1,
direct_loans,2002-2003,excluded_annual_identity_unresolved,opeid_master,directory_crosswalk_identity_conflict,loan_direct__subsidized_graduate_loans_originated_amt,nominal_usd,1,0,1,
direct_loans,2002-2003,excluded_annual_identity_unresolved,opeid_master,directory_crosswalk_identity_conflict,loan_direct__subsidized_graduate_disbursements,nominal_usd,1,0,1,
direct_loans,2002-2003,excluded_annual_identity_unresolved,opeid_master,directory_crosswalk_identity_conflict,loan_direct__unsubsidized_undergraduate_loans_originated_amt,nominal_usd,1,0,1,
direct_loans,2002-2003,excluded_annual_identity_unresolved,opeid_master,directory_crosswalk_identity_conflict,loan_direct__unsubsidized_undergraduate_disbursements,nominal_usd,1,0,1,
direct_loans,2002-2003,excluded_annual_identity_unresolved,opeid_master,directory_crosswalk_identity_conflict,loan_direct__unsubsidized_graduate_loans_originated_amt,nominal_usd,1,0,1,
direct_loans,2002-2003,excluded_annual_identity_unresolved,opeid_master,directory_crosswalk_identity_conflict,loan_direct__unsubsidized_graduate_disbursements,nominal_usd,1,0,1,
direct_loans,2002-2003,excluded_annual_identity_unresolved,opeid_master,multiple_official_site_unitids,loan_direct__subsidized_loans_originated_amt,nominal_usd,14,14,0,362033335.0
direct_loans,2002-2003,excluded_annual_identity_unresolved,opeid_master,multiple_official_site_unitids,loan_direct__subsidized_disbursements,nominal_usd,14,14,0,336408795.0
direct_loans,2002-2003,excluded_annual_identity_unresolved,opeid_master,multiple_official_site_unitids,loan_direct__unsubsidized_loans_originated_amt,nominal_usd,14,14,0,244956587.0
direct_loans,2002-2003,excluded_annual_identity_unresolved,opeid_master,multiple_official_site_unitids,loan_direct__unsubsidized_disbursements,nominal_usd,14,14,0,225702164.0
direct_loans,2002-2003,excluded_annual_identity_unresolved,opeid_master,multiple_official_site_unitids,loan_direct__plus_loans_originated_amt,nominal_usd,14,14,0,78648412.0
direct_loans,2002-2003,excluded_annual_identity_unresolved,opeid_master,multiple_official_site_unitids,loan_direct__plus_disbursements,nominal_usd,14,14,0,74265421.0
direct_loans,2002-2003,excluded_annual_identity_unresolved,opeid_master,multiple_official_site_unitids,loan_direct__grad_plus_loans_originated_amt,nominal_usd,14,0,14,
direct_loans,2002-2003,excluded_annual_identity_unresolved,opeid_master,multiple_official_site_unitids,loan_direct__grad_plus_disbursements,nominal_usd,14,0,14,
direct_loans,2002-2003,excluded_annual_identity_unresolved,opeid_master,multiple_official_site_unitids,loan_direct__parent_plus_loans_originated_amt,nominal_usd,14,0,14,
direct_loans,2002-2003,excluded_annual_identity_unresolved,opeid_master,multiple_official_site_unitids,loan_direct__parent_plus_disbursements,nominal_usd,14,0,14,
direct_loans,2002-2003,excluded_annual_identity_unresolved,opeid_master,multiple_official_site_unitids,loan_direct__subsidized_undergraduate_loans_originated_amt,nominal_usd,14,0,14,
direct_loans,2002-2003,excluded_annual_identity_unresolved,opeid_master,multiple_official_site_unitids,loan_direct__subsidized_undergraduate_disbursements,nominal_usd,14,0,14,
direct_loans,2002-2003,excluded_annual_identity_unresolved,opeid_master,multiple_official_site_unitids,loan_direct__subsidized_graduate_loans_originated_amt,nominal_usd,14,0,14,
direct_loans,2002-2003,excluded_annual_identity_unresolved,opeid_master,multiple_official_site_unitids,loan_direct__subsidized_graduate_disbursements,nominal_usd,14,0,14,
direct_loans,2002-2003,excluded_annual_identity_unresolved,opeid_master,multiple_official_site_unitids,loan_direct__unsubsidized_undergraduate_loans_originated_amt,nominal_usd,14,0,14,
direct_loans,2002-2003,excluded_annual_identity_unresolved,opeid_master,multiple_official_site_unitids,loan_direct__unsubsidized_undergraduate_disbursements,nominal_usd,14,0,14,
direct_loans,2002-2003,excluded_annual_identity_unresolved,opeid_master,multiple_official_site_unitids,loan_direct__unsubsidized_graduate_loans_originated_amt,nominal_usd,14,0,14,
direct_loans,2002-2003,excluded_annual_identity_unresolved,opeid_master,multiple_official_site_unitids,loan_direct__unsubsidized_graduate_disbursements,nominal_usd,14,0,14,
direct_loans,2002-2003,excluded_annual_identity_unresolved,opeid_master,no_annual_site_match,loan_direct__subsidized_loans_originated_amt,nominal_usd,19,19,0,2150508.0
direct_loans,2002-2003,excluded_annual_identity_unresolved,opeid_master,no_annual_site_match,loan_direct__subsidized_disbursements,nominal_usd,19,19,0,1836764.0
direct_loans,2002-2003,excluded_annual_identity_unresolved,opeid_master,no_annual_site_match,loan_direct__unsubsidized_loans_originated_amt,nominal_usd,19,19,0,1955139.0
direct_loans,2002-2003,excluded_annual_identity_unresolved,opeid_master,no_annual_site_match,loan_direct__unsubsidized_disbursements,nominal_usd,19,19,0,1626777.0
direct_loans,2002-2003,excluded_annual_identity_unresolved,opeid_master,no_annual_site_match,loan_direct__plus_loans_originated_amt,nominal_usd,19,19,0,371206.0
direct_loans,2002-2003,excluded_annual_identity_unresolved,opeid_master,no_annual_site_match,loan_direct__plus_disbursements,nominal_usd,19,19,0,314392.0
direct_loans,2002-2003,excluded_annual_identity_unresolved,opeid_master,no_annual_site_match,loan_direct__grad_plus_loans_originated_amt,nominal_usd,19,0,19,
direct_loans,2002-2003,excluded_annual_identity_unresolved,opeid_master,no_annual_site_match,loan_direct__grad_plus_disbursements,nominal_usd,19,0,19,
direct_loans,2002-2003,excluded_annual_identity_unresolved,opeid_master,no_annual_site_match,loan_direct__parent_plus_loans_originated_amt,nominal_usd,19,0,19,
direct_loans,2002-2003,excluded_annual_identity_unresolved,opeid_master,no_annual_site_match,loan_direct__parent_plus_disbursements,nominal_usd,19,0,19,
direct_loans,2002-2003,excluded_annual_identity_unresolved,opeid_master,no_annual_site_match,loan_direct__subsidized_undergraduate_loans_originated_amt,nominal_usd,19,0,19,
direct_loans,2002-2003,excluded_annual_identity_unresolved,opeid_master,no_annual_site_match,loan_direct__subsidized_undergraduate_disbursements,nominal_usd,19,0,19,
direct_loans,2002-2003,excluded_annual_identity_unresolved,opeid_master,no_annual_site_match,loan_direct__subsidized_graduate_loans_originated_amt,nominal_usd,19,0,19,
direct_loans,2002-2003,excluded_annual_identity_unresolved,opeid_master,no_annual_site_match,loan_direct__subsidized_graduate_disbursements,nominal_usd,19,0,19,
direct_loans,2002-2003,excluded_annual_identity_unresolved,opeid_master,no_annual_site_match,loan_direct__unsubsidized_undergraduate_loans_originated_amt,nominal_usd,19,0,19,
direct_loans,2002-2003,excluded_annual_identity_unresolved,opeid_master,no_annual_site_match,loan_direct__unsubsidized_undergraduate_disbursements,nominal_usd,19,0,19,
direct_loans,2002-2003,excluded_annual_identity_unresolved,opeid_master,no_annual_site_match,loan_direct__unsubsidized_graduate_loans_originated_amt,nominal_usd,19,0,19,
direct_loans,2002-2003,excluded_annual_identity_unresolved,opeid_master,no_annual_site_match,loan_direct__unsubsidized_graduate_disbursements,nominal_usd,19,0,19,
direct_loans,2002-2003,included_unique_family_record,opeid_master,official_site_and_directory_agree,loan_direct__subsidized_loans_originated_amt,nominal_usd,1079,1079,0,5581610834.0
direct_loans,2002-2003,included_unique_family_record,opeid_master,official_site_and_directory_agree,loan_direct__subsidized_disbursements,nominal_usd,1079,1079,0,5204671828.0
direct_loans,2002-2003,included_unique_family_record,opeid_master,official_site_and_directory_agree,loan_direct__unsubsidized_loans_originated_amt,nominal_usd,1079,1079,0,4483256560.0
direct_loans,2002-2003,included_unique_family_record,opeid_master,official_site_and_directory_agree,loan_direct__unsubsidized_disbursements,nominal_usd,1079,1079,0,4138340352.0
direct_loans,2002-2003,included_unique_family_record,opeid_master,official_site_and_directory_agree,loan_direct__plus_loans_originated_amt,nominal_usd,1079,1079,0,1561024762.0
direct_loans,2002-2003,included_unique_family_record,opeid_master,official_site_and_directory_agree,loan_direct__plus_disbursements,nominal_usd,1079,1079,0,1470866474.0
direct_loans,2002-2003,included_unique_family_record,opeid_master,official_site_and_directory_agree,loan_direct__grad_plus_loans_originated_amt,nominal_usd,1079,0,1079,
direct_loans,2002-2003,included_unique_family_record,opeid_master,official_site_and_directory_agree,loan_direct__grad_plus_disbursements,nominal_usd,1079,0,1079,
direct_loans,2002-2003,included_unique_family_record,opeid_master,official_site_and_directory_agree,loan_direct__parent_plus_loans_originated_amt,nominal_usd,1079,0,1079,
direct_loans,2002-2003,included_unique_family_record,opeid_master,official_site_and_directory_agree,loan_direct__parent_plus_disbursements,nominal_usd,1079,0,1079,
direct_loans,2002-2003,included_unique_family_record,opeid_master,official_site_and_directory_agree,loan_direct__subsidized_undergraduate_loans_originated_amt,nominal_usd,1079,0,1079,
direct_loans,2002-2003,included_unique_family_record,opeid_master,official_site_and_directory_agree,loan_direct__subsidized_undergraduate_disbursements,nominal_usd,1079,0,1079,
direct_loans,2002-2003,included_unique_family_record,opeid_master,official_site_and_directory_agree,loan_direct__subsidized_graduate_loans_originated_amt,nominal_usd,1079,0,1079,
direct_loans,2002-2003,included_unique_family_record,opeid_master,official_site_and_directory_agree,loan_direct__subsidized_graduate_disbursements,nominal_usd,1079,0,1079,
direct_loans,2002-2003,included_unique_family_record,opeid_master,official_site_and_directory_agree,loan_direct__unsubsidized_undergraduate_loans_originated_amt,nominal_usd,1079,0,1079,
direct_loans,2002-2003,included_unique_family_record,opeid_master,official_site_and_directory_agree,loan_direct__unsubsidized_undergraduate_disbursements,nominal_usd,1079,0,1079,
direct_loans,2002-2003,included_unique_family_record,opeid_master,official_site_and_directory_agree,loan_direct__unsubsidized_graduate_loans_originated_amt,nominal_usd,1079,0,1079,
direct_loans,2002-2003,included_unique_family_record,opeid_master,official_site_and_directory_agree,loan_direct__unsubsidized_graduate_disbursements,nominal_usd,1079,0,1079,
direct_loans,2002-2003,included_unique_family_record,opeid_master,unique_annual_directory_only,loan_direct__subsidized_loans_originated_amt,nominal_usd,1,1,0,732340.0
direct_loans,2002-2003,included_unique_family_record,opeid_master,unique_annual_directory_only,loan_direct__subsidized_disbursements,nominal_usd,1,1,0,613645.0
direct_loans,2002-2003,included_unique_family_record,opeid_master,unique_annual_directory_only,loan_direct__unsubsidized_loans_originated_amt,nominal_usd,1,1,0,658746.0
direct_loans,2002-2003,included_unique_family_record,opeid_master,unique_annual_directory_only,loan_direct__unsubsidized_disbursements,nominal_usd,1,1,0,555411.0
direct_loans,2002-2003,included_unique_family_record,opeid_master,unique_annual_directory_only,loan_direct__plus_loans_originated_amt,nominal_usd,1,1,0,62050.0
direct_loans,2002-2003,included_unique_family_record,opeid_master,unique_annual_directory_only,loan_direct__plus_disbursements,nominal_usd,1,1,0,53976.0
direct_loans,2002-2003,included_unique_family_record,opeid_master,unique_annual_directory_only,loan_direct__grad_plus_loans_originated_amt,nominal_usd,1,0,1,
direct_loans,2002-2003,included_unique_family_record,opeid_master,unique_annual_directory_only,loan_direct__grad_plus_disbursements,nominal_usd,1,0,1,
direct_loans,2002-2003,included_unique_family_record,opeid_master,unique_annual_directory_only,loan_direct__parent_plus_loans_originated_amt,nominal_usd,1,0,1,
direct_loans,2002-2003,included_unique_family_record,opeid_master,unique_annual_directory_only,loan_direct__parent_plus_disbursements,nominal_usd,1,0,1,
direct_loans,2002-2003,included_unique_family_record,opeid_master,unique_annual_directory_only,loan_direct__subsidized_undergraduate_loans_originated_amt,nominal_usd,1,0,1,
direct_loans,2002-2003,included_unique_family_record,opeid_master,unique_annual_directory_only,loan_direct__subsidized_undergraduate_disbursements,nominal_usd,1,0,1,
direct_loans,2002-2003,included_unique_family_record,opeid_master,unique_annual_directory_only,loan_direct__subsidized_graduate_loans_originated_amt,nominal_usd,1,0,1,
direct_loans,2002-2003,included_unique_family_record,opeid_master,unique_annual_directory_only,loan_direct__subsidized_graduate_disbursements,nominal_usd,1,0,1,
direct_loans,2002-2003,included_unique_family_record,opeid_master,unique_annual_directory_only,loan_direct__unsubsidized_undergraduate_loans_originated_amt,nominal_usd,1,0,1,
direct_loans,2002-2003,included_unique_family_record,opeid_master,unique_annual_directory_only,loan_direct__unsubsidized_undergraduate_disbursements,nominal_usd,1,0,1,
direct_loans,2002-2003,included_unique_family_record,opeid_master,unique_annual_directory_only,loan_direct__unsubsidized_graduate_loans_originated_amt,nominal_usd,1,0,1,
direct_loans,2002-2003,included_unique_family_record,opeid_master,unique_annual_directory_only,loan_direct__unsubsidized_graduate_disbursements,nominal_usd,1,0,1,
direct_loans,2003-2004,excluded_annual_identity_unresolved,opeid_master,multiple_official_site_unitids,loan_direct__subsidized_loans_originated_amt,nominal_usd,19,19,0,376059498.0
direct_loans,2003-2004,excluded_annual_identity_unresolved,opeid_master,multiple_official_site_unitids,loan_direct__subsidized_disbursements,nominal_usd,19,19,0,349487809.0
direct_loans,2003-2004,excluded_annual_identity_unresolved,opeid_master,multiple_official_site_unitids,loan_direct__unsubsidized_loans_originated_amt,nominal_usd,19,19,0,264269894.0
direct_loans,2003-2004,excluded_annual_identity_unresolved,opeid_master,multiple_official_site_unitids,loan_direct__unsubsidized_disbursements,nominal_usd,19,19,0,242998637.0
direct_loans,2003-2004,excluded_annual_identity_unresolved,opeid_master,multiple_official_site_unitids,loan_direct__plus_loans_originated_amt,nominal_usd,19,19,0,110892468.0
direct_loans,2003-2004,excluded_annual_identity_unresolved,opeid_master,multiple_official_site_unitids,loan_direct__plus_disbursements,nominal_usd,19,19,0,105086687.0
direct_loans,2003-2004,excluded_annual_identity_unresolved,opeid_master,multiple_official_site_unitids,loan_direct__grad_plus_loans_originated_amt,nominal_usd,19,0,19,
direct_loans,2003-2004,excluded_annual_identity_unresolved,opeid_master,multiple_official_site_unitids,loan_direct__grad_plus_disbursements,nominal_usd,19,0,19,
direct_loans,2003-2004,excluded_annual_identity_unresolved,opeid_master,multiple_official_site_unitids,loan_direct__parent_plus_loans_originated_amt,nominal_usd,19,0,19,
direct_loans,2003-2004,excluded_annual_identity_unresolved,opeid_master,multiple_official_site_unitids,loan_direct__parent_plus_disbursements,nominal_usd,19,0,19,
direct_loans,2003-2004,excluded_annual_identity_unresolved,opeid_master,multiple_official_site_unitids,loan_direct__subsidized_undergraduate_loans_originated_amt,nominal_usd,19,0,19,
direct_loans,2003-2004,excluded_annual_identity_unresolved,opeid_master,multiple_official_site_unitids,loan_direct__subsidized_undergraduate_disbursements,nominal_usd,19,0,19,
direct_loans,2003-2004,excluded_annual_identity_unresolved,opeid_master,multiple_official_site_unitids,loan_direct__subsidized_graduate_loans_originated_amt,nominal_usd,19,0,19,
direct_loans,2003-2004,excluded_annual_identity_unresolved,opeid_master,multiple_official_site_unitids,loan_direct__subsidized_graduate_disbursements,nominal_usd,19,0,19,
direct_loans,2003-2004,excluded_annual_identity_unresolved,opeid_master,multiple_official_site_unitids,loan_direct__unsubsidized_undergraduate_loans_originated_amt,nominal_usd,19,0,19,
direct_loans,2003-2004,excluded_annual_identity_unresolved,opeid_master,multiple_official_site_unitids,loan_direct__unsubsidized_undergraduate_disbursements,nominal_usd,19,0,19,
direct_loans,2003-2004,excluded_annual_identity_unresolved,opeid_master,multiple_official_site_unitids,loan_direct__unsubsidized_graduate_loans_originated_amt,nominal_usd,19,0,19,
direct_loans,2003-2004,excluded_annual_identity_unresolved,opeid_master,multiple_official_site_unitids,loan_direct__unsubsidized_graduate_disbursements,nominal_usd,19,0,19,
direct_loans,2003-2004,excluded_annual_identity_unresolved,opeid_master,no_annual_site_match,loan_direct__subsidized_loans_originated_amt,nominal_usd,25,25,0,2658547.0
direct_loans,2003-2004,excluded_annual_identity_unresolved,opeid_master,no_annual_site_match,loan_direct__subsidized_disbursements,nominal_usd,25,25,0,2309686.0
direct_loans,2003-2004,excluded_annual_identity_unresolved,opeid_master,no_annual_site_match,loan_direct__unsubsidized_loans_originated_amt,nominal_usd,25,25,0,2863359.0
direct_loans,2003-2004,excluded_annual_identity_unresolved,opeid_master,no_annual_site_match,loan_direct__unsubsidized_disbursements,nominal_usd,25,25,0,2521279.0
direct_loans,2003-2004,excluded_annual_identity_unresolved,opeid_master,no_annual_site_match,loan_direct__plus_loans_originated_amt,nominal_usd,25,25,0,366968.0
direct_loans,2003-2004,excluded_annual_identity_unresolved,opeid_master,no_annual_site_match,loan_direct__plus_disbursements,nominal_usd,25,25,0,340801.0
direct_loans,2003-2004,excluded_annual_identity_unresolved,opeid_master,no_annual_site_match,loan_direct__grad_plus_loans_originated_amt,nominal_usd,25,0,25,
direct_loans,2003-2004,excluded_annual_identity_unresolved,opeid_master,no_annual_site_match,loan_direct__grad_plus_disbursements,nominal_usd,25,0,25,
direct_loans,2003-2004,excluded_annual_identity_unresolved,opeid_master,no_annual_site_match,loan_direct__parent_plus_loans_originated_amt,nominal_usd,25,0,25,
direct_loans,2003-2004,excluded_annual_identity_unresolved,opeid_master,no_annual_site_match,loan_direct__parent_plus_disbursements,nominal_usd,25,0,25,
direct_loans,2003-2004,excluded_annual_identity_unresolved,opeid_master,no_annual_site_match,loan_direct__subsidized_undergraduate_loans_originated_amt,nominal_usd,25,0,25,
direct_loans,2003-2004,excluded_annual_identity_unresolved,opeid_master,no_annual_site_match,loan_direct__subsidized_undergraduate_disbursements,nominal_usd,25,0,25,
direct_loans,2003-2004,excluded_annual_identity_unresolved,opeid_master,no_annual_site_match,loan_direct__subsidized_graduate_loans_originated_amt,nominal_usd,25,0,25,
direct_loans,2003-2004,excluded_annual_identity_unresolved,opeid_master,no_annual_site_match,loan_direct__subsidized_graduate_disbursements,nominal_usd,25,0,25,
direct_loans,2003-2004,excluded_annual_identity_unresolved,opeid_master,no_annual_site_match,loan_direct__unsubsidized_undergraduate_loans_originated_amt,nominal_usd,25,0,25,
direct_loans,2003-2004,excluded_annual_identity_unresolved,opeid_master,no_annual_site_match,loan_direct__unsubsidized_undergraduate_disbursements,nominal_usd,25,0,25,
direct_loans,2003-2004,excluded_annual_identity_unresolved,opeid_master,no_annual_site_match,loan_direct__unsubsidized_graduate_loans_originated_amt,nominal_usd,25,0,25,
direct_loans,2003-2004,excluded_annual_identity_unresolved,opeid_master,no_annual_site_match,loan_direct__unsubsidized_graduate_disbursements,nominal_usd,25,0,25,
direct_loans,2003-2004,included_unique_family_record,opeid_master,official_site_alias_annual_unitid_verified,loan_direct__subsidized_loans_originated_amt,nominal_usd,2,2,0,658543.0
direct_loans,2003-2004,included_unique_family_record,opeid_master,official_site_alias_annual_unitid_verified,loan_direct__subsidized_disbursements,nominal_usd,2,2,0,461102.0
direct_loans,2003-2004,included_unique_family_record,opeid_master,official_site_alias_annual_unitid_verified,loan_direct__unsubsidized_loans_originated_amt,nominal_usd,2,2,0,634154.0
direct_loans,2003-2004,included_unique_family_record,opeid_master,official_site_alias_annual_unitid_verified,loan_direct__unsubsidized_disbursements,nominal_usd,2,2,0,420528.0
direct_loans,2003-2004,included_unique_family_record,opeid_master,official_site_alias_annual_unitid_verified,loan_direct__plus_loans_originated_amt,nominal_usd,2,2,0,182727.0
direct_loans,2003-2004,included_unique_family_record,opeid_master,official_site_alias_annual_unitid_verified,loan_direct__plus_disbursements,nominal_usd,2,2,0,146278.0
direct_loans,2003-2004,included_unique_family_record,opeid_master,official_site_alias_annual_unitid_verified,loan_direct__grad_plus_loans_originated_amt,nominal_usd,2,0,2,
direct_loans,2003-2004,included_unique_family_record,opeid_master,official_site_alias_annual_unitid_verified,loan_direct__grad_plus_disbursements,nominal_usd,2,0,2,
direct_loans,2003-2004,included_unique_family_record,opeid_master,official_site_alias_annual_unitid_verified,loan_direct__parent_plus_loans_originated_amt,nominal_usd,2,0,2,
direct_loans,2003-2004,included_unique_family_record,opeid_master,official_site_alias_annual_unitid_verified,loan_direct__parent_plus_disbursements,nominal_usd,2,0,2,
direct_loans,2003-2004,included_unique_family_record,opeid_master,official_site_alias_annual_unitid_verified,loan_direct__subsidized_undergraduate_loans_originated_amt,nominal_usd,2,0,2,
direct_loans,2003-2004,included_unique_family_record,opeid_master,official_site_alias_annual_unitid_verified,loan_direct__subsidized_undergraduate_disbursements,nominal_usd,2,0,2,
direct_loans,2003-2004,included_unique_family_record,opeid_master,official_site_alias_annual_unitid_verified,loan_direct__subsidized_graduate_loans_originated_amt,nominal_usd,2,0,2,
direct_loans,2003-2004,included_unique_family_record,opeid_master,official_site_alias_annual_unitid_verified,loan_direct__subsidized_graduate_disbursements,nominal_usd,2,0,2,
direct_loans,2003-2004,included_unique_family_record,opeid_master,official_site_alias_annual_unitid_verified,loan_direct__unsubsidized_undergraduate_loans_originated_amt,nominal_usd,2,0,2,
direct_loans,2003-2004,included_unique_family_record,opeid_master,official_site_alias_annual_unitid_verified,loan_direct__unsubsidized_undergraduate_disbursements,nominal_usd,2,0,2,
direct_loans,2003-2004,included_unique_family_record,opeid_master,official_site_alias_annual_unitid_verified,loan_direct__unsubsidized_graduate_loans_originated_amt,nominal_usd,2,0,2,
direct_loans,2003-2004,included_unique_family_record,opeid_master,official_site_alias_annual_unitid_verified,loan_direct__unsubsidized_graduate_disbursements,nominal_usd,2,0,2,
direct_loans,2003-2004,included_unique_family_record,opeid_master,official_site_and_directory_agree,loan_direct__subsidized_loans_originated_amt,nominal_usd,1039,1039,0,5682363068.0
direct_loans,2003-2004,included_unique_family_record,opeid_master,official_site_and_directory_agree,loan_direct__subsidized_disbursements,nominal_usd,1039,1039,0,5307845873.0
direct_loans,2003-2004,included_unique_family_record,opeid_master,official_site_and_directory_agree,loan_direct__unsubsidized_loans_originated_amt,nominal_usd,1039,1039,0,4530893055.0
direct_loans,2003-2004,included_unique_family_record,opeid_master,official_site_and_directory_agree,loan_direct__unsubsidized_disbursements,nominal_usd,1039,1039,0,4188626354.0
direct_loans,2003-2004,included_unique_family_record,opeid_master,official_site_and_directory_agree,loan_direct__plus_loans_originated_amt,nominal_usd,1039,1039,0,1802365408.0
direct_loans,2003-2004,included_unique_family_record,opeid_master,official_site_and_directory_agree,loan_direct__plus_disbursements,nominal_usd,1039,1039,0,1701490384.0
direct_loans,2003-2004,included_unique_family_record,opeid_master,official_site_and_directory_agree,loan_direct__grad_plus_loans_originated_amt,nominal_usd,1039,0,1039,
direct_loans,2003-2004,included_unique_family_record,opeid_master,official_site_and_directory_agree,loan_direct__grad_plus_disbursements,nominal_usd,1039,0,1039,
direct_loans,2003-2004,included_unique_family_record,opeid_master,official_site_and_directory_agree,loan_direct__parent_plus_loans_originated_amt,nominal_usd,1039,0,1039,
direct_loans,2003-2004,included_unique_family_record,opeid_master,official_site_and_directory_agree,loan_direct__parent_plus_disbursements,nominal_usd,1039,0,1039,
direct_loans,2003-2004,included_unique_family_record,opeid_master,official_site_and_directory_agree,loan_direct__subsidized_undergraduate_loans_originated_amt,nominal_usd,1039,0,1039,
direct_loans,2003-2004,included_unique_family_record,opeid_master,official_site_and_directory_agree,loan_direct__subsidized_undergraduate_disbursements,nominal_usd,1039,0,1039,
direct_loans,2003-2004,included_unique_family_record,opeid_master,official_site_and_directory_agree,loan_direct__subsidized_graduate_loans_originated_amt,nominal_usd,1039,0,1039,
direct_loans,2003-2004,included_unique_family_record,opeid_master,official_site_and_directory_agree,loan_direct__subsidized_graduate_disbursements,nominal_usd,1039,0,1039,
direct_loans,2003-2004,included_unique_family_record,opeid_master,official_site_and_directory_agree,loan_direct__unsubsidized_undergraduate_loans_originated_amt,nominal_usd,1039,0,1039,
direct_loans,2003-2004,included_unique_family_record,opeid_master,official_site_and_directory_agree,loan_direct__unsubsidized_undergraduate_disbursements,nominal_usd,1039,0,1039,
direct_loans,2003-2004,included_unique_family_record,opeid_master,official_site_and_directory_agree,loan_direct__unsubsidized_graduate_loans_originated_amt,nominal_usd,1039,0,1039,
direct_loans,2003-2004,included_unique_family_record,opeid_master,official_site_and_directory_agree,loan_direct__unsubsidized_graduate_disbursements,nominal_usd,1039,0,1039,
direct_loans,2003-2004,included_unique_family_record,opeid_master,unique_annual_directory_only,loan_direct__subsidized_loans_originated_amt,nominal_usd,1,1,0,613063.0
direct_loans,2003-2004,included_unique_family_record,opeid_master,unique_annual_directory_only,loan_direct__subsidized_disbursements,nominal_usd,1,1,0,509048.0
direct_loans,2003-2004,included_unique_family_record,opeid_master,unique_annual_directory_only,loan_direct__unsubsidized_loans_originated_amt,nominal_usd,1,1,0,486184.0
direct_loans,2003-2004,included_unique_family_record,opeid_master,unique_annual_directory_only,loan_direct__unsubsidized_disbursements,nominal_usd,1,1,0,366820.0
direct_loans,2003-2004,included_unique_family_record,opeid_master,unique_annual_directory_only,loan_direct__plus_loans_originated_amt,nominal_usd,1,1,0,2528.0
direct_loans,2003-2004,included_unique_family_record,opeid_master,unique_annual_directory_only,loan_direct__plus_disbursements,nominal_usd,1,1,0,2566.0
direct_loans,2003-2004,included_unique_family_record,opeid_master,unique_annual_directory_only,loan_direct__grad_plus_loans_originated_amt,nominal_usd,1,0,1,
direct_loans,2003-2004,included_unique_family_record,opeid_master,unique_annual_directory_only,loan_direct__grad_plus_disbursements,nominal_usd,1,0,1,
direct_loans,2003-2004,included_unique_family_record,opeid_master,unique_annual_directory_only,loan_direct__parent_plus_loans_originated_amt,nominal_usd,1,0,1,
direct_loans,2003-2004,included_unique_family_record,opeid_master,unique_annual_directory_only,loan_direct__parent_plus_disbursements,nominal_usd,1,0,1,
direct_loans,2003-2004,included_unique_family_record,opeid_master,unique_annual_directory_only,loan_direct__subsidized_undergraduate_loans_originated_amt,nominal_usd,1,0,1,
direct_loans,2003-2004,included_unique_family_record,opeid_master,unique_annual_directory_only,loan_direct__subsidized_undergraduate_disbursements,nominal_usd,1,0,1,
direct_loans,2003-2004,included_unique_family_record,opeid_master,unique_annual_directory_only,loan_direct__subsidized_graduate_loans_originated_amt,nominal_usd,1,0,1,
direct_loans,2003-2004,included_unique_family_record,opeid_master,unique_annual_directory_only,loan_direct__subsidized_graduate_disbursements,nominal_usd,1,0,1,
direct_loans,2003-2004,included_unique_family_record,opeid_master,unique_annual_directory_only,loan_direct__unsubsidized_undergraduate_loans_originated_amt,nominal_usd,1,0,1,
direct_loans,2003-2004,included_unique_family_record,opeid_master,unique_annual_directory_only,loan_direct__unsubsidized_undergraduate_disbursements,nominal_usd,1,0,1,
direct_loans,2003-2004,included_unique_family_record,opeid_master,unique_annual_directory_only,loan_direct__unsubsidized_graduate_loans_originated_amt,nominal_usd,1,0,1,
direct_loans,2003-2004,included_unique_family_record,opeid_master,unique_annual_directory_only,loan_direct__unsubsidized_graduate_disbursements,nominal_usd,1,0,1,
direct_loans,2004-2005,ambiguous_family_multiple_records,opeid_master,multiple_fsa_records_for_same_unitid_year_family,loan_direct__subsidized_loans_originated_amt,nominal_usd,2,2,0,8213924.0
direct_loans,2004-2005,ambiguous_family_multiple_records,opeid_master,multiple_fsa_records_for_same_unitid_year_family,loan_direct__subsidized_disbursements,nominal_usd,2,2,0,7617417.0
direct_loans,2004-2005,ambiguous_family_multiple_records,opeid_master,multiple_fsa_records_for_same_unitid_year_family,loan_direct__unsubsidized_loans_originated_amt,nominal_usd,2,2,0,6510783.0
direct_loans,2004-2005,ambiguous_family_multiple_records,opeid_master,multiple_fsa_records_for_same_unitid_year_family,loan_direct__unsubsidized_disbursements,nominal_usd,2,2,0,5998820.0
direct_loans,2004-2005,ambiguous_family_multiple_records,opeid_master,multiple_fsa_records_for_same_unitid_year_family,loan_direct__plus_loans_originated_amt,nominal_usd,2,2,0,511615.0
direct_loans,2004-2005,ambiguous_family_multiple_records,opeid_master,multiple_fsa_records_for_same_unitid_year_family,loan_direct__plus_disbursements,nominal_usd,2,2,0,482549.0
direct_loans,2004-2005,ambiguous_family_multiple_records,opeid_master,multiple_fsa_records_for_same_unitid_year_family,loan_direct__grad_plus_loans_originated_amt,nominal_usd,2,0,2,
direct_loans,2004-2005,ambiguous_family_multiple_records,opeid_master,multiple_fsa_records_for_same_unitid_year_family,loan_direct__grad_plus_disbursements,nominal_usd,2,0,2,
direct_loans,2004-2005,ambiguous_family_multiple_records,opeid_master,multiple_fsa_records_for_same_unitid_year_family,loan_direct__parent_plus_loans_originated_amt,nominal_usd,2,0,2,
direct_loans,2004-2005,ambiguous_family_multiple_records,opeid_master,multiple_fsa_records_for_same_unitid_year_family,loan_direct__parent_plus_disbursements,nominal_usd,2,0,2,
direct_loans,2004-2005,ambiguous_family_multiple_records,opeid_master,multiple_fsa_records_for_same_unitid_year_family,loan_direct__subsidized_undergraduate_loans_originated_amt,nominal_usd,2,0,2,
direct_loans,2004-2005,ambiguous_family_multiple_records,opeid_master,multiple_fsa_records_for_same_unitid_year_family,loan_direct__subsidized_undergraduate_disbursements,nominal_usd,2,0,2,
direct_loans,2004-2005,ambiguous_family_multiple_records,opeid_master,multiple_fsa_records_for_same_unitid_year_family,loan_direct__subsidized_graduate_loans_originated_amt,nominal_usd,2,0,2,
direct_loans,2004-2005,ambiguous_family_multiple_records,opeid_master,multiple_fsa_records_for_same_unitid_year_family,loan_direct__subsidized_graduate_disbursements,nominal_usd,2,0,2,
direct_loans,2004-2005,ambiguous_family_multiple_records,opeid_master,multiple_fsa_records_for_same_unitid_year_family,loan_direct__unsubsidized_undergraduate_loans_originated_amt,nominal_usd,2,0,2,
direct_loans,2004-2005,ambiguous_family_multiple_records,opeid_master,multiple_fsa_records_for_same_unitid_year_family,loan_direct__unsubsidized_undergraduate_disbursements,nominal_usd,2,0,2,
direct_loans,2004-2005,ambiguous_family_multiple_records,opeid_master,multiple_fsa_records_for_same_unitid_year_family,loan_direct__unsubsidized_graduate_loans_originated_amt,nominal_usd,2,0,2,
direct_loans,2004-2005,ambiguous_family_multiple_records,opeid_master,multiple_fsa_records_for_same_unitid_year_family,loan_direct__unsubsidized_graduate_disbursements,nominal_usd,2,0,2,
direct_loans,2004-2005,excluded_annual_identity_unresolved,opeid_master,multiple_official_site_unitids,loan_direct__subsidized_loans_originated_amt,nominal_usd,18,18,0,411341969.0
direct_loans,2004-2005,excluded_annual_identity_unresolved,opeid_master,multiple_official_site_unitids,loan_direct__subsidized_disbursements,nominal_usd,18,18,0,378715644.0
direct_loans,2004-2005,excluded_annual_identity_unresolved,opeid_master,multiple_official_site_unitids,loan_direct__unsubsidized_loans_originated_amt,nominal_usd,18,18,0,318056413.0
direct_loans,2004-2005,excluded_annual_identity_unresolved,opeid_master,multiple_official_site_unitids,loan_direct__unsubsidized_disbursements,nominal_usd,18,18,0,288839779.0
direct_loans,2004-2005,excluded_annual_identity_unresolved,opeid_master,multiple_official_site_unitids,loan_direct__plus_loans_originated_amt,nominal_usd,18,18,0,124618504.0
direct_loans,2004-2005,excluded_annual_identity_unresolved,opeid_master,multiple_official_site_unitids,loan_direct__plus_disbursements,nominal_usd,18,18,0,117441733.0
direct_loans,2004-2005,excluded_annual_identity_unresolved,opeid_master,multiple_official_site_unitids,loan_direct__grad_plus_loans_originated_amt,nominal_usd,18,0,18,
direct_loans,2004-2005,excluded_annual_identity_unresolved,opeid_master,multiple_official_site_unitids,loan_direct__grad_plus_disbursements,nominal_usd,18,0,18,
direct_loans,2004-2005,excluded_annual_identity_unresolved,opeid_master,multiple_official_site_unitids,loan_direct__parent_plus_loans_originated_amt,nominal_usd,18,0,18,
direct_loans,2004-2005,excluded_annual_identity_unresolved,opeid_master,multiple_official_site_unitids,loan_direct__parent_plus_disbursements,nominal_usd,18,0,18,
direct_loans,2004-2005,excluded_annual_identity_unresolved,opeid_master,multiple_official_site_unitids,loan_direct__subsidized_undergraduate_loans_originated_amt,nominal_usd,18,0,18,
direct_loans,2004-2005,excluded_annual_identity_unresolved,opeid_master,multiple_official_site_unitids,loan_direct__subsidized_undergraduate_disbursements,nominal_usd,18,0,18,
direct_loans,2004-2005,excluded_annual_identity_unresolved,opeid_master,multiple_official_site_unitids,loan_direct__subsidized_graduate_loans_originated_amt,nominal_usd,18,0,18,
direct_loans,2004-2005,excluded_annual_identity_unresolved,opeid_master,multiple_official_site_unitids,loan_direct__subsidized_graduate_disbursements,nominal_usd,18,0,18,
direct_loans,2004-2005,excluded_annual_identity_unresolved,opeid_master,multiple_official_site_unitids,loan_direct__unsubsidized_undergraduate_loans_originated_amt,nominal_usd,18,0,18,
direct_loans,2004-2005,excluded_annual_identity_unresolved,opeid_master,multiple_official_site_unitids,loan_direct__unsubsidized_undergraduate_disbursements,nominal_usd,18,0,18,
direct_loans,2004-2005,excluded_annual_identity_unresolved,opeid_master,multiple_official_site_unitids,loan_direct__unsubsidized_graduate_loans_originated_amt,nominal_usd,18,0,18,
direct_loans,2004-2005,excluded_annual_identity_unresolved,opeid_master,multiple_official_site_unitids,loan_direct__unsubsidized_graduate_disbursements,nominal_usd,18,0,18,
direct_loans,2004-2005,excluded_annual_identity_unresolved,opeid_master,no_annual_site_match,loan_direct__subsidized_loans_originated_amt,nominal_usd,36,36,0,2701652.0
direct_loans,2004-2005,excluded_annual_identity_unresolved,opeid_master,no_annual_site_match,loan_direct__subsidized_disbursements,nominal_usd,36,36,0,2335249.0
direct_loans,2004-2005,excluded_annual_identity_unresolved,opeid_master,no_annual_site_match,loan_direct__unsubsidized_loans_originated_amt,nominal_usd,36,36,0,2697057.0
direct_loans,2004-2005,excluded_annual_identity_unresolved,opeid_master,no_annual_site_match,loan_direct__unsubsidized_disbursements,nominal_usd,36,36,0,2309386.0
direct_loans,2004-2005,excluded_annual_identity_unresolved,opeid_master,no_annual_site_match,loan_direct__plus_loans_originated_amt,nominal_usd,36,36,0,1425170.0
direct_loans,2004-2005,excluded_annual_identity_unresolved,opeid_master,no_annual_site_match,loan_direct__plus_disbursements,nominal_usd,36,36,0,1265919.0
direct_loans,2004-2005,excluded_annual_identity_unresolved,opeid_master,no_annual_site_match,loan_direct__grad_plus_loans_originated_amt,nominal_usd,36,0,36,
direct_loans,2004-2005,excluded_annual_identity_unresolved,opeid_master,no_annual_site_match,loan_direct__grad_plus_disbursements,nominal_usd,36,0,36,
direct_loans,2004-2005,excluded_annual_identity_unresolved,opeid_master,no_annual_site_match,loan_direct__parent_plus_loans_originated_amt,nominal_usd,36,0,36,
direct_loans,2004-2005,excluded_annual_identity_unresolved,opeid_master,no_annual_site_match,loan_direct__parent_plus_disbursements,nominal_usd,36,0,36,
direct_loans,2004-2005,excluded_annual_identity_unresolved,opeid_master,no_annual_site_match,loan_direct__subsidized_undergraduate_loans_originated_amt,nominal_usd,36,0,36,
direct_loans,2004-2005,excluded_annual_identity_unresolved,opeid_master,no_annual_site_match,loan_direct__subsidized_undergraduate_disbursements,nominal_usd,36,0,36,
direct_loans,2004-2005,excluded_annual_identity_unresolved,opeid_master,no_annual_site_match,loan_direct__subsidized_graduate_loans_originated_amt,nominal_usd,36,0,36,
direct_loans,2004-2005,excluded_annual_identity_unresolved,opeid_master,no_annual_site_match,loan_direct__subsidized_graduate_disbursements,nominal_usd,36,0,36,
direct_loans,2004-2005,excluded_annual_identity_unresolved,opeid_master,no_annual_site_match,loan_direct__unsubsidized_undergraduate_loans_originated_amt,nominal_usd,36,0,36,
direct_loans,2004-2005,excluded_annual_identity_unresolved,opeid_master,no_annual_site_match,loan_direct__unsubsidized_undergraduate_disbursements,nominal_usd,36,0,36,
direct_loans,2004-2005,excluded_annual_identity_unresolved,opeid_master,no_annual_site_match,loan_direct__unsubsidized_graduate_loans_originated_amt,nominal_usd,36,0,36,
direct_loans,2004-2005,excluded_annual_identity_unresolved,opeid_master,no_annual_site_match,loan_direct__unsubsidized_graduate_disbursements,nominal_usd,36,0,36,
direct_loans,2004-2005,included_unique_family_record,opeid_master,official_site_alias_annual_unitid_verified,loan_direct__subsidized_loans_originated_amt,nominal_usd,2,2,0,126789.0
direct_loans,2004-2005,included_unique_family_record,opeid_master,official_site_alias_annual_unitid_verified,loan_direct__subsidized_disbursements,nominal_usd,2,2,0,125232.0
direct_loans,2004-2005,included_unique_family_record,opeid_master,official_site_alias_annual_unitid_verified,loan_direct__unsubsidized_loans_originated_amt,nominal_usd,2,2,0,64740.0
direct_loans,2004-2005,included_unique_family_record,opeid_master,official_site_alias_annual_unitid_verified,loan_direct__unsubsidized_disbursements,nominal_usd,2,2,0,61725.0
direct_loans,2004-2005,included_unique_family_record,opeid_master,official_site_alias_annual_unitid_verified,loan_direct__plus_loans_originated_amt,nominal_usd,2,2,0,7500.0
direct_loans,2004-2005,included_unique_family_record,opeid_master,official_site_alias_annual_unitid_verified,loan_direct__plus_disbursements,nominal_usd,2,2,0,2743.0
direct_loans,2004-2005,included_unique_family_record,opeid_master,official_site_alias_annual_unitid_verified,loan_direct__grad_plus_loans_originated_amt,nominal_usd,2,0,2,
direct_loans,2004-2005,included_unique_family_record,opeid_master,official_site_alias_annual_unitid_verified,loan_direct__grad_plus_disbursements,nominal_usd,2,0,2,
direct_loans,2004-2005,included_unique_family_record,opeid_master,official_site_alias_annual_unitid_verified,loan_direct__parent_plus_loans_originated_amt,nominal_usd,2,0,2,
direct_loans,2004-2005,included_unique_family_record,opeid_master,official_site_alias_annual_unitid_verified,loan_direct__parent_plus_disbursements,nominal_usd,2,0,2,
direct_loans,2004-2005,included_unique_family_record,opeid_master,official_site_alias_annual_unitid_verified,loan_direct__subsidized_undergraduate_loans_originated_amt,nominal_usd,2,0,2,
direct_loans,2004-2005,included_unique_family_record,opeid_master,official_site_alias_annual_unitid_verified,loan_direct__subsidized_undergraduate_disbursements,nominal_usd,2,0,2,
direct_loans,2004-2005,included_unique_family_record,opeid_master,official_site_alias_annual_unitid_verified,loan_direct__subsidized_graduate_loans_originated_amt,nominal_usd,2,0,2,
direct_loans,2004-2005,included_unique_family_record,opeid_master,official_site_alias_annual_unitid_verified,loan_direct__subsidized_graduate_disbursements,nominal_usd,2,0,2,
direct_loans,2004-2005,included_unique_family_record,opeid_master,official_site_alias_annual_unitid_verified,loan_direct__unsubsidized_undergraduate_loans_originated_amt,nominal_usd,2,0,2,
direct_loans,2004-2005,included_unique_family_record,opeid_master,official_site_alias_annual_unitid_verified,loan_direct__unsubsidized_undergraduate_disbursements,nominal_usd,2,0,2,
direct_loans,2004-2005,included_unique_family_record,opeid_master,official_site_alias_annual_unitid_verified,loan_direct__unsubsidized_graduate_loans_originated_amt,nominal_usd,2,0,2,
direct_loans,2004-2005,included_unique_family_record,opeid_master,official_site_alias_annual_unitid_verified,loan_direct__unsubsidized_graduate_disbursements,nominal_usd,2,0,2,
direct_loans,2004-2005,included_unique_family_record,opeid_master,official_site_and_directory_agree,loan_direct__subsidized_loans_originated_amt,nominal_usd,1024,1024,0,5619034403.0
direct_loans,2004-2005,included_unique_family_record,opeid_master,official_site_and_directory_agree,loan_direct__subsidized_disbursements,nominal_usd,1024,1024,0,5250355829.0
direct_loans,2004-2005,included_unique_family_record,opeid_master,official_site_and_directory_agree,loan_direct__unsubsidized_loans_originated_amt,nominal_usd,1024,1024,0,4562210353.0
direct_loans,2004-2005,included_unique_family_record,opeid_master,official_site_and_directory_agree,loan_direct__unsubsidized_disbursements,nominal_usd,1024,1024,0,4220431455.0
direct_loans,2004-2005,included_unique_family_record,opeid_master,official_site_and_directory_agree,loan_direct__plus_loans_originated_amt,nominal_usd,1024,1024,0,1987390067.0
direct_loans,2004-2005,included_unique_family_record,opeid_master,official_site_and_directory_agree,loan_direct__plus_disbursements,nominal_usd,1024,1024,0,1882050628.0
direct_loans,2004-2005,included_unique_family_record,opeid_master,official_site_and_directory_agree,loan_direct__grad_plus_loans_originated_amt,nominal_usd,1024,0,1024,
direct_loans,2004-2005,included_unique_family_record,opeid_master,official_site_and_directory_agree,loan_direct__grad_plus_disbursements,nominal_usd,1024,0,1024,
direct_loans,2004-2005,included_unique_family_record,opeid_master,official_site_and_directory_agree,loan_direct__parent_plus_loans_originated_amt,nominal_usd,1024,0,1024,
direct_loans,2004-2005,included_unique_family_record,opeid_master,official_site_and_directory_agree,loan_direct__parent_plus_disbursements,nominal_usd,1024,0,1024,
direct_loans,2004-2005,included_unique_family_record,opeid_master,official_site_and_directory_agree,loan_direct__subsidized_undergraduate_loans_originated_amt,nominal_usd,1024,0,1024,
direct_loans,2004-2005,included_unique_family_record,opeid_master,official_site_and_directory_agree,loan_direct__subsidized_undergraduate_disbursements,nominal_usd,1024,0,1024,
direct_loans,2004-2005,included_unique_family_record,opeid_master,official_site_and_directory_agree,loan_direct__subsidized_graduate_loans_originated_amt,nominal_usd,1024,0,1024,
direct_loans,2004-2005,included_unique_family_record,opeid_master,official_site_and_directory_agree,loan_direct__subsidized_graduate_disbursements,nominal_usd,1024,0,1024,
direct_loans,2004-2005,included_unique_family_record,opeid_master,official_site_and_directory_agree,loan_direct__unsubsidized_undergraduate_loans_originated_amt,nominal_usd,1024,0,1024,
direct_loans,2004-2005,included_unique_family_record,opeid_master,official_site_and_directory_agree,loan_direct__unsubsidized_undergraduate_disbursements,nominal_usd,1024,0,1024,
direct_loans,2004-2005,included_unique_family_record,opeid_master,official_site_and_directory_agree,loan_direct__unsubsidized_graduate_loans_originated_amt,nominal_usd,1024,0,1024,
direct_loans,2004-2005,included_unique_family_record,opeid_master,official_site_and_directory_agree,loan_direct__unsubsidized_graduate_disbursements,nominal_usd,1024,0,1024,
direct_loans,2005-2006,excluded_annual_identity_unresolved,opeid_master,multiple_official_site_unitids,loan_direct__subsidized_loans_originated_amt,nominal_usd,21,21,0,382740275.0
direct_loans,2005-2006,excluded_annual_identity_unresolved,opeid_master,multiple_official_site_unitids,loan_direct__subsidized_disbursements,nominal_usd,21,21,0,353386170.0
direct_loans,2005-2006,excluded_annual_identity_unresolved,opeid_master,multiple_official_site_unitids,loan_direct__unsubsidized_loans_originated_amt,nominal_usd,21,21,0,314562036.0
direct_loans,2005-2006,excluded_annual_identity_unresolved,opeid_master,multiple_official_site_unitids,loan_direct__unsubsidized_disbursements,nominal_usd,21,21,0,287168562.0
direct_loans,2005-2006,excluded_annual_identity_unresolved,opeid_master,multiple_official_site_unitids,loan_direct__plus_loans_originated_amt,nominal_usd,21,21,0,148868298.0
direct_loans,2005-2006,excluded_annual_identity_unresolved,opeid_master,multiple_official_site_unitids,loan_direct__plus_disbursements,nominal_usd,21,21,0,139842999.0
direct_loans,2005-2006,excluded_annual_identity_unresolved,opeid_master,multiple_official_site_unitids,loan_direct__grad_plus_loans_originated_amt,nominal_usd,21,21,0,6600.0
direct_loans,2005-2006,excluded_annual_identity_unresolved,opeid_master,multiple_official_site_unitids,loan_direct__grad_plus_disbursements,nominal_usd,21,21,0,6600.0
direct_loans,2005-2006,excluded_annual_identity_unresolved,opeid_master,multiple_official_site_unitids,loan_direct__parent_plus_loans_originated_amt,nominal_usd,21,0,21,
direct_loans,2005-2006,excluded_annual_identity_unresolved,opeid_master,multiple_official_site_unitids,loan_direct__parent_plus_disbursements,nominal_usd,21,0,21,
direct_loans,2005-2006,excluded_annual_identity_unresolved,opeid_master,multiple_official_site_unitids,loan_direct__subsidized_undergraduate_loans_originated_amt,nominal_usd,21,0,21,
direct_loans,2005-2006,excluded_annual_identity_unresolved,opeid_master,multiple_official_site_unitids,loan_direct__subsidized_undergraduate_disbursements,nominal_usd,21,0,21,
direct_loans,2005-2006,excluded_annual_identity_unresolved,opeid_master,multiple_official_site_unitids,loan_direct__subsidized_graduate_loans_originated_amt,nominal_usd,21,0,21,
direct_loans,2005-2006,excluded_annual_identity_unresolved,opeid_master,multiple_official_site_unitids,loan_direct__subsidized_graduate_disbursements,nominal_usd,21,0,21,
direct_loans,2005-2006,excluded_annual_identity_unresolved,opeid_master,multiple_official_site_unitids,loan_direct__unsubsidized_undergraduate_loans_originated_amt,nominal_usd,21,0,21,
direct_loans,2005-2006,excluded_annual_identity_unresolved,opeid_master,multiple_official_site_unitids,loan_direct__unsubsidized_undergraduate_disbursements,nominal_usd,21,0,21,
direct_loans,2005-2006,excluded_annual_identity_unresolved,opeid_master,multiple_official_site_unitids,loan_direct__unsubsidized_graduate_loans_originated_amt,nominal_usd,21,0,21,
direct_loans,2005-2006,excluded_annual_identity_unresolved,opeid_master,multiple_official_site_unitids,loan_direct__unsubsidized_graduate_disbursements,nominal_usd,21,0,21,
direct_loans,2005-2006,excluded_annual_identity_unresolved,opeid_master,no_annual_site_match,loan_direct__subsidized_loans_originated_amt,nominal_usd,29,29,0,1605318.0
direct_loans,2005-2006,excluded_annual_identity_unresolved,opeid_master,no_annual_site_match,loan_direct__subsidized_disbursements,nominal_usd,29,29,0,1419335.0
direct_loans,2005-2006,excluded_annual_identity_unresolved,opeid_master,no_annual_site_match,loan_direct__unsubsidized_loans_originated_amt,nominal_usd,29,29,0,1545566.0
direct_loans,2005-2006,excluded_annual_identity_unresolved,opeid_master,no_annual_site_match,loan_direct__unsubsidized_disbursements,nominal_usd,29,29,0,1347762.0
direct_loans,2005-2006,excluded_annual_identity_unresolved,opeid_master,no_annual_site_match,loan_direct__plus_loans_originated_amt,nominal_usd,29,29,0,482658.0
direct_loans,2005-2006,excluded_annual_identity_unresolved,opeid_master,no_annual_site_match,loan_direct__plus_disbursements,nominal_usd,29,29,0,418853.0
direct_loans,2005-2006,excluded_annual_identity_unresolved,opeid_master,no_annual_site_match,loan_direct__grad_plus_loans_originated_amt,nominal_usd,29,29,0,0.0
direct_loans,2005-2006,excluded_annual_identity_unresolved,opeid_master,no_annual_site_match,loan_direct__grad_plus_disbursements,nominal_usd,29,29,0,0.0
direct_loans,2005-2006,excluded_annual_identity_unresolved,opeid_master,no_annual_site_match,loan_direct__parent_plus_loans_originated_amt,nominal_usd,29,0,29,
direct_loans,2005-2006,excluded_annual_identity_unresolved,opeid_master,no_annual_site_match,loan_direct__parent_plus_disbursements,nominal_usd,29,0,29,
direct_loans,2005-2006,excluded_annual_identity_unresolved,opeid_master,no_annual_site_match,loan_direct__subsidized_undergraduate_loans_originated_amt,nominal_usd,29,0,29,
direct_loans,2005-2006,excluded_annual_identity_unresolved,opeid_master,no_annual_site_match,loan_direct__subsidized_undergraduate_disbursements,nominal_usd,29,0,29,
direct_loans,2005-2006,excluded_annual_identity_unresolved,opeid_master,no_annual_site_match,loan_direct__subsidized_graduate_loans_originated_amt,nominal_usd,29,0,29,
direct_loans,2005-2006,excluded_annual_identity_unresolved,opeid_master,no_annual_site_match,loan_direct__subsidized_graduate_disbursements,nominal_usd,29,0,29,
direct_loans,2005-2006,excluded_annual_identity_unresolved,opeid_master,no_annual_site_match,loan_direct__unsubsidized_undergraduate_loans_originated_amt,nominal_usd,29,0,29,
direct_loans,2005-2006,excluded_annual_identity_unresolved,opeid_master,no_annual_site_match,loan_direct__unsubsidized_undergraduate_disbursements,nominal_usd,29,0,29,
direct_loans,2005-2006,excluded_annual_identity_unresolved,opeid_master,no_annual_site_match,loan_direct__unsubsidized_graduate_loans_originated_amt,nominal_usd,29,0,29,
direct_loans,2005-2006,excluded_annual_identity_unresolved,opeid_master,no_annual_site_match,loan_direct__unsubsidized_graduate_disbursements,nominal_usd,29,0,29,
direct_loans,2005-2006,included_unique_family_record,opeid_master,official_site_and_directory_agree,loan_direct__subsidized_loans_originated_amt,nominal_usd,1027,1027,0,5510216917.0
direct_loans,2005-2006,included_unique_family_record,opeid_master,official_site_and_directory_agree,loan_direct__subsidized_disbursements,nominal_usd,1027,1027,0,5139118283.0
direct_loans,2005-2006,included_unique_family_record,opeid_master,official_site_and_directory_agree,loan_direct__unsubsidized_loans_originated_amt,nominal_usd,1027,1027,0,4734875934.0
direct_loans,2005-2006,included_unique_family_record,opeid_master,official_site_and_directory_agree,loan_direct__unsubsidized_disbursements,nominal_usd,1027,1027,0,4376878108.0
direct_loans,2005-2006,included_unique_family_record,opeid_master,official_site_and_directory_agree,loan_direct__plus_loans_originated_amt,nominal_usd,1027,1027,0,2140907746.0
direct_loans,2005-2006,included_unique_family_record,opeid_master,official_site_and_directory_agree,loan_direct__plus_disbursements,nominal_usd,1027,1027,0,2011460648.0
direct_loans,2005-2006,included_unique_family_record,opeid_master,official_site_and_directory_agree,loan_direct__grad_plus_loans_originated_amt,nominal_usd,1027,1027,0,7330264.0
direct_loans,2005-2006,included_unique_family_record,opeid_master,official_site_and_directory_agree,loan_direct__grad_plus_disbursements,nominal_usd,1027,1027,0,6618268.0
direct_loans,2005-2006,included_unique_family_record,opeid_master,official_site_and_directory_agree,loan_direct__parent_plus_loans_originated_amt,nominal_usd,1027,0,1027,
direct_loans,2005-2006,included_unique_family_record,opeid_master,official_site_and_directory_agree,loan_direct__parent_plus_disbursements,nominal_usd,1027,0,1027,
direct_loans,2005-2006,included_unique_family_record,opeid_master,official_site_and_directory_agree,loan_direct__subsidized_undergraduate_loans_originated_amt,nominal_usd,1027,0,1027,
direct_loans,2005-2006,included_unique_family_record,opeid_master,official_site_and_directory_agree,loan_direct__subsidized_undergraduate_disbursements,nominal_usd,1027,0,1027,
direct_loans,2005-2006,included_unique_family_record,opeid_master,official_site_and_directory_agree,loan_direct__subsidized_graduate_loans_originated_amt,nominal_usd,1027,0,1027,
direct_loans,2005-2006,included_unique_family_record,opeid_master,official_site_and_directory_agree,loan_direct__subsidized_graduate_disbursements,nominal_usd,1027,0,1027,
direct_loans,2005-2006,included_unique_family_record,opeid_master,official_site_and_directory_agree,loan_direct__unsubsidized_undergraduate_loans_originated_amt,nominal_usd,1027,0,1027,
direct_loans,2005-2006,included_unique_family_record,opeid_master,official_site_and_directory_agree,loan_direct__unsubsidized_undergraduate_disbursements,nominal_usd,1027,0,1027,
direct_loans,2005-2006,included_unique_family_record,opeid_master,official_site_and_directory_agree,loan_direct__unsubsidized_graduate_loans_originated_amt,nominal_usd,1027,0,1027,
direct_loans,2005-2006,included_unique_family_record,opeid_master,official_site_and_directory_agree,loan_direct__unsubsidized_graduate_disbursements,nominal_usd,1027,0,1027,
direct_loans,2006-2007,excluded_annual_identity_unresolved,opeid_master,multiple_official_site_unitids,loan_direct__subsidized_loans_originated_amt,nominal_usd,27,27,0,380545890.0
direct_loans,2006-2007,excluded_annual_identity_unresolved,opeid_master,multiple_official_site_unitids,loan_direct__subsidized_disbursements,nominal_usd,27,27,0,346877423.0
direct_loans,2006-2007,excluded_annual_identity_unresolved,opeid_master,multiple_official_site_unitids,loan_direct__unsubsidized_loans_originated_amt,nominal_usd,27,27,0,353885939.0
direct_loans,2006-2007,excluded_annual_identity_unresolved,opeid_master,multiple_official_site_unitids,loan_direct__unsubsidized_disbursements,nominal_usd,27,27,0,317676617.0
direct_loans,2006-2007,excluded_annual_identity_unresolved,opeid_master,multiple_official_site_unitids,loan_direct__plus_loans_originated_amt,nominal_usd,27,0,27,
direct_loans,2006-2007,excluded_annual_identity_unresolved,opeid_master,multiple_official_site_unitids,loan_direct__plus_disbursements,nominal_usd,27,0,27,
direct_loans,2006-2007,excluded_annual_identity_unresolved,opeid_master,multiple_official_site_unitids,loan_direct__grad_plus_loans_originated_amt,nominal_usd,27,27,0,7399686.0
direct_loans,2006-2007,excluded_annual_identity_unresolved,opeid_master,multiple_official_site_unitids,loan_direct__grad_plus_disbursements,nominal_usd,27,27,0,7093315.0
direct_loans,2006-2007,excluded_annual_identity_unresolved,opeid_master,multiple_official_site_unitids,loan_direct__parent_plus_loans_originated_amt,nominal_usd,27,27,0,153967059.0
direct_loans,2006-2007,excluded_annual_identity_unresolved,opeid_master,multiple_official_site_unitids,loan_direct__parent_plus_disbursements,nominal_usd,27,27,0,144109993.0
direct_loans,2006-2007,excluded_annual_identity_unresolved,opeid_master,multiple_official_site_unitids,loan_direct__subsidized_undergraduate_loans_originated_amt,nominal_usd,27,0,27,
direct_loans,2006-2007,excluded_annual_identity_unresolved,opeid_master,multiple_official_site_unitids,loan_direct__subsidized_undergraduate_disbursements,nominal_usd,27,0,27,
direct_loans,2006-2007,excluded_annual_identity_unresolved,opeid_master,multiple_official_site_unitids,loan_direct__subsidized_graduate_loans_originated_amt,nominal_usd,27,0,27,
direct_loans,2006-2007,excluded_annual_identity_unresolved,opeid_master,multiple_official_site_unitids,loan_direct__subsidized_graduate_disbursements,nominal_usd,27,0,27,
direct_loans,2006-2007,excluded_annual_identity_unresolved,opeid_master,multiple_official_site_unitids,loan_direct__unsubsidized_undergraduate_loans_originated_amt,nominal_usd,27,0,27,
direct_loans,2006-2007,excluded_annual_identity_unresolved,opeid_master,multiple_official_site_unitids,loan_direct__unsubsidized_undergraduate_disbursements,nominal_usd,27,0,27,
direct_loans,2006-2007,excluded_annual_identity_unresolved,opeid_master,multiple_official_site_unitids,loan_direct__unsubsidized_graduate_loans_originated_amt,nominal_usd,27,0,27,
direct_loans,2006-2007,excluded_annual_identity_unresolved,opeid_master,multiple_official_site_unitids,loan_direct__unsubsidized_graduate_disbursements,nominal_usd,27,0,27,
direct_loans,2006-2007,excluded_annual_identity_unresolved,opeid_master,no_annual_site_match,loan_direct__subsidized_loans_originated_amt,nominal_usd,33,33,0,1397743.0
direct_loans,2006-2007,excluded_annual_identity_unresolved,opeid_master,no_annual_site_match,loan_direct__subsidized_disbursements,nominal_usd,33,33,0,1312232.0
direct_loans,2006-2007,excluded_annual_identity_unresolved,opeid_master,no_annual_site_match,loan_direct__unsubsidized_loans_originated_amt,nominal_usd,33,33,0,1542291.0
direct_loans,2006-2007,excluded_annual_identity_unresolved,opeid_master,no_annual_site_match,loan_direct__unsubsidized_disbursements,nominal_usd,33,33,0,1439698.0
direct_loans,2006-2007,excluded_annual_identity_unresolved,opeid_master,no_annual_site_match,loan_direct__plus_loans_originated_amt,nominal_usd,33,0,33,
direct_loans,2006-2007,excluded_annual_identity_unresolved,opeid_master,no_annual_site_match,loan_direct__plus_disbursements,nominal_usd,33,0,33,
direct_loans,2006-2007,excluded_annual_identity_unresolved,opeid_master,no_annual_site_match,loan_direct__grad_plus_loans_originated_amt,nominal_usd,33,33,0,0.0
direct_loans,2006-2007,excluded_annual_identity_unresolved,opeid_master,no_annual_site_match,loan_direct__grad_plus_disbursements,nominal_usd,33,33,0,0.0
direct_loans,2006-2007,excluded_annual_identity_unresolved,opeid_master,no_annual_site_match,loan_direct__parent_plus_loans_originated_amt,nominal_usd,33,33,0,279858.0
direct_loans,2006-2007,excluded_annual_identity_unresolved,opeid_master,no_annual_site_match,loan_direct__parent_plus_disbursements,nominal_usd,33,33,0,270101.0
direct_loans,2006-2007,excluded_annual_identity_unresolved,opeid_master,no_annual_site_match,loan_direct__subsidized_undergraduate_loans_originated_amt,nominal_usd,33,0,33,
direct_loans,2006-2007,excluded_annual_identity_unresolved,opeid_master,no_annual_site_match,loan_direct__subsidized_undergraduate_disbursements,nominal_usd,33,0,33,
direct_loans,2006-2007,excluded_annual_identity_unresolved,opeid_master,no_annual_site_match,loan_direct__subsidized_graduate_loans_originated_amt,nominal_usd,33,0,33,
direct_loans,2006-2007,excluded_annual_identity_unresolved,opeid_master,no_annual_site_match,loan_direct__subsidized_graduate_disbursements,nominal_usd,33,0,33,
direct_loans,2006-2007,excluded_annual_identity_unresolved,opeid_master,no_annual_site_match,loan_direct__unsubsidized_undergraduate_loans_originated_amt,nominal_usd,33,0,33,
direct_loans,2006-2007,excluded_annual_identity_unresolved,opeid_master,no_annual_site_match,loan_direct__unsubsidized_undergraduate_disbursements,nominal_usd,33,0,33,
direct_loans,2006-2007,excluded_annual_identity_unresolved,opeid_master,no_annual_site_match,loan_direct__unsubsidized_graduate_loans_originated_amt,nominal_usd,33,0,33,
direct_loans,2006-2007,excluded_annual_identity_unresolved,opeid_master,no_annual_site_match,loan_direct__unsubsidized_graduate_disbursements,nominal_usd,33,0,33,
direct_loans,2006-2007,included_unique_family_record,opeid_master,official_site_and_directory_agree,loan_direct__subsidized_loans_originated_amt,nominal_usd,1026,1026,0,5262269590.0
direct_loans,2006-2007,included_unique_family_record,opeid_master,official_site_and_directory_agree,loan_direct__subsidized_disbursements,nominal_usd,1026,1026,0,4905031148.0
direct_loans,2006-2007,included_unique_family_record,opeid_master,official_site_and_directory_agree,loan_direct__unsubsidized_loans_originated_amt,nominal_usd,1026,1026,0,4515282800.0
direct_loans,2006-2007,included_unique_family_record,opeid_master,official_site_and_directory_agree,loan_direct__unsubsidized_disbursements,nominal_usd,1026,1026,0,4172419540.0
direct_loans,2006-2007,included_unique_family_record,opeid_master,official_site_and_directory_agree,loan_direct__plus_loans_originated_amt,nominal_usd,1026,0,1026,
direct_loans,2006-2007,included_unique_family_record,opeid_master,official_site_and_directory_agree,loan_direct__plus_disbursements,nominal_usd,1026,0,1026,
direct_loans,2006-2007,included_unique_family_record,opeid_master,official_site_and_directory_agree,loan_direct__grad_plus_loans_originated_amt,nominal_usd,1026,1026,0,222943562.0
direct_loans,2006-2007,included_unique_family_record,opeid_master,official_site_and_directory_agree,loan_direct__grad_plus_disbursements,nominal_usd,1026,1026,0,211816393.0
direct_loans,2006-2007,included_unique_family_record,opeid_master,official_site_and_directory_agree,loan_direct__parent_plus_loans_originated_amt,nominal_usd,1026,1026,0,1998034801.0
direct_loans,2006-2007,included_unique_family_record,opeid_master,official_site_and_directory_agree,loan_direct__parent_plus_disbursements,nominal_usd,1026,1026,0,1881963946.0
direct_loans,2006-2007,included_unique_family_record,opeid_master,official_site_and_directory_agree,loan_direct__subsidized_undergraduate_loans_originated_amt,nominal_usd,1026,0,1026,
direct_loans,2006-2007,included_unique_family_record,opeid_master,official_site_and_directory_agree,loan_direct__subsidized_undergraduate_disbursements,nominal_usd,1026,0,1026,
direct_loans,2006-2007,included_unique_family_record,opeid_master,official_site_and_directory_agree,loan_direct__subsidized_graduate_loans_originated_amt,nominal_usd,1026,0,1026,
direct_loans,2006-2007,included_unique_family_record,opeid_master,official_site_and_directory_agree,loan_direct__subsidized_graduate_disbursements,nominal_usd,1026,0,1026,
direct_loans,2006-2007,included_unique_family_record,opeid_master,official_site_and_directory_agree,loan_direct__unsubsidized_undergraduate_loans_originated_amt,nominal_usd,1026,0,1026,
direct_loans,2006-2007,included_unique_family_record,opeid_master,official_site_and_directory_agree,loan_direct__unsubsidized_undergraduate_disbursements,nominal_usd,1026,0,1026,
direct_loans,2006-2007,included_unique_family_record,opeid_master,official_site_and_directory_agree,loan_direct__unsubsidized_graduate_loans_originated_amt,nominal_usd,1026,0,1026,
direct_loans,2006-2007,included_unique_family_record,opeid_master,official_site_and_directory_agree,loan_direct__unsubsidized_graduate_disbursements,nominal_usd,1026,0,1026,
direct_loans,2007-2008,excluded_annual_identity_unresolved,opeid_master,multiple_official_site_unitids,loan_direct__subsidized_loans_originated_amt,nominal_usd,38,38,0,437526588.0
direct_loans,2007-2008,excluded_annual_identity_unresolved,opeid_master,multiple_official_site_unitids,loan_direct__subsidized_disbursements,nominal_usd,38,38,0,400543585.0
direct_loans,2007-2008,excluded_annual_identity_unresolved,opeid_master,multiple_official_site_unitids,loan_direct__unsubsidized_loans_originated_amt,nominal_usd,38,38,0,402986019.0
direct_loans,2007-2008,excluded_annual_identity_unresolved,opeid_master,multiple_official_site_unitids,loan_direct__unsubsidized_disbursements,nominal_usd,38,38,0,364969854.0
direct_loans,2007-2008,excluded_annual_identity_unresolved,opeid_master,multiple_official_site_unitids,loan_direct__plus_loans_originated_amt,nominal_usd,38,0,38,
direct_loans,2007-2008,excluded_annual_identity_unresolved,opeid_master,multiple_official_site_unitids,loan_direct__plus_disbursements,nominal_usd,38,0,38,
direct_loans,2007-2008,excluded_annual_identity_unresolved,opeid_master,multiple_official_site_unitids,loan_direct__grad_plus_loans_originated_amt,nominal_usd,38,38,0,12544031.0
direct_loans,2007-2008,excluded_annual_identity_unresolved,opeid_master,multiple_official_site_unitids,loan_direct__grad_plus_disbursements,nominal_usd,38,38,0,11945785.0
direct_loans,2007-2008,excluded_annual_identity_unresolved,opeid_master,multiple_official_site_unitids,loan_direct__parent_plus_loans_originated_amt,nominal_usd,38,38,0,151768591.0
direct_loans,2007-2008,excluded_annual_identity_unresolved,opeid_master,multiple_official_site_unitids,loan_direct__parent_plus_disbursements,nominal_usd,38,38,0,142729154.0
direct_loans,2007-2008,excluded_annual_identity_unresolved,opeid_master,multiple_official_site_unitids,loan_direct__subsidized_undergraduate_loans_originated_amt,nominal_usd,38,0,38,
direct_loans,2007-2008,excluded_annual_identity_unresolved,opeid_master,multiple_official_site_unitids,loan_direct__subsidized_undergraduate_disbursements,nominal_usd,38,0,38,
direct_loans,2007-2008,excluded_annual_identity_unresolved,opeid_master,multiple_official_site_unitids,loan_direct__subsidized_graduate_loans_originated_amt,nominal_usd,38,0,38,
direct_loans,2007-2008,excluded_annual_identity_unresolved,opeid_master,multiple_official_site_unitids,loan_direct__subsidized_graduate_disbursements,nominal_usd,38,0,38,
direct_loans,2007-2008,excluded_annual_identity_unresolved,opeid_master,multiple_official_site_unitids,loan_direct__unsubsidized_undergraduate_loans_originated_amt,nominal_usd,38,0,38,
direct_loans,2007-2008,excluded_annual_identity_unresolved,opeid_master,multiple_official_site_unitids,loan_direct__unsubsidized_undergraduate_disbursements,nominal_usd,38,0,38,
direct_loans,2007-2008,excluded_annual_identity_unresolved,opeid_master,multiple_official_site_unitids,loan_direct__unsubsidized_graduate_loans_originated_amt,nominal_usd,38,0,38,
direct_loans,2007-2008,excluded_annual_identity_unresolved,opeid_master,multiple_official_site_unitids,loan_direct__unsubsidized_graduate_disbursements,nominal_usd,38,0,38,
direct_loans,2007-2008,excluded_annual_identity_unresolved,opeid_master,no_annual_site_match,loan_direct__subsidized_loans_originated_amt,nominal_usd,58,58,0,3510565.0
direct_loans,2007-2008,excluded_annual_identity_unresolved,opeid_master,no_annual_site_match,loan_direct__subsidized_disbursements,nominal_usd,58,58,0,3243052.0
direct_loans,2007-2008,excluded_annual_identity_unresolved,opeid_master,no_annual_site_match,loan_direct__unsubsidized_loans_originated_amt,nominal_usd,58,58,0,3302365.0
direct_loans,2007-2008,excluded_annual_identity_unresolved,opeid_master,no_annual_site_match,loan_direct__unsubsidized_disbursements,nominal_usd,58,58,0,3092403.0
direct_loans,2007-2008,excluded_annual_identity_unresolved,opeid_master,no_annual_site_match,loan_direct__plus_loans_originated_amt,nominal_usd,58,0,58,
direct_loans,2007-2008,excluded_annual_identity_unresolved,opeid_master,no_annual_site_match,loan_direct__plus_disbursements,nominal_usd,58,0,58,
direct_loans,2007-2008,excluded_annual_identity_unresolved,opeid_master,no_annual_site_match,loan_direct__grad_plus_loans_originated_amt,nominal_usd,58,58,0,0.0
direct_loans,2007-2008,excluded_annual_identity_unresolved,opeid_master,no_annual_site_match,loan_direct__grad_plus_disbursements,nominal_usd,58,58,0,0.0
direct_loans,2007-2008,excluded_annual_identity_unresolved,opeid_master,no_annual_site_match,loan_direct__parent_plus_loans_originated_amt,nominal_usd,58,58,0,790412.0
direct_loans,2007-2008,excluded_annual_identity_unresolved,opeid_master,no_annual_site_match,loan_direct__parent_plus_disbursements,nominal_usd,58,58,0,738766.0
direct_loans,2007-2008,excluded_annual_identity_unresolved,opeid_master,no_annual_site_match,loan_direct__subsidized_undergraduate_loans_originated_amt,nominal_usd,58,0,58,
direct_loans,2007-2008,excluded_annual_identity_unresolved,opeid_master,no_annual_site_match,loan_direct__subsidized_undergraduate_disbursements,nominal_usd,58,0,58,
direct_loans,2007-2008,excluded_annual_identity_unresolved,opeid_master,no_annual_site_match,loan_direct__subsidized_graduate_loans_originated_amt,nominal_usd,58,0,58,
direct_loans,2007-2008,excluded_annual_identity_unresolved,opeid_master,no_annual_site_match,loan_direct__subsidized_graduate_disbursements,nominal_usd,58,0,58,
direct_loans,2007-2008,excluded_annual_identity_unresolved,opeid_master,no_annual_site_match,loan_direct__unsubsidized_undergraduate_loans_originated_amt,nominal_usd,58,0,58,
direct_loans,2007-2008,excluded_annual_identity_unresolved,opeid_master,no_annual_site_match,loan_direct__unsubsidized_undergraduate_disbursements,nominal_usd,58,0,58,
direct_loans,2007-2008,excluded_annual_identity_unresolved,opeid_master,no_annual_site_match,loan_direct__unsubsidized_graduate_loans_originated_amt,nominal_usd,58,0,58,
direct_loans,2007-2008,excluded_annual_identity_unresolved,opeid_master,no_annual_site_match,loan_direct__unsubsidized_graduate_disbursements,nominal_usd,58,0,58,
direct_loans,2007-2008,included_unique_family_record,opeid_master,official_site_and_directory_agree,loan_direct__subsidized_loans_originated_amt,nominal_usd,1285,1285,0,5922343407.0
direct_loans,2007-2008,included_unique_family_record,opeid_master,official_site_and_directory_agree,loan_direct__subsidized_disbursements,nominal_usd,1285,1285,0,5521748853.0
direct_loans,2007-2008,included_unique_family_record,opeid_master,official_site_and_directory_agree,loan_direct__unsubsidized_loans_originated_amt,nominal_usd,1285,1285,0,5103355201.0
direct_loans,2007-2008,included_unique_family_record,opeid_master,official_site_and_directory_agree,loan_direct__unsubsidized_disbursements,nominal_usd,1285,1285,0,4718907798.0
direct_loans,2007-2008,included_unique_family_record,opeid_master,official_site_and_directory_agree,loan_direct__plus_loans_originated_amt,nominal_usd,1285,0,1285,
direct_loans,2007-2008,included_unique_family_record,opeid_master,official_site_and_directory_agree,loan_direct__plus_disbursements,nominal_usd,1285,0,1285,
direct_loans,2007-2008,included_unique_family_record,opeid_master,official_site_and_directory_agree,loan_direct__grad_plus_loans_originated_amt,nominal_usd,1285,1285,0,383947478.0
direct_loans,2007-2008,included_unique_family_record,opeid_master,official_site_and_directory_agree,loan_direct__grad_plus_disbursements,nominal_usd,1285,1285,0,365843899.0
direct_loans,2007-2008,included_unique_family_record,opeid_master,official_site_and_directory_agree,loan_direct__parent_plus_loans_originated_amt,nominal_usd,1285,1285,0,1913245688.0
direct_loans,2007-2008,included_unique_family_record,opeid_master,official_site_and_directory_agree,loan_direct__parent_plus_disbursements,nominal_usd,1285,1285,0,1806627414.0
direct_loans,2007-2008,included_unique_family_record,opeid_master,official_site_and_directory_agree,loan_direct__subsidized_undergraduate_loans_originated_amt,nominal_usd,1285,0,1285,
direct_loans,2007-2008,included_unique_family_record,opeid_master,official_site_and_directory_agree,loan_direct__subsidized_undergraduate_disbursements,nominal_usd,1285,0,1285,
direct_loans,2007-2008,included_unique_family_record,opeid_master,official_site_and_directory_agree,loan_direct__subsidized_graduate_loans_originated_amt,nominal_usd,1285,0,1285,
direct_loans,2007-2008,included_unique_family_record,opeid_master,official_site_and_directory_agree,loan_direct__subsidized_graduate_disbursements,nominal_usd,1285,0,1285,
direct_loans,2007-2008,included_unique_family_record,opeid_master,official_site_and_directory_agree,loan_direct__unsubsidized_undergraduate_loans_originated_amt,nominal_usd,1285,0,1285,
direct_loans,2007-2008,included_unique_family_record,opeid_master,official_site_and_directory_agree,loan_direct__unsubsidized_undergraduate_disbursements,nominal_usd,1285,0,1285,
direct_loans,2007-2008,included_unique_family_record,opeid_master,official_site_and_directory_agree,loan_direct__unsubsidized_graduate_loans_originated_amt,nominal_usd,1285,0,1285,
direct_loans,2007-2008,included_unique_family_record,opeid_master,official_site_and_directory_agree,loan_direct__unsubsidized_graduate_disbursements,nominal_usd,1285,0,1285,
direct_loans,2008-2009,excluded_annual_identity_unresolved,opeid_master,crosswalk_site_parse_incomplete,loan_direct__subsidized_loans_originated_amt,nominal_usd,1,1,0,4626149.0
direct_loans,2008-2009,excluded_annual_identity_unresolved,opeid_master,crosswalk_site_parse_incomplete,loan_direct__subsidized_disbursements,nominal_usd,1,1,0,4494214.0
direct_loans,2008-2009,excluded_annual_identity_unresolved,opeid_master,crosswalk_site_parse_incomplete,loan_direct__unsubsidized_loans_originated_amt,nominal_usd,1,1,0,10014197.0
direct_loans,2008-2009,excluded_annual_identity_unresolved,opeid_master,crosswalk_site_parse_incomplete,loan_direct__unsubsidized_disbursements,nominal_usd,1,1,0,9612635.0
direct_loans,2008-2009,excluded_annual_identity_unresolved,opeid_master,crosswalk_site_parse_incomplete,loan_direct__plus_loans_originated_amt,nominal_usd,1,0,1,
direct_loans,2008-2009,excluded_annual_identity_unresolved,opeid_master,crosswalk_site_parse_incomplete,loan_direct__plus_disbursements,nominal_usd,1,0,1,
direct_loans,2008-2009,excluded_annual_identity_unresolved,opeid_master,crosswalk_site_parse_incomplete,loan_direct__grad_plus_loans_originated_amt,nominal_usd,1,1,0,826006.0
direct_loans,2008-2009,excluded_annual_identity_unresolved,opeid_master,crosswalk_site_parse_incomplete,loan_direct__grad_plus_disbursements,nominal_usd,1,1,0,819736.0
direct_loans,2008-2009,excluded_annual_identity_unresolved,opeid_master,crosswalk_site_parse_incomplete,loan_direct__parent_plus_loans_originated_amt,nominal_usd,1,1,0,195983.0
direct_loans,2008-2009,excluded_annual_identity_unresolved,opeid_master,crosswalk_site_parse_incomplete,loan_direct__parent_plus_disbursements,nominal_usd,1,1,0,190972.0
direct_loans,2008-2009,excluded_annual_identity_unresolved,opeid_master,crosswalk_site_parse_incomplete,loan_direct__subsidized_undergraduate_loans_originated_amt,nominal_usd,1,0,1,
direct_loans,2008-2009,excluded_annual_identity_unresolved,opeid_master,crosswalk_site_parse_incomplete,loan_direct__subsidized_undergraduate_disbursements,nominal_usd,1,0,1,
direct_loans,2008-2009,excluded_annual_identity_unresolved,opeid_master,crosswalk_site_parse_incomplete,loan_direct__subsidized_graduate_loans_originated_amt,nominal_usd,1,0,1,
direct_loans,2008-2009,excluded_annual_identity_unresolved,opeid_master,crosswalk_site_parse_incomplete,loan_direct__subsidized_graduate_disbursements,nominal_usd,1,0,1,
direct_loans,2008-2009,excluded_annual_identity_unresolved,opeid_master,crosswalk_site_parse_incomplete,loan_direct__unsubsidized_undergraduate_loans_originated_amt,nominal_usd,1,0,1,
direct_loans,2008-2009,excluded_annual_identity_unresolved,opeid_master,crosswalk_site_parse_incomplete,loan_direct__unsubsidized_undergraduate_disbursements,nominal_usd,1,0,1,
direct_loans,2008-2009,excluded_annual_identity_unresolved,opeid_master,crosswalk_site_parse_incomplete,loan_direct__unsubsidized_graduate_loans_originated_amt,nominal_usd,1,0,1,
direct_loans,2008-2009,excluded_annual_identity_unresolved,opeid_master,crosswalk_site_parse_incomplete,loan_direct__unsubsidized_graduate_disbursements,nominal_usd,1,0,1,
direct_loans,2008-2009,excluded_annual_identity_unresolved,opeid_master,multiple_nonadministrative_directory_unitids,loan_direct__subsidized_loans_originated_amt,nominal_usd,1,1,0,912470.0
direct_loans,2008-2009,excluded_annual_identity_unresolved,opeid_master,multiple_nonadministrative_directory_unitids,loan_direct__subsidized_disbursements,nominal_usd,1,1,0,774604.0
direct_loans,2008-2009,excluded_annual_identity_unresolved,opeid_master,multiple_nonadministrative_directory_unitids,loan_direct__unsubsidized_loans_originated_amt,nominal_usd,1,1,0,1257547.0
direct_loans,2008-2009,excluded_annual_identity_unresolved,opeid_master,multiple_nonadministrative_directory_unitids,loan_direct__unsubsidized_disbursements,nominal_usd,1,1,0,1070509.0
direct_loans,2008-2009,excluded_annual_identity_unresolved,opeid_master,multiple_nonadministrative_directory_unitids,loan_direct__plus_loans_originated_amt,nominal_usd,1,0,1,
direct_loans,2008-2009,excluded_annual_identity_unresolved,opeid_master,multiple_nonadministrative_directory_unitids,loan_direct__plus_disbursements,nominal_usd,1,0,1,
direct_loans,2008-2009,excluded_annual_identity_unresolved,opeid_master,multiple_nonadministrative_directory_unitids,loan_direct__grad_plus_loans_originated_amt,nominal_usd,1,1,0,0.0
direct_loans,2008-2009,excluded_annual_identity_unresolved,opeid_master,multiple_nonadministrative_directory_unitids,loan_direct__grad_plus_disbursements,nominal_usd,1,1,0,0.0
direct_loans,2008-2009,excluded_annual_identity_unresolved,opeid_master,multiple_nonadministrative_directory_unitids,loan_direct__parent_plus_loans_originated_amt,nominal_usd,1,1,0,59504.0
direct_loans,2008-2009,excluded_annual_identity_unresolved,opeid_master,multiple_nonadministrative_directory_unitids,loan_direct__parent_plus_disbursements,nominal_usd,1,1,0,57338.0
direct_loans,2008-2009,excluded_annual_identity_unresolved,opeid_master,multiple_nonadministrative_directory_unitids,loan_direct__subsidized_undergraduate_loans_originated_amt,nominal_usd,1,0,1,
direct_loans,2008-2009,excluded_annual_identity_unresolved,opeid_master,multiple_nonadministrative_directory_unitids,loan_direct__subsidized_undergraduate_disbursements,nominal_usd,1,0,1,
direct_loans,2008-2009,excluded_annual_identity_unresolved,opeid_master,multiple_nonadministrative_directory_unitids,loan_direct__subsidized_graduate_loans_originated_amt,nominal_usd,1,0,1,
direct_loans,2008-2009,excluded_annual_identity_unresolved,opeid_master,multiple_nonadministrative_directory_unitids,loan_direct__subsidized_graduate_disbursements,nominal_usd,1,0,1,
direct_loans,2008-2009,excluded_annual_identity_unresolved,opeid_master,multiple_nonadministrative_directory_unitids,loan_direct__unsubsidized_undergraduate_loans_originated_amt,nominal_usd,1,0,1,
direct_loans,2008-2009,excluded_annual_identity_unresolved,opeid_master,multiple_nonadministrative_directory_unitids,loan_direct__unsubsidized_undergraduate_disbursements,nominal_usd,1,0,1,
direct_loans,2008-2009,excluded_annual_identity_unresolved,opeid_master,multiple_nonadministrative_directory_unitids,loan_direct__unsubsidized_graduate_loans_originated_amt,nominal_usd,1,0,1,
direct_loans,2008-2009,excluded_annual_identity_unresolved,opeid_master,multiple_nonadministrative_directory_unitids,loan_direct__unsubsidized_graduate_disbursements,nominal_usd,1,0,1,
direct_loans,2008-2009,excluded_annual_identity_unresolved,opeid_master,multiple_official_site_unitids,loan_direct__subsidized_loans_originated_amt,nominal_usd,64,64,0,354881733.0
direct_loans,2008-2009,excluded_annual_identity_unresolved,opeid_master,multiple_official_site_unitids,loan_direct__subsidized_disbursements,nominal_usd,64,64,0,332037520.0
direct_loans,2008-2009,excluded_annual_identity_unresolved,opeid_master,multiple_official_site_unitids,loan_direct__unsubsidized_loans_originated_amt,nominal_usd,64,64,0,393295354.0
direct_loans,2008-2009,excluded_annual_identity_unresolved,opeid_master,multiple_official_site_unitids,loan_direct__unsubsidized_disbursements,nominal_usd,64,64,0,364270404.0
direct_loans,2008-2009,excluded_annual_identity_unresolved,opeid_master,multiple_official_site_unitids,loan_direct__plus_loans_originated_amt,nominal_usd,64,0,64,
direct_loans,2008-2009,excluded_annual_identity_unresolved,opeid_master,multiple_official_site_unitids,loan_direct__plus_disbursements,nominal_usd,64,0,64,
direct_loans,2008-2009,excluded_annual_identity_unresolved,opeid_master,multiple_official_site_unitids,loan_direct__grad_plus_loans_originated_amt,nominal_usd,64,64,0,20592821.0
direct_loans,2008-2009,excluded_annual_identity_unresolved,opeid_master,multiple_official_site_unitids,loan_direct__grad_plus_disbursements,nominal_usd,64,64,0,19819176.0
direct_loans,2008-2009,excluded_annual_identity_unresolved,opeid_master,multiple_official_site_unitids,loan_direct__parent_plus_loans_originated_amt,nominal_usd,64,64,0,169549000.0
direct_loans,2008-2009,excluded_annual_identity_unresolved,opeid_master,multiple_official_site_unitids,loan_direct__parent_plus_disbursements,nominal_usd,64,64,0,161282369.0
direct_loans,2008-2009,excluded_annual_identity_unresolved,opeid_master,multiple_official_site_unitids,loan_direct__subsidized_undergraduate_loans_originated_amt,nominal_usd,64,0,64,
direct_loans,2008-2009,excluded_annual_identity_unresolved,opeid_master,multiple_official_site_unitids,loan_direct__subsidized_undergraduate_disbursements,nominal_usd,64,0,64,
direct_loans,2008-2009,excluded_annual_identity_unresolved,opeid_master,multiple_official_site_unitids,loan_direct__subsidized_graduate_loans_originated_amt,nominal_usd,64,0,64,
direct_loans,2008-2009,excluded_annual_identity_unresolved,opeid_master,multiple_official_site_unitids,loan_direct__subsidized_graduate_disbursements,nominal_usd,64,0,64,
direct_loans,2008-2009,excluded_annual_identity_unresolved,opeid_master,multiple_official_site_unitids,loan_direct__unsubsidized_undergraduate_loans_originated_amt,nominal_usd,64,0,64,
direct_loans,2008-2009,excluded_annual_identity_unresolved,opeid_master,multiple_official_site_unitids,loan_direct__unsubsidized_undergraduate_disbursements,nominal_usd,64,0,64,
direct_loans,2008-2009,excluded_annual_identity_unresolved,opeid_master,multiple_official_site_unitids,loan_direct__unsubsidized_graduate_loans_originated_amt,nominal_usd,64,0,64,
direct_loans,2008-2009,excluded_annual_identity_unresolved,opeid_master,multiple_official_site_unitids,loan_direct__unsubsidized_graduate_disbursements,nominal_usd,64,0,64,
direct_loans,2008-2009,excluded_annual_identity_unresolved,opeid_master,no_annual_site_match,loan_direct__subsidized_loans_originated_amt,nominal_usd,124,124,0,12268855.0
direct_loans,2008-2009,excluded_annual_identity_unresolved,opeid_master,no_annual_site_match,loan_direct__subsidized_disbursements,nominal_usd,124,124,0,11353272.0
direct_loans,2008-2009,excluded_annual_identity_unresolved,opeid_master,no_annual_site_match,loan_direct__unsubsidized_loans_originated_amt,nominal_usd,124,124,0,16423381.0
direct_loans,2008-2009,excluded_annual_identity_unresolved,opeid_master,no_annual_site_match,loan_direct__unsubsidized_disbursements,nominal_usd,124,124,0,15289606.0
direct_loans,2008-2009,excluded_annual_identity_unresolved,opeid_master,no_annual_site_match,loan_direct__plus_loans_originated_amt,nominal_usd,124,0,124,
direct_loans,2008-2009,excluded_annual_identity_unresolved,opeid_master,no_annual_site_match,loan_direct__plus_disbursements,nominal_usd,124,0,124,
direct_loans,2008-2009,excluded_annual_identity_unresolved,opeid_master,no_annual_site_match,loan_direct__grad_plus_loans_originated_amt,nominal_usd,124,124,0,381600.0
direct_loans,2008-2009,excluded_annual_identity_unresolved,opeid_master,no_annual_site_match,loan_direct__grad_plus_disbursements,nominal_usd,124,124,0,378947.0
direct_loans,2008-2009,excluded_annual_identity_unresolved,opeid_master,no_annual_site_match,loan_direct__parent_plus_loans_originated_amt,nominal_usd,124,124,0,2785106.0
direct_loans,2008-2009,excluded_annual_identity_unresolved,opeid_master,no_annual_site_match,loan_direct__parent_plus_disbursements,nominal_usd,124,124,0,2595228.0
direct_loans,2008-2009,excluded_annual_identity_unresolved,opeid_master,no_annual_site_match,loan_direct__subsidized_undergraduate_loans_originated_amt,nominal_usd,124,0,124,
direct_loans,2008-2009,excluded_annual_identity_unresolved,opeid_master,no_annual_site_match,loan_direct__subsidized_undergraduate_disbursements,nominal_usd,124,0,124,
direct_loans,2008-2009,excluded_annual_identity_unresolved,opeid_master,no_annual_site_match,loan_direct__subsidized_graduate_loans_originated_amt,nominal_usd,124,0,124,
direct_loans,2008-2009,excluded_annual_identity_unresolved,opeid_master,no_annual_site_match,loan_direct__subsidized_graduate_disbursements,nominal_usd,124,0,124,
direct_loans,2008-2009,excluded_annual_identity_unresolved,opeid_master,no_annual_site_match,loan_direct__unsubsidized_undergraduate_loans_originated_amt,nominal_usd,124,0,124,
direct_loans,2008-2009,excluded_annual_identity_unresolved,opeid_master,no_annual_site_match,loan_direct__unsubsidized_undergraduate_disbursements,nominal_usd,124,0,124,
direct_loans,2008-2009,excluded_annual_identity_unresolved,opeid_master,no_annual_site_match,loan_direct__unsubsidized_graduate_loans_originated_amt,nominal_usd,124,0,124,
direct_loans,2008-2009,excluded_annual_identity_unresolved,opeid_master,no_annual_site_match,loan_direct__unsubsidized_graduate_disbursements,nominal_usd,124,0,124,
direct_loans,2008-2009,excluded_annual_identity_unresolved,opeid_master,resolved_administrative_directory_identity_ineligible,loan_direct__subsidized_loans_originated_amt,nominal_usd,1,1,0,19872.0
direct_loans,2008-2009,excluded_annual_identity_unresolved,opeid_master,resolved_administrative_directory_identity_ineligible,loan_direct__subsidized_disbursements,nominal_usd,1,1,0,19872.0
direct_loans,2008-2009,excluded_annual_identity_unresolved,opeid_master,resolved_administrative_directory_identity_ineligible,loan_direct__unsubsidized_loans_originated_amt,nominal_usd,1,1,0,15878.0
direct_loans,2008-2009,excluded_annual_identity_unresolved,opeid_master,resolved_administrative_directory_identity_ineligible,loan_direct__unsubsidized_disbursements,nominal_usd,1,1,0,15878.0
direct_loans,2008-2009,excluded_annual_identity_unresolved,opeid_master,resolved_administrative_directory_identity_ineligible,loan_direct__plus_loans_originated_amt,nominal_usd,1,0,1,
direct_loans,2008-2009,excluded_annual_identity_unresolved,opeid_master,resolved_administrative_directory_identity_ineligible,loan_direct__plus_disbursements,nominal_usd,1,0,1,
direct_loans,2008-2009,excluded_annual_identity_unresolved,opeid_master,resolved_administrative_directory_identity_ineligible,loan_direct__grad_plus_loans_originated_amt,nominal_usd,1,1,0,0.0
direct_loans,2008-2009,excluded_annual_identity_unresolved,opeid_master,resolved_administrative_directory_identity_ineligible,loan_direct__grad_plus_disbursements,nominal_usd,1,1,0,0.0
direct_loans,2008-2009,excluded_annual_identity_unresolved,opeid_master,resolved_administrative_directory_identity_ineligible,loan_direct__parent_plus_loans_originated_amt,nominal_usd,1,1,0,0.0
direct_loans,2008-2009,excluded_annual_identity_unresolved,opeid_master,resolved_administrative_directory_identity_ineligible,loan_direct__parent_plus_disbursements,nominal_usd,1,1,0,0.0
direct_loans,2008-2009,excluded_annual_identity_unresolved,opeid_master,resolved_administrative_directory_identity_ineligible,loan_direct__subsidized_undergraduate_loans_originated_amt,nominal_usd,1,0,1,
direct_loans,2008-2009,excluded_annual_identity_unresolved,opeid_master,resolved_administrative_directory_identity_ineligible,loan_direct__subsidized_undergraduate_disbursements,nominal_usd,1,0,1,
direct_loans,2008-2009,excluded_annual_identity_unresolved,opeid_master,resolved_administrative_directory_identity_ineligible,loan_direct__subsidized_graduate_loans_originated_amt,nominal_usd,1,0,1,
direct_loans,2008-2009,excluded_annual_identity_unresolved,opeid_master,resolved_administrative_directory_identity_ineligible,loan_direct__subsidized_graduate_disbursements,nominal_usd,1,0,1,
direct_loans,2008-2009,excluded_annual_identity_unresolved,opeid_master,resolved_administrative_directory_identity_ineligible,loan_direct__unsubsidized_undergraduate_loans_originated_amt,nominal_usd,1,0,1,
direct_loans,2008-2009,excluded_annual_identity_unresolved,opeid_master,resolved_administrative_directory_identity_ineligible,loan_direct__unsubsidized_undergraduate_disbursements,nominal_usd,1,0,1,
direct_loans,2008-2009,excluded_annual_identity_unresolved,opeid_master,resolved_administrative_directory_identity_ineligible,loan_direct__unsubsidized_graduate_loans_originated_amt,nominal_usd,1,0,1,
direct_loans,2008-2009,excluded_annual_identity_unresolved,opeid_master,resolved_administrative_directory_identity_ineligible,loan_direct__unsubsidized_graduate_disbursements,nominal_usd,1,0,1,
direct_loans,2008-2009,included_unique_family_record,opeid_master,official_site_and_directory_agree,loan_direct__subsidized_loans_originated_amt,nominal_usd,2172,2172,0,8576597522.0
direct_loans,2008-2009,included_unique_family_record,opeid_master,official_site_and_directory_agree,loan_direct__subsidized_disbursements,nominal_usd,2172,2172,0,8098793955.0
direct_loans,2008-2009,included_unique_family_record,opeid_master,official_site_and_directory_agree,loan_direct__unsubsidized_loans_originated_amt,nominal_usd,2172,2172,0,9769533196.0
direct_loans,2008-2009,included_unique_family_record,opeid_master,official_site_and_directory_agree,loan_direct__unsubsidized_disbursements,nominal_usd,2172,2172,0,9153312889.0
direct_loans,2008-2009,included_unique_family_record,opeid_master,official_site_and_directory_agree,loan_direct__plus_loans_originated_amt,nominal_usd,2172,0,2172,
direct_loans,2008-2009,included_unique_family_record,opeid_master,official_site_and_directory_agree,loan_direct__plus_disbursements,nominal_usd,2172,0,2172,
direct_loans,2008-2009,included_unique_family_record,opeid_master,official_site_and_directory_agree,loan_direct__grad_plus_loans_originated_amt,nominal_usd,2172,2172,0,813886901.0
direct_loans,2008-2009,included_unique_family_record,opeid_master,official_site_and_directory_agree,loan_direct__grad_plus_disbursements,nominal_usd,2172,2172,0,787668465.0
direct_loans,2008-2009,included_unique_family_record,opeid_master,official_site_and_directory_agree,loan_direct__parent_plus_loans_originated_amt,nominal_usd,2172,2172,0,2673201517.0
direct_loans,2008-2009,included_unique_family_record,opeid_master,official_site_and_directory_agree,loan_direct__parent_plus_disbursements,nominal_usd,2172,2172,0,2560675745.0
direct_loans,2008-2009,included_unique_family_record,opeid_master,official_site_and_directory_agree,loan_direct__subsidized_undergraduate_loans_originated_amt,nominal_usd,2172,0,2172,
direct_loans,2008-2009,included_unique_family_record,opeid_master,official_site_and_directory_agree,loan_direct__subsidized_undergraduate_disbursements,nominal_usd,2172,0,2172,
direct_loans,2008-2009,included_unique_family_record,opeid_master,official_site_and_directory_agree,loan_direct__subsidized_graduate_loans_originated_amt,nominal_usd,2172,0,2172,
direct_loans,2008-2009,included_unique_family_record,opeid_master,official_site_and_directory_agree,loan_direct__subsidized_graduate_disbursements,nominal_usd,2172,0,2172,
direct_loans,2008-2009,included_unique_family_record,opeid_master,official_site_and_directory_agree,loan_direct__unsubsidized_undergraduate_loans_originated_amt,nominal_usd,2172,0,2172,
direct_loans,2008-2009,included_unique_family_record,opeid_master,official_site_and_directory_agree,loan_direct__unsubsidized_undergraduate_disbursements,nominal_usd,2172,0,2172,
direct_loans,2008-2009,included_unique_family_record,opeid_master,official_site_and_directory_agree,loan_direct__unsubsidized_graduate_loans_originated_amt,nominal_usd,2172,0,2172,
direct_loans,2008-2009,included_unique_family_record,opeid_master,official_site_and_directory_agree,loan_direct__unsubsidized_graduate_disbursements,nominal_usd,2172,0,2172,
direct_loans,2009-2010,excluded_annual_identity_unresolved,opeid_master,multiple_nonadministrative_directory_unitids,loan_direct__subsidized_loans_originated_amt,nominal_usd,1,1,0,879871.0
direct_loans,2009-2010,excluded_annual_identity_unresolved,opeid_master,multiple_nonadministrative_directory_unitids,loan_direct__subsidized_disbursements,nominal_usd,1,1,0,765387.0
direct_loans,2009-2010,excluded_annual_identity_unresolved,opeid_master,multiple_nonadministrative_directory_unitids,loan_direct__unsubsidized_loans_originated_amt,nominal_usd,1,1,0,1135839.0
direct_loans,2009-2010,excluded_annual_identity_unresolved,opeid_master,multiple_nonadministrative_directory_unitids,loan_direct__unsubsidized_disbursements,nominal_usd,1,1,0,989649.0
direct_loans,2009-2010,excluded_annual_identity_unresolved,opeid_master,multiple_nonadministrative_directory_unitids,loan_direct__plus_loans_originated_amt,nominal_usd,1,0,1,
direct_loans,2009-2010,excluded_annual_identity_unresolved,opeid_master,multiple_nonadministrative_directory_unitids,loan_direct__plus_disbursements,nominal_usd,1,0,1,
direct_loans,2009-2010,excluded_annual_identity_unresolved,opeid_master,multiple_nonadministrative_directory_unitids,loan_direct__grad_plus_loans_originated_amt,nominal_usd,1,1,0,0.0
direct_loans,2009-2010,excluded_annual_identity_unresolved,opeid_master,multiple_nonadministrative_directory_unitids,loan_direct__grad_plus_disbursements,nominal_usd,1,1,0,0.0
direct_loans,2009-2010,excluded_annual_identity_unresolved,opeid_master,multiple_nonadministrative_directory_unitids,loan_direct__parent_plus_loans_originated_amt,nominal_usd,1,1,0,113337.0
direct_loans,2009-2010,excluded_annual_identity_unresolved,opeid_master,multiple_nonadministrative_directory_unitids,loan_direct__parent_plus_disbursements,nominal_usd,1,1,0,95502.0
direct_loans,2009-2010,excluded_annual_identity_unresolved,opeid_master,multiple_nonadministrative_directory_unitids,loan_direct__subsidized_undergraduate_loans_originated_amt,nominal_usd,1,0,1,
direct_loans,2009-2010,excluded_annual_identity_unresolved,opeid_master,multiple_nonadministrative_directory_unitids,loan_direct__subsidized_undergraduate_disbursements,nominal_usd,1,0,1,
direct_loans,2009-2010,excluded_annual_identity_unresolved,opeid_master,multiple_nonadministrative_directory_unitids,loan_direct__subsidized_graduate_loans_originated_amt,nominal_usd,1,0,1,
direct_loans,2009-2010,excluded_annual_identity_unresolved,opeid_master,multiple_nonadministrative_directory_unitids,loan_direct__subsidized_graduate_disbursements,nominal_usd,1,0,1,
direct_loans,2009-2010,excluded_annual_identity_unresolved,opeid_master,multiple_nonadministrative_directory_unitids,loan_direct__unsubsidized_undergraduate_loans_originated_amt,nominal_usd,1,0,1,
direct_loans,2009-2010,excluded_annual_identity_unresolved,opeid_master,multiple_nonadministrative_directory_unitids,loan_direct__unsubsidized_undergraduate_disbursements,nominal_usd,1,0,1,
direct_loans,2009-2010,excluded_annual_identity_unresolved,opeid_master,multiple_nonadministrative_directory_unitids,loan_direct__unsubsidized_graduate_loans_originated_amt,nominal_usd,1,0,1,
direct_loans,2009-2010,excluded_annual_identity_unresolved,opeid_master,multiple_nonadministrative_directory_unitids,loan_direct__unsubsidized_graduate_disbursements,nominal_usd,1,0,1,
direct_loans,2009-2010,excluded_annual_identity_unresolved,opeid_master,multiple_official_site_unitids,loan_direct__subsidized_loans_originated_amt,nominal_usd,98,98,0,1592988274.0
direct_loans,2009-2010,excluded_annual_identity_unresolved,opeid_master,multiple_official_site_unitids,loan_direct__subsidized_disbursements,nominal_usd,98,98,0,1552125167.0
direct_loans,2009-2010,excluded_annual_identity_unresolved,opeid_master,multiple_official_site_unitids,loan_direct__unsubsidized_loans_originated_amt,nominal_usd,98,98,0,2077884154.0
direct_loans,2009-2010,excluded_annual_identity_unresolved,opeid_master,multiple_official_site_unitids,loan_direct__unsubsidized_disbursements,nominal_usd,98,98,0,2009993303.0
direct_loans,2009-2010,excluded_annual_identity_unresolved,opeid_master,multiple_official_site_unitids,loan_direct__plus_loans_originated_amt,nominal_usd,98,0,98,
direct_loans,2009-2010,excluded_annual_identity_unresolved,opeid_master,multiple_official_site_unitids,loan_direct__plus_disbursements,nominal_usd,98,0,98,
direct_loans,2009-2010,excluded_annual_identity_unresolved,opeid_master,multiple_official_site_unitids,loan_direct__grad_plus_loans_originated_amt,nominal_usd,98,98,0,121652966.0
direct_loans,2009-2010,excluded_annual_identity_unresolved,opeid_master,multiple_official_site_unitids,loan_direct__grad_plus_disbursements,nominal_usd,98,98,0,120833911.0
direct_loans,2009-2010,excluded_annual_identity_unresolved,opeid_master,multiple_official_site_unitids,loan_direct__parent_plus_loans_originated_amt,nominal_usd,98,98,0,339769960.0
direct_loans,2009-2010,excluded_annual_identity_unresolved,opeid_master,multiple_official_site_unitids,loan_direct__parent_plus_disbursements,nominal_usd,98,98,0,331983391.0
direct_loans,2009-2010,excluded_annual_identity_unresolved,opeid_master,multiple_official_site_unitids,loan_direct__subsidized_undergraduate_loans_originated_amt,nominal_usd,98,0,98,
direct_loans,2009-2010,excluded_annual_identity_unresolved,opeid_master,multiple_official_site_unitids,loan_direct__subsidized_undergraduate_disbursements,nominal_usd,98,0,98,
direct_loans,2009-2010,excluded_annual_identity_unresolved,opeid_master,multiple_official_site_unitids,loan_direct__subsidized_graduate_loans_originated_amt,nominal_usd,98,0,98,
direct_loans,2009-2010,excluded_annual_identity_unresolved,opeid_master,multiple_official_site_unitids,loan_direct__subsidized_graduate_disbursements,nominal_usd,98,0,98,
direct_loans,2009-2010,excluded_annual_identity_unresolved,opeid_master,multiple_official_site_unitids,loan_direct__unsubsidized_undergraduate_loans_originated_amt,nominal_usd,98,0,98,
direct_loans,2009-2010,excluded_annual_identity_unresolved,opeid_master,multiple_official_site_unitids,loan_direct__unsubsidized_undergraduate_disbursements,nominal_usd,98,0,98,
direct_loans,2009-2010,excluded_annual_identity_unresolved,opeid_master,multiple_official_site_unitids,loan_direct__unsubsidized_graduate_loans_originated_amt,nominal_usd,98,0,98,
direct_loans,2009-2010,excluded_annual_identity_unresolved,opeid_master,multiple_official_site_unitids,loan_direct__unsubsidized_graduate_disbursements,nominal_usd,98,0,98,
direct_loans,2009-2010,excluded_annual_identity_unresolved,opeid_master,no_annual_site_match,loan_direct__subsidized_loans_originated_amt,nominal_usd,196,196,0,21241233.0
direct_loans,2009-2010,excluded_annual_identity_unresolved,opeid_master,no_annual_site_match,loan_direct__subsidized_disbursements,nominal_usd,196,196,0,20601253.0
direct_loans,2009-2010,excluded_annual_identity_unresolved,opeid_master,no_annual_site_match,loan_direct__unsubsidized_loans_originated_amt,nominal_usd,196,196,0,35006396.0
direct_loans,2009-2010,excluded_annual_identity_unresolved,opeid_master,no_annual_site_match,loan_direct__unsubsidized_disbursements,nominal_usd,196,196,0,33936268.0
direct_loans,2009-2010,excluded_annual_identity_unresolved,opeid_master,no_annual_site_match,loan_direct__plus_loans_originated_amt,nominal_usd,196,0,196,
direct_loans,2009-2010,excluded_annual_identity_unresolved,opeid_master,no_annual_site_match,loan_direct__plus_disbursements,nominal_usd,196,0,196,
direct_loans,2009-2010,excluded_annual_identity_unresolved,opeid_master,no_annual_site_match,loan_direct__grad_plus_loans_originated_amt,nominal_usd,196,196,0,16698317.0
direct_loans,2009-2010,excluded_annual_identity_unresolved,opeid_master,no_annual_site_match,loan_direct__grad_plus_disbursements,nominal_usd,196,196,0,16150893.0
direct_loans,2009-2010,excluded_annual_identity_unresolved,opeid_master,no_annual_site_match,loan_direct__parent_plus_loans_originated_amt,nominal_usd,196,196,0,3049063.0
direct_loans,2009-2010,excluded_annual_identity_unresolved,opeid_master,no_annual_site_match,loan_direct__parent_plus_disbursements,nominal_usd,196,196,0,2971462.0
direct_loans,2009-2010,excluded_annual_identity_unresolved,opeid_master,no_annual_site_match,loan_direct__subsidized_undergraduate_loans_originated_amt,nominal_usd,196,0,196,
direct_loans,2009-2010,excluded_annual_identity_unresolved,opeid_master,no_annual_site_match,loan_direct__subsidized_undergraduate_disbursements,nominal_usd,196,0,196,
direct_loans,2009-2010,excluded_annual_identity_unresolved,opeid_master,no_annual_site_match,loan_direct__subsidized_graduate_loans_originated_amt,nominal_usd,196,0,196,
direct_loans,2009-2010,excluded_annual_identity_unresolved,opeid_master,no_annual_site_match,loan_direct__subsidized_graduate_disbursements,nominal_usd,196,0,196,
direct_loans,2009-2010,excluded_annual_identity_unresolved,opeid_master,no_annual_site_match,loan_direct__unsubsidized_undergraduate_loans_originated_amt,nominal_usd,196,0,196,
direct_loans,2009-2010,excluded_annual_identity_unresolved,opeid_master,no_annual_site_match,loan_direct__unsubsidized_undergraduate_disbursements,nominal_usd,196,0,196,
direct_loans,2009-2010,excluded_annual_identity_unresolved,opeid_master,no_annual_site_match,loan_direct__unsubsidized_graduate_loans_originated_amt,nominal_usd,196,0,196,
direct_loans,2009-2010,excluded_annual_identity_unresolved,opeid_master,no_annual_site_match,loan_direct__unsubsidized_graduate_disbursements,nominal_usd,196,0,196,
direct_loans,2009-2010,excluded_annual_identity_unresolved,opeid_master,resolved_administrative_directory_identity_ineligible,loan_direct__subsidized_loans_originated_amt,nominal_usd,1,1,0,19121388.0
direct_loans,2009-2010,excluded_annual_identity_unresolved,opeid_master,resolved_administrative_directory_identity_ineligible,loan_direct__subsidized_disbursements,nominal_usd,1,1,0,17691242.0
direct_loans,2009-2010,excluded_annual_identity_unresolved,opeid_master,resolved_administrative_directory_identity_ineligible,loan_direct__unsubsidized_loans_originated_amt,nominal_usd,1,1,0,19912637.0
direct_loans,2009-2010,excluded_annual_identity_unresolved,opeid_master,resolved_administrative_directory_identity_ineligible,loan_direct__unsubsidized_disbursements,nominal_usd,1,1,0,18238777.0
direct_loans,2009-2010,excluded_annual_identity_unresolved,opeid_master,resolved_administrative_directory_identity_ineligible,loan_direct__plus_loans_originated_amt,nominal_usd,1,0,1,
direct_loans,2009-2010,excluded_annual_identity_unresolved,opeid_master,resolved_administrative_directory_identity_ineligible,loan_direct__plus_disbursements,nominal_usd,1,0,1,
direct_loans,2009-2010,excluded_annual_identity_unresolved,opeid_master,resolved_administrative_directory_identity_ineligible,loan_direct__grad_plus_loans_originated_amt,nominal_usd,1,1,0,266279.0
direct_loans,2009-2010,excluded_annual_identity_unresolved,opeid_master,resolved_administrative_directory_identity_ineligible,loan_direct__grad_plus_disbursements,nominal_usd,1,1,0,248600.0
direct_loans,2009-2010,excluded_annual_identity_unresolved,opeid_master,resolved_administrative_directory_identity_ineligible,loan_direct__parent_plus_loans_originated_amt,nominal_usd,1,1,0,0.0
direct_loans,2009-2010,excluded_annual_identity_unresolved,opeid_master,resolved_administrative_directory_identity_ineligible,loan_direct__parent_plus_disbursements,nominal_usd,1,1,0,0.0
direct_loans,2009-2010,excluded_annual_identity_unresolved,opeid_master,resolved_administrative_directory_identity_ineligible,loan_direct__subsidized_undergraduate_loans_originated_amt,nominal_usd,1,0,1,
direct_loans,2009-2010,excluded_annual_identity_unresolved,opeid_master,resolved_administrative_directory_identity_ineligible,loan_direct__subsidized_undergraduate_disbursements,nominal_usd,1,0,1,
direct_loans,2009-2010,excluded_annual_identity_unresolved,opeid_master,resolved_administrative_directory_identity_ineligible,loan_direct__subsidized_graduate_loans_originated_amt,nominal_usd,1,0,1,
direct_loans,2009-2010,excluded_annual_identity_unresolved,opeid_master,resolved_administrative_directory_identity_ineligible,loan_direct__subsidized_graduate_disbursements,nominal_usd,1,0,1,
direct_loans,2009-2010,excluded_annual_identity_unresolved,opeid_master,resolved_administrative_directory_identity_ineligible,loan_direct__unsubsidized_undergraduate_loans_originated_amt,nominal_usd,1,0,1,
direct_loans,2009-2010,excluded_annual_identity_unresolved,opeid_master,resolved_administrative_directory_identity_ineligible,loan_direct__unsubsidized_undergraduate_disbursements,nominal_usd,1,0,1,
direct_loans,2009-2010,excluded_annual_identity_unresolved,opeid_master,resolved_administrative_directory_identity_ineligible,loan_direct__unsubsidized_graduate_loans_originated_amt,nominal_usd,1,0,1,
direct_loans,2009-2010,excluded_annual_identity_unresolved,opeid_master,resolved_administrative_directory_identity_ineligible,loan_direct__unsubsidized_graduate_disbursements,nominal_usd,1,0,1,
direct_loans,2009-2010,included_unique_family_record,opeid_master,official_site_alias_annual_unitid_verified,loan_direct__subsidized_loans_originated_amt,nominal_usd,5,5,0,1011983.0
direct_loans,2009-2010,included_unique_family_record,opeid_master,official_site_alias_annual_unitid_verified,loan_direct__subsidized_disbursements,nominal_usd,5,5,0,916815.0
direct_loans,2009-2010,included_unique_family_record,opeid_master,official_site_alias_annual_unitid_verified,loan_direct__unsubsidized_loans_originated_amt,nominal_usd,5,5,0,1489766.0
direct_loans,2009-2010,included_unique_family_record,opeid_master,official_site_alias_annual_unitid_verified,loan_direct__unsubsidized_disbursements,nominal_usd,5,5,0,1264905.0
direct_loans,2009-2010,included_unique_family_record,opeid_master,official_site_alias_annual_unitid_verified,loan_direct__plus_loans_originated_amt,nominal_usd,5,0,5,
direct_loans,2009-2010,included_unique_family_record,opeid_master,official_site_alias_annual_unitid_verified,loan_direct__plus_disbursements,nominal_usd,5,0,5,
direct_loans,2009-2010,included_unique_family_record,opeid_master,official_site_alias_annual_unitid_verified,loan_direct__grad_plus_loans_originated_amt,nominal_usd,5,5,0,0.0
direct_loans,2009-2010,included_unique_family_record,opeid_master,official_site_alias_annual_unitid_verified,loan_direct__grad_plus_disbursements,nominal_usd,5,5,0,0.0
direct_loans,2009-2010,included_unique_family_record,opeid_master,official_site_alias_annual_unitid_verified,loan_direct__parent_plus_loans_originated_amt,nominal_usd,5,5,0,111787.0
direct_loans,2009-2010,included_unique_family_record,opeid_master,official_site_alias_annual_unitid_verified,loan_direct__parent_plus_disbursements,nominal_usd,5,5,0,100667.0
direct_loans,2009-2010,included_unique_family_record,opeid_master,official_site_alias_annual_unitid_verified,loan_direct__subsidized_undergraduate_loans_originated_amt,nominal_usd,5,0,5,
direct_loans,2009-2010,included_unique_family_record,opeid_master,official_site_alias_annual_unitid_verified,loan_direct__subsidized_undergraduate_disbursements,nominal_usd,5,0,5,
direct_loans,2009-2010,included_unique_family_record,opeid_master,official_site_alias_annual_unitid_verified,loan_direct__subsidized_graduate_loans_originated_amt,nominal_usd,5,0,5,
direct_loans,2009-2010,included_unique_family_record,opeid_master,official_site_alias_annual_unitid_verified,loan_direct__subsidized_graduate_disbursements,nominal_usd,5,0,5,
direct_loans,2009-2010,included_unique_family_record,opeid_master,official_site_alias_annual_unitid_verified,loan_direct__unsubsidized_undergraduate_loans_originated_amt,nominal_usd,5,0,5,
direct_loans,2009-2010,included_unique_family_record,opeid_master,official_site_alias_annual_unitid_verified,loan_direct__unsubsidized_undergraduate_disbursements,nominal_usd,5,0,5,
direct_loans,2009-2010,included_unique_family_record,opeid_master,official_site_alias_annual_unitid_verified,loan_direct__unsubsidized_graduate_loans_originated_amt,nominal_usd,5,0,5,
direct_loans,2009-2010,included_unique_family_record,opeid_master,official_site_alias_annual_unitid_verified,loan_direct__unsubsidized_graduate_disbursements,nominal_usd,5,0,5,
direct_loans,2009-2010,included_unique_family_record,opeid_master,official_site_and_directory_agree,loan_direct__subsidized_loans_originated_amt,nominal_usd,3959,3959,0,15119596371.0
direct_loans,2009-2010,included_unique_family_record,opeid_master,official_site_and_directory_agree,loan_direct__subsidized_disbursements,nominal_usd,3959,3959,0,14746170390.0
direct_loans,2009-2010,included_unique_family_record,opeid_master,official_site_and_directory_agree,loan_direct__unsubsidized_loans_originated_amt,nominal_usd,3959,3959,0,18113972775.0
direct_loans,2009-2010,included_unique_family_record,opeid_master,official_site_and_directory_agree,loan_direct__unsubsidized_disbursements,nominal_usd,3959,3959,0,17552978609.0
direct_loans,2009-2010,included_unique_family_record,opeid_master,official_site_and_directory_agree,loan_direct__plus_loans_originated_amt,nominal_usd,3959,0,3959,
direct_loans,2009-2010,included_unique_family_record,opeid_master,official_site_and_directory_agree,loan_direct__plus_disbursements,nominal_usd,3959,0,3959,
direct_loans,2009-2010,included_unique_family_record,opeid_master,official_site_and_directory_agree,loan_direct__grad_plus_loans_originated_amt,nominal_usd,3959,3959,0,1993798569.0
direct_loans,2009-2010,included_unique_family_record,opeid_master,official_site_and_directory_agree,loan_direct__grad_plus_disbursements,nominal_usd,3959,3959,0,1974484791.0
direct_loans,2009-2010,included_unique_family_record,opeid_master,official_site_and_directory_agree,loan_direct__parent_plus_loans_originated_amt,nominal_usd,3959,3959,0,4244296540.0
direct_loans,2009-2010,included_unique_family_record,opeid_master,official_site_and_directory_agree,loan_direct__parent_plus_disbursements,nominal_usd,3959,3959,0,4179396865.0
direct_loans,2009-2010,included_unique_family_record,opeid_master,official_site_and_directory_agree,loan_direct__subsidized_undergraduate_loans_originated_amt,nominal_usd,3959,0,3959,
direct_loans,2009-2010,included_unique_family_record,opeid_master,official_site_and_directory_agree,loan_direct__subsidized_undergraduate_disbursements,nominal_usd,3959,0,3959,
direct_loans,2009-2010,included_unique_family_record,opeid_master,official_site_and_directory_agree,loan_direct__subsidized_graduate_loans_originated_amt,nominal_usd,3959,0,3959,
direct_loans,2009-2010,included_unique_family_record,opeid_master,official_site_and_directory_agree,loan_direct__subsidized_graduate_disbursements,nominal_usd,3959,0,3959,
direct_loans,2009-2010,included_unique_family_record,opeid_master,official_site_and_directory_agree,loan_direct__unsubsidized_undergraduate_loans_originated_amt,nominal_usd,3959,0,3959,
direct_loans,2009-2010,included_unique_family_record,opeid_master,official_site_and_directory_agree,loan_direct__unsubsidized_undergraduate_disbursements,nominal_usd,3959,0,3959,
direct_loans,2009-2010,included_unique_family_record,opeid_master,official_site_and_directory_agree,loan_direct__unsubsidized_graduate_loans_originated_amt,nominal_usd,3959,0,3959,
direct_loans,2009-2010,included_unique_family_record,opeid_master,official_site_and_directory_agree,loan_direct__unsubsidized_graduate_disbursements,nominal_usd,3959,0,3959,
direct_loans,2010-2011,excluded_annual_identity_unresolved,opeid_master,directory_crosswalk_identity_conflict,loan_direct__subsidized_loans_originated_amt,nominal_usd,2,0,2,
direct_loans,2010-2011,excluded_annual_identity_unresolved,opeid_master,directory_crosswalk_identity_conflict,loan_direct__subsidized_disbursements,nominal_usd,2,0,2,
direct_loans,2010-2011,excluded_annual_identity_unresolved,opeid_master,directory_crosswalk_identity_conflict,loan_direct__unsubsidized_loans_originated_amt,nominal_usd,2,0,2,
direct_loans,2010-2011,excluded_annual_identity_unresolved,opeid_master,directory_crosswalk_identity_conflict,loan_direct__unsubsidized_disbursements,nominal_usd,2,0,2,
direct_loans,2010-2011,excluded_annual_identity_unresolved,opeid_master,directory_crosswalk_identity_conflict,loan_direct__plus_loans_originated_amt,nominal_usd,2,0,2,
direct_loans,2010-2011,excluded_annual_identity_unresolved,opeid_master,directory_crosswalk_identity_conflict,loan_direct__plus_disbursements,nominal_usd,2,0,2,
direct_loans,2010-2011,excluded_annual_identity_unresolved,opeid_master,directory_crosswalk_identity_conflict,loan_direct__grad_plus_loans_originated_amt,nominal_usd,2,2,0,0.0
direct_loans,2010-2011,excluded_annual_identity_unresolved,opeid_master,directory_crosswalk_identity_conflict,loan_direct__grad_plus_disbursements,nominal_usd,2,2,0,0.0
direct_loans,2010-2011,excluded_annual_identity_unresolved,opeid_master,directory_crosswalk_identity_conflict,loan_direct__parent_plus_loans_originated_amt,nominal_usd,2,2,0,709113.0
direct_loans,2010-2011,excluded_annual_identity_unresolved,opeid_master,directory_crosswalk_identity_conflict,loan_direct__parent_plus_disbursements,nominal_usd,2,2,0,678311.0
direct_loans,2010-2011,excluded_annual_identity_unresolved,opeid_master,directory_crosswalk_identity_conflict,loan_direct__subsidized_undergraduate_loans_originated_amt,nominal_usd,2,2,0,8500009.0
direct_loans,2010-2011,excluded_annual_identity_unresolved,opeid_master,directory_crosswalk_identity_conflict,loan_direct__subsidized_undergraduate_disbursements,nominal_usd,2,2,0,7847184.0
direct_loans,2010-2011,excluded_annual_identity_unresolved,opeid_master,directory_crosswalk_identity_conflict,loan_direct__subsidized_graduate_loans_originated_amt,nominal_usd,2,2,0,4764.0
direct_loans,2010-2011,excluded_annual_identity_unresolved,opeid_master,directory_crosswalk_identity_conflict,loan_direct__subsidized_graduate_disbursements,nominal_usd,2,2,0,4667.0
direct_loans,2010-2011,excluded_annual_identity_unresolved,opeid_master,directory_crosswalk_identity_conflict,loan_direct__unsubsidized_undergraduate_loans_originated_amt,nominal_usd,2,2,0,10667659.0
direct_loans,2010-2011,excluded_annual_identity_unresolved,opeid_master,directory_crosswalk_identity_conflict,loan_direct__unsubsidized_undergraduate_disbursements,nominal_usd,2,2,0,9765248.0
direct_loans,2010-2011,excluded_annual_identity_unresolved,opeid_master,directory_crosswalk_identity_conflict,loan_direct__unsubsidized_graduate_loans_originated_amt,nominal_usd,2,2,0,8255.0
direct_loans,2010-2011,excluded_annual_identity_unresolved,opeid_master,directory_crosswalk_identity_conflict,loan_direct__unsubsidized_graduate_disbursements,nominal_usd,2,2,0,8000.0
direct_loans,2010-2011,excluded_annual_identity_unresolved,opeid_master,multiple_nonadministrative_directory_unitids,loan_direct__subsidized_loans_originated_amt,nominal_usd,2,0,2,
direct_loans,2010-2011,excluded_annual_identity_unresolved,opeid_master,multiple_nonadministrative_directory_unitids,loan_direct__subsidized_disbursements,nominal_usd,2,0,2,
direct_loans,2010-2011,excluded_annual_identity_unresolved,opeid_master,multiple_nonadministrative_directory_unitids,loan_direct__unsubsidized_loans_originated_amt,nominal_usd,2,0,2,
direct_loans,2010-2011,excluded_annual_identity_unresolved,opeid_master,multiple_nonadministrative_directory_unitids,loan_direct__unsubsidized_disbursements,nominal_usd,2,0,2,
direct_loans,2010-2011,excluded_annual_identity_unresolved,opeid_master,multiple_nonadministrative_directory_unitids,loan_direct__plus_loans_originated_amt,nominal_usd,2,0,2,
direct_loans,2010-2011,excluded_annual_identity_unresolved,opeid_master,multiple_nonadministrative_directory_unitids,loan_direct__plus_disbursements,nominal_usd,2,0,2,
direct_loans,2010-2011,excluded_annual_identity_unresolved,opeid_master,multiple_nonadministrative_directory_unitids,loan_direct__grad_plus_loans_originated_amt,nominal_usd,2,2,0,0.0
direct_loans,2010-2011,excluded_annual_identity_unresolved,opeid_master,multiple_nonadministrative_directory_unitids,loan_direct__grad_plus_disbursements,nominal_usd,2,2,0,0.0
direct_loans,2010-2011,excluded_annual_identity_unresolved,opeid_master,multiple_nonadministrative_directory_unitids,loan_direct__parent_plus_loans_originated_amt,nominal_usd,2,2,0,116808.0
direct_loans,2010-2011,excluded_annual_identity_unresolved,opeid_master,multiple_nonadministrative_directory_unitids,loan_direct__parent_plus_disbursements,nominal_usd,2,2,0,116799.0
direct_loans,2010-2011,excluded_annual_identity_unresolved,opeid_master,multiple_nonadministrative_directory_unitids,loan_direct__subsidized_undergraduate_loans_originated_amt,nominal_usd,2,2,0,33624873.0
direct_loans,2010-2011,excluded_annual_identity_unresolved,opeid_master,multiple_nonadministrative_directory_unitids,loan_direct__subsidized_undergraduate_disbursements,nominal_usd,2,2,0,33367361.0
direct_loans,2010-2011,excluded_annual_identity_unresolved,opeid_master,multiple_nonadministrative_directory_unitids,loan_direct__subsidized_graduate_loans_originated_amt,nominal_usd,2,2,0,2620899.0
direct_loans,2010-2011,excluded_annual_identity_unresolved,opeid_master,multiple_nonadministrative_directory_unitids,loan_direct__subsidized_graduate_disbursements,nominal_usd,2,2,0,2620199.0
direct_loans,2010-2011,excluded_annual_identity_unresolved,opeid_master,multiple_nonadministrative_directory_unitids,loan_direct__unsubsidized_undergraduate_loans_originated_amt,nominal_usd,2,2,0,21001804.0
direct_loans,2010-2011,excluded_annual_identity_unresolved,opeid_master,multiple_nonadministrative_directory_unitids,loan_direct__unsubsidized_undergraduate_disbursements,nominal_usd,2,2,0,20801855.0
direct_loans,2010-2011,excluded_annual_identity_unresolved,opeid_master,multiple_nonadministrative_directory_unitids,loan_direct__unsubsidized_graduate_loans_originated_amt,nominal_usd,2,2,0,2047144.0
direct_loans,2010-2011,excluded_annual_identity_unresolved,opeid_master,multiple_nonadministrative_directory_unitids,loan_direct__unsubsidized_graduate_disbursements,nominal_usd,2,2,0,2043015.0
direct_loans,2010-2011,excluded_annual_identity_unresolved,opeid_master,multiple_official_site_unitids,loan_direct__subsidized_loans_originated_amt,nominal_usd,127,0,127,
direct_loans,2010-2011,excluded_annual_identity_unresolved,opeid_master,multiple_official_site_unitids,loan_direct__subsidized_disbursements,nominal_usd,127,0,127,
direct_loans,2010-2011,excluded_annual_identity_unresolved,opeid_master,multiple_official_site_unitids,loan_direct__unsubsidized_loans_originated_amt,nominal_usd,127,0,127,
direct_loans,2010-2011,excluded_annual_identity_unresolved,opeid_master,multiple_official_site_unitids,loan_direct__unsubsidized_disbursements,nominal_usd,127,0,127,
direct_loans,2010-2011,excluded_annual_identity_unresolved,opeid_master,multiple_official_site_unitids,loan_direct__plus_loans_originated_amt,nominal_usd,127,0,127,
direct_loans,2010-2011,excluded_annual_identity_unresolved,opeid_master,multiple_official_site_unitids,loan_direct__plus_disbursements,nominal_usd,127,0,127,
direct_loans,2010-2011,excluded_annual_identity_unresolved,opeid_master,multiple_official_site_unitids,loan_direct__grad_plus_loans_originated_amt,nominal_usd,127,127,0,302243249.0
direct_loans,2010-2011,excluded_annual_identity_unresolved,opeid_master,multiple_official_site_unitids,loan_direct__grad_plus_disbursements,nominal_usd,127,127,0,299890414.0
direct_loans,2010-2011,excluded_annual_identity_unresolved,opeid_master,multiple_official_site_unitids,loan_direct__parent_plus_loans_originated_amt,nominal_usd,127,127,0,948001868.0
direct_loans,2010-2011,excluded_annual_identity_unresolved,opeid_master,multiple_official_site_unitids,loan_direct__parent_plus_disbursements,nominal_usd,127,127,0,934588447.0
direct_loans,2010-2011,excluded_annual_identity_unresolved,opeid_master,multiple_official_site_unitids,loan_direct__subsidized_undergraduate_loans_originated_amt,nominal_usd,127,127,0,3666962416.0
direct_loans,2010-2011,excluded_annual_identity_unresolved,opeid_master,multiple_official_site_unitids,loan_direct__subsidized_undergraduate_disbursements,nominal_usd,127,127,0,3588885113.0
direct_loans,2010-2011,excluded_annual_identity_unresolved,opeid_master,multiple_official_site_unitids,loan_direct__subsidized_graduate_loans_originated_amt,nominal_usd,127,127,0,1287608222.0
direct_loans,2010-2011,excluded_annual_identity_unresolved,opeid_master,multiple_official_site_unitids,loan_direct__subsidized_graduate_disbursements,nominal_usd,127,127,0,1274763431.0
direct_loans,2010-2011,excluded_annual_identity_unresolved,opeid_master,multiple_official_site_unitids,loan_direct__unsubsidized_undergraduate_loans_originated_amt,nominal_usd,127,127,0,4416456316.0
direct_loans,2010-2011,excluded_annual_identity_unresolved,opeid_master,multiple_official_site_unitids,loan_direct__unsubsidized_undergraduate_disbursements,nominal_usd,127,127,0,4298283620.0
direct_loans,2010-2011,excluded_annual_identity_unresolved,opeid_master,multiple_official_site_unitids,loan_direct__unsubsidized_graduate_loans_originated_amt,nominal_usd,127,127,0,1714164366.0
direct_loans,2010-2011,excluded_annual_identity_unresolved,opeid_master,multiple_official_site_unitids,loan_direct__unsubsidized_graduate_disbursements,nominal_usd,127,127,0,1688906222.0
direct_loans,2010-2011,excluded_annual_identity_unresolved,opeid_master,no_annual_site_match,loan_direct__subsidized_loans_originated_amt,nominal_usd,563,0,563,
direct_loans,2010-2011,excluded_annual_identity_unresolved,opeid_master,no_annual_site_match,loan_direct__subsidized_disbursements,nominal_usd,563,0,563,
direct_loans,2010-2011,excluded_annual_identity_unresolved,opeid_master,no_annual_site_match,loan_direct__unsubsidized_loans_originated_amt,nominal_usd,563,0,563,
direct_loans,2010-2011,excluded_annual_identity_unresolved,opeid_master,no_annual_site_match,loan_direct__unsubsidized_disbursements,nominal_usd,563,0,563,
direct_loans,2010-2011,excluded_annual_identity_unresolved,opeid_master,no_annual_site_match,loan_direct__plus_loans_originated_amt,nominal_usd,563,0,563,
direct_loans,2010-2011,excluded_annual_identity_unresolved,opeid_master,no_annual_site_match,loan_direct__plus_disbursements,nominal_usd,563,0,563,
direct_loans,2010-2011,excluded_annual_identity_unresolved,opeid_master,no_annual_site_match,loan_direct__grad_plus_loans_originated_amt,nominal_usd,563,563,0,493213124.0
direct_loans,2010-2011,excluded_annual_identity_unresolved,opeid_master,no_annual_site_match,loan_direct__grad_plus_disbursements,nominal_usd,563,563,0,489369077.0
direct_loans,2010-2011,excluded_annual_identity_unresolved,opeid_master,no_annual_site_match,loan_direct__parent_plus_loans_originated_amt,nominal_usd,563,563,0,46110925.0
direct_loans,2010-2011,excluded_annual_identity_unresolved,opeid_master,no_annual_site_match,loan_direct__parent_plus_disbursements,nominal_usd,563,563,0,45258821.0
direct_loans,2010-2011,excluded_annual_identity_unresolved,opeid_master,no_annual_site_match,loan_direct__subsidized_undergraduate_loans_originated_amt,nominal_usd,563,563,0,123677090.0
direct_loans,2010-2011,excluded_annual_identity_unresolved,opeid_master,no_annual_site_match,loan_direct__subsidized_undergraduate_disbursements,nominal_usd,563,563,0,121601634.0
direct_loans,2010-2011,excluded_annual_identity_unresolved,opeid_master,no_annual_site_match,loan_direct__subsidized_graduate_loans_originated_amt,nominal_usd,563,563,0,199126091.0
direct_loans,2010-2011,excluded_annual_identity_unresolved,opeid_master,no_annual_site_match,loan_direct__subsidized_graduate_disbursements,nominal_usd,563,563,0,198204325.0
direct_loans,2010-2011,excluded_annual_identity_unresolved,opeid_master,no_annual_site_match,loan_direct__unsubsidized_undergraduate_loans_originated_amt,nominal_usd,563,563,0,148542336.0
direct_loans,2010-2011,excluded_annual_identity_unresolved,opeid_master,no_annual_site_match,loan_direct__unsubsidized_undergraduate_disbursements,nominal_usd,563,563,0,145754226.0
direct_loans,2010-2011,excluded_annual_identity_unresolved,opeid_master,no_annual_site_match,loan_direct__unsubsidized_graduate_loans_originated_amt,nominal_usd,563,563,0,263043056.0
direct_loans,2010-2011,excluded_annual_identity_unresolved,opeid_master,no_annual_site_match,loan_direct__unsubsidized_graduate_disbursements,nominal_usd,563,563,0,261315708.0
direct_loans,2010-2011,excluded_annual_identity_unresolved,opeid_master,resolved_administrative_directory_identity_ineligible,loan_direct__subsidized_loans_originated_amt,nominal_usd,3,0,3,
direct_loans,2010-2011,excluded_annual_identity_unresolved,opeid_master,resolved_administrative_directory_identity_ineligible,loan_direct__subsidized_disbursements,nominal_usd,3,0,3,
direct_loans,2010-2011,excluded_annual_identity_unresolved,opeid_master,resolved_administrative_directory_identity_ineligible,loan_direct__unsubsidized_loans_originated_amt,nominal_usd,3,0,3,
direct_loans,2010-2011,excluded_annual_identity_unresolved,opeid_master,resolved_administrative_directory_identity_ineligible,loan_direct__unsubsidized_disbursements,nominal_usd,3,0,3,
direct_loans,2010-2011,excluded_annual_identity_unresolved,opeid_master,resolved_administrative_directory_identity_ineligible,loan_direct__plus_loans_originated_amt,nominal_usd,3,0,3,
direct_loans,2010-2011,excluded_annual_identity_unresolved,opeid_master,resolved_administrative_directory_identity_ineligible,loan_direct__plus_disbursements,nominal_usd,3,0,3,
direct_loans,2010-2011,excluded_annual_identity_unresolved,opeid_master,resolved_administrative_directory_identity_ineligible,loan_direct__grad_plus_loans_originated_amt,nominal_usd,3,3,0,4666837.0
direct_loans,2010-2011,excluded_annual_identity_unresolved,opeid_master,resolved_administrative_directory_identity_ineligible,loan_direct__grad_plus_disbursements,nominal_usd,3,3,0,4530694.0
direct_loans,2010-2011,excluded_annual_identity_unresolved,opeid_master,resolved_administrative_directory_identity_ineligible,loan_direct__parent_plus_loans_originated_amt,nominal_usd,3,3,0,93171.0
direct_loans,2010-2011,excluded_annual_identity_unresolved,opeid_master,resolved_administrative_directory_identity_ineligible,loan_direct__parent_plus_disbursements,nominal_usd,3,3,0,82344.0
direct_loans,2010-2011,excluded_annual_identity_unresolved,opeid_master,resolved_administrative_directory_identity_ineligible,loan_direct__subsidized_undergraduate_loans_originated_amt,nominal_usd,3,3,0,8639537.0
direct_loans,2010-2011,excluded_annual_identity_unresolved,opeid_master,resolved_administrative_directory_identity_ineligible,loan_direct__subsidized_undergraduate_disbursements,nominal_usd,3,3,0,8262734.0
direct_loans,2010-2011,excluded_annual_identity_unresolved,opeid_master,resolved_administrative_directory_identity_ineligible,loan_direct__subsidized_graduate_loans_originated_amt,nominal_usd,3,3,0,197898963.0
direct_loans,2010-2011,excluded_annual_identity_unresolved,opeid_master,resolved_administrative_directory_identity_ineligible,loan_direct__subsidized_graduate_disbursements,nominal_usd,3,3,0,177967015.0
direct_loans,2010-2011,excluded_annual_identity_unresolved,opeid_master,resolved_administrative_directory_identity_ineligible,loan_direct__unsubsidized_undergraduate_loans_originated_amt,nominal_usd,3,3,0,7718447.0
direct_loans,2010-2011,excluded_annual_identity_unresolved,opeid_master,resolved_administrative_directory_identity_ineligible,loan_direct__unsubsidized_undergraduate_disbursements,nominal_usd,3,3,0,7287535.0
direct_loans,2010-2011,excluded_annual_identity_unresolved,opeid_master,resolved_administrative_directory_identity_ineligible,loan_direct__unsubsidized_graduate_loans_originated_amt,nominal_usd,3,3,0,232307517.0
direct_loans,2010-2011,excluded_annual_identity_unresolved,opeid_master,resolved_administrative_directory_identity_ineligible,loan_direct__unsubsidized_graduate_disbursements,nominal_usd,3,3,0,206990289.0
direct_loans,2010-2011,included_unique_family_record,opeid_master,official_site_alias_annual_unitid_verified,loan_direct__subsidized_loans_originated_amt,nominal_usd,6,0,6,
direct_loans,2010-2011,included_unique_family_record,opeid_master,official_site_alias_annual_unitid_verified,loan_direct__subsidized_disbursements,nominal_usd,6,0,6,
direct_loans,2010-2011,included_unique_family_record,opeid_master,official_site_alias_annual_unitid_verified,loan_direct__unsubsidized_loans_originated_amt,nominal_usd,6,0,6,
direct_loans,2010-2011,included_unique_family_record,opeid_master,official_site_alias_annual_unitid_verified,loan_direct__unsubsidized_disbursements,nominal_usd,6,0,6,
direct_loans,2010-2011,included_unique_family_record,opeid_master,official_site_alias_annual_unitid_verified,loan_direct__plus_loans_originated_amt,nominal_usd,6,0,6,
direct_loans,2010-2011,included_unique_family_record,opeid_master,official_site_alias_annual_unitid_verified,loan_direct__plus_disbursements,nominal_usd,6,0,6,
direct_loans,2010-2011,included_unique_family_record,opeid_master,official_site_alias_annual_unitid_verified,loan_direct__grad_plus_loans_originated_amt,nominal_usd,6,6,0,0.0
direct_loans,2010-2011,included_unique_family_record,opeid_master,official_site_alias_annual_unitid_verified,loan_direct__grad_plus_disbursements,nominal_usd,6,6,0,0.0
direct_loans,2010-2011,included_unique_family_record,opeid_master,official_site_alias_annual_unitid_verified,loan_direct__parent_plus_loans_originated_amt,nominal_usd,6,6,0,161734.0
direct_loans,2010-2011,included_unique_family_record,opeid_master,official_site_alias_annual_unitid_verified,loan_direct__parent_plus_disbursements,nominal_usd,6,6,0,142032.0
direct_loans,2010-2011,included_unique_family_record,opeid_master,official_site_alias_annual_unitid_verified,loan_direct__subsidized_undergraduate_loans_originated_amt,nominal_usd,6,6,0,2622060.0
direct_loans,2010-2011,included_unique_family_record,opeid_master,official_site_alias_annual_unitid_verified,loan_direct__subsidized_undergraduate_disbursements,nominal_usd,6,6,0,2524432.0
direct_loans,2010-2011,included_unique_family_record,opeid_master,official_site_alias_annual_unitid_verified,loan_direct__subsidized_graduate_loans_originated_amt,nominal_usd,6,6,0,23099.0
direct_loans,2010-2011,included_unique_family_record,opeid_master,official_site_alias_annual_unitid_verified,loan_direct__subsidized_graduate_disbursements,nominal_usd,6,6,0,20974.0
direct_loans,2010-2011,included_unique_family_record,opeid_master,official_site_alias_annual_unitid_verified,loan_direct__unsubsidized_undergraduate_loans_originated_amt,nominal_usd,6,6,0,3499601.0
direct_loans,2010-2011,included_unique_family_record,opeid_master,official_site_alias_annual_unitid_verified,loan_direct__unsubsidized_undergraduate_disbursements,nominal_usd,6,6,0,3370110.0
direct_loans,2010-2011,included_unique_family_record,opeid_master,official_site_alias_annual_unitid_verified,loan_direct__unsubsidized_graduate_loans_originated_amt,nominal_usd,6,6,0,0.0
direct_loans,2010-2011,included_unique_family_record,opeid_master,official_site_alias_annual_unitid_verified,loan_direct__unsubsidized_graduate_disbursements,nominal_usd,6,6,0,0.0
direct_loans,2010-2011,included_unique_family_record,opeid_master,official_site_and_directory_agree,loan_direct__subsidized_loans_originated_amt,nominal_usd,4951,0,4951,
direct_loans,2010-2011,included_unique_family_record,opeid_master,official_site_and_directory_agree,loan_direct__subsidized_disbursements,nominal_usd,4951,0,4951,
direct_loans,2010-2011,included_unique_family_record,opeid_master,official_site_and_directory_agree,loan_direct__unsubsidized_loans_originated_amt,nominal_usd,4951,0,4951,
direct_loans,2010-2011,included_unique_family_record,opeid_master,official_site_and_directory_agree,loan_direct__unsubsidized_disbursements,nominal_usd,4951,0,4951,
direct_loans,2010-2011,included_unique_family_record,opeid_master,official_site_and_directory_agree,loan_direct__plus_loans_originated_amt,nominal_usd,4951,0,4951,
direct_loans,2010-2011,included_unique_family_record,opeid_master,official_site_and_directory_agree,loan_direct__plus_disbursements,nominal_usd,4951,0,4951,
direct_loans,2010-2011,included_unique_family_record,opeid_master,official_site_and_directory_agree,loan_direct__grad_plus_loans_originated_amt,nominal_usd,4951,4951,0,6219178970.0
direct_loans,2010-2011,included_unique_family_record,opeid_master,official_site_and_directory_agree,loan_direct__grad_plus_disbursements,nominal_usd,4951,4951,0,6165485686.0
direct_loans,2010-2011,included_unique_family_record,opeid_master,official_site_and_directory_agree,loan_direct__parent_plus_loans_originated_amt,nominal_usd,4951,4951,0,9736152239.0
direct_loans,2010-2011,included_unique_family_record,opeid_master,official_site_and_directory_agree,loan_direct__parent_plus_disbursements,nominal_usd,4951,4951,0,9599219198.0
direct_loans,2010-2011,included_unique_family_record,opeid_master,official_site_and_directory_agree,loan_direct__subsidized_undergraduate_loans_originated_amt,nominal_usd,4951,4951,0,25760042018.0
direct_loans,2010-2011,included_unique_family_record,opeid_master,official_site_and_directory_agree,loan_direct__subsidized_undergraduate_disbursements,nominal_usd,4951,4951,0,25147911595.0
direct_loans,2010-2011,included_unique_family_record,opeid_master,official_site_and_directory_agree,loan_direct__subsidized_graduate_loans_originated_amt,nominal_usd,4951,4951,0,10111804767.0
direct_loans,2010-2011,included_unique_family_record,opeid_master,official_site_and_directory_agree,loan_direct__subsidized_graduate_disbursements,nominal_usd,4951,4951,0,10013128269.0
direct_loans,2010-2011,included_unique_family_record,opeid_master,official_site_and_directory_agree,loan_direct__unsubsidized_undergraduate_loans_originated_amt,nominal_usd,4951,4951,0,26996235259.0
direct_loans,2010-2011,included_unique_family_record,opeid_master,official_site_and_directory_agree,loan_direct__unsubsidized_undergraduate_disbursements,nominal_usd,4951,4951,0,26161674587.0
direct_loans,2010-2011,included_unique_family_record,opeid_master,official_site_and_directory_agree,loan_direct__unsubsidized_graduate_loans_originated_amt,nominal_usd,4951,4951,0,14525814292.0
direct_loans,2010-2011,included_unique_family_record,opeid_master,official_site_and_directory_agree,loan_direct__unsubsidized_graduate_disbursements,nominal_usd,4951,4951,0,14333232160.0
direct_loans,2010-2011,included_unique_family_record,opeid_master,unique_annual_directory_only,loan_direct__subsidized_loans_originated_amt,nominal_usd,7,0,7,
direct_loans,2010-2011,included_unique_family_record,opeid_master,unique_annual_directory_only,loan_direct__subsidized_disbursements,nominal_usd,7,0,7,
direct_loans,2010-2011,included_unique_family_record,opeid_master,unique_annual_directory_only,loan_direct__unsubsidized_loans_originated_amt,nominal_usd,7,0,7,
direct_loans,2010-2011,included_unique_family_record,opeid_master,unique_annual_directory_only,loan_direct__unsubsidized_disbursements,nominal_usd,7,0,7,
direct_loans,2010-2011,included_unique_family_record,opeid_master,unique_annual_directory_only,loan_direct__plus_loans_originated_amt,nominal_usd,7,0,7,
direct_loans,2010-2011,included_unique_family_record,opeid_master,unique_annual_directory_only,loan_direct__plus_disbursements,nominal_usd,7,0,7,
direct_loans,2010-2011,included_unique_family_record,opeid_master,unique_annual_directory_only,loan_direct__grad_plus_loans_originated_amt,nominal_usd,7,7,0,0.0
direct_loans,2010-2011,included_unique_family_record,opeid_master,unique_annual_directory_only,loan_direct__grad_plus_disbursements,nominal_usd,7,7,0,0.0
direct_loans,2010-2011,included_unique_family_record,opeid_master,unique_annual_directory_only,loan_direct__parent_plus_loans_originated_amt,nominal_usd,7,7,0,11602068.0
direct_loans,2010-2011,included_unique_family_record,opeid_master,unique_annual_directory_only,loan_direct__parent_plus_disbursements,nominal_usd,7,7,0,11356404.0
direct_loans,2010-2011,included_unique_family_record,opeid_master,unique_annual_directory_only,loan_direct__subsidized_undergraduate_loans_originated_amt,nominal_usd,7,7,0,36282594.0
direct_loans,2010-2011,included_unique_family_record,opeid_master,unique_annual_directory_only,loan_direct__subsidized_undergraduate_disbursements,nominal_usd,7,7,0,34305140.0
direct_loans,2010-2011,included_unique_family_record,opeid_master,unique_annual_directory_only,loan_direct__subsidized_graduate_loans_originated_amt,nominal_usd,7,7,0,38065.0
direct_loans,2010-2011,included_unique_family_record,opeid_master,unique_annual_directory_only,loan_direct__subsidized_graduate_disbursements,nominal_usd,7,7,0,38065.0
direct_loans,2010-2011,included_unique_family_record,opeid_master,unique_annual_directory_only,loan_direct__unsubsidized_undergraduate_loans_originated_amt,nominal_usd,7,7,0,44342904.0
direct_loans,2010-2011,included_unique_family_record,opeid_master,unique_annual_directory_only,loan_direct__unsubsidized_undergraduate_disbursements,nominal_usd,7,7,0,41860551.0
direct_loans,2010-2011,included_unique_family_record,opeid_master,unique_annual_directory_only,loan_direct__unsubsidized_graduate_loans_originated_amt,nominal_usd,7,7,0,54532.0
direct_loans,2010-2011,included_unique_family_record,opeid_master,unique_annual_directory_only,loan_direct__unsubsidized_graduate_disbursements,nominal_usd,7,7,0,54532.0
direct_loans,2011-2012,excluded_annual_identity_unresolved,opeid_master,directory_crosswalk_identity_conflict,loan_direct__subsidized_loans_originated_amt,nominal_usd,3,0,3,
direct_loans,2011-2012,excluded_annual_identity_unresolved,opeid_master,directory_crosswalk_identity_conflict,loan_direct__subsidized_disbursements,nominal_usd,3,0,3,
direct_loans,2011-2012,excluded_annual_identity_unresolved,opeid_master,directory_crosswalk_identity_conflict,loan_direct__unsubsidized_loans_originated_amt,nominal_usd,3,0,3,
direct_loans,2011-2012,excluded_annual_identity_unresolved,opeid_master,directory_crosswalk_identity_conflict,loan_direct__unsubsidized_disbursements,nominal_usd,3,0,3,
direct_loans,2011-2012,excluded_annual_identity_unresolved,opeid_master,directory_crosswalk_identity_conflict,loan_direct__plus_loans_originated_amt,nominal_usd,3,0,3,
direct_loans,2011-2012,excluded_annual_identity_unresolved,opeid_master,directory_crosswalk_identity_conflict,loan_direct__plus_disbursements,nominal_usd,3,0,3,
direct_loans,2011-2012,excluded_annual_identity_unresolved,opeid_master,directory_crosswalk_identity_conflict,loan_direct__grad_plus_loans_originated_amt,nominal_usd,3,3,0,38489997.0
direct_loans,2011-2012,excluded_annual_identity_unresolved,opeid_master,directory_crosswalk_identity_conflict,loan_direct__grad_plus_disbursements,nominal_usd,3,3,0,38194387.0
direct_loans,2011-2012,excluded_annual_identity_unresolved,opeid_master,directory_crosswalk_identity_conflict,loan_direct__parent_plus_loans_originated_amt,nominal_usd,3,3,0,13975307.0
direct_loans,2011-2012,excluded_annual_identity_unresolved,opeid_master,directory_crosswalk_identity_conflict,loan_direct__parent_plus_disbursements,nominal_usd,3,3,0,13758201.0
direct_loans,2011-2012,excluded_annual_identity_unresolved,opeid_master,directory_crosswalk_identity_conflict,loan_direct__subsidized_undergraduate_loans_originated_amt,nominal_usd,3,3,0,113615853.0
direct_loans,2011-2012,excluded_annual_identity_unresolved,opeid_master,directory_crosswalk_identity_conflict,loan_direct__subsidized_undergraduate_disbursements,nominal_usd,3,3,0,109984039.0
direct_loans,2011-2012,excluded_annual_identity_unresolved,opeid_master,directory_crosswalk_identity_conflict,loan_direct__subsidized_graduate_loans_originated_amt,nominal_usd,3,3,0,90574509.0
direct_loans,2011-2012,excluded_annual_identity_unresolved,opeid_master,directory_crosswalk_identity_conflict,loan_direct__subsidized_graduate_disbursements,nominal_usd,3,3,0,88511847.0
direct_loans,2011-2012,excluded_annual_identity_unresolved,opeid_master,directory_crosswalk_identity_conflict,loan_direct__unsubsidized_undergraduate_loans_originated_amt,nominal_usd,3,3,0,161556088.0
direct_loans,2011-2012,excluded_annual_identity_unresolved,opeid_master,directory_crosswalk_identity_conflict,loan_direct__unsubsidized_undergraduate_disbursements,nominal_usd,3,3,0,155396478.0
direct_loans,2011-2012,excluded_annual_identity_unresolved,opeid_master,directory_crosswalk_identity_conflict,loan_direct__unsubsidized_graduate_loans_originated_amt,nominal_usd,3,3,0,146413616.0
direct_loans,2011-2012,excluded_annual_identity_unresolved,opeid_master,directory_crosswalk_identity_conflict,loan_direct__unsubsidized_graduate_disbursements,nominal_usd,3,3,0,143137339.0
direct_loans,2011-2012,excluded_annual_identity_unresolved,opeid_master,multiple_nonadministrative_directory_unitids,loan_direct__subsidized_loans_originated_amt,nominal_usd,2,0,2,
direct_loans,2011-2012,excluded_annual_identity_unresolved,opeid_master,multiple_nonadministrative_directory_unitids,loan_direct__subsidized_disbursements,nominal_usd,2,0,2,
direct_loans,2011-2012,excluded_annual_identity_unresolved,opeid_master,multiple_nonadministrative_directory_unitids,loan_direct__unsubsidized_loans_originated_amt,nominal_usd,2,0,2,
direct_loans,2011-2012,excluded_annual_identity_unresolved,opeid_master,multiple_nonadministrative_directory_unitids,loan_direct__unsubsidized_disbursements,nominal_usd,2,0,2,
direct_loans,2011-2012,excluded_annual_identity_unresolved,opeid_master,multiple_nonadministrative_directory_unitids,loan_direct__plus_loans_originated_amt,nominal_usd,2,0,2,
direct_loans,2011-2012,excluded_annual_identity_unresolved,opeid_master,multiple_nonadministrative_directory_unitids,loan_direct__plus_disbursements,nominal_usd,2,0,2,
direct_loans,2011-2012,excluded_annual_identity_unresolved,opeid_master,multiple_nonadministrative_directory_unitids,loan_direct__grad_plus_loans_originated_amt,nominal_usd,2,2,0,132071.0
direct_loans,2011-2012,excluded_annual_identity_unresolved,opeid_master,multiple_nonadministrative_directory_unitids,loan_direct__grad_plus_disbursements,nominal_usd,2,2,0,132071.0
direct_loans,2011-2012,excluded_annual_identity_unresolved,opeid_master,multiple_nonadministrative_directory_unitids,loan_direct__parent_plus_loans_originated_amt,nominal_usd,2,2,0,3027871.0
direct_loans,2011-2012,excluded_annual_identity_unresolved,opeid_master,multiple_nonadministrative_directory_unitids,loan_direct__parent_plus_disbursements,nominal_usd,2,2,0,2966794.0
direct_loans,2011-2012,excluded_annual_identity_unresolved,opeid_master,multiple_nonadministrative_directory_unitids,loan_direct__subsidized_undergraduate_loans_originated_amt,nominal_usd,2,2,0,43278712.0
direct_loans,2011-2012,excluded_annual_identity_unresolved,opeid_master,multiple_nonadministrative_directory_unitids,loan_direct__subsidized_undergraduate_disbursements,nominal_usd,2,2,0,42690592.0
direct_loans,2011-2012,excluded_annual_identity_unresolved,opeid_master,multiple_nonadministrative_directory_unitids,loan_direct__subsidized_graduate_loans_originated_amt,nominal_usd,2,2,0,7137989.0
direct_loans,2011-2012,excluded_annual_identity_unresolved,opeid_master,multiple_nonadministrative_directory_unitids,loan_direct__subsidized_graduate_disbursements,nominal_usd,2,2,0,7117087.0
direct_loans,2011-2012,excluded_annual_identity_unresolved,opeid_master,multiple_nonadministrative_directory_unitids,loan_direct__unsubsidized_undergraduate_loans_originated_amt,nominal_usd,2,2,0,35322361.0
direct_loans,2011-2012,excluded_annual_identity_unresolved,opeid_master,multiple_nonadministrative_directory_unitids,loan_direct__unsubsidized_undergraduate_disbursements,nominal_usd,2,2,0,34552148.0
direct_loans,2011-2012,excluded_annual_identity_unresolved,opeid_master,multiple_nonadministrative_directory_unitids,loan_direct__unsubsidized_graduate_loans_originated_amt,nominal_usd,2,2,0,2955727.0
direct_loans,2011-2012,excluded_annual_identity_unresolved,opeid_master,multiple_nonadministrative_directory_unitids,loan_direct__unsubsidized_graduate_disbursements,nominal_usd,2,2,0,2935277.0
direct_loans,2011-2012,excluded_annual_identity_unresolved,opeid_master,multiple_official_site_unitids,loan_direct__subsidized_loans_originated_amt,nominal_usd,30,0,30,
direct_loans,2011-2012,excluded_annual_identity_unresolved,opeid_master,multiple_official_site_unitids,loan_direct__subsidized_disbursements,nominal_usd,30,0,30,
direct_loans,2011-2012,excluded_annual_identity_unresolved,opeid_master,multiple_official_site_unitids,loan_direct__unsubsidized_loans_originated_amt,nominal_usd,30,0,30,
direct_loans,2011-2012,excluded_annual_identity_unresolved,opeid_master,multiple_official_site_unitids,loan_direct__unsubsidized_disbursements,nominal_usd,30,0,30,
direct_loans,2011-2012,excluded_annual_identity_unresolved,opeid_master,multiple_official_site_unitids,loan_direct__plus_loans_originated_amt,nominal_usd,30,0,30,
direct_loans,2011-2012,excluded_annual_identity_unresolved,opeid_master,multiple_official_site_unitids,loan_direct__plus_disbursements,nominal_usd,30,0,30,
direct_loans,2011-2012,excluded_annual_identity_unresolved,opeid_master,multiple_official_site_unitids,loan_direct__grad_plus_loans_originated_amt,nominal_usd,30,30,0,71282194.0
direct_loans,2011-2012,excluded_annual_identity_unresolved,opeid_master,multiple_official_site_unitids,loan_direct__grad_plus_disbursements,nominal_usd,30,30,0,70057627.0
direct_loans,2011-2012,excluded_annual_identity_unresolved,opeid_master,multiple_official_site_unitids,loan_direct__parent_plus_loans_originated_amt,nominal_usd,30,30,0,424504142.0
direct_loans,2011-2012,excluded_annual_identity_unresolved,opeid_master,multiple_official_site_unitids,loan_direct__parent_plus_disbursements,nominal_usd,30,30,0,417514416.0
direct_loans,2011-2012,excluded_annual_identity_unresolved,opeid_master,multiple_official_site_unitids,loan_direct__subsidized_undergraduate_loans_originated_amt,nominal_usd,30,30,0,968890647.0
direct_loans,2011-2012,excluded_annual_identity_unresolved,opeid_master,multiple_official_site_unitids,loan_direct__subsidized_undergraduate_disbursements,nominal_usd,30,30,0,957221733.0
direct_loans,2011-2012,excluded_annual_identity_unresolved,opeid_master,multiple_official_site_unitids,loan_direct__subsidized_graduate_loans_originated_amt,nominal_usd,30,30,0,476013546.0
direct_loans,2011-2012,excluded_annual_identity_unresolved,opeid_master,multiple_official_site_unitids,loan_direct__subsidized_graduate_disbursements,nominal_usd,30,30,0,456120273.0
direct_loans,2011-2012,excluded_annual_identity_unresolved,opeid_master,multiple_official_site_unitids,loan_direct__unsubsidized_undergraduate_loans_originated_amt,nominal_usd,30,30,0,1198584921.0
direct_loans,2011-2012,excluded_annual_identity_unresolved,opeid_master,multiple_official_site_unitids,loan_direct__unsubsidized_undergraduate_disbursements,nominal_usd,30,30,0,1179604183.0
direct_loans,2011-2012,excluded_annual_identity_unresolved,opeid_master,multiple_official_site_unitids,loan_direct__unsubsidized_graduate_loans_originated_amt,nominal_usd,30,30,0,598744821.0
direct_loans,2011-2012,excluded_annual_identity_unresolved,opeid_master,multiple_official_site_unitids,loan_direct__unsubsidized_graduate_disbursements,nominal_usd,30,30,0,572486032.0
direct_loans,2011-2012,excluded_annual_identity_unresolved,opeid_master,no_annual_site_match,loan_direct__subsidized_loans_originated_amt,nominal_usd,497,0,497,
direct_loans,2011-2012,excluded_annual_identity_unresolved,opeid_master,no_annual_site_match,loan_direct__subsidized_disbursements,nominal_usd,497,0,497,
direct_loans,2011-2012,excluded_annual_identity_unresolved,opeid_master,no_annual_site_match,loan_direct__unsubsidized_loans_originated_amt,nominal_usd,497,0,497,
direct_loans,2011-2012,excluded_annual_identity_unresolved,opeid_master,no_annual_site_match,loan_direct__unsubsidized_disbursements,nominal_usd,497,0,497,
direct_loans,2011-2012,excluded_annual_identity_unresolved,opeid_master,no_annual_site_match,loan_direct__plus_loans_originated_amt,nominal_usd,497,0,497,
direct_loans,2011-2012,excluded_annual_identity_unresolved,opeid_master,no_annual_site_match,loan_direct__plus_disbursements,nominal_usd,497,0,497,
direct_loans,2011-2012,excluded_annual_identity_unresolved,opeid_master,no_annual_site_match,loan_direct__grad_plus_loans_originated_amt,nominal_usd,497,497,0,566593500.0
direct_loans,2011-2012,excluded_annual_identity_unresolved,opeid_master,no_annual_site_match,loan_direct__grad_plus_disbursements,nominal_usd,497,497,0,562286675.0
direct_loans,2011-2012,excluded_annual_identity_unresolved,opeid_master,no_annual_site_match,loan_direct__parent_plus_loans_originated_amt,nominal_usd,497,497,0,35341881.0
direct_loans,2011-2012,excluded_annual_identity_unresolved,opeid_master,no_annual_site_match,loan_direct__parent_plus_disbursements,nominal_usd,497,497,0,34572987.0
direct_loans,2011-2012,excluded_annual_identity_unresolved,opeid_master,no_annual_site_match,loan_direct__subsidized_undergraduate_loans_originated_amt,nominal_usd,497,497,0,27763336.0
direct_loans,2011-2012,excluded_annual_identity_unresolved,opeid_master,no_annual_site_match,loan_direct__subsidized_undergraduate_disbursements,nominal_usd,497,497,0,27067313.0
direct_loans,2011-2012,excluded_annual_identity_unresolved,opeid_master,no_annual_site_match,loan_direct__subsidized_graduate_loans_originated_amt,nominal_usd,497,497,0,192644274.0
direct_loans,2011-2012,excluded_annual_identity_unresolved,opeid_master,no_annual_site_match,loan_direct__subsidized_graduate_disbursements,nominal_usd,497,497,0,191193212.0
direct_loans,2011-2012,excluded_annual_identity_unresolved,opeid_master,no_annual_site_match,loan_direct__unsubsidized_undergraduate_loans_originated_amt,nominal_usd,497,497,0,29117311.0
direct_loans,2011-2012,excluded_annual_identity_unresolved,opeid_master,no_annual_site_match,loan_direct__unsubsidized_undergraduate_disbursements,nominal_usd,497,497,0,28092641.0
direct_loans,2011-2012,excluded_annual_identity_unresolved,opeid_master,no_annual_site_match,loan_direct__unsubsidized_graduate_loans_originated_amt,nominal_usd,497,497,0,258848261.0
direct_loans,2011-2012,excluded_annual_identity_unresolved,opeid_master,no_annual_site_match,loan_direct__unsubsidized_graduate_disbursements,nominal_usd,497,497,0,256312188.0
direct_loans,2011-2012,excluded_annual_identity_unresolved,opeid_master,resolved_administrative_directory_identity_ineligible,loan_direct__subsidized_loans_originated_amt,nominal_usd,3,0,3,
direct_loans,2011-2012,excluded_annual_identity_unresolved,opeid_master,resolved_administrative_directory_identity_ineligible,loan_direct__subsidized_disbursements,nominal_usd,3,0,3,
direct_loans,2011-2012,excluded_annual_identity_unresolved,opeid_master,resolved_administrative_directory_identity_ineligible,loan_direct__unsubsidized_loans_originated_amt,nominal_usd,3,0,3,
direct_loans,2011-2012,excluded_annual_identity_unresolved,opeid_master,resolved_administrative_directory_identity_ineligible,loan_direct__unsubsidized_disbursements,nominal_usd,3,0,3,
direct_loans,2011-2012,excluded_annual_identity_unresolved,opeid_master,resolved_administrative_directory_identity_ineligible,loan_direct__plus_loans_originated_amt,nominal_usd,3,0,3,
direct_loans,2011-2012,excluded_annual_identity_unresolved,opeid_master,resolved_administrative_directory_identity_ineligible,loan_direct__plus_disbursements,nominal_usd,3,0,3,
direct_loans,2011-2012,excluded_annual_identity_unresolved,opeid_master,resolved_administrative_directory_identity_ineligible,loan_direct__grad_plus_loans_originated_amt,nominal_usd,3,3,0,0.0
direct_loans,2011-2012,excluded_annual_identity_unresolved,opeid_master,resolved_administrative_directory_identity_ineligible,loan_direct__grad_plus_disbursements,nominal_usd,3,3,0,0.0
direct_loans,2011-2012,excluded_annual_identity_unresolved,opeid_master,resolved_administrative_directory_identity_ineligible,loan_direct__parent_plus_loans_originated_amt,nominal_usd,3,3,0,111282.0
direct_loans,2011-2012,excluded_annual_identity_unresolved,opeid_master,resolved_administrative_directory_identity_ineligible,loan_direct__parent_plus_disbursements,nominal_usd,3,3,0,108718.0
direct_loans,2011-2012,excluded_annual_identity_unresolved,opeid_master,resolved_administrative_directory_identity_ineligible,loan_direct__subsidized_undergraduate_loans_originated_amt,nominal_usd,3,3,0,18841922.0
direct_loans,2011-2012,excluded_annual_identity_unresolved,opeid_master,resolved_administrative_directory_identity_ineligible,loan_direct__subsidized_undergraduate_disbursements,nominal_usd,3,3,0,18431194.0
direct_loans,2011-2012,excluded_annual_identity_unresolved,opeid_master,resolved_administrative_directory_identity_ineligible,loan_direct__subsidized_graduate_loans_originated_amt,nominal_usd,3,3,0,242594.0
direct_loans,2011-2012,excluded_annual_identity_unresolved,opeid_master,resolved_administrative_directory_identity_ineligible,loan_direct__subsidized_graduate_disbursements,nominal_usd,3,3,0,240774.0
direct_loans,2011-2012,excluded_annual_identity_unresolved,opeid_master,resolved_administrative_directory_identity_ineligible,loan_direct__unsubsidized_undergraduate_loans_originated_amt,nominal_usd,3,3,0,17416692.0
direct_loans,2011-2012,excluded_annual_identity_unresolved,opeid_master,resolved_administrative_directory_identity_ineligible,loan_direct__unsubsidized_undergraduate_disbursements,nominal_usd,3,3,0,16943627.0
direct_loans,2011-2012,excluded_annual_identity_unresolved,opeid_master,resolved_administrative_directory_identity_ineligible,loan_direct__unsubsidized_graduate_loans_originated_amt,nominal_usd,3,3,0,272348.0
direct_loans,2011-2012,excluded_annual_identity_unresolved,opeid_master,resolved_administrative_directory_identity_ineligible,loan_direct__unsubsidized_graduate_disbursements,nominal_usd,3,3,0,272348.0
direct_loans,2011-2012,included_unique_family_record,opeid_master,official_site_alias_annual_unitid_verified,loan_direct__subsidized_loans_originated_amt,nominal_usd,33,0,33,
direct_loans,2011-2012,included_unique_family_record,opeid_master,official_site_alias_annual_unitid_verified,loan_direct__subsidized_disbursements,nominal_usd,33,0,33,
direct_loans,2011-2012,included_unique_family_record,opeid_master,official_site_alias_annual_unitid_verified,loan_direct__unsubsidized_loans_originated_amt,nominal_usd,33,0,33,
direct_loans,2011-2012,included_unique_family_record,opeid_master,official_site_alias_annual_unitid_verified,loan_direct__unsubsidized_disbursements,nominal_usd,33,0,33,
direct_loans,2011-2012,included_unique_family_record,opeid_master,official_site_alias_annual_unitid_verified,loan_direct__plus_loans_originated_amt,nominal_usd,33,0,33,
direct_loans,2011-2012,included_unique_family_record,opeid_master,official_site_alias_annual_unitid_verified,loan_direct__plus_disbursements,nominal_usd,33,0,33,
direct_loans,2011-2012,included_unique_family_record,opeid_master,official_site_alias_annual_unitid_verified,loan_direct__grad_plus_loans_originated_amt,nominal_usd,33,33,0,29577583.0
direct_loans,2011-2012,included_unique_family_record,opeid_master,official_site_alias_annual_unitid_verified,loan_direct__grad_plus_disbursements,nominal_usd,33,33,0,29464494.0
direct_loans,2011-2012,included_unique_family_record,opeid_master,official_site_alias_annual_unitid_verified,loan_direct__parent_plus_loans_originated_amt,nominal_usd,33,33,0,54927643.0
direct_loans,2011-2012,included_unique_family_record,opeid_master,official_site_alias_annual_unitid_verified,loan_direct__parent_plus_disbursements,nominal_usd,33,33,0,53986642.0
direct_loans,2011-2012,included_unique_family_record,opeid_master,official_site_alias_annual_unitid_verified,loan_direct__subsidized_undergraduate_loans_originated_amt,nominal_usd,33,33,0,175796238.0
direct_loans,2011-2012,included_unique_family_record,opeid_master,official_site_alias_annual_unitid_verified,loan_direct__subsidized_undergraduate_disbursements,nominal_usd,33,33,0,172769300.0
direct_loans,2011-2012,included_unique_family_record,opeid_master,official_site_alias_annual_unitid_verified,loan_direct__subsidized_graduate_loans_originated_amt,nominal_usd,33,33,0,33676364.0
direct_loans,2011-2012,included_unique_family_record,opeid_master,official_site_alias_annual_unitid_verified,loan_direct__subsidized_graduate_disbursements,nominal_usd,33,33,0,33545703.0
direct_loans,2011-2012,included_unique_family_record,opeid_master,official_site_alias_annual_unitid_verified,loan_direct__unsubsidized_undergraduate_loans_originated_amt,nominal_usd,33,33,0,193560627.0
direct_loans,2011-2012,included_unique_family_record,opeid_master,official_site_alias_annual_unitid_verified,loan_direct__unsubsidized_undergraduate_disbursements,nominal_usd,33,33,0,189437087.0
direct_loans,2011-2012,included_unique_family_record,opeid_master,official_site_alias_annual_unitid_verified,loan_direct__unsubsidized_graduate_loans_originated_amt,nominal_usd,33,33,0,82561633.0
direct_loans,2011-2012,included_unique_family_record,opeid_master,official_site_alias_annual_unitid_verified,loan_direct__unsubsidized_graduate_disbursements,nominal_usd,33,33,0,81935725.0
direct_loans,2011-2012,included_unique_family_record,opeid_master,official_site_and_directory_agree,loan_direct__subsidized_loans_originated_amt,nominal_usd,5098,0,5098,
direct_loans,2011-2012,included_unique_family_record,opeid_master,official_site_and_directory_agree,loan_direct__subsidized_disbursements,nominal_usd,5098,0,5098,
direct_loans,2011-2012,included_unique_family_record,opeid_master,official_site_and_directory_agree,loan_direct__unsubsidized_loans_originated_amt,nominal_usd,5098,0,5098,
direct_loans,2011-2012,included_unique_family_record,opeid_master,official_site_and_directory_agree,loan_direct__unsubsidized_disbursements,nominal_usd,5098,0,5098,
direct_loans,2011-2012,included_unique_family_record,opeid_master,official_site_and_directory_agree,loan_direct__plus_loans_originated_amt,nominal_usd,5098,0,5098,
direct_loans,2011-2012,included_unique_family_record,opeid_master,official_site_and_directory_agree,loan_direct__plus_disbursements,nominal_usd,5098,0,5098,
direct_loans,2011-2012,included_unique_family_record,opeid_master,official_site_and_directory_agree,loan_direct__grad_plus_loans_originated_amt,nominal_usd,5098,5098,0,6849934558.0
direct_loans,2011-2012,included_unique_family_record,opeid_master,official_site_and_directory_agree,loan_direct__grad_plus_disbursements,nominal_usd,5098,5098,0,6779273584.0
direct_loans,2011-2012,included_unique_family_record,opeid_master,official_site_and_directory_agree,loan_direct__parent_plus_loans_originated_amt,nominal_usd,5098,5098,0,10734108743.0
direct_loans,2011-2012,included_unique_family_record,opeid_master,official_site_and_directory_agree,loan_direct__parent_plus_disbursements,nominal_usd,5098,5098,0,10553546495.0
direct_loans,2011-2012,included_unique_family_record,opeid_master,official_site_and_directory_agree,loan_direct__subsidized_undergraduate_loans_originated_amt,nominal_usd,5098,5098,0,28168032527.0
direct_loans,2011-2012,included_unique_family_record,opeid_master,official_site_and_directory_agree,loan_direct__subsidized_undergraduate_disbursements,nominal_usd,5098,5098,0,27644966682.0
direct_loans,2011-2012,included_unique_family_record,opeid_master,official_site_and_directory_agree,loan_direct__subsidized_graduate_loans_originated_amt,nominal_usd,5098,5098,0,10935417962.0
direct_loans,2011-2012,included_unique_family_record,opeid_master,official_site_and_directory_agree,loan_direct__subsidized_graduate_disbursements,nominal_usd,5098,5098,0,10824646467.0
direct_loans,2011-2012,included_unique_family_record,opeid_master,official_site_and_directory_agree,loan_direct__unsubsidized_undergraduate_loans_originated_amt,nominal_usd,5098,5098,0,29630699483.0
direct_loans,2011-2012,included_unique_family_record,opeid_master,official_site_and_directory_agree,loan_direct__unsubsidized_undergraduate_disbursements,nominal_usd,5098,5098,0,28888542991.0
direct_loans,2011-2012,included_unique_family_record,opeid_master,official_site_and_directory_agree,loan_direct__unsubsidized_graduate_loans_originated_amt,nominal_usd,5098,5098,0,15619579136.0
direct_loans,2011-2012,included_unique_family_record,opeid_master,official_site_and_directory_agree,loan_direct__unsubsidized_graduate_disbursements,nominal_usd,5098,5098,0,15407798522.0
direct_loans,2011-2012,included_unique_family_record,opeid_master,unique_annual_directory_only,loan_direct__subsidized_loans_originated_amt,nominal_usd,4,0,4,
direct_loans,2011-2012,included_unique_family_record,opeid_master,unique_annual_directory_only,loan_direct__subsidized_disbursements,nominal_usd,4,0,4,
direct_loans,2011-2012,included_unique_family_record,opeid_master,unique_annual_directory_only,loan_direct__unsubsidized_loans_originated_amt,nominal_usd,4,0,4,
direct_loans,2011-2012,included_unique_family_record,opeid_master,unique_annual_directory_only,loan_direct__unsubsidized_disbursements,nominal_usd,4,0,4,
direct_loans,2011-2012,included_unique_family_record,opeid_master,unique_annual_directory_only,loan_direct__plus_loans_originated_amt,nominal_usd,4,0,4,
direct_loans,2011-2012,included_unique_family_record,opeid_master,unique_annual_directory_only,loan_direct__plus_disbursements,nominal_usd,4,0,4,
direct_loans,2011-2012,included_unique_family_record,opeid_master,unique_annual_directory_only,loan_direct__grad_plus_loans_originated_amt,nominal_usd,4,4,0,0.0
direct_loans,2011-2012,included_unique_family_record,opeid_master,unique_annual_directory_only,loan_direct__grad_plus_disbursements,nominal_usd,4,4,0,0.0
direct_loans,2011-2012,included_unique_family_record,opeid_master,unique_annual_directory_only,loan_direct__parent_plus_loans_originated_amt,nominal_usd,4,4,0,18155.0
direct_loans,2011-2012,included_unique_family_record,opeid_master,unique_annual_directory_only,loan_direct__parent_plus_disbursements,nominal_usd,4,4,0,18155.0
direct_loans,2011-2012,included_unique_family_record,opeid_master,unique_annual_directory_only,loan_direct__subsidized_undergraduate_loans_originated_amt,nominal_usd,4,4,0,12613.0
direct_loans,2011-2012,included_unique_family_record,opeid_master,unique_annual_directory_only,loan_direct__subsidized_undergraduate_disbursements,nominal_usd,4,4,0,12613.0
direct_loans,2011-2012,included_unique_family_record,opeid_master,unique_annual_directory_only,loan_direct__subsidized_graduate_loans_originated_amt,nominal_usd,4,4,0,0.0
direct_loans,2011-2012,included_unique_family_record,opeid_master,unique_annual_directory_only,loan_direct__subsidized_graduate_disbursements,nominal_usd,4,4,0,0.0
direct_loans,2011-2012,included_unique_family_record,opeid_master,unique_annual_directory_only,loan_direct__unsubsidized_undergraduate_loans_originated_amt,nominal_usd,4,4,0,12811.0
direct_loans,2011-2012,included_unique_family_record,opeid_master,unique_annual_directory_only,loan_direct__unsubsidized_undergraduate_disbursements,nominal_usd,4,4,0,12777.0
direct_loans,2011-2012,included_unique_family_record,opeid_master,unique_annual_directory_only,loan_direct__unsubsidized_graduate_loans_originated_amt,nominal_usd,4,4,0,0.0
direct_loans,2011-2012,included_unique_family_record,opeid_master,unique_annual_directory_only,loan_direct__unsubsidized_graduate_disbursements,nominal_usd,4,4,0,0.0
direct_loans,2012-2013,excluded_annual_identity_unresolved,opeid_master,directory_crosswalk_identity_conflict,loan_direct__subsidized_loans_originated_amt,nominal_usd,1,1,0,0.0
direct_loans,2012-2013,excluded_annual_identity_unresolved,opeid_master,directory_crosswalk_identity_conflict,loan_direct__subsidized_disbursements,nominal_usd,1,1,0,0.0
direct_loans,2012-2013,excluded_annual_identity_unresolved,opeid_master,directory_crosswalk_identity_conflict,loan_direct__unsubsidized_loans_originated_amt,nominal_usd,1,0,1,
direct_loans,2012-2013,excluded_annual_identity_unresolved,opeid_master,directory_crosswalk_identity_conflict,loan_direct__unsubsidized_disbursements,nominal_usd,1,0,1,
direct_loans,2012-2013,excluded_annual_identity_unresolved,opeid_master,directory_crosswalk_identity_conflict,loan_direct__plus_loans_originated_amt,nominal_usd,1,0,1,
direct_loans,2012-2013,excluded_annual_identity_unresolved,opeid_master,directory_crosswalk_identity_conflict,loan_direct__plus_disbursements,nominal_usd,1,0,1,
direct_loans,2012-2013,excluded_annual_identity_unresolved,opeid_master,directory_crosswalk_identity_conflict,loan_direct__grad_plus_loans_originated_amt,nominal_usd,1,1,0,49692651.0
direct_loans,2012-2013,excluded_annual_identity_unresolved,opeid_master,directory_crosswalk_identity_conflict,loan_direct__grad_plus_disbursements,nominal_usd,1,1,0,49165295.0
direct_loans,2012-2013,excluded_annual_identity_unresolved,opeid_master,directory_crosswalk_identity_conflict,loan_direct__parent_plus_loans_originated_amt,nominal_usd,1,1,0,0.0
direct_loans,2012-2013,excluded_annual_identity_unresolved,opeid_master,directory_crosswalk_identity_conflict,loan_direct__parent_plus_disbursements,nominal_usd,1,1,0,0.0
direct_loans,2012-2013,excluded_annual_identity_unresolved,opeid_master,directory_crosswalk_identity_conflict,loan_direct__subsidized_undergraduate_loans_originated_amt,nominal_usd,1,0,1,
direct_loans,2012-2013,excluded_annual_identity_unresolved,opeid_master,directory_crosswalk_identity_conflict,loan_direct__subsidized_undergraduate_disbursements,nominal_usd,1,0,1,
direct_loans,2012-2013,excluded_annual_identity_unresolved,opeid_master,directory_crosswalk_identity_conflict,loan_direct__subsidized_graduate_loans_originated_amt,nominal_usd,1,0,1,
direct_loans,2012-2013,excluded_annual_identity_unresolved,opeid_master,directory_crosswalk_identity_conflict,loan_direct__subsidized_graduate_disbursements,nominal_usd,1,0,1,
direct_loans,2012-2013,excluded_annual_identity_unresolved,opeid_master,directory_crosswalk_identity_conflict,loan_direct__unsubsidized_undergraduate_loans_originated_amt,nominal_usd,1,1,0,0.0
direct_loans,2012-2013,excluded_annual_identity_unresolved,opeid_master,directory_crosswalk_identity_conflict,loan_direct__unsubsidized_undergraduate_disbursements,nominal_usd,1,1,0,0.0
direct_loans,2012-2013,excluded_annual_identity_unresolved,opeid_master,directory_crosswalk_identity_conflict,loan_direct__unsubsidized_graduate_loans_originated_amt,nominal_usd,1,1,0,98621531.0
direct_loans,2012-2013,excluded_annual_identity_unresolved,opeid_master,directory_crosswalk_identity_conflict,loan_direct__unsubsidized_graduate_disbursements,nominal_usd,1,1,0,96980089.0
direct_loans,2012-2013,excluded_annual_identity_unresolved,opeid_master,multiple_official_site_unitids,loan_direct__subsidized_loans_originated_amt,nominal_usd,35,35,0,1168750709.0
direct_loans,2012-2013,excluded_annual_identity_unresolved,opeid_master,multiple_official_site_unitids,loan_direct__subsidized_disbursements,nominal_usd,35,35,0,1153360352.0
direct_loans,2012-2013,excluded_annual_identity_unresolved,opeid_master,multiple_official_site_unitids,loan_direct__unsubsidized_loans_originated_amt,nominal_usd,35,0,35,
direct_loans,2012-2013,excluded_annual_identity_unresolved,opeid_master,multiple_official_site_unitids,loan_direct__unsubsidized_disbursements,nominal_usd,35,0,35,
direct_loans,2012-2013,excluded_annual_identity_unresolved,opeid_master,multiple_official_site_unitids,loan_direct__plus_loans_originated_amt,nominal_usd,35,0,35,
direct_loans,2012-2013,excluded_annual_identity_unresolved,opeid_master,multiple_official_site_unitids,loan_direct__plus_disbursements,nominal_usd,35,0,35,
direct_loans,2012-2013,excluded_annual_identity_unresolved,opeid_master,multiple_official_site_unitids,loan_direct__grad_plus_loans_originated_amt,nominal_usd,35,35,0,114091869.0
direct_loans,2012-2013,excluded_annual_identity_unresolved,opeid_master,multiple_official_site_unitids,loan_direct__grad_plus_disbursements,nominal_usd,35,35,0,112658694.0
direct_loans,2012-2013,excluded_annual_identity_unresolved,opeid_master,multiple_official_site_unitids,loan_direct__parent_plus_loans_originated_amt,nominal_usd,35,35,0,558406634.0
direct_loans,2012-2013,excluded_annual_identity_unresolved,opeid_master,multiple_official_site_unitids,loan_direct__parent_plus_disbursements,nominal_usd,35,35,0,549206276.0
direct_loans,2012-2013,excluded_annual_identity_unresolved,opeid_master,multiple_official_site_unitids,loan_direct__subsidized_undergraduate_loans_originated_amt,nominal_usd,35,0,35,
direct_loans,2012-2013,excluded_annual_identity_unresolved,opeid_master,multiple_official_site_unitids,loan_direct__subsidized_undergraduate_disbursements,nominal_usd,35,0,35,
direct_loans,2012-2013,excluded_annual_identity_unresolved,opeid_master,multiple_official_site_unitids,loan_direct__subsidized_graduate_loans_originated_amt,nominal_usd,35,0,35,
direct_loans,2012-2013,excluded_annual_identity_unresolved,opeid_master,multiple_official_site_unitids,loan_direct__subsidized_graduate_disbursements,nominal_usd,35,0,35,
direct_loans,2012-2013,excluded_annual_identity_unresolved,opeid_master,multiple_official_site_unitids,loan_direct__unsubsidized_undergraduate_loans_originated_amt,nominal_usd,35,35,0,1436122250.0
direct_loans,2012-2013,excluded_annual_identity_unresolved,opeid_master,multiple_official_site_unitids,loan_direct__unsubsidized_undergraduate_disbursements,nominal_usd,35,35,0,1407243696.0
direct_loans,2012-2013,excluded_annual_identity_unresolved,opeid_master,multiple_official_site_unitids,loan_direct__unsubsidized_graduate_loans_originated_amt,nominal_usd,35,35,0,1161303872.0
direct_loans,2012-2013,excluded_annual_identity_unresolved,opeid_master,multiple_official_site_unitids,loan_direct__unsubsidized_graduate_disbursements,nominal_usd,35,35,0,1137050403.0
direct_loans,2012-2013,excluded_annual_identity_unresolved,opeid_master,no_annual_site_match,loan_direct__subsidized_loans_originated_amt,nominal_usd,472,472,0,24140988.0
direct_loans,2012-2013,excluded_annual_identity_unresolved,opeid_master,no_annual_site_match,loan_direct__subsidized_disbursements,nominal_usd,472,472,0,23614978.0
direct_loans,2012-2013,excluded_annual_identity_unresolved,opeid_master,no_annual_site_match,loan_direct__unsubsidized_loans_originated_amt,nominal_usd,472,0,472,
direct_loans,2012-2013,excluded_annual_identity_unresolved,opeid_master,no_annual_site_match,loan_direct__unsubsidized_disbursements,nominal_usd,472,0,472,
direct_loans,2012-2013,excluded_annual_identity_unresolved,opeid_master,no_annual_site_match,loan_direct__plus_loans_originated_amt,nominal_usd,472,0,472,
direct_loans,2012-2013,excluded_annual_identity_unresolved,opeid_master,no_annual_site_match,loan_direct__plus_disbursements,nominal_usd,472,0,472,
direct_loans,2012-2013,excluded_annual_identity_unresolved,opeid_master,no_annual_site_match,loan_direct__grad_plus_loans_originated_amt,nominal_usd,472,472,0,599468796.0
direct_loans,2012-2013,excluded_annual_identity_unresolved,opeid_master,no_annual_site_match,loan_direct__grad_plus_disbursements,nominal_usd,472,472,0,593233710.0
direct_loans,2012-2013,excluded_annual_identity_unresolved,opeid_master,no_annual_site_match,loan_direct__parent_plus_loans_originated_amt,nominal_usd,472,472,0,34560629.0
direct_loans,2012-2013,excluded_annual_identity_unresolved,opeid_master,no_annual_site_match,loan_direct__parent_plus_disbursements,nominal_usd,472,472,0,33725527.0
direct_loans,2012-2013,excluded_annual_identity_unresolved,opeid_master,no_annual_site_match,loan_direct__subsidized_undergraduate_loans_originated_amt,nominal_usd,472,0,472,
direct_loans,2012-2013,excluded_annual_identity_unresolved,opeid_master,no_annual_site_match,loan_direct__subsidized_undergraduate_disbursements,nominal_usd,472,0,472,
direct_loans,2012-2013,excluded_annual_identity_unresolved,opeid_master,no_annual_site_match,loan_direct__subsidized_graduate_loans_originated_amt,nominal_usd,472,0,472,
direct_loans,2012-2013,excluded_annual_identity_unresolved,opeid_master,no_annual_site_match,loan_direct__subsidized_graduate_disbursements,nominal_usd,472,0,472,
direct_loans,2012-2013,excluded_annual_identity_unresolved,opeid_master,no_annual_site_match,loan_direct__unsubsidized_undergraduate_loans_originated_amt,nominal_usd,472,472,0,25078676.0
direct_loans,2012-2013,excluded_annual_identity_unresolved,opeid_master,no_annual_site_match,loan_direct__unsubsidized_undergraduate_disbursements,nominal_usd,472,472,0,24395222.0
direct_loans,2012-2013,excluded_annual_identity_unresolved,opeid_master,no_annual_site_match,loan_direct__unsubsidized_graduate_loans_originated_amt,nominal_usd,472,472,0,430750561.0
direct_loans,2012-2013,excluded_annual_identity_unresolved,opeid_master,no_annual_site_match,loan_direct__unsubsidized_graduate_disbursements,nominal_usd,472,472,0,426613407.0
direct_loans,2012-2013,excluded_annual_identity_unresolved,opeid_master,resolved_administrative_directory_identity_ineligible,loan_direct__subsidized_loans_originated_amt,nominal_usd,1,1,0,7839718.0
direct_loans,2012-2013,excluded_annual_identity_unresolved,opeid_master,resolved_administrative_directory_identity_ineligible,loan_direct__subsidized_disbursements,nominal_usd,1,1,0,7788124.0
direct_loans,2012-2013,excluded_annual_identity_unresolved,opeid_master,resolved_administrative_directory_identity_ineligible,loan_direct__unsubsidized_loans_originated_amt,nominal_usd,1,0,1,
direct_loans,2012-2013,excluded_annual_identity_unresolved,opeid_master,resolved_administrative_directory_identity_ineligible,loan_direct__unsubsidized_disbursements,nominal_usd,1,0,1,
direct_loans,2012-2013,excluded_annual_identity_unresolved,opeid_master,resolved_administrative_directory_identity_ineligible,loan_direct__plus_loans_originated_amt,nominal_usd,1,0,1,
direct_loans,2012-2013,excluded_annual_identity_unresolved,opeid_master,resolved_administrative_directory_identity_ineligible,loan_direct__plus_disbursements,nominal_usd,1,0,1,
direct_loans,2012-2013,excluded_annual_identity_unresolved,opeid_master,resolved_administrative_directory_identity_ineligible,loan_direct__grad_plus_loans_originated_amt,nominal_usd,1,1,0,0.0
direct_loans,2012-2013,excluded_annual_identity_unresolved,opeid_master,resolved_administrative_directory_identity_ineligible,loan_direct__grad_plus_disbursements,nominal_usd,1,1,0,0.0
direct_loans,2012-2013,excluded_annual_identity_unresolved,opeid_master,resolved_administrative_directory_identity_ineligible,loan_direct__parent_plus_loans_originated_amt,nominal_usd,1,1,0,36730.0
direct_loans,2012-2013,excluded_annual_identity_unresolved,opeid_master,resolved_administrative_directory_identity_ineligible,loan_direct__parent_plus_disbursements,nominal_usd,1,1,0,36730.0
direct_loans,2012-2013,excluded_annual_identity_unresolved,opeid_master,resolved_administrative_directory_identity_ineligible,loan_direct__subsidized_undergraduate_loans_originated_amt,nominal_usd,1,0,1,
direct_loans,2012-2013,excluded_annual_identity_unresolved,opeid_master,resolved_administrative_directory_identity_ineligible,loan_direct__subsidized_undergraduate_disbursements,nominal_usd,1,0,1,
direct_loans,2012-2013,excluded_annual_identity_unresolved,opeid_master,resolved_administrative_directory_identity_ineligible,loan_direct__subsidized_graduate_loans_originated_amt,nominal_usd,1,0,1,
direct_loans,2012-2013,excluded_annual_identity_unresolved,opeid_master,resolved_administrative_directory_identity_ineligible,loan_direct__subsidized_graduate_disbursements,nominal_usd,1,0,1,
direct_loans,2012-2013,excluded_annual_identity_unresolved,opeid_master,resolved_administrative_directory_identity_ineligible,loan_direct__unsubsidized_undergraduate_loans_originated_amt,nominal_usd,1,1,0,8400880.0
direct_loans,2012-2013,excluded_annual_identity_unresolved,opeid_master,resolved_administrative_directory_identity_ineligible,loan_direct__unsubsidized_undergraduate_disbursements,nominal_usd,1,1,0,8328355.0
direct_loans,2012-2013,excluded_annual_identity_unresolved,opeid_master,resolved_administrative_directory_identity_ineligible,loan_direct__unsubsidized_graduate_loans_originated_amt,nominal_usd,1,1,0,0.0
direct_loans,2012-2013,excluded_annual_identity_unresolved,opeid_master,resolved_administrative_directory_identity_ineligible,loan_direct__unsubsidized_graduate_disbursements,nominal_usd,1,1,0,0.0
direct_loans,2012-2013,included_unique_family_record,opeid_master,official_site_alias_annual_unitid_verified,loan_direct__subsidized_loans_originated_amt,nominal_usd,24,24,0,91190797.0
direct_loans,2012-2013,included_unique_family_record,opeid_master,official_site_alias_annual_unitid_verified,loan_direct__subsidized_disbursements,nominal_usd,24,24,0,90172825.0
direct_loans,2012-2013,included_unique_family_record,opeid_master,official_site_alias_annual_unitid_verified,loan_direct__unsubsidized_loans_originated_amt,nominal_usd,24,0,24,
direct_loans,2012-2013,included_unique_family_record,opeid_master,official_site_alias_annual_unitid_verified,loan_direct__unsubsidized_disbursements,nominal_usd,24,0,24,
direct_loans,2012-2013,included_unique_family_record,opeid_master,official_site_alias_annual_unitid_verified,loan_direct__plus_loans_originated_amt,nominal_usd,24,0,24,
direct_loans,2012-2013,included_unique_family_record,opeid_master,official_site_alias_annual_unitid_verified,loan_direct__plus_disbursements,nominal_usd,24,0,24,
direct_loans,2012-2013,included_unique_family_record,opeid_master,official_site_alias_annual_unitid_verified,loan_direct__grad_plus_loans_originated_amt,nominal_usd,24,24,0,16778818.0
direct_loans,2012-2013,included_unique_family_record,opeid_master,official_site_alias_annual_unitid_verified,loan_direct__grad_plus_disbursements,nominal_usd,24,24,0,16660445.0
direct_loans,2012-2013,included_unique_family_record,opeid_master,official_site_alias_annual_unitid_verified,loan_direct__parent_plus_loans_originated_amt,nominal_usd,24,24,0,4916123.0
direct_loans,2012-2013,included_unique_family_record,opeid_master,official_site_alias_annual_unitid_verified,loan_direct__parent_plus_disbursements,nominal_usd,24,24,0,4764686.0
direct_loans,2012-2013,included_unique_family_record,opeid_master,official_site_alias_annual_unitid_verified,loan_direct__subsidized_undergraduate_loans_originated_amt,nominal_usd,24,0,24,
direct_loans,2012-2013,included_unique_family_record,opeid_master,official_site_alias_annual_unitid_verified,loan_direct__subsidized_undergraduate_disbursements,nominal_usd,24,0,24,
direct_loans,2012-2013,included_unique_family_record,opeid_master,official_site_alias_annual_unitid_verified,loan_direct__subsidized_graduate_loans_originated_amt,nominal_usd,24,0,24,
direct_loans,2012-2013,included_unique_family_record,opeid_master,official_site_alias_annual_unitid_verified,loan_direct__subsidized_graduate_disbursements,nominal_usd,24,0,24,
direct_loans,2012-2013,included_unique_family_record,opeid_master,official_site_alias_annual_unitid_verified,loan_direct__unsubsidized_undergraduate_loans_originated_amt,nominal_usd,24,24,0,99508080.0
direct_loans,2012-2013,included_unique_family_record,opeid_master,official_site_alias_annual_unitid_verified,loan_direct__unsubsidized_undergraduate_disbursements,nominal_usd,24,24,0,98168891.0
direct_loans,2012-2013,included_unique_family_record,opeid_master,official_site_alias_annual_unitid_verified,loan_direct__unsubsidized_graduate_loans_originated_amt,nominal_usd,24,24,0,68006000.0
direct_loans,2012-2013,included_unique_family_record,opeid_master,official_site_alias_annual_unitid_verified,loan_direct__unsubsidized_graduate_disbursements,nominal_usd,24,24,0,67420200.0
direct_loans,2012-2013,included_unique_family_record,opeid_master,official_site_and_directory_agree,loan_direct__subsidized_loans_originated_amt,nominal_usd,5117,5117,0,27060642583.0
direct_loans,2012-2013,included_unique_family_record,opeid_master,official_site_and_directory_agree,loan_direct__subsidized_disbursements,nominal_usd,5117,5117,0,26525765416.0
direct_loans,2012-2013,included_unique_family_record,opeid_master,official_site_and_directory_agree,loan_direct__unsubsidized_loans_originated_amt,nominal_usd,5117,0,5117,
direct_loans,2012-2013,included_unique_family_record,opeid_master,official_site_and_directory_agree,loan_direct__unsubsidized_disbursements,nominal_usd,5117,0,5117,
direct_loans,2012-2013,included_unique_family_record,opeid_master,official_site_and_directory_agree,loan_direct__plus_loans_originated_amt,nominal_usd,5117,0,5117,
direct_loans,2012-2013,included_unique_family_record,opeid_master,official_site_and_directory_agree,loan_direct__plus_disbursements,nominal_usd,5117,0,5117,
direct_loans,2012-2013,included_unique_family_record,opeid_master,official_site_and_directory_agree,loan_direct__grad_plus_loans_originated_amt,nominal_usd,5117,5117,0,6918605226.0
direct_loans,2012-2013,included_unique_family_record,opeid_master,official_site_and_directory_agree,loan_direct__grad_plus_disbursements,nominal_usd,5117,5117,0,6832077262.0
direct_loans,2012-2013,included_unique_family_record,opeid_master,official_site_and_directory_agree,loan_direct__parent_plus_loans_originated_amt,nominal_usd,5117,5117,0,9423889922.0
direct_loans,2012-2013,included_unique_family_record,opeid_master,official_site_and_directory_agree,loan_direct__parent_plus_disbursements,nominal_usd,5117,5117,0,9233437444.0
direct_loans,2012-2013,included_unique_family_record,opeid_master,official_site_and_directory_agree,loan_direct__subsidized_undergraduate_loans_originated_amt,nominal_usd,5117,0,5117,
direct_loans,2012-2013,included_unique_family_record,opeid_master,official_site_and_directory_agree,loan_direct__subsidized_undergraduate_disbursements,nominal_usd,5117,0,5117,
direct_loans,2012-2013,included_unique_family_record,opeid_master,official_site_and_directory_agree,loan_direct__subsidized_graduate_loans_originated_amt,nominal_usd,5117,0,5117,
direct_loans,2012-2013,included_unique_family_record,opeid_master,official_site_and_directory_agree,loan_direct__subsidized_graduate_disbursements,nominal_usd,5117,0,5117,
direct_loans,2012-2013,included_unique_family_record,opeid_master,official_site_and_directory_agree,loan_direct__unsubsidized_undergraduate_loans_originated_amt,nominal_usd,5117,5117,0,28743330934.0
direct_loans,2012-2013,included_unique_family_record,opeid_master,official_site_and_directory_agree,loan_direct__unsubsidized_undergraduate_disbursements,nominal_usd,5117,5117,0,27980880139.0
direct_loans,2012-2013,included_unique_family_record,opeid_master,official_site_and_directory_agree,loan_direct__unsubsidized_graduate_loans_originated_amt,nominal_usd,5117,5117,0,25649510243.0
direct_loans,2012-2013,included_unique_family_record,opeid_master,official_site_and_directory_agree,loan_direct__unsubsidized_graduate_disbursements,nominal_usd,5117,5117,0,25247105755.0
direct_loans,2013-2014,excluded_annual_identity_unresolved,opeid_master,directory_crosswalk_identity_conflict,loan_direct__subsidized_loans_originated_amt,nominal_usd,4,4,0,26199344.0
direct_loans,2013-2014,excluded_annual_identity_unresolved,opeid_master,directory_crosswalk_identity_conflict,loan_direct__subsidized_disbursements,nominal_usd,4,4,0,25828281.0
direct_loans,2013-2014,excluded_annual_identity_unresolved,opeid_master,directory_crosswalk_identity_conflict,loan_direct__unsubsidized_loans_originated_amt,nominal_usd,4,0,4,
direct_loans,2013-2014,excluded_annual_identity_unresolved,opeid_master,directory_crosswalk_identity_conflict,loan_direct__unsubsidized_disbursements,nominal_usd,4,0,4,
direct_loans,2013-2014,excluded_annual_identity_unresolved,opeid_master,directory_crosswalk_identity_conflict,loan_direct__plus_loans_originated_amt,nominal_usd,4,0,4,
direct_loans,2013-2014,excluded_annual_identity_unresolved,opeid_master,directory_crosswalk_identity_conflict,loan_direct__plus_disbursements,nominal_usd,4,0,4,
direct_loans,2013-2014,excluded_annual_identity_unresolved,opeid_master,directory_crosswalk_identity_conflict,loan_direct__grad_plus_loans_originated_amt,nominal_usd,4,4,0,0.0
direct_loans,2013-2014,excluded_annual_identity_unresolved,opeid_master,directory_crosswalk_identity_conflict,loan_direct__grad_plus_disbursements,nominal_usd,4,4,0,0.0
direct_loans,2013-2014,excluded_annual_identity_unresolved,opeid_master,directory_crosswalk_identity_conflict,loan_direct__parent_plus_loans_originated_amt,nominal_usd,4,4,0,2478806.0
direct_loans,2013-2014,excluded_annual_identity_unresolved,opeid_master,directory_crosswalk_identity_conflict,loan_direct__parent_plus_disbursements,nominal_usd,4,4,0,2446549.0
direct_loans,2013-2014,excluded_annual_identity_unresolved,opeid_master,directory_crosswalk_identity_conflict,loan_direct__subsidized_undergraduate_loans_originated_amt,nominal_usd,4,0,4,
direct_loans,2013-2014,excluded_annual_identity_unresolved,opeid_master,directory_crosswalk_identity_conflict,loan_direct__subsidized_undergraduate_disbursements,nominal_usd,4,0,4,
direct_loans,2013-2014,excluded_annual_identity_unresolved,opeid_master,directory_crosswalk_identity_conflict,loan_direct__subsidized_graduate_loans_originated_amt,nominal_usd,4,0,4,
direct_loans,2013-2014,excluded_annual_identity_unresolved,opeid_master,directory_crosswalk_identity_conflict,loan_direct__subsidized_graduate_disbursements,nominal_usd,4,0,4,
direct_loans,2013-2014,excluded_annual_identity_unresolved,opeid_master,directory_crosswalk_identity_conflict,loan_direct__unsubsidized_undergraduate_loans_originated_amt,nominal_usd,4,4,0,38890704.0
direct_loans,2013-2014,excluded_annual_identity_unresolved,opeid_master,directory_crosswalk_identity_conflict,loan_direct__unsubsidized_undergraduate_disbursements,nominal_usd,4,4,0,38066076.0
direct_loans,2013-2014,excluded_annual_identity_unresolved,opeid_master,directory_crosswalk_identity_conflict,loan_direct__unsubsidized_graduate_loans_originated_amt,nominal_usd,4,4,0,0.0
direct_loans,2013-2014,excluded_annual_identity_unresolved,opeid_master,directory_crosswalk_identity_conflict,loan_direct__unsubsidized_graduate_disbursements,nominal_usd,4,4,0,0.0
direct_loans,2013-2014,excluded_annual_identity_unresolved,opeid_master,multiple_nonadministrative_directory_unitids,loan_direct__subsidized_loans_originated_amt,nominal_usd,6,6,0,252967350.0
direct_loans,2013-2014,excluded_annual_identity_unresolved,opeid_master,multiple_nonadministrative_directory_unitids,loan_direct__subsidized_disbursements,nominal_usd,6,6,0,249693923.0
direct_loans,2013-2014,excluded_annual_identity_unresolved,opeid_master,multiple_nonadministrative_directory_unitids,loan_direct__unsubsidized_loans_originated_amt,nominal_usd,6,0,6,
direct_loans,2013-2014,excluded_annual_identity_unresolved,opeid_master,multiple_nonadministrative_directory_unitids,loan_direct__unsubsidized_disbursements,nominal_usd,6,0,6,
direct_loans,2013-2014,excluded_annual_identity_unresolved,opeid_master,multiple_nonadministrative_directory_unitids,loan_direct__plus_loans_originated_amt,nominal_usd,6,0,6,
direct_loans,2013-2014,excluded_annual_identity_unresolved,opeid_master,multiple_nonadministrative_directory_unitids,loan_direct__plus_disbursements,nominal_usd,6,0,6,
direct_loans,2013-2014,excluded_annual_identity_unresolved,opeid_master,multiple_nonadministrative_directory_unitids,loan_direct__grad_plus_loans_originated_amt,nominal_usd,6,6,0,10937477.0
direct_loans,2013-2014,excluded_annual_identity_unresolved,opeid_master,multiple_nonadministrative_directory_unitids,loan_direct__grad_plus_disbursements,nominal_usd,6,6,0,10878925.0
direct_loans,2013-2014,excluded_annual_identity_unresolved,opeid_master,multiple_nonadministrative_directory_unitids,loan_direct__parent_plus_loans_originated_amt,nominal_usd,6,6,0,17001675.0
direct_loans,2013-2014,excluded_annual_identity_unresolved,opeid_master,multiple_nonadministrative_directory_unitids,loan_direct__parent_plus_disbursements,nominal_usd,6,6,0,16881541.0
direct_loans,2013-2014,excluded_annual_identity_unresolved,opeid_master,multiple_nonadministrative_directory_unitids,loan_direct__subsidized_undergraduate_loans_originated_amt,nominal_usd,6,0,6,
direct_loans,2013-2014,excluded_annual_identity_unresolved,opeid_master,multiple_nonadministrative_directory_unitids,loan_direct__subsidized_undergraduate_disbursements,nominal_usd,6,0,6,
direct_loans,2013-2014,excluded_annual_identity_unresolved,opeid_master,multiple_nonadministrative_directory_unitids,loan_direct__subsidized_graduate_loans_originated_amt,nominal_usd,6,0,6,
direct_loans,2013-2014,excluded_annual_identity_unresolved,opeid_master,multiple_nonadministrative_directory_unitids,loan_direct__subsidized_graduate_disbursements,nominal_usd,6,0,6,
direct_loans,2013-2014,excluded_annual_identity_unresolved,opeid_master,multiple_nonadministrative_directory_unitids,loan_direct__unsubsidized_undergraduate_loans_originated_amt,nominal_usd,6,6,0,356043079.0
direct_loans,2013-2014,excluded_annual_identity_unresolved,opeid_master,multiple_nonadministrative_directory_unitids,loan_direct__unsubsidized_undergraduate_disbursements,nominal_usd,6,6,0,351585446.0
direct_loans,2013-2014,excluded_annual_identity_unresolved,opeid_master,multiple_nonadministrative_directory_unitids,loan_direct__unsubsidized_graduate_loans_originated_amt,nominal_usd,6,6,0,273781672.0
direct_loans,2013-2014,excluded_annual_identity_unresolved,opeid_master,multiple_nonadministrative_directory_unitids,loan_direct__unsubsidized_graduate_disbursements,nominal_usd,6,6,0,272107674.0
direct_loans,2013-2014,excluded_annual_identity_unresolved,opeid_master,multiple_official_site_unitids,loan_direct__subsidized_loans_originated_amt,nominal_usd,37,37,0,1170561940.0
direct_loans,2013-2014,excluded_annual_identity_unresolved,opeid_master,multiple_official_site_unitids,loan_direct__subsidized_disbursements,nominal_usd,37,37,0,1164249492.0
direct_loans,2013-2014,excluded_annual_identity_unresolved,opeid_master,multiple_official_site_unitids,loan_direct__unsubsidized_loans_originated_amt,nominal_usd,37,0,37,
direct_loans,2013-2014,excluded_annual_identity_unresolved,opeid_master,multiple_official_site_unitids,loan_direct__unsubsidized_disbursements,nominal_usd,37,0,37,
direct_loans,2013-2014,excluded_annual_identity_unresolved,opeid_master,multiple_official_site_unitids,loan_direct__plus_loans_originated_amt,nominal_usd,37,0,37,
direct_loans,2013-2014,excluded_annual_identity_unresolved,opeid_master,multiple_official_site_unitids,loan_direct__plus_disbursements,nominal_usd,37,0,37,
direct_loans,2013-2014,excluded_annual_identity_unresolved,opeid_master,multiple_official_site_unitids,loan_direct__grad_plus_loans_originated_amt,nominal_usd,37,37,0,155544970.0
direct_loans,2013-2014,excluded_annual_identity_unresolved,opeid_master,multiple_official_site_unitids,loan_direct__grad_plus_disbursements,nominal_usd,37,37,0,155293808.0
direct_loans,2013-2014,excluded_annual_identity_unresolved,opeid_master,multiple_official_site_unitids,loan_direct__parent_plus_loans_originated_amt,nominal_usd,37,37,0,583467846.0
direct_loans,2013-2014,excluded_annual_identity_unresolved,opeid_master,multiple_official_site_unitids,loan_direct__parent_plus_disbursements,nominal_usd,37,37,0,582670912.0
direct_loans,2013-2014,excluded_annual_identity_unresolved,opeid_master,multiple_official_site_unitids,loan_direct__subsidized_undergraduate_loans_originated_amt,nominal_usd,37,0,37,
direct_loans,2013-2014,excluded_annual_identity_unresolved,opeid_master,multiple_official_site_unitids,loan_direct__subsidized_undergraduate_disbursements,nominal_usd,37,0,37,
direct_loans,2013-2014,excluded_annual_identity_unresolved,opeid_master,multiple_official_site_unitids,loan_direct__subsidized_graduate_loans_originated_amt,nominal_usd,37,0,37,
direct_loans,2013-2014,excluded_annual_identity_unresolved,opeid_master,multiple_official_site_unitids,loan_direct__subsidized_graduate_disbursements,nominal_usd,37,0,37,
direct_loans,2013-2014,excluded_annual_identity_unresolved,opeid_master,multiple_official_site_unitids,loan_direct__unsubsidized_undergraduate_loans_originated_amt,nominal_usd,37,37,0,1429403620.0
direct_loans,2013-2014,excluded_annual_identity_unresolved,opeid_master,multiple_official_site_unitids,loan_direct__unsubsidized_undergraduate_disbursements,nominal_usd,37,37,0,1417798715.0
direct_loans,2013-2014,excluded_annual_identity_unresolved,opeid_master,multiple_official_site_unitids,loan_direct__unsubsidized_graduate_loans_originated_amt,nominal_usd,37,37,0,1059897736.0
direct_loans,2013-2014,excluded_annual_identity_unresolved,opeid_master,multiple_official_site_unitids,loan_direct__unsubsidized_graduate_disbursements,nominal_usd,37,37,0,1057053239.0
direct_loans,2013-2014,excluded_annual_identity_unresolved,opeid_master,no_annual_site_match,loan_direct__subsidized_loans_originated_amt,nominal_usd,469,469,0,54513303.0
direct_loans,2013-2014,excluded_annual_identity_unresolved,opeid_master,no_annual_site_match,loan_direct__subsidized_disbursements,nominal_usd,469,469,0,54139972.0
direct_loans,2013-2014,excluded_annual_identity_unresolved,opeid_master,no_annual_site_match,loan_direct__unsubsidized_loans_originated_amt,nominal_usd,469,0,469,
direct_loans,2013-2014,excluded_annual_identity_unresolved,opeid_master,no_annual_site_match,loan_direct__unsubsidized_disbursements,nominal_usd,469,0,469,
direct_loans,2013-2014,excluded_annual_identity_unresolved,opeid_master,no_annual_site_match,loan_direct__plus_loans_originated_amt,nominal_usd,469,0,469,
direct_loans,2013-2014,excluded_annual_identity_unresolved,opeid_master,no_annual_site_match,loan_direct__plus_disbursements,nominal_usd,469,0,469,
direct_loans,2013-2014,excluded_annual_identity_unresolved,opeid_master,no_annual_site_match,loan_direct__grad_plus_loans_originated_amt,nominal_usd,469,469,0,677027675.0
direct_loans,2013-2014,excluded_annual_identity_unresolved,opeid_master,no_annual_site_match,loan_direct__grad_plus_disbursements,nominal_usd,469,469,0,675489689.0
direct_loans,2013-2014,excluded_annual_identity_unresolved,opeid_master,no_annual_site_match,loan_direct__parent_plus_loans_originated_amt,nominal_usd,469,469,0,37224801.0
direct_loans,2013-2014,excluded_annual_identity_unresolved,opeid_master,no_annual_site_match,loan_direct__parent_plus_disbursements,nominal_usd,469,469,0,36869971.0
direct_loans,2013-2014,excluded_annual_identity_unresolved,opeid_master,no_annual_site_match,loan_direct__subsidized_undergraduate_loans_originated_amt,nominal_usd,469,0,469,
direct_loans,2013-2014,excluded_annual_identity_unresolved,opeid_master,no_annual_site_match,loan_direct__subsidized_undergraduate_disbursements,nominal_usd,469,0,469,
direct_loans,2013-2014,excluded_annual_identity_unresolved,opeid_master,no_annual_site_match,loan_direct__subsidized_graduate_loans_originated_amt,nominal_usd,469,0,469,
direct_loans,2013-2014,excluded_annual_identity_unresolved,opeid_master,no_annual_site_match,loan_direct__subsidized_graduate_disbursements,nominal_usd,469,0,469,
direct_loans,2013-2014,excluded_annual_identity_unresolved,opeid_master,no_annual_site_match,loan_direct__unsubsidized_undergraduate_loans_originated_amt,nominal_usd,469,469,0,29240642.0
direct_loans,2013-2014,excluded_annual_identity_unresolved,opeid_master,no_annual_site_match,loan_direct__unsubsidized_undergraduate_disbursements,nominal_usd,469,469,0,28812317.0
direct_loans,2013-2014,excluded_annual_identity_unresolved,opeid_master,no_annual_site_match,loan_direct__unsubsidized_graduate_loans_originated_amt,nominal_usd,469,469,0,454315986.0
direct_loans,2013-2014,excluded_annual_identity_unresolved,opeid_master,no_annual_site_match,loan_direct__unsubsidized_graduate_disbursements,nominal_usd,469,469,0,453353992.0
direct_loans,2013-2014,included_unique_family_record,opeid_master,official_site_alias_annual_unitid_verified,loan_direct__subsidized_loans_originated_amt,nominal_usd,8,8,0,4102914.0
direct_loans,2013-2014,included_unique_family_record,opeid_master,official_site_alias_annual_unitid_verified,loan_direct__subsidized_disbursements,nominal_usd,8,8,0,3868452.0
direct_loans,2013-2014,included_unique_family_record,opeid_master,official_site_alias_annual_unitid_verified,loan_direct__unsubsidized_loans_originated_amt,nominal_usd,8,0,8,
direct_loans,2013-2014,included_unique_family_record,opeid_master,official_site_alias_annual_unitid_verified,loan_direct__unsubsidized_disbursements,nominal_usd,8,0,8,
direct_loans,2013-2014,included_unique_family_record,opeid_master,official_site_alias_annual_unitid_verified,loan_direct__plus_loans_originated_amt,nominal_usd,8,0,8,
direct_loans,2013-2014,included_unique_family_record,opeid_master,official_site_alias_annual_unitid_verified,loan_direct__plus_disbursements,nominal_usd,8,0,8,
direct_loans,2013-2014,included_unique_family_record,opeid_master,official_site_alias_annual_unitid_verified,loan_direct__grad_plus_loans_originated_amt,nominal_usd,8,8,0,523933.0
direct_loans,2013-2014,included_unique_family_record,opeid_master,official_site_alias_annual_unitid_verified,loan_direct__grad_plus_disbursements,nominal_usd,8,8,0,523933.0
direct_loans,2013-2014,included_unique_family_record,opeid_master,official_site_alias_annual_unitid_verified,loan_direct__parent_plus_loans_originated_amt,nominal_usd,8,8,0,238037.0
direct_loans,2013-2014,included_unique_family_record,opeid_master,official_site_alias_annual_unitid_verified,loan_direct__parent_plus_disbursements,nominal_usd,8,8,0,237619.0
direct_loans,2013-2014,included_unique_family_record,opeid_master,official_site_alias_annual_unitid_verified,loan_direct__subsidized_undergraduate_loans_originated_amt,nominal_usd,8,0,8,
direct_loans,2013-2014,included_unique_family_record,opeid_master,official_site_alias_annual_unitid_verified,loan_direct__subsidized_undergraduate_disbursements,nominal_usd,8,0,8,
direct_loans,2013-2014,included_unique_family_record,opeid_master,official_site_alias_annual_unitid_verified,loan_direct__subsidized_graduate_loans_originated_amt,nominal_usd,8,0,8,
direct_loans,2013-2014,included_unique_family_record,opeid_master,official_site_alias_annual_unitid_verified,loan_direct__subsidized_graduate_disbursements,nominal_usd,8,0,8,
direct_loans,2013-2014,included_unique_family_record,opeid_master,official_site_alias_annual_unitid_verified,loan_direct__unsubsidized_undergraduate_loans_originated_amt,nominal_usd,8,8,0,5018594.0
direct_loans,2013-2014,included_unique_family_record,opeid_master,official_site_alias_annual_unitid_verified,loan_direct__unsubsidized_undergraduate_disbursements,nominal_usd,8,8,0,4743168.0
direct_loans,2013-2014,included_unique_family_record,opeid_master,official_site_alias_annual_unitid_verified,loan_direct__unsubsidized_graduate_loans_originated_amt,nominal_usd,8,8,0,136206.0
direct_loans,2013-2014,included_unique_family_record,opeid_master,official_site_alias_annual_unitid_verified,loan_direct__unsubsidized_graduate_disbursements,nominal_usd,8,8,0,116280.0
direct_loans,2013-2014,included_unique_family_record,opeid_master,official_site_and_directory_agree,loan_direct__subsidized_loans_originated_amt,nominal_usd,4992,4992,0,25203435617.0
direct_loans,2013-2014,included_unique_family_record,opeid_master,official_site_and_directory_agree,loan_direct__subsidized_disbursements,nominal_usd,4992,4992,0,24945021329.0
direct_loans,2013-2014,included_unique_family_record,opeid_master,official_site_and_directory_agree,loan_direct__unsubsidized_loans_originated_amt,nominal_usd,4992,0,4992,
direct_loans,2013-2014,included_unique_family_record,opeid_master,official_site_and_directory_agree,loan_direct__unsubsidized_disbursements,nominal_usd,4992,0,4992,
direct_loans,2013-2014,included_unique_family_record,opeid_master,official_site_and_directory_agree,loan_direct__plus_loans_originated_amt,nominal_usd,4992,0,4992,
direct_loans,2013-2014,included_unique_family_record,opeid_master,official_site_and_directory_agree,loan_direct__plus_disbursements,nominal_usd,4992,0,4992,
direct_loans,2013-2014,included_unique_family_record,opeid_master,official_site_and_directory_agree,loan_direct__grad_plus_loans_originated_amt,nominal_usd,4992,4992,0,7292327174.0
direct_loans,2013-2014,included_unique_family_record,opeid_master,official_site_and_directory_agree,loan_direct__grad_plus_disbursements,nominal_usd,4992,4992,0,7265639646.0
direct_loans,2013-2014,included_unique_family_record,opeid_master,official_site_and_directory_agree,loan_direct__parent_plus_loans_originated_amt,nominal_usd,4992,4992,0,9682902420.0
direct_loans,2013-2014,included_unique_family_record,opeid_master,official_site_and_directory_agree,loan_direct__parent_plus_disbursements,nominal_usd,4992,4992,0,9644424273.0
direct_loans,2013-2014,included_unique_family_record,opeid_master,official_site_and_directory_agree,loan_direct__subsidized_undergraduate_loans_originated_amt,nominal_usd,4992,0,4992,
direct_loans,2013-2014,included_unique_family_record,opeid_master,official_site_and_directory_agree,loan_direct__subsidized_undergraduate_disbursements,nominal_usd,4992,0,4992,
direct_loans,2013-2014,included_unique_family_record,opeid_master,official_site_and_directory_agree,loan_direct__subsidized_graduate_loans_originated_amt,nominal_usd,4992,0,4992,
direct_loans,2013-2014,included_unique_family_record,opeid_master,official_site_and_directory_agree,loan_direct__subsidized_graduate_disbursements,nominal_usd,4992,0,4992,
direct_loans,2013-2014,included_unique_family_record,opeid_master,official_site_and_directory_agree,loan_direct__unsubsidized_undergraduate_loans_originated_amt,nominal_usd,4992,4992,0,26529581010.0
direct_loans,2013-2014,included_unique_family_record,opeid_master,official_site_and_directory_agree,loan_direct__unsubsidized_undergraduate_disbursements,nominal_usd,4992,4992,0,26167713807.0
direct_loans,2013-2014,included_unique_family_record,opeid_master,official_site_and_directory_agree,loan_direct__unsubsidized_graduate_loans_originated_amt,nominal_usd,4992,4992,0,25675117725.0
direct_loans,2013-2014,included_unique_family_record,opeid_master,official_site_and_directory_agree,loan_direct__unsubsidized_graduate_disbursements,nominal_usd,4992,4992,0,25533560650.0
direct_loans,2014-2015,excluded_annual_identity_unresolved,opeid_master,directory_crosswalk_identity_conflict,loan_direct__subsidized_loans_originated_amt,nominal_usd,1,1,0,50587.0
direct_loans,2014-2015,excluded_annual_identity_unresolved,opeid_master,directory_crosswalk_identity_conflict,loan_direct__subsidized_disbursements,nominal_usd,1,1,0,50587.0
direct_loans,2014-2015,excluded_annual_identity_unresolved,opeid_master,directory_crosswalk_identity_conflict,loan_direct__unsubsidized_loans_originated_amt,nominal_usd,1,0,1,
direct_loans,2014-2015,excluded_annual_identity_unresolved,opeid_master,directory_crosswalk_identity_conflict,loan_direct__unsubsidized_disbursements,nominal_usd,1,0,1,
direct_loans,2014-2015,excluded_annual_identity_unresolved,opeid_master,directory_crosswalk_identity_conflict,loan_direct__plus_loans_originated_amt,nominal_usd,1,0,1,
direct_loans,2014-2015,excluded_annual_identity_unresolved,opeid_master,directory_crosswalk_identity_conflict,loan_direct__plus_disbursements,nominal_usd,1,0,1,
direct_loans,2014-2015,excluded_annual_identity_unresolved,opeid_master,directory_crosswalk_identity_conflict,loan_direct__grad_plus_loans_originated_amt,nominal_usd,1,1,0,0.0
direct_loans,2014-2015,excluded_annual_identity_unresolved,opeid_master,directory_crosswalk_identity_conflict,loan_direct__grad_plus_disbursements,nominal_usd,1,1,0,0.0
direct_loans,2014-2015,excluded_annual_identity_unresolved,opeid_master,directory_crosswalk_identity_conflict,loan_direct__parent_plus_loans_originated_amt,nominal_usd,1,1,0,5486.0
direct_loans,2014-2015,excluded_annual_identity_unresolved,opeid_master,directory_crosswalk_identity_conflict,loan_direct__parent_plus_disbursements,nominal_usd,1,1,0,5486.0
direct_loans,2014-2015,excluded_annual_identity_unresolved,opeid_master,directory_crosswalk_identity_conflict,loan_direct__subsidized_undergraduate_loans_originated_amt,nominal_usd,1,0,1,
direct_loans,2014-2015,excluded_annual_identity_unresolved,opeid_master,directory_crosswalk_identity_conflict,loan_direct__subsidized_undergraduate_disbursements,nominal_usd,1,0,1,
direct_loans,2014-2015,excluded_annual_identity_unresolved,opeid_master,directory_crosswalk_identity_conflict,loan_direct__subsidized_graduate_loans_originated_amt,nominal_usd,1,0,1,
direct_loans,2014-2015,excluded_annual_identity_unresolved,opeid_master,directory_crosswalk_identity_conflict,loan_direct__subsidized_graduate_disbursements,nominal_usd,1,0,1,
direct_loans,2014-2015,excluded_annual_identity_unresolved,opeid_master,directory_crosswalk_identity_conflict,loan_direct__unsubsidized_undergraduate_loans_originated_amt,nominal_usd,1,1,0,91492.0
direct_loans,2014-2015,excluded_annual_identity_unresolved,opeid_master,directory_crosswalk_identity_conflict,loan_direct__unsubsidized_undergraduate_disbursements,nominal_usd,1,1,0,91492.0
direct_loans,2014-2015,excluded_annual_identity_unresolved,opeid_master,directory_crosswalk_identity_conflict,loan_direct__unsubsidized_graduate_loans_originated_amt,nominal_usd,1,1,0,0.0
direct_loans,2014-2015,excluded_annual_identity_unresolved,opeid_master,directory_crosswalk_identity_conflict,loan_direct__unsubsidized_graduate_disbursements,nominal_usd,1,1,0,0.0
direct_loans,2014-2015,excluded_annual_identity_unresolved,opeid_master,multiple_nonadministrative_directory_unitids,loan_direct__subsidized_loans_originated_amt,nominal_usd,3,3,0,518343005.0
direct_loans,2014-2015,excluded_annual_identity_unresolved,opeid_master,multiple_nonadministrative_directory_unitids,loan_direct__subsidized_disbursements,nominal_usd,3,3,0,517516600.0
direct_loans,2014-2015,excluded_annual_identity_unresolved,opeid_master,multiple_nonadministrative_directory_unitids,loan_direct__unsubsidized_loans_originated_amt,nominal_usd,3,0,3,
direct_loans,2014-2015,excluded_annual_identity_unresolved,opeid_master,multiple_nonadministrative_directory_unitids,loan_direct__unsubsidized_disbursements,nominal_usd,3,0,3,
direct_loans,2014-2015,excluded_annual_identity_unresolved,opeid_master,multiple_nonadministrative_directory_unitids,loan_direct__plus_loans_originated_amt,nominal_usd,3,0,3,
direct_loans,2014-2015,excluded_annual_identity_unresolved,opeid_master,multiple_nonadministrative_directory_unitids,loan_direct__plus_disbursements,nominal_usd,3,0,3,
direct_loans,2014-2015,excluded_annual_identity_unresolved,opeid_master,multiple_nonadministrative_directory_unitids,loan_direct__grad_plus_loans_originated_amt,nominal_usd,3,3,0,7903205.0
direct_loans,2014-2015,excluded_annual_identity_unresolved,opeid_master,multiple_nonadministrative_directory_unitids,loan_direct__grad_plus_disbursements,nominal_usd,3,3,0,7858558.0
direct_loans,2014-2015,excluded_annual_identity_unresolved,opeid_master,multiple_nonadministrative_directory_unitids,loan_direct__parent_plus_loans_originated_amt,nominal_usd,3,3,0,11188954.0
direct_loans,2014-2015,excluded_annual_identity_unresolved,opeid_master,multiple_nonadministrative_directory_unitids,loan_direct__parent_plus_disbursements,nominal_usd,3,3,0,11166049.0
direct_loans,2014-2015,excluded_annual_identity_unresolved,opeid_master,multiple_nonadministrative_directory_unitids,loan_direct__subsidized_undergraduate_loans_originated_amt,nominal_usd,3,0,3,
direct_loans,2014-2015,excluded_annual_identity_unresolved,opeid_master,multiple_nonadministrative_directory_unitids,loan_direct__subsidized_undergraduate_disbursements,nominal_usd,3,0,3,
direct_loans,2014-2015,excluded_annual_identity_unresolved,opeid_master,multiple_nonadministrative_directory_unitids,loan_direct__subsidized_graduate_loans_originated_amt,nominal_usd,3,0,3,
direct_loans,2014-2015,excluded_annual_identity_unresolved,opeid_master,multiple_nonadministrative_directory_unitids,loan_direct__subsidized_graduate_disbursements,nominal_usd,3,0,3,
direct_loans,2014-2015,excluded_annual_identity_unresolved,opeid_master,multiple_nonadministrative_directory_unitids,loan_direct__unsubsidized_undergraduate_loans_originated_amt,nominal_usd,3,3,0,681579571.0
direct_loans,2014-2015,excluded_annual_identity_unresolved,opeid_master,multiple_nonadministrative_directory_unitids,loan_direct__unsubsidized_undergraduate_disbursements,nominal_usd,3,3,0,680722199.0
direct_loans,2014-2015,excluded_annual_identity_unresolved,opeid_master,multiple_nonadministrative_directory_unitids,loan_direct__unsubsidized_graduate_loans_originated_amt,nominal_usd,3,3,0,403872594.0
direct_loans,2014-2015,excluded_annual_identity_unresolved,opeid_master,multiple_nonadministrative_directory_unitids,loan_direct__unsubsidized_graduate_disbursements,nominal_usd,3,3,0,403656583.0
direct_loans,2014-2015,excluded_annual_identity_unresolved,opeid_master,multiple_official_site_unitids,loan_direct__subsidized_loans_originated_amt,nominal_usd,36,36,0,1143580096.0
direct_loans,2014-2015,excluded_annual_identity_unresolved,opeid_master,multiple_official_site_unitids,loan_direct__subsidized_disbursements,nominal_usd,36,36,0,1141940567.0
direct_loans,2014-2015,excluded_annual_identity_unresolved,opeid_master,multiple_official_site_unitids,loan_direct__unsubsidized_loans_originated_amt,nominal_usd,36,0,36,
direct_loans,2014-2015,excluded_annual_identity_unresolved,opeid_master,multiple_official_site_unitids,loan_direct__unsubsidized_disbursements,nominal_usd,36,0,36,
direct_loans,2014-2015,excluded_annual_identity_unresolved,opeid_master,multiple_official_site_unitids,loan_direct__plus_loans_originated_amt,nominal_usd,36,0,36,
direct_loans,2014-2015,excluded_annual_identity_unresolved,opeid_master,multiple_official_site_unitids,loan_direct__plus_disbursements,nominal_usd,36,0,36,
direct_loans,2014-2015,excluded_annual_identity_unresolved,opeid_master,multiple_official_site_unitids,loan_direct__grad_plus_loans_originated_amt,nominal_usd,36,36,0,170363009.0
direct_loans,2014-2015,excluded_annual_identity_unresolved,opeid_master,multiple_official_site_unitids,loan_direct__grad_plus_disbursements,nominal_usd,36,36,0,169944683.0
direct_loans,2014-2015,excluded_annual_identity_unresolved,opeid_master,multiple_official_site_unitids,loan_direct__parent_plus_loans_originated_amt,nominal_usd,36,36,0,609051097.0
direct_loans,2014-2015,excluded_annual_identity_unresolved,opeid_master,multiple_official_site_unitids,loan_direct__parent_plus_disbursements,nominal_usd,36,36,0,608379060.0
direct_loans,2014-2015,excluded_annual_identity_unresolved,opeid_master,multiple_official_site_unitids,loan_direct__subsidized_undergraduate_loans_originated_amt,nominal_usd,36,0,36,
direct_loans,2014-2015,excluded_annual_identity_unresolved,opeid_master,multiple_official_site_unitids,loan_direct__subsidized_undergraduate_disbursements,nominal_usd,36,0,36,
direct_loans,2014-2015,excluded_annual_identity_unresolved,opeid_master,multiple_official_site_unitids,loan_direct__subsidized_graduate_loans_originated_amt,nominal_usd,36,0,36,
direct_loans,2014-2015,excluded_annual_identity_unresolved,opeid_master,multiple_official_site_unitids,loan_direct__subsidized_graduate_disbursements,nominal_usd,36,0,36,
direct_loans,2014-2015,excluded_annual_identity_unresolved,opeid_master,multiple_official_site_unitids,loan_direct__unsubsidized_undergraduate_loans_originated_amt,nominal_usd,36,36,0,1371678850.0
direct_loans,2014-2015,excluded_annual_identity_unresolved,opeid_master,multiple_official_site_unitids,loan_direct__unsubsidized_undergraduate_disbursements,nominal_usd,36,36,0,1368585180.0
direct_loans,2014-2015,excluded_annual_identity_unresolved,opeid_master,multiple_official_site_unitids,loan_direct__unsubsidized_graduate_loans_originated_amt,nominal_usd,36,36,0,1147476031.0
direct_loans,2014-2015,excluded_annual_identity_unresolved,opeid_master,multiple_official_site_unitids,loan_direct__unsubsidized_graduate_disbursements,nominal_usd,36,36,0,1146480256.0
direct_loans,2014-2015,excluded_annual_identity_unresolved,opeid_master,no_annual_site_match,loan_direct__subsidized_loans_originated_amt,nominal_usd,447,447,0,43748696.0
direct_loans,2014-2015,excluded_annual_identity_unresolved,opeid_master,no_annual_site_match,loan_direct__subsidized_disbursements,nominal_usd,447,447,0,43425045.0
direct_loans,2014-2015,excluded_annual_identity_unresolved,opeid_master,no_annual_site_match,loan_direct__unsubsidized_loans_originated_amt,nominal_usd,447,0,447,
direct_loans,2014-2015,excluded_annual_identity_unresolved,opeid_master,no_annual_site_match,loan_direct__unsubsidized_disbursements,nominal_usd,447,0,447,
direct_loans,2014-2015,excluded_annual_identity_unresolved,opeid_master,no_annual_site_match,loan_direct__plus_loans_originated_amt,nominal_usd,447,0,447,
direct_loans,2014-2015,excluded_annual_identity_unresolved,opeid_master,no_annual_site_match,loan_direct__plus_disbursements,nominal_usd,447,0,447,
direct_loans,2014-2015,excluded_annual_identity_unresolved,opeid_master,no_annual_site_match,loan_direct__grad_plus_loans_originated_amt,nominal_usd,447,447,0,740743657.0
direct_loans,2014-2015,excluded_annual_identity_unresolved,opeid_master,no_annual_site_match,loan_direct__grad_plus_disbursements,nominal_usd,447,447,0,738833068.0
direct_loans,2014-2015,excluded_annual_identity_unresolved,opeid_master,no_annual_site_match,loan_direct__parent_plus_loans_originated_amt,nominal_usd,447,447,0,38982165.0
direct_loans,2014-2015,excluded_annual_identity_unresolved,opeid_master,no_annual_site_match,loan_direct__parent_plus_disbursements,nominal_usd,447,447,0,38739339.0
direct_loans,2014-2015,excluded_annual_identity_unresolved,opeid_master,no_annual_site_match,loan_direct__subsidized_undergraduate_loans_originated_amt,nominal_usd,447,0,447,
direct_loans,2014-2015,excluded_annual_identity_unresolved,opeid_master,no_annual_site_match,loan_direct__subsidized_undergraduate_disbursements,nominal_usd,447,0,447,
direct_loans,2014-2015,excluded_annual_identity_unresolved,opeid_master,no_annual_site_match,loan_direct__subsidized_graduate_loans_originated_amt,nominal_usd,447,0,447,
direct_loans,2014-2015,excluded_annual_identity_unresolved,opeid_master,no_annual_site_match,loan_direct__subsidized_graduate_disbursements,nominal_usd,447,0,447,
direct_loans,2014-2015,excluded_annual_identity_unresolved,opeid_master,no_annual_site_match,loan_direct__unsubsidized_undergraduate_loans_originated_amt,nominal_usd,447,447,0,22270355.0
direct_loans,2014-2015,excluded_annual_identity_unresolved,opeid_master,no_annual_site_match,loan_direct__unsubsidized_undergraduate_disbursements,nominal_usd,447,447,0,22087246.0
direct_loans,2014-2015,excluded_annual_identity_unresolved,opeid_master,no_annual_site_match,loan_direct__unsubsidized_graduate_loans_originated_amt,nominal_usd,447,447,0,488511961.0
direct_loans,2014-2015,excluded_annual_identity_unresolved,opeid_master,no_annual_site_match,loan_direct__unsubsidized_graduate_disbursements,nominal_usd,447,447,0,487441854.0
direct_loans,2014-2015,included_unique_family_record,opeid_master,official_site_alias_annual_unitid_verified,loan_direct__subsidized_loans_originated_amt,nominal_usd,1,1,0,1726617.0
direct_loans,2014-2015,included_unique_family_record,opeid_master,official_site_alias_annual_unitid_verified,loan_direct__subsidized_disbursements,nominal_usd,1,1,0,1704646.0
direct_loans,2014-2015,included_unique_family_record,opeid_master,official_site_alias_annual_unitid_verified,loan_direct__unsubsidized_loans_originated_amt,nominal_usd,1,0,1,
direct_loans,2014-2015,included_unique_family_record,opeid_master,official_site_alias_annual_unitid_verified,loan_direct__unsubsidized_disbursements,nominal_usd,1,0,1,
direct_loans,2014-2015,included_unique_family_record,opeid_master,official_site_alias_annual_unitid_verified,loan_direct__plus_loans_originated_amt,nominal_usd,1,0,1,
direct_loans,2014-2015,included_unique_family_record,opeid_master,official_site_alias_annual_unitid_verified,loan_direct__plus_disbursements,nominal_usd,1,0,1,
direct_loans,2014-2015,included_unique_family_record,opeid_master,official_site_alias_annual_unitid_verified,loan_direct__grad_plus_loans_originated_amt,nominal_usd,1,1,0,0.0
direct_loans,2014-2015,included_unique_family_record,opeid_master,official_site_alias_annual_unitid_verified,loan_direct__grad_plus_disbursements,nominal_usd,1,1,0,0.0
direct_loans,2014-2015,included_unique_family_record,opeid_master,official_site_alias_annual_unitid_verified,loan_direct__parent_plus_loans_originated_amt,nominal_usd,1,1,0,42487.0
direct_loans,2014-2015,included_unique_family_record,opeid_master,official_site_alias_annual_unitid_verified,loan_direct__parent_plus_disbursements,nominal_usd,1,1,0,35958.0
direct_loans,2014-2015,included_unique_family_record,opeid_master,official_site_alias_annual_unitid_verified,loan_direct__subsidized_undergraduate_loans_originated_amt,nominal_usd,1,0,1,
direct_loans,2014-2015,included_unique_family_record,opeid_master,official_site_alias_annual_unitid_verified,loan_direct__subsidized_undergraduate_disbursements,nominal_usd,1,0,1,
direct_loans,2014-2015,included_unique_family_record,opeid_master,official_site_alias_annual_unitid_verified,loan_direct__subsidized_graduate_loans_originated_amt,nominal_usd,1,0,1,
direct_loans,2014-2015,included_unique_family_record,opeid_master,official_site_alias_annual_unitid_verified,loan_direct__subsidized_graduate_disbursements,nominal_usd,1,0,1,
direct_loans,2014-2015,included_unique_family_record,opeid_master,official_site_alias_annual_unitid_verified,loan_direct__unsubsidized_undergraduate_loans_originated_amt,nominal_usd,1,1,0,1897846.0
direct_loans,2014-2015,included_unique_family_record,opeid_master,official_site_alias_annual_unitid_verified,loan_direct__unsubsidized_undergraduate_disbursements,nominal_usd,1,1,0,1868560.0
direct_loans,2014-2015,included_unique_family_record,opeid_master,official_site_alias_annual_unitid_verified,loan_direct__unsubsidized_graduate_loans_originated_amt,nominal_usd,1,1,0,0.0
direct_loans,2014-2015,included_unique_family_record,opeid_master,official_site_alias_annual_unitid_verified,loan_direct__unsubsidized_graduate_disbursements,nominal_usd,1,1,0,0.0
direct_loans,2014-2015,included_unique_family_record,opeid_master,official_site_and_directory_agree,loan_direct__subsidized_loans_originated_amt,nominal_usd,4985,4985,0,23123391421.0
direct_loans,2014-2015,included_unique_family_record,opeid_master,official_site_and_directory_agree,loan_direct__subsidized_disbursements,nominal_usd,4985,4985,0,22957086561.0
direct_loans,2014-2015,included_unique_family_record,opeid_master,official_site_and_directory_agree,loan_direct__unsubsidized_loans_originated_amt,nominal_usd,4985,0,4985,
direct_loans,2014-2015,included_unique_family_record,opeid_master,official_site_and_directory_agree,loan_direct__unsubsidized_disbursements,nominal_usd,4985,0,4985,
direct_loans,2014-2015,included_unique_family_record,opeid_master,official_site_and_directory_agree,loan_direct__plus_loans_originated_amt,nominal_usd,4985,0,4985,
direct_loans,2014-2015,included_unique_family_record,opeid_master,official_site_and_directory_agree,loan_direct__plus_disbursements,nominal_usd,4985,0,4985,
direct_loans,2014-2015,included_unique_family_record,opeid_master,official_site_and_directory_agree,loan_direct__grad_plus_loans_originated_amt,nominal_usd,4985,4985,0,7461430053.0
direct_loans,2014-2015,included_unique_family_record,opeid_master,official_site_and_directory_agree,loan_direct__grad_plus_disbursements,nominal_usd,4985,4985,0,7434312981.0
direct_loans,2014-2015,included_unique_family_record,opeid_master,official_site_and_directory_agree,loan_direct__parent_plus_loans_originated_amt,nominal_usd,4985,4985,0,10091499651.0
direct_loans,2014-2015,included_unique_family_record,opeid_master,official_site_and_directory_agree,loan_direct__parent_plus_disbursements,nominal_usd,4985,4985,0,10058071528.0
direct_loans,2014-2015,included_unique_family_record,opeid_master,official_site_and_directory_agree,loan_direct__subsidized_undergraduate_loans_originated_amt,nominal_usd,4985,0,4985,
direct_loans,2014-2015,included_unique_family_record,opeid_master,official_site_and_directory_agree,loan_direct__subsidized_undergraduate_disbursements,nominal_usd,4985,0,4985,
direct_loans,2014-2015,included_unique_family_record,opeid_master,official_site_and_directory_agree,loan_direct__subsidized_graduate_loans_originated_amt,nominal_usd,4985,0,4985,
direct_loans,2014-2015,included_unique_family_record,opeid_master,official_site_and_directory_agree,loan_direct__subsidized_graduate_disbursements,nominal_usd,4985,0,4985,
direct_loans,2014-2015,included_unique_family_record,opeid_master,official_site_and_directory_agree,loan_direct__unsubsidized_undergraduate_loans_originated_amt,nominal_usd,4985,4985,0,24284203539.0
direct_loans,2014-2015,included_unique_family_record,opeid_master,official_site_and_directory_agree,loan_direct__unsubsidized_undergraduate_disbursements,nominal_usd,4985,4985,0,24069043797.0
direct_loans,2014-2015,included_unique_family_record,opeid_master,official_site_and_directory_agree,loan_direct__unsubsidized_graduate_loans_originated_amt,nominal_usd,4985,4985,0,24659539337.0
direct_loans,2014-2015,included_unique_family_record,opeid_master,official_site_and_directory_agree,loan_direct__unsubsidized_graduate_disbursements,nominal_usd,4985,4985,0,24548569353.0
direct_loans,2015-2016,excluded_annual_identity_unresolved,opeid_master,multiple_nonadministrative_directory_unitids,loan_direct__subsidized_loans_originated_amt,nominal_usd,5,5,0,83492860.0
direct_loans,2015-2016,excluded_annual_identity_unresolved,opeid_master,multiple_nonadministrative_directory_unitids,loan_direct__subsidized_disbursements,nominal_usd,5,5,0,83492860.0
direct_loans,2015-2016,excluded_annual_identity_unresolved,opeid_master,multiple_nonadministrative_directory_unitids,loan_direct__unsubsidized_loans_originated_amt,nominal_usd,5,0,5,
direct_loans,2015-2016,excluded_annual_identity_unresolved,opeid_master,multiple_nonadministrative_directory_unitids,loan_direct__unsubsidized_disbursements,nominal_usd,5,0,5,
direct_loans,2015-2016,excluded_annual_identity_unresolved,opeid_master,multiple_nonadministrative_directory_unitids,loan_direct__plus_loans_originated_amt,nominal_usd,5,0,5,
direct_loans,2015-2016,excluded_annual_identity_unresolved,opeid_master,multiple_nonadministrative_directory_unitids,loan_direct__plus_disbursements,nominal_usd,5,0,5,
direct_loans,2015-2016,excluded_annual_identity_unresolved,opeid_master,multiple_nonadministrative_directory_unitids,loan_direct__grad_plus_loans_originated_amt,nominal_usd,5,5,0,3770606.0
direct_loans,2015-2016,excluded_annual_identity_unresolved,opeid_master,multiple_nonadministrative_directory_unitids,loan_direct__grad_plus_disbursements,nominal_usd,5,5,0,3770606.0
direct_loans,2015-2016,excluded_annual_identity_unresolved,opeid_master,multiple_nonadministrative_directory_unitids,loan_direct__parent_plus_loans_originated_amt,nominal_usd,5,5,0,23018709.0
direct_loans,2015-2016,excluded_annual_identity_unresolved,opeid_master,multiple_nonadministrative_directory_unitids,loan_direct__parent_plus_disbursements,nominal_usd,5,5,0,23018709.0
direct_loans,2015-2016,excluded_annual_identity_unresolved,opeid_master,multiple_nonadministrative_directory_unitids,loan_direct__subsidized_undergraduate_loans_originated_amt,nominal_usd,5,0,5,
direct_loans,2015-2016,excluded_annual_identity_unresolved,opeid_master,multiple_nonadministrative_directory_unitids,loan_direct__subsidized_undergraduate_disbursements,nominal_usd,5,0,5,
direct_loans,2015-2016,excluded_annual_identity_unresolved,opeid_master,multiple_nonadministrative_directory_unitids,loan_direct__subsidized_graduate_loans_originated_amt,nominal_usd,5,0,5,
direct_loans,2015-2016,excluded_annual_identity_unresolved,opeid_master,multiple_nonadministrative_directory_unitids,loan_direct__subsidized_graduate_disbursements,nominal_usd,5,0,5,
direct_loans,2015-2016,excluded_annual_identity_unresolved,opeid_master,multiple_nonadministrative_directory_unitids,loan_direct__unsubsidized_undergraduate_loans_originated_amt,nominal_usd,5,5,0,84667250.0
direct_loans,2015-2016,excluded_annual_identity_unresolved,opeid_master,multiple_nonadministrative_directory_unitids,loan_direct__unsubsidized_undergraduate_disbursements,nominal_usd,5,5,0,84663250.0
direct_loans,2015-2016,excluded_annual_identity_unresolved,opeid_master,multiple_nonadministrative_directory_unitids,loan_direct__unsubsidized_graduate_loans_originated_amt,nominal_usd,5,5,0,38272720.0
direct_loans,2015-2016,excluded_annual_identity_unresolved,opeid_master,multiple_nonadministrative_directory_unitids,loan_direct__unsubsidized_graduate_disbursements,nominal_usd,5,5,0,38272720.0
direct_loans,2015-2016,excluded_annual_identity_unresolved,opeid_master,multiple_official_site_unitids,loan_direct__subsidized_loans_originated_amt,nominal_usd,38,38,0,1054072466.0
direct_loans,2015-2016,excluded_annual_identity_unresolved,opeid_master,multiple_official_site_unitids,loan_direct__subsidized_disbursements,nominal_usd,38,38,0,1053506245.0
direct_loans,2015-2016,excluded_annual_identity_unresolved,opeid_master,multiple_official_site_unitids,loan_direct__unsubsidized_loans_originated_amt,nominal_usd,38,0,38,
direct_loans,2015-2016,excluded_annual_identity_unresolved,opeid_master,multiple_official_site_unitids,loan_direct__unsubsidized_disbursements,nominal_usd,38,0,38,
direct_loans,2015-2016,excluded_annual_identity_unresolved,opeid_master,multiple_official_site_unitids,loan_direct__plus_loans_originated_amt,nominal_usd,38,0,38,
direct_loans,2015-2016,excluded_annual_identity_unresolved,opeid_master,multiple_official_site_unitids,loan_direct__plus_disbursements,nominal_usd,38,0,38,
direct_loans,2015-2016,excluded_annual_identity_unresolved,opeid_master,multiple_official_site_unitids,loan_direct__grad_plus_loans_originated_amt,nominal_usd,38,38,0,178713233.0
direct_loans,2015-2016,excluded_annual_identity_unresolved,opeid_master,multiple_official_site_unitids,loan_direct__grad_plus_disbursements,nominal_usd,38,38,0,178682539.0
direct_loans,2015-2016,excluded_annual_identity_unresolved,opeid_master,multiple_official_site_unitids,loan_direct__parent_plus_loans_originated_amt,nominal_usd,38,38,0,654503217.0
direct_loans,2015-2016,excluded_annual_identity_unresolved,opeid_master,multiple_official_site_unitids,loan_direct__parent_plus_disbursements,nominal_usd,38,38,0,654359027.0
direct_loans,2015-2016,excluded_annual_identity_unresolved,opeid_master,multiple_official_site_unitids,loan_direct__subsidized_undergraduate_loans_originated_amt,nominal_usd,38,0,38,
direct_loans,2015-2016,excluded_annual_identity_unresolved,opeid_master,multiple_official_site_unitids,loan_direct__subsidized_undergraduate_disbursements,nominal_usd,38,0,38,
direct_loans,2015-2016,excluded_annual_identity_unresolved,opeid_master,multiple_official_site_unitids,loan_direct__subsidized_graduate_loans_originated_amt,nominal_usd,38,0,38,
direct_loans,2015-2016,excluded_annual_identity_unresolved,opeid_master,multiple_official_site_unitids,loan_direct__subsidized_graduate_disbursements,nominal_usd,38,0,38,
direct_loans,2015-2016,excluded_annual_identity_unresolved,opeid_master,multiple_official_site_unitids,loan_direct__unsubsidized_undergraduate_loans_originated_amt,nominal_usd,38,38,0,1218492253.0
direct_loans,2015-2016,excluded_annual_identity_unresolved,opeid_master,multiple_official_site_unitids,loan_direct__unsubsidized_undergraduate_disbursements,nominal_usd,38,38,0,1217344932.0
direct_loans,2015-2016,excluded_annual_identity_unresolved,opeid_master,multiple_official_site_unitids,loan_direct__unsubsidized_graduate_loans_originated_amt,nominal_usd,38,38,0,1176827350.0
direct_loans,2015-2016,excluded_annual_identity_unresolved,opeid_master,multiple_official_site_unitids,loan_direct__unsubsidized_graduate_disbursements,nominal_usd,38,38,0,1176615561.0
direct_loans,2015-2016,excluded_annual_identity_unresolved,opeid_master,no_annual_site_match,loan_direct__subsidized_loans_originated_amt,nominal_usd,446,446,0,19474629.0
direct_loans,2015-2016,excluded_annual_identity_unresolved,opeid_master,no_annual_site_match,loan_direct__subsidized_disbursements,nominal_usd,446,446,0,19466190.0
direct_loans,2015-2016,excluded_annual_identity_unresolved,opeid_master,no_annual_site_match,loan_direct__unsubsidized_loans_originated_amt,nominal_usd,446,0,446,
direct_loans,2015-2016,excluded_annual_identity_unresolved,opeid_master,no_annual_site_match,loan_direct__unsubsidized_disbursements,nominal_usd,446,0,446,
direct_loans,2015-2016,excluded_annual_identity_unresolved,opeid_master,no_annual_site_match,loan_direct__plus_loans_originated_amt,nominal_usd,446,0,446,
direct_loans,2015-2016,excluded_annual_identity_unresolved,opeid_master,no_annual_site_match,loan_direct__plus_disbursements,nominal_usd,446,0,446,
direct_loans,2015-2016,excluded_annual_identity_unresolved,opeid_master,no_annual_site_match,loan_direct__grad_plus_loans_originated_amt,nominal_usd,446,446,0,803984607.0
direct_loans,2015-2016,excluded_annual_identity_unresolved,opeid_master,no_annual_site_match,loan_direct__grad_plus_disbursements,nominal_usd,446,446,0,803943107.0
direct_loans,2015-2016,excluded_annual_identity_unresolved,opeid_master,no_annual_site_match,loan_direct__parent_plus_loans_originated_amt,nominal_usd,446,446,0,38037349.0
direct_loans,2015-2016,excluded_annual_identity_unresolved,opeid_master,no_annual_site_match,loan_direct__parent_plus_disbursements,nominal_usd,446,446,0,38028699.0
direct_loans,2015-2016,excluded_annual_identity_unresolved,opeid_master,no_annual_site_match,loan_direct__subsidized_undergraduate_loans_originated_amt,nominal_usd,446,0,446,
direct_loans,2015-2016,excluded_annual_identity_unresolved,opeid_master,no_annual_site_match,loan_direct__subsidized_undergraduate_disbursements,nominal_usd,446,0,446,
direct_loans,2015-2016,excluded_annual_identity_unresolved,opeid_master,no_annual_site_match,loan_direct__subsidized_graduate_loans_originated_amt,nominal_usd,446,0,446,
direct_loans,2015-2016,excluded_annual_identity_unresolved,opeid_master,no_annual_site_match,loan_direct__subsidized_graduate_disbursements,nominal_usd,446,0,446,
direct_loans,2015-2016,excluded_annual_identity_unresolved,opeid_master,no_annual_site_match,loan_direct__unsubsidized_undergraduate_loans_originated_amt,nominal_usd,446,446,0,20301361.0
direct_loans,2015-2016,excluded_annual_identity_unresolved,opeid_master,no_annual_site_match,loan_direct__unsubsidized_undergraduate_disbursements,nominal_usd,446,446,0,20287881.0
direct_loans,2015-2016,excluded_annual_identity_unresolved,opeid_master,no_annual_site_match,loan_direct__unsubsidized_graduate_loans_originated_amt,nominal_usd,446,446,0,505347104.0
direct_loans,2015-2016,excluded_annual_identity_unresolved,opeid_master,no_annual_site_match,loan_direct__unsubsidized_graduate_disbursements,nominal_usd,446,446,0,505307479.0
direct_loans,2015-2016,included_unique_family_record,opeid_master,official_site_alias_annual_unitid_verified,loan_direct__subsidized_loans_originated_amt,nominal_usd,2,2,0,5342584.0
direct_loans,2015-2016,included_unique_family_record,opeid_master,official_site_alias_annual_unitid_verified,loan_direct__subsidized_disbursements,nominal_usd,2,2,0,5342584.0
direct_loans,2015-2016,included_unique_family_record,opeid_master,official_site_alias_annual_unitid_verified,loan_direct__unsubsidized_loans_originated_amt,nominal_usd,2,0,2,
direct_loans,2015-2016,included_unique_family_record,opeid_master,official_site_alias_annual_unitid_verified,loan_direct__unsubsidized_disbursements,nominal_usd,2,0,2,
direct_loans,2015-2016,included_unique_family_record,opeid_master,official_site_alias_annual_unitid_verified,loan_direct__plus_loans_originated_amt,nominal_usd,2,0,2,
direct_loans,2015-2016,included_unique_family_record,opeid_master,official_site_alias_annual_unitid_verified,loan_direct__plus_disbursements,nominal_usd,2,0,2,
direct_loans,2015-2016,included_unique_family_record,opeid_master,official_site_alias_annual_unitid_verified,loan_direct__grad_plus_loans_originated_amt,nominal_usd,2,2,0,274745.0
direct_loans,2015-2016,included_unique_family_record,opeid_master,official_site_alias_annual_unitid_verified,loan_direct__grad_plus_disbursements,nominal_usd,2,2,0,274745.0
direct_loans,2015-2016,included_unique_family_record,opeid_master,official_site_alias_annual_unitid_verified,loan_direct__parent_plus_loans_originated_amt,nominal_usd,2,2,0,255399.0
direct_loans,2015-2016,included_unique_family_record,opeid_master,official_site_alias_annual_unitid_verified,loan_direct__parent_plus_disbursements,nominal_usd,2,2,0,255399.0
direct_loans,2015-2016,included_unique_family_record,opeid_master,official_site_alias_annual_unitid_verified,loan_direct__subsidized_undergraduate_loans_originated_amt,nominal_usd,2,0,2,
direct_loans,2015-2016,included_unique_family_record,opeid_master,official_site_alias_annual_unitid_verified,loan_direct__subsidized_undergraduate_disbursements,nominal_usd,2,0,2,
direct_loans,2015-2016,included_unique_family_record,opeid_master,official_site_alias_annual_unitid_verified,loan_direct__subsidized_graduate_loans_originated_amt,nominal_usd,2,0,2,
direct_loans,2015-2016,included_unique_family_record,opeid_master,official_site_alias_annual_unitid_verified,loan_direct__subsidized_graduate_disbursements,nominal_usd,2,0,2,
direct_loans,2015-2016,included_unique_family_record,opeid_master,official_site_alias_annual_unitid_verified,loan_direct__unsubsidized_undergraduate_loans_originated_amt,nominal_usd,2,2,0,5839727.0
direct_loans,2015-2016,included_unique_family_record,opeid_master,official_site_alias_annual_unitid_verified,loan_direct__unsubsidized_undergraduate_disbursements,nominal_usd,2,2,0,5839727.0
direct_loans,2015-2016,included_unique_family_record,opeid_master,official_site_alias_annual_unitid_verified,loan_direct__unsubsidized_graduate_loans_originated_amt,nominal_usd,2,2,0,5776931.0
direct_loans,2015-2016,included_unique_family_record,opeid_master,official_site_alias_annual_unitid_verified,loan_direct__unsubsidized_graduate_disbursements,nominal_usd,2,2,0,5776931.0
direct_loans,2015-2016,included_unique_family_record,opeid_master,official_site_and_directory_agree,loan_direct__subsidized_loans_originated_amt,nominal_usd,4950,4950,0,21803502239.0
direct_loans,2015-2016,included_unique_family_record,opeid_master,official_site_and_directory_agree,loan_direct__subsidized_disbursements,nominal_usd,4950,4950,0,21793046426.0
direct_loans,2015-2016,included_unique_family_record,opeid_master,official_site_and_directory_agree,loan_direct__unsubsidized_loans_originated_amt,nominal_usd,4950,0,4950,
direct_loans,2015-2016,included_unique_family_record,opeid_master,official_site_and_directory_agree,loan_direct__unsubsidized_disbursements,nominal_usd,4950,0,4950,
direct_loans,2015-2016,included_unique_family_record,opeid_master,official_site_and_directory_agree,loan_direct__plus_loans_originated_amt,nominal_usd,4950,0,4950,
direct_loans,2015-2016,included_unique_family_record,opeid_master,official_site_and_directory_agree,loan_direct__plus_disbursements,nominal_usd,4950,0,4950,
direct_loans,2015-2016,included_unique_family_record,opeid_master,official_site_and_directory_agree,loan_direct__grad_plus_loans_originated_amt,nominal_usd,4950,4950,0,7856935933.0
direct_loans,2015-2016,included_unique_family_record,opeid_master,official_site_and_directory_agree,loan_direct__grad_plus_disbursements,nominal_usd,4950,4950,0,7856292051.0
direct_loans,2015-2016,included_unique_family_record,opeid_master,official_site_and_directory_agree,loan_direct__parent_plus_loans_originated_amt,nominal_usd,4950,4950,0,11247397230.0
direct_loans,2015-2016,included_unique_family_record,opeid_master,official_site_and_directory_agree,loan_direct__parent_plus_disbursements,nominal_usd,4950,4950,0,11246097535.0
direct_loans,2015-2016,included_unique_family_record,opeid_master,official_site_and_directory_agree,loan_direct__subsidized_undergraduate_loans_originated_amt,nominal_usd,4950,0,4950,
direct_loans,2015-2016,included_unique_family_record,opeid_master,official_site_and_directory_agree,loan_direct__subsidized_undergraduate_disbursements,nominal_usd,4950,0,4950,
direct_loans,2015-2016,included_unique_family_record,opeid_master,official_site_and_directory_agree,loan_direct__subsidized_graduate_loans_originated_amt,nominal_usd,4950,0,4950,
direct_loans,2015-2016,included_unique_family_record,opeid_master,official_site_and_directory_agree,loan_direct__subsidized_graduate_disbursements,nominal_usd,4950,0,4950,
direct_loans,2015-2016,included_unique_family_record,opeid_master,official_site_and_directory_agree,loan_direct__unsubsidized_undergraduate_loans_originated_amt,nominal_usd,4950,4950,0,22778629482.0
direct_loans,2015-2016,included_unique_family_record,opeid_master,official_site_and_directory_agree,loan_direct__unsubsidized_undergraduate_disbursements,nominal_usd,4950,4950,0,22762532169.0
direct_loans,2015-2016,included_unique_family_record,opeid_master,official_site_and_directory_agree,loan_direct__unsubsidized_graduate_loans_originated_amt,nominal_usd,4950,4950,0,24912388162.0
direct_loans,2015-2016,included_unique_family_record,opeid_master,official_site_and_directory_agree,loan_direct__unsubsidized_graduate_disbursements,nominal_usd,4950,4950,0,24906686062.0
direct_loans,2016-2017,excluded_annual_identity_unresolved,opeid_master,directory_crosswalk_identity_conflict,loan_direct__subsidized_loans_originated_amt,nominal_usd,6,6,0,4023484.0
direct_loans,2016-2017,excluded_annual_identity_unresolved,opeid_master,directory_crosswalk_identity_conflict,loan_direct__subsidized_disbursements,nominal_usd,6,6,0,4023484.0
direct_loans,2016-2017,excluded_annual_identity_unresolved,opeid_master,directory_crosswalk_identity_conflict,loan_direct__unsubsidized_loans_originated_amt,nominal_usd,6,0,6,
direct_loans,2016-2017,excluded_annual_identity_unresolved,opeid_master,directory_crosswalk_identity_conflict,loan_direct__unsubsidized_disbursements,nominal_usd,6,0,6,
direct_loans,2016-2017,excluded_annual_identity_unresolved,opeid_master,directory_crosswalk_identity_conflict,loan_direct__plus_loans_originated_amt,nominal_usd,6,0,6,
direct_loans,2016-2017,excluded_annual_identity_unresolved,opeid_master,directory_crosswalk_identity_conflict,loan_direct__plus_disbursements,nominal_usd,6,0,6,
direct_loans,2016-2017,excluded_annual_identity_unresolved,opeid_master,directory_crosswalk_identity_conflict,loan_direct__grad_plus_loans_originated_amt,nominal_usd,6,6,0,0.0
direct_loans,2016-2017,excluded_annual_identity_unresolved,opeid_master,directory_crosswalk_identity_conflict,loan_direct__grad_plus_disbursements,nominal_usd,6,6,0,0.0
direct_loans,2016-2017,excluded_annual_identity_unresolved,opeid_master,directory_crosswalk_identity_conflict,loan_direct__parent_plus_loans_originated_amt,nominal_usd,6,6,0,1171324.0
direct_loans,2016-2017,excluded_annual_identity_unresolved,opeid_master,directory_crosswalk_identity_conflict,loan_direct__parent_plus_disbursements,nominal_usd,6,6,0,1171324.0
direct_loans,2016-2017,excluded_annual_identity_unresolved,opeid_master,directory_crosswalk_identity_conflict,loan_direct__subsidized_undergraduate_loans_originated_amt,nominal_usd,6,0,6,
direct_loans,2016-2017,excluded_annual_identity_unresolved,opeid_master,directory_crosswalk_identity_conflict,loan_direct__subsidized_undergraduate_disbursements,nominal_usd,6,0,6,
direct_loans,2016-2017,excluded_annual_identity_unresolved,opeid_master,directory_crosswalk_identity_conflict,loan_direct__subsidized_graduate_loans_originated_amt,nominal_usd,6,0,6,
direct_loans,2016-2017,excluded_annual_identity_unresolved,opeid_master,directory_crosswalk_identity_conflict,loan_direct__subsidized_graduate_disbursements,nominal_usd,6,0,6,
direct_loans,2016-2017,excluded_annual_identity_unresolved,opeid_master,directory_crosswalk_identity_conflict,loan_direct__unsubsidized_undergraduate_loans_originated_amt,nominal_usd,6,6,0,5136744.0
direct_loans,2016-2017,excluded_annual_identity_unresolved,opeid_master,directory_crosswalk_identity_conflict,loan_direct__unsubsidized_undergraduate_disbursements,nominal_usd,6,6,0,5136744.0
direct_loans,2016-2017,excluded_annual_identity_unresolved,opeid_master,directory_crosswalk_identity_conflict,loan_direct__unsubsidized_graduate_loans_originated_amt,nominal_usd,6,6,0,0.0
direct_loans,2016-2017,excluded_annual_identity_unresolved,opeid_master,directory_crosswalk_identity_conflict,loan_direct__unsubsidized_graduate_disbursements,nominal_usd,6,6,0,0.0
direct_loans,2016-2017,excluded_annual_identity_unresolved,opeid_master,multiple_nonadministrative_directory_unitids,loan_direct__subsidized_loans_originated_amt,nominal_usd,1,1,0,560973.0
direct_loans,2016-2017,excluded_annual_identity_unresolved,opeid_master,multiple_nonadministrative_directory_unitids,loan_direct__subsidized_disbursements,nominal_usd,1,1,0,560973.0
direct_loans,2016-2017,excluded_annual_identity_unresolved,opeid_master,multiple_nonadministrative_directory_unitids,loan_direct__unsubsidized_loans_originated_amt,nominal_usd,1,0,1,
direct_loans,2016-2017,excluded_annual_identity_unresolved,opeid_master,multiple_nonadministrative_directory_unitids,loan_direct__unsubsidized_disbursements,nominal_usd,1,0,1,
direct_loans,2016-2017,excluded_annual_identity_unresolved,opeid_master,multiple_nonadministrative_directory_unitids,loan_direct__plus_loans_originated_amt,nominal_usd,1,0,1,
direct_loans,2016-2017,excluded_annual_identity_unresolved,opeid_master,multiple_nonadministrative_directory_unitids,loan_direct__plus_disbursements,nominal_usd,1,0,1,
direct_loans,2016-2017,excluded_annual_identity_unresolved,opeid_master,multiple_nonadministrative_directory_unitids,loan_direct__grad_plus_loans_originated_amt,nominal_usd,1,1,0,145255.0
direct_loans,2016-2017,excluded_annual_identity_unresolved,opeid_master,multiple_nonadministrative_directory_unitids,loan_direct__grad_plus_disbursements,nominal_usd,1,1,0,145255.0
direct_loans,2016-2017,excluded_annual_identity_unresolved,opeid_master,multiple_nonadministrative_directory_unitids,loan_direct__parent_plus_loans_originated_amt,nominal_usd,1,1,0,65765.0
direct_loans,2016-2017,excluded_annual_identity_unresolved,opeid_master,multiple_nonadministrative_directory_unitids,loan_direct__parent_plus_disbursements,nominal_usd,1,1,0,65765.0
direct_loans,2016-2017,excluded_annual_identity_unresolved,opeid_master,multiple_nonadministrative_directory_unitids,loan_direct__subsidized_undergraduate_loans_originated_amt,nominal_usd,1,0,1,
direct_loans,2016-2017,excluded_annual_identity_unresolved,opeid_master,multiple_nonadministrative_directory_unitids,loan_direct__subsidized_undergraduate_disbursements,nominal_usd,1,0,1,
direct_loans,2016-2017,excluded_annual_identity_unresolved,opeid_master,multiple_nonadministrative_directory_unitids,loan_direct__subsidized_graduate_loans_originated_amt,nominal_usd,1,0,1,
direct_loans,2016-2017,excluded_annual_identity_unresolved,opeid_master,multiple_nonadministrative_directory_unitids,loan_direct__subsidized_graduate_disbursements,nominal_usd,1,0,1,
direct_loans,2016-2017,excluded_annual_identity_unresolved,opeid_master,multiple_nonadministrative_directory_unitids,loan_direct__unsubsidized_undergraduate_loans_originated_amt,nominal_usd,1,1,0,567689.0
direct_loans,2016-2017,excluded_annual_identity_unresolved,opeid_master,multiple_nonadministrative_directory_unitids,loan_direct__unsubsidized_undergraduate_disbursements,nominal_usd,1,1,0,567689.0
direct_loans,2016-2017,excluded_annual_identity_unresolved,opeid_master,multiple_nonadministrative_directory_unitids,loan_direct__unsubsidized_graduate_loans_originated_amt,nominal_usd,1,1,0,1454555.0
direct_loans,2016-2017,excluded_annual_identity_unresolved,opeid_master,multiple_nonadministrative_directory_unitids,loan_direct__unsubsidized_graduate_disbursements,nominal_usd,1,1,0,1454555.0
direct_loans,2016-2017,excluded_annual_identity_unresolved,opeid_master,multiple_official_site_unitids,loan_direct__subsidized_loans_originated_amt,nominal_usd,37,37,0,872633481.0
direct_loans,2016-2017,excluded_annual_identity_unresolved,opeid_master,multiple_official_site_unitids,loan_direct__subsidized_disbursements,nominal_usd,37,37,0,871552821.0
direct_loans,2016-2017,excluded_annual_identity_unresolved,opeid_master,multiple_official_site_unitids,loan_direct__unsubsidized_loans_originated_amt,nominal_usd,37,0,37,
direct_loans,2016-2017,excluded_annual_identity_unresolved,opeid_master,multiple_official_site_unitids,loan_direct__unsubsidized_disbursements,nominal_usd,37,0,37,
direct_loans,2016-2017,excluded_annual_identity_unresolved,opeid_master,multiple_official_site_unitids,loan_direct__plus_loans_originated_amt,nominal_usd,37,0,37,
direct_loans,2016-2017,excluded_annual_identity_unresolved,opeid_master,multiple_official_site_unitids,loan_direct__plus_disbursements,nominal_usd,37,0,37,
direct_loans,2016-2017,excluded_annual_identity_unresolved,opeid_master,multiple_official_site_unitids,loan_direct__grad_plus_loans_originated_amt,nominal_usd,37,37,0,186859916.0
direct_loans,2016-2017,excluded_annual_identity_unresolved,opeid_master,multiple_official_site_unitids,loan_direct__grad_plus_disbursements,nominal_usd,37,37,0,186859916.0
direct_loans,2016-2017,excluded_annual_identity_unresolved,opeid_master,multiple_official_site_unitids,loan_direct__parent_plus_loans_originated_amt,nominal_usd,37,37,0,652769104.0
direct_loans,2016-2017,excluded_annual_identity_unresolved,opeid_master,multiple_official_site_unitids,loan_direct__parent_plus_disbursements,nominal_usd,37,37,0,652736473.0
direct_loans,2016-2017,excluded_annual_identity_unresolved,opeid_master,multiple_official_site_unitids,loan_direct__subsidized_undergraduate_loans_originated_amt,nominal_usd,37,0,37,
direct_loans,2016-2017,excluded_annual_identity_unresolved,opeid_master,multiple_official_site_unitids,loan_direct__subsidized_undergraduate_disbursements,nominal_usd,37,0,37,
direct_loans,2016-2017,excluded_annual_identity_unresolved,opeid_master,multiple_official_site_unitids,loan_direct__subsidized_graduate_loans_originated_amt,nominal_usd,37,0,37,
direct_loans,2016-2017,excluded_annual_identity_unresolved,opeid_master,multiple_official_site_unitids,loan_direct__subsidized_graduate_disbursements,nominal_usd,37,0,37,
direct_loans,2016-2017,excluded_annual_identity_unresolved,opeid_master,multiple_official_site_unitids,loan_direct__unsubsidized_undergraduate_loans_originated_amt,nominal_usd,37,37,0,968190349.0
direct_loans,2016-2017,excluded_annual_identity_unresolved,opeid_master,multiple_official_site_unitids,loan_direct__unsubsidized_undergraduate_disbursements,nominal_usd,37,37,0,966770290.0
direct_loans,2016-2017,excluded_annual_identity_unresolved,opeid_master,multiple_official_site_unitids,loan_direct__unsubsidized_graduate_loans_originated_amt,nominal_usd,37,37,0,1201464419.0
direct_loans,2016-2017,excluded_annual_identity_unresolved,opeid_master,multiple_official_site_unitids,loan_direct__unsubsidized_graduate_disbursements,nominal_usd,37,37,0,1200219338.0
direct_loans,2016-2017,excluded_annual_identity_unresolved,opeid_master,no_annual_site_match,loan_direct__subsidized_loans_originated_amt,nominal_usd,425,425,0,18323891.0
direct_loans,2016-2017,excluded_annual_identity_unresolved,opeid_master,no_annual_site_match,loan_direct__subsidized_disbursements,nominal_usd,425,425,0,18288826.0
direct_loans,2016-2017,excluded_annual_identity_unresolved,opeid_master,no_annual_site_match,loan_direct__unsubsidized_loans_originated_amt,nominal_usd,425,0,425,
direct_loans,2016-2017,excluded_annual_identity_unresolved,opeid_master,no_annual_site_match,loan_direct__unsubsidized_disbursements,nominal_usd,425,0,425,
direct_loans,2016-2017,excluded_annual_identity_unresolved,opeid_master,no_annual_site_match,loan_direct__plus_loans_originated_amt,nominal_usd,425,0,425,
direct_loans,2016-2017,excluded_annual_identity_unresolved,opeid_master,no_annual_site_match,loan_direct__plus_disbursements,nominal_usd,425,0,425,
direct_loans,2016-2017,excluded_annual_identity_unresolved,opeid_master,no_annual_site_match,loan_direct__grad_plus_loans_originated_amt,nominal_usd,425,425,0,793061521.0
direct_loans,2016-2017,excluded_annual_identity_unresolved,opeid_master,no_annual_site_match,loan_direct__grad_plus_disbursements,nominal_usd,425,425,0,793013191.0
direct_loans,2016-2017,excluded_annual_identity_unresolved,opeid_master,no_annual_site_match,loan_direct__parent_plus_loans_originated_amt,nominal_usd,425,425,0,40444221.0
direct_loans,2016-2017,excluded_annual_identity_unresolved,opeid_master,no_annual_site_match,loan_direct__parent_plus_disbursements,nominal_usd,425,425,0,40409971.0
direct_loans,2016-2017,excluded_annual_identity_unresolved,opeid_master,no_annual_site_match,loan_direct__subsidized_undergraduate_loans_originated_amt,nominal_usd,425,0,425,
direct_loans,2016-2017,excluded_annual_identity_unresolved,opeid_master,no_annual_site_match,loan_direct__subsidized_undergraduate_disbursements,nominal_usd,425,0,425,
direct_loans,2016-2017,excluded_annual_identity_unresolved,opeid_master,no_annual_site_match,loan_direct__subsidized_graduate_loans_originated_amt,nominal_usd,425,0,425,
direct_loans,2016-2017,excluded_annual_identity_unresolved,opeid_master,no_annual_site_match,loan_direct__subsidized_graduate_disbursements,nominal_usd,425,0,425,
direct_loans,2016-2017,excluded_annual_identity_unresolved,opeid_master,no_annual_site_match,loan_direct__unsubsidized_undergraduate_loans_originated_amt,nominal_usd,425,425,0,19663897.0
direct_loans,2016-2017,excluded_annual_identity_unresolved,opeid_master,no_annual_site_match,loan_direct__unsubsidized_undergraduate_disbursements,nominal_usd,425,425,0,19627123.0
direct_loans,2016-2017,excluded_annual_identity_unresolved,opeid_master,no_annual_site_match,loan_direct__unsubsidized_graduate_loans_originated_amt,nominal_usd,425,425,0,433347128.0
direct_loans,2016-2017,excluded_annual_identity_unresolved,opeid_master,no_annual_site_match,loan_direct__unsubsidized_graduate_disbursements,nominal_usd,425,425,0,433323626.0
direct_loans,2016-2017,included_unique_family_record,opeid_master,official_site_alias_annual_unitid_verified,loan_direct__subsidized_loans_originated_amt,nominal_usd,1,1,0,1404386.0
direct_loans,2016-2017,included_unique_family_record,opeid_master,official_site_alias_annual_unitid_verified,loan_direct__subsidized_disbursements,nominal_usd,1,1,0,1404386.0
direct_loans,2016-2017,included_unique_family_record,opeid_master,official_site_alias_annual_unitid_verified,loan_direct__unsubsidized_loans_originated_amt,nominal_usd,1,0,1,
direct_loans,2016-2017,included_unique_family_record,opeid_master,official_site_alias_annual_unitid_verified,loan_direct__unsubsidized_disbursements,nominal_usd,1,0,1,
direct_loans,2016-2017,included_unique_family_record,opeid_master,official_site_alias_annual_unitid_verified,loan_direct__plus_loans_originated_amt,nominal_usd,1,0,1,
direct_loans,2016-2017,included_unique_family_record,opeid_master,official_site_alias_annual_unitid_verified,loan_direct__plus_disbursements,nominal_usd,1,0,1,
direct_loans,2016-2017,included_unique_family_record,opeid_master,official_site_alias_annual_unitid_verified,loan_direct__grad_plus_loans_originated_amt,nominal_usd,1,1,0,0.0
direct_loans,2016-2017,included_unique_family_record,opeid_master,official_site_alias_annual_unitid_verified,loan_direct__grad_plus_disbursements,nominal_usd,1,1,0,0.0
direct_loans,2016-2017,included_unique_family_record,opeid_master,official_site_alias_annual_unitid_verified,loan_direct__parent_plus_loans_originated_amt,nominal_usd,1,1,0,38372.0
direct_loans,2016-2017,included_unique_family_record,opeid_master,official_site_alias_annual_unitid_verified,loan_direct__parent_plus_disbursements,nominal_usd,1,1,0,38372.0
direct_loans,2016-2017,included_unique_family_record,opeid_master,official_site_alias_annual_unitid_verified,loan_direct__subsidized_undergraduate_loans_originated_amt,nominal_usd,1,0,1,
direct_loans,2016-2017,included_unique_family_record,opeid_master,official_site_alias_annual_unitid_verified,loan_direct__subsidized_undergraduate_disbursements,nominal_usd,1,0,1,
direct_loans,2016-2017,included_unique_family_record,opeid_master,official_site_alias_annual_unitid_verified,loan_direct__subsidized_graduate_loans_originated_amt,nominal_usd,1,0,1,
direct_loans,2016-2017,included_unique_family_record,opeid_master,official_site_alias_annual_unitid_verified,loan_direct__subsidized_graduate_disbursements,nominal_usd,1,0,1,
direct_loans,2016-2017,included_unique_family_record,opeid_master,official_site_alias_annual_unitid_verified,loan_direct__unsubsidized_undergraduate_loans_originated_amt,nominal_usd,1,1,0,1692284.0
direct_loans,2016-2017,included_unique_family_record,opeid_master,official_site_alias_annual_unitid_verified,loan_direct__unsubsidized_undergraduate_disbursements,nominal_usd,1,1,0,1692284.0
direct_loans,2016-2017,included_unique_family_record,opeid_master,official_site_alias_annual_unitid_verified,loan_direct__unsubsidized_graduate_loans_originated_amt,nominal_usd,1,1,0,0.0
direct_loans,2016-2017,included_unique_family_record,opeid_master,official_site_alias_annual_unitid_verified,loan_direct__unsubsidized_graduate_disbursements,nominal_usd,1,1,0,0.0
direct_loans,2016-2017,included_unique_family_record,opeid_master,official_site_and_directory_agree,loan_direct__subsidized_loans_originated_amt,nominal_usd,4869,4869,0,20772003794.0
direct_loans,2016-2017,included_unique_family_record,opeid_master,official_site_and_directory_agree,loan_direct__subsidized_disbursements,nominal_usd,4869,4869,0,20757544036.0
direct_loans,2016-2017,included_unique_family_record,opeid_master,official_site_and_directory_agree,loan_direct__unsubsidized_loans_originated_amt,nominal_usd,4869,0,4869,
direct_loans,2016-2017,included_unique_family_record,opeid_master,official_site_and_directory_agree,loan_direct__unsubsidized_disbursements,nominal_usd,4869,0,4869,
direct_loans,2016-2017,included_unique_family_record,opeid_master,official_site_and_directory_agree,loan_direct__plus_loans_originated_amt,nominal_usd,4869,0,4869,
direct_loans,2016-2017,included_unique_family_record,opeid_master,official_site_and_directory_agree,loan_direct__plus_disbursements,nominal_usd,4869,0,4869,
direct_loans,2016-2017,included_unique_family_record,opeid_master,official_site_and_directory_agree,loan_direct__grad_plus_loans_originated_amt,nominal_usd,4869,4869,0,8667573171.0
direct_loans,2016-2017,included_unique_family_record,opeid_master,official_site_and_directory_agree,loan_direct__grad_plus_disbursements,nominal_usd,4869,4869,0,8665317046.0
direct_loans,2016-2017,included_unique_family_record,opeid_master,official_site_and_directory_agree,loan_direct__parent_plus_loans_originated_amt,nominal_usd,4869,4869,0,11875299443.0
direct_loans,2016-2017,included_unique_family_record,opeid_master,official_site_and_directory_agree,loan_direct__parent_plus_disbursements,nominal_usd,4869,4869,0,11872827482.0
direct_loans,2016-2017,included_unique_family_record,opeid_master,official_site_and_directory_agree,loan_direct__subsidized_undergraduate_loans_originated_amt,nominal_usd,4869,0,4869,
direct_loans,2016-2017,included_unique_family_record,opeid_master,official_site_and_directory_agree,loan_direct__subsidized_undergraduate_disbursements,nominal_usd,4869,0,4869,
direct_loans,2016-2017,included_unique_family_record,opeid_master,official_site_and_directory_agree,loan_direct__subsidized_graduate_loans_originated_amt,nominal_usd,4869,0,4869,
direct_loans,2016-2017,included_unique_family_record,opeid_master,official_site_and_directory_agree,loan_direct__subsidized_graduate_disbursements,nominal_usd,4869,0,4869,
direct_loans,2016-2017,included_unique_family_record,opeid_master,official_site_and_directory_agree,loan_direct__unsubsidized_undergraduate_loans_originated_amt,nominal_usd,4869,4869,0,21916650789.0
direct_loans,2016-2017,included_unique_family_record,opeid_master,official_site_and_directory_agree,loan_direct__unsubsidized_undergraduate_disbursements,nominal_usd,4869,4869,0,21898429076.0
direct_loans,2016-2017,included_unique_family_record,opeid_master,official_site_and_directory_agree,loan_direct__unsubsidized_graduate_loans_originated_amt,nominal_usd,4869,4869,0,25404810174.0
direct_loans,2016-2017,included_unique_family_record,opeid_master,official_site_and_directory_agree,loan_direct__unsubsidized_graduate_disbursements,nominal_usd,4869,4869,0,25390286556.0
direct_loans,2017-2018,excluded_annual_identity_unresolved,opeid_master,multiple_nonadministrative_directory_unitids,loan_direct__subsidized_loans_originated_amt,nominal_usd,1,1,0,11857669.0
direct_loans,2017-2018,excluded_annual_identity_unresolved,opeid_master,multiple_nonadministrative_directory_unitids,loan_direct__subsidized_disbursements,nominal_usd,1,1,0,11857669.0
direct_loans,2017-2018,excluded_annual_identity_unresolved,opeid_master,multiple_nonadministrative_directory_unitids,loan_direct__unsubsidized_loans_originated_amt,nominal_usd,1,0,1,
direct_loans,2017-2018,excluded_annual_identity_unresolved,opeid_master,multiple_nonadministrative_directory_unitids,loan_direct__unsubsidized_disbursements,nominal_usd,1,0,1,
direct_loans,2017-2018,excluded_annual_identity_unresolved,opeid_master,multiple_nonadministrative_directory_unitids,loan_direct__plus_loans_originated_amt,nominal_usd,1,0,1,
direct_loans,2017-2018,excluded_annual_identity_unresolved,opeid_master,multiple_nonadministrative_directory_unitids,loan_direct__plus_disbursements,nominal_usd,1,0,1,
direct_loans,2017-2018,excluded_annual_identity_unresolved,opeid_master,multiple_nonadministrative_directory_unitids,loan_direct__grad_plus_loans_originated_amt,nominal_usd,1,1,0,631511.0
direct_loans,2017-2018,excluded_annual_identity_unresolved,opeid_master,multiple_nonadministrative_directory_unitids,loan_direct__grad_plus_disbursements,nominal_usd,1,1,0,631511.0
direct_loans,2017-2018,excluded_annual_identity_unresolved,opeid_master,multiple_nonadministrative_directory_unitids,loan_direct__parent_plus_loans_originated_amt,nominal_usd,1,1,0,3796329.0
direct_loans,2017-2018,excluded_annual_identity_unresolved,opeid_master,multiple_nonadministrative_directory_unitids,loan_direct__parent_plus_disbursements,nominal_usd,1,1,0,3796329.0
direct_loans,2017-2018,excluded_annual_identity_unresolved,opeid_master,multiple_nonadministrative_directory_unitids,loan_direct__subsidized_undergraduate_loans_originated_amt,nominal_usd,1,0,1,
direct_loans,2017-2018,excluded_annual_identity_unresolved,opeid_master,multiple_nonadministrative_directory_unitids,loan_direct__subsidized_undergraduate_disbursements,nominal_usd,1,0,1,
direct_loans,2017-2018,excluded_annual_identity_unresolved,opeid_master,multiple_nonadministrative_directory_unitids,loan_direct__subsidized_graduate_loans_originated_amt,nominal_usd,1,0,1,
direct_loans,2017-2018,excluded_annual_identity_unresolved,opeid_master,multiple_nonadministrative_directory_unitids,loan_direct__subsidized_graduate_disbursements,nominal_usd,1,0,1,
direct_loans,2017-2018,excluded_annual_identity_unresolved,opeid_master,multiple_nonadministrative_directory_unitids,loan_direct__unsubsidized_undergraduate_loans_originated_amt,nominal_usd,1,1,0,14775794.0
direct_loans,2017-2018,excluded_annual_identity_unresolved,opeid_master,multiple_nonadministrative_directory_unitids,loan_direct__unsubsidized_undergraduate_disbursements,nominal_usd,1,1,0,14775794.0
direct_loans,2017-2018,excluded_annual_identity_unresolved,opeid_master,multiple_nonadministrative_directory_unitids,loan_direct__unsubsidized_graduate_loans_originated_amt,nominal_usd,1,1,0,4580653.0
direct_loans,2017-2018,excluded_annual_identity_unresolved,opeid_master,multiple_nonadministrative_directory_unitids,loan_direct__unsubsidized_graduate_disbursements,nominal_usd,1,1,0,4580653.0
direct_loans,2017-2018,excluded_annual_identity_unresolved,opeid_master,multiple_official_site_unitids,loan_direct__subsidized_loans_originated_amt,nominal_usd,38,38,0,913612806.0
direct_loans,2017-2018,excluded_annual_identity_unresolved,opeid_master,multiple_official_site_unitids,loan_direct__subsidized_disbursements,nominal_usd,38,38,0,912461765.0
direct_loans,2017-2018,excluded_annual_identity_unresolved,opeid_master,multiple_official_site_unitids,loan_direct__unsubsidized_loans_originated_amt,nominal_usd,38,0,38,
direct_loans,2017-2018,excluded_annual_identity_unresolved,opeid_master,multiple_official_site_unitids,loan_direct__unsubsidized_disbursements,nominal_usd,38,0,38,
direct_loans,2017-2018,excluded_annual_identity_unresolved,opeid_master,multiple_official_site_unitids,loan_direct__plus_loans_originated_amt,nominal_usd,38,0,38,
direct_loans,2017-2018,excluded_annual_identity_unresolved,opeid_master,multiple_official_site_unitids,loan_direct__plus_disbursements,nominal_usd,38,0,38,
direct_loans,2017-2018,excluded_annual_identity_unresolved,opeid_master,multiple_official_site_unitids,loan_direct__grad_plus_loans_originated_amt,nominal_usd,38,27,11,187947098.0
direct_loans,2017-2018,excluded_annual_identity_unresolved,opeid_master,multiple_official_site_unitids,loan_direct__grad_plus_disbursements,nominal_usd,38,27,11,187947098.0
direct_loans,2017-2018,excluded_annual_identity_unresolved,opeid_master,multiple_official_site_unitids,loan_direct__parent_plus_loans_originated_amt,nominal_usd,38,36,2,683601389.0
direct_loans,2017-2018,excluded_annual_identity_unresolved,opeid_master,multiple_official_site_unitids,loan_direct__parent_plus_disbursements,nominal_usd,38,36,2,683545670.0
direct_loans,2017-2018,excluded_annual_identity_unresolved,opeid_master,multiple_official_site_unitids,loan_direct__subsidized_undergraduate_loans_originated_amt,nominal_usd,38,0,38,
direct_loans,2017-2018,excluded_annual_identity_unresolved,opeid_master,multiple_official_site_unitids,loan_direct__subsidized_undergraduate_disbursements,nominal_usd,38,0,38,
direct_loans,2017-2018,excluded_annual_identity_unresolved,opeid_master,multiple_official_site_unitids,loan_direct__subsidized_graduate_loans_originated_amt,nominal_usd,38,0,38,
direct_loans,2017-2018,excluded_annual_identity_unresolved,opeid_master,multiple_official_site_unitids,loan_direct__subsidized_graduate_disbursements,nominal_usd,38,0,38,
direct_loans,2017-2018,excluded_annual_identity_unresolved,opeid_master,multiple_official_site_unitids,loan_direct__unsubsidized_undergraduate_loans_originated_amt,nominal_usd,38,38,0,999677885.0
direct_loans,2017-2018,excluded_annual_identity_unresolved,opeid_master,multiple_official_site_unitids,loan_direct__unsubsidized_undergraduate_disbursements,nominal_usd,38,38,0,998300954.0
direct_loans,2017-2018,excluded_annual_identity_unresolved,opeid_master,multiple_official_site_unitids,loan_direct__unsubsidized_graduate_loans_originated_amt,nominal_usd,38,30,8,1208498332.0
direct_loans,2017-2018,excluded_annual_identity_unresolved,opeid_master,multiple_official_site_unitids,loan_direct__unsubsidized_graduate_disbursements,nominal_usd,38,30,8,1207025234.0
direct_loans,2017-2018,excluded_annual_identity_unresolved,opeid_master,no_annual_site_match,loan_direct__subsidized_loans_originated_amt,nominal_usd,430,313,117,18800337.0
direct_loans,2017-2018,excluded_annual_identity_unresolved,opeid_master,no_annual_site_match,loan_direct__subsidized_disbursements,nominal_usd,430,313,117,18789837.0
direct_loans,2017-2018,excluded_annual_identity_unresolved,opeid_master,no_annual_site_match,loan_direct__unsubsidized_loans_originated_amt,nominal_usd,430,0,430,
direct_loans,2017-2018,excluded_annual_identity_unresolved,opeid_master,no_annual_site_match,loan_direct__unsubsidized_disbursements,nominal_usd,430,0,430,
direct_loans,2017-2018,excluded_annual_identity_unresolved,opeid_master,no_annual_site_match,loan_direct__plus_loans_originated_amt,nominal_usd,430,0,430,
direct_loans,2017-2018,excluded_annual_identity_unresolved,opeid_master,no_annual_site_match,loan_direct__plus_disbursements,nominal_usd,430,0,430,
direct_loans,2017-2018,excluded_annual_identity_unresolved,opeid_master,no_annual_site_match,loan_direct__grad_plus_loans_originated_amt,nominal_usd,430,309,121,844618925.0
direct_loans,2017-2018,excluded_annual_identity_unresolved,opeid_master,no_annual_site_match,loan_direct__grad_plus_disbursements,nominal_usd,430,309,121,844618925.0
direct_loans,2017-2018,excluded_annual_identity_unresolved,opeid_master,no_annual_site_match,loan_direct__parent_plus_loans_originated_amt,nominal_usd,430,227,203,43869016.0
direct_loans,2017-2018,excluded_annual_identity_unresolved,opeid_master,no_annual_site_match,loan_direct__parent_plus_disbursements,nominal_usd,430,227,203,43869016.0
direct_loans,2017-2018,excluded_annual_identity_unresolved,opeid_master,no_annual_site_match,loan_direct__subsidized_undergraduate_loans_originated_amt,nominal_usd,430,0,430,
direct_loans,2017-2018,excluded_annual_identity_unresolved,opeid_master,no_annual_site_match,loan_direct__subsidized_undergraduate_disbursements,nominal_usd,430,0,430,
direct_loans,2017-2018,excluded_annual_identity_unresolved,opeid_master,no_annual_site_match,loan_direct__subsidized_graduate_loans_originated_amt,nominal_usd,430,0,430,
direct_loans,2017-2018,excluded_annual_identity_unresolved,opeid_master,no_annual_site_match,loan_direct__subsidized_graduate_disbursements,nominal_usd,430,0,430,
direct_loans,2017-2018,excluded_annual_identity_unresolved,opeid_master,no_annual_site_match,loan_direct__unsubsidized_undergraduate_loans_originated_amt,nominal_usd,430,320,110,19196092.0
direct_loans,2017-2018,excluded_annual_identity_unresolved,opeid_master,no_annual_site_match,loan_direct__unsubsidized_undergraduate_disbursements,nominal_usd,430,320,110,19174210.0
direct_loans,2017-2018,excluded_annual_identity_unresolved,opeid_master,no_annual_site_match,loan_direct__unsubsidized_graduate_loans_originated_amt,nominal_usd,430,341,89,448398102.0
direct_loans,2017-2018,excluded_annual_identity_unresolved,opeid_master,no_annual_site_match,loan_direct__unsubsidized_graduate_disbursements,nominal_usd,430,341,89,448398102.0
direct_loans,2017-2018,included_unique_family_record,opeid_master,official_site_alias_annual_unitid_verified,loan_direct__subsidized_loans_originated_amt,nominal_usd,3,3,0,1972878.0
direct_loans,2017-2018,included_unique_family_record,opeid_master,official_site_alias_annual_unitid_verified,loan_direct__subsidized_disbursements,nominal_usd,3,3,0,1972878.0
direct_loans,2017-2018,included_unique_family_record,opeid_master,official_site_alias_annual_unitid_verified,loan_direct__unsubsidized_loans_originated_amt,nominal_usd,3,0,3,
direct_loans,2017-2018,included_unique_family_record,opeid_master,official_site_alias_annual_unitid_verified,loan_direct__unsubsidized_disbursements,nominal_usd,3,0,3,
direct_loans,2017-2018,included_unique_family_record,opeid_master,official_site_alias_annual_unitid_verified,loan_direct__plus_loans_originated_amt,nominal_usd,3,0,3,
direct_loans,2017-2018,included_unique_family_record,opeid_master,official_site_alias_annual_unitid_verified,loan_direct__plus_disbursements,nominal_usd,3,0,3,
direct_loans,2017-2018,included_unique_family_record,opeid_master,official_site_alias_annual_unitid_verified,loan_direct__grad_plus_loans_originated_amt,nominal_usd,3,0,3,
direct_loans,2017-2018,included_unique_family_record,opeid_master,official_site_alias_annual_unitid_verified,loan_direct__grad_plus_disbursements,nominal_usd,3,0,3,
direct_loans,2017-2018,included_unique_family_record,opeid_master,official_site_alias_annual_unitid_verified,loan_direct__parent_plus_loans_originated_amt,nominal_usd,3,3,0,600420.0
direct_loans,2017-2018,included_unique_family_record,opeid_master,official_site_alias_annual_unitid_verified,loan_direct__parent_plus_disbursements,nominal_usd,3,3,0,600420.0
direct_loans,2017-2018,included_unique_family_record,opeid_master,official_site_alias_annual_unitid_verified,loan_direct__subsidized_undergraduate_loans_originated_amt,nominal_usd,3,0,3,
direct_loans,2017-2018,included_unique_family_record,opeid_master,official_site_alias_annual_unitid_verified,loan_direct__subsidized_undergraduate_disbursements,nominal_usd,3,0,3,
direct_loans,2017-2018,included_unique_family_record,opeid_master,official_site_alias_annual_unitid_verified,loan_direct__subsidized_graduate_loans_originated_amt,nominal_usd,3,0,3,
direct_loans,2017-2018,included_unique_family_record,opeid_master,official_site_alias_annual_unitid_verified,loan_direct__subsidized_graduate_disbursements,nominal_usd,3,0,3,
direct_loans,2017-2018,included_unique_family_record,opeid_master,official_site_alias_annual_unitid_verified,loan_direct__unsubsidized_undergraduate_loans_originated_amt,nominal_usd,3,3,0,2110391.0
direct_loans,2017-2018,included_unique_family_record,opeid_master,official_site_alias_annual_unitid_verified,loan_direct__unsubsidized_undergraduate_disbursements,nominal_usd,3,3,0,2110391.0
direct_loans,2017-2018,included_unique_family_record,opeid_master,official_site_alias_annual_unitid_verified,loan_direct__unsubsidized_graduate_loans_originated_amt,nominal_usd,3,0,3,
direct_loans,2017-2018,included_unique_family_record,opeid_master,official_site_alias_annual_unitid_verified,loan_direct__unsubsidized_graduate_disbursements,nominal_usd,3,0,3,
direct_loans,2017-2018,included_unique_family_record,opeid_master,official_site_and_directory_agree,loan_direct__subsidized_loans_originated_amt,nominal_usd,4777,4525,252,19964068004.0
direct_loans,2017-2018,included_unique_family_record,opeid_master,official_site_and_directory_agree,loan_direct__subsidized_disbursements,nominal_usd,4777,4525,252,19962118466.0
direct_loans,2017-2018,included_unique_family_record,opeid_master,official_site_and_directory_agree,loan_direct__unsubsidized_loans_originated_amt,nominal_usd,4777,0,4777,
direct_loans,2017-2018,included_unique_family_record,opeid_master,official_site_and_directory_agree,loan_direct__unsubsidized_disbursements,nominal_usd,4777,0,4777,
direct_loans,2017-2018,included_unique_family_record,opeid_master,official_site_and_directory_agree,loan_direct__plus_loans_originated_amt,nominal_usd,4777,0,4777,
direct_loans,2017-2018,included_unique_family_record,opeid_master,official_site_and_directory_agree,loan_direct__plus_disbursements,nominal_usd,4777,0,4777,
direct_loans,2017-2018,included_unique_family_record,opeid_master,official_site_and_directory_agree,loan_direct__grad_plus_loans_originated_amt,nominal_usd,4777,1379,3398,9261768231.0
direct_loans,2017-2018,included_unique_family_record,opeid_master,official_site_and_directory_agree,loan_direct__grad_plus_disbursements,nominal_usd,4777,1379,3398,9261346505.0
direct_loans,2017-2018,included_unique_family_record,opeid_master,official_site_and_directory_agree,loan_direct__parent_plus_loans_originated_amt,nominal_usd,4777,3801,976,12015697140.0
direct_loans,2017-2018,included_unique_family_record,opeid_master,official_site_and_directory_agree,loan_direct__parent_plus_disbursements,nominal_usd,4777,3801,976,12015439793.0
direct_loans,2017-2018,included_unique_family_record,opeid_master,official_site_and_directory_agree,loan_direct__subsidized_undergraduate_loans_originated_amt,nominal_usd,4777,0,4777,
direct_loans,2017-2018,included_unique_family_record,opeid_master,official_site_and_directory_agree,loan_direct__subsidized_undergraduate_disbursements,nominal_usd,4777,0,4777,
direct_loans,2017-2018,included_unique_family_record,opeid_master,official_site_and_directory_agree,loan_direct__subsidized_graduate_loans_originated_amt,nominal_usd,4777,0,4777,
direct_loans,2017-2018,included_unique_family_record,opeid_master,official_site_and_directory_agree,loan_direct__subsidized_graduate_disbursements,nominal_usd,4777,0,4777,
direct_loans,2017-2018,included_unique_family_record,opeid_master,official_site_and_directory_agree,loan_direct__unsubsidized_undergraduate_loans_originated_amt,nominal_usd,4777,4545,232,20619349180.0
direct_loans,2017-2018,included_unique_family_record,opeid_master,official_site_and_directory_agree,loan_direct__unsubsidized_undergraduate_disbursements,nominal_usd,4777,4545,232,20616406765.0
direct_loans,2017-2018,included_unique_family_record,opeid_master,official_site_and_directory_agree,loan_direct__unsubsidized_graduate_loans_originated_amt,nominal_usd,4777,1756,3021,25462155501.0
direct_loans,2017-2018,included_unique_family_record,opeid_master,official_site_and_directory_agree,loan_direct__unsubsidized_graduate_disbursements,nominal_usd,4777,1756,3021,25459730198.0
direct_loans,2018-2019,excluded_annual_identity_unresolved,opeid_master,directory_crosswalk_identity_conflict,loan_direct__subsidized_loans_originated_amt,nominal_usd,10,10,0,23572820.0
direct_loans,2018-2019,excluded_annual_identity_unresolved,opeid_master,directory_crosswalk_identity_conflict,loan_direct__subsidized_disbursements,nominal_usd,10,10,0,23569438.0
direct_loans,2018-2019,excluded_annual_identity_unresolved,opeid_master,directory_crosswalk_identity_conflict,loan_direct__unsubsidized_loans_originated_amt,nominal_usd,10,0,10,
direct_loans,2018-2019,excluded_annual_identity_unresolved,opeid_master,directory_crosswalk_identity_conflict,loan_direct__unsubsidized_disbursements,nominal_usd,10,0,10,
direct_loans,2018-2019,excluded_annual_identity_unresolved,opeid_master,directory_crosswalk_identity_conflict,loan_direct__plus_loans_originated_amt,nominal_usd,10,0,10,
direct_loans,2018-2019,excluded_annual_identity_unresolved,opeid_master,directory_crosswalk_identity_conflict,loan_direct__plus_disbursements,nominal_usd,10,0,10,
direct_loans,2018-2019,excluded_annual_identity_unresolved,opeid_master,directory_crosswalk_identity_conflict,loan_direct__grad_plus_loans_originated_amt,nominal_usd,10,0,10,
direct_loans,2018-2019,excluded_annual_identity_unresolved,opeid_master,directory_crosswalk_identity_conflict,loan_direct__grad_plus_disbursements,nominal_usd,10,0,10,
direct_loans,2018-2019,excluded_annual_identity_unresolved,opeid_master,directory_crosswalk_identity_conflict,loan_direct__parent_plus_loans_originated_amt,nominal_usd,10,9,1,4364509.0
direct_loans,2018-2019,excluded_annual_identity_unresolved,opeid_master,directory_crosswalk_identity_conflict,loan_direct__parent_plus_disbursements,nominal_usd,10,9,1,4361155.0
direct_loans,2018-2019,excluded_annual_identity_unresolved,opeid_master,directory_crosswalk_identity_conflict,loan_direct__subsidized_undergraduate_loans_originated_amt,nominal_usd,10,0,10,
direct_loans,2018-2019,excluded_annual_identity_unresolved,opeid_master,directory_crosswalk_identity_conflict,loan_direct__subsidized_undergraduate_disbursements,nominal_usd,10,0,10,
direct_loans,2018-2019,excluded_annual_identity_unresolved,opeid_master,directory_crosswalk_identity_conflict,loan_direct__subsidized_graduate_loans_originated_amt,nominal_usd,10,0,10,
direct_loans,2018-2019,excluded_annual_identity_unresolved,opeid_master,directory_crosswalk_identity_conflict,loan_direct__subsidized_graduate_disbursements,nominal_usd,10,0,10,
direct_loans,2018-2019,excluded_annual_identity_unresolved,opeid_master,directory_crosswalk_identity_conflict,loan_direct__unsubsidized_undergraduate_loans_originated_amt,nominal_usd,10,10,0,34689686.0
direct_loans,2018-2019,excluded_annual_identity_unresolved,opeid_master,directory_crosswalk_identity_conflict,loan_direct__unsubsidized_undergraduate_disbursements,nominal_usd,10,10,0,34678600.0
direct_loans,2018-2019,excluded_annual_identity_unresolved,opeid_master,directory_crosswalk_identity_conflict,loan_direct__unsubsidized_graduate_loans_originated_amt,nominal_usd,10,0,10,
direct_loans,2018-2019,excluded_annual_identity_unresolved,opeid_master,directory_crosswalk_identity_conflict,loan_direct__unsubsidized_graduate_disbursements,nominal_usd,10,0,10,
direct_loans,2018-2019,excluded_annual_identity_unresolved,opeid_master,multiple_official_site_unitids,loan_direct__subsidized_loans_originated_amt,nominal_usd,39,39,0,899365569.0
direct_loans,2018-2019,excluded_annual_identity_unresolved,opeid_master,multiple_official_site_unitids,loan_direct__subsidized_disbursements,nominal_usd,39,39,0,898236477.0
direct_loans,2018-2019,excluded_annual_identity_unresolved,opeid_master,multiple_official_site_unitids,loan_direct__unsubsidized_loans_originated_amt,nominal_usd,39,0,39,
direct_loans,2018-2019,excluded_annual_identity_unresolved,opeid_master,multiple_official_site_unitids,loan_direct__unsubsidized_disbursements,nominal_usd,39,0,39,
direct_loans,2018-2019,excluded_annual_identity_unresolved,opeid_master,multiple_official_site_unitids,loan_direct__plus_loans_originated_amt,nominal_usd,39,0,39,
direct_loans,2018-2019,excluded_annual_identity_unresolved,opeid_master,multiple_official_site_unitids,loan_direct__plus_disbursements,nominal_usd,39,0,39,
direct_loans,2018-2019,excluded_annual_identity_unresolved,opeid_master,multiple_official_site_unitids,loan_direct__grad_plus_loans_originated_amt,nominal_usd,39,29,10,174495605.0
direct_loans,2018-2019,excluded_annual_identity_unresolved,opeid_master,multiple_official_site_unitids,loan_direct__grad_plus_disbursements,nominal_usd,39,29,10,174423663.0
direct_loans,2018-2019,excluded_annual_identity_unresolved,opeid_master,multiple_official_site_unitids,loan_direct__parent_plus_loans_originated_amt,nominal_usd,39,38,1,655403607.0
direct_loans,2018-2019,excluded_annual_identity_unresolved,opeid_master,multiple_official_site_unitids,loan_direct__parent_plus_disbursements,nominal_usd,39,38,1,655307554.0
direct_loans,2018-2019,excluded_annual_identity_unresolved,opeid_master,multiple_official_site_unitids,loan_direct__subsidized_undergraduate_loans_originated_amt,nominal_usd,39,0,39,
direct_loans,2018-2019,excluded_annual_identity_unresolved,opeid_master,multiple_official_site_unitids,loan_direct__subsidized_undergraduate_disbursements,nominal_usd,39,0,39,
direct_loans,2018-2019,excluded_annual_identity_unresolved,opeid_master,multiple_official_site_unitids,loan_direct__subsidized_graduate_loans_originated_amt,nominal_usd,39,0,39,
direct_loans,2018-2019,excluded_annual_identity_unresolved,opeid_master,multiple_official_site_unitids,loan_direct__subsidized_graduate_disbursements,nominal_usd,39,0,39,
direct_loans,2018-2019,excluded_annual_identity_unresolved,opeid_master,multiple_official_site_unitids,loan_direct__unsubsidized_undergraduate_loans_originated_amt,nominal_usd,39,39,0,1003860439.0
direct_loans,2018-2019,excluded_annual_identity_unresolved,opeid_master,multiple_official_site_unitids,loan_direct__unsubsidized_undergraduate_disbursements,nominal_usd,39,39,0,1002374917.0
direct_loans,2018-2019,excluded_annual_identity_unresolved,opeid_master,multiple_official_site_unitids,loan_direct__unsubsidized_graduate_loans_originated_amt,nominal_usd,39,31,8,1157537176.0
direct_loans,2018-2019,excluded_annual_identity_unresolved,opeid_master,multiple_official_site_unitids,loan_direct__unsubsidized_graduate_disbursements,nominal_usd,39,31,8,1155975589.0
direct_loans,2018-2019,excluded_annual_identity_unresolved,opeid_master,no_annual_site_match,loan_direct__subsidized_loans_originated_amt,nominal_usd,412,293,119,18689342.0
direct_loans,2018-2019,excluded_annual_identity_unresolved,opeid_master,no_annual_site_match,loan_direct__subsidized_disbursements,nominal_usd,412,293,119,18687592.0
direct_loans,2018-2019,excluded_annual_identity_unresolved,opeid_master,no_annual_site_match,loan_direct__unsubsidized_loans_originated_amt,nominal_usd,412,0,412,
direct_loans,2018-2019,excluded_annual_identity_unresolved,opeid_master,no_annual_site_match,loan_direct__unsubsidized_disbursements,nominal_usd,412,0,412,
direct_loans,2018-2019,excluded_annual_identity_unresolved,opeid_master,no_annual_site_match,loan_direct__plus_loans_originated_amt,nominal_usd,412,0,412,
direct_loans,2018-2019,excluded_annual_identity_unresolved,opeid_master,no_annual_site_match,loan_direct__plus_disbursements,nominal_usd,412,0,412,
direct_loans,2018-2019,excluded_annual_identity_unresolved,opeid_master,no_annual_site_match,loan_direct__grad_plus_loans_originated_amt,nominal_usd,412,311,101,873507014.0
direct_loans,2018-2019,excluded_annual_identity_unresolved,opeid_master,no_annual_site_match,loan_direct__grad_plus_disbursements,nominal_usd,412,311,101,873502964.0
direct_loans,2018-2019,excluded_annual_identity_unresolved,opeid_master,no_annual_site_match,loan_direct__parent_plus_loans_originated_amt,nominal_usd,412,220,192,52212480.0
direct_loans,2018-2019,excluded_annual_identity_unresolved,opeid_master,no_annual_site_match,loan_direct__parent_plus_disbursements,nominal_usd,412,220,192,52212480.0
direct_loans,2018-2019,excluded_annual_identity_unresolved,opeid_master,no_annual_site_match,loan_direct__subsidized_undergraduate_loans_originated_amt,nominal_usd,412,0,412,
direct_loans,2018-2019,excluded_annual_identity_unresolved,opeid_master,no_annual_site_match,loan_direct__subsidized_undergraduate_disbursements,nominal_usd,412,0,412,
direct_loans,2018-2019,excluded_annual_identity_unresolved,opeid_master,no_annual_site_match,loan_direct__subsidized_graduate_loans_originated_amt,nominal_usd,412,0,412,
direct_loans,2018-2019,excluded_annual_identity_unresolved,opeid_master,no_annual_site_match,loan_direct__subsidized_graduate_disbursements,nominal_usd,412,0,412,
direct_loans,2018-2019,excluded_annual_identity_unresolved,opeid_master,no_annual_site_match,loan_direct__unsubsidized_undergraduate_loans_originated_amt,nominal_usd,412,299,113,18663697.0
direct_loans,2018-2019,excluded_annual_identity_unresolved,opeid_master,no_annual_site_match,loan_direct__unsubsidized_undergraduate_disbursements,nominal_usd,412,299,113,18657697.0
direct_loans,2018-2019,excluded_annual_identity_unresolved,opeid_master,no_annual_site_match,loan_direct__unsubsidized_graduate_loans_originated_amt,nominal_usd,412,346,66,450066645.0
direct_loans,2018-2019,excluded_annual_identity_unresolved,opeid_master,no_annual_site_match,loan_direct__unsubsidized_graduate_disbursements,nominal_usd,412,346,66,450056395.0
direct_loans,2018-2019,included_unique_family_record,opeid_master,official_site_and_directory_agree,loan_direct__subsidized_loans_originated_amt,nominal_usd,4688,4443,245,18879504173.0
direct_loans,2018-2019,included_unique_family_record,opeid_master,official_site_and_directory_agree,loan_direct__subsidized_disbursements,nominal_usd,4688,4443,245,18875404923.0
direct_loans,2018-2019,included_unique_family_record,opeid_master,official_site_and_directory_agree,loan_direct__unsubsidized_loans_originated_amt,nominal_usd,4688,0,4688,
direct_loans,2018-2019,included_unique_family_record,opeid_master,official_site_and_directory_agree,loan_direct__unsubsidized_disbursements,nominal_usd,4688,0,4688,
direct_loans,2018-2019,included_unique_family_record,opeid_master,official_site_and_directory_agree,loan_direct__plus_loans_originated_amt,nominal_usd,4688,0,4688,
direct_loans,2018-2019,included_unique_family_record,opeid_master,official_site_and_directory_agree,loan_direct__plus_disbursements,nominal_usd,4688,0,4688,
direct_loans,2018-2019,included_unique_family_record,opeid_master,official_site_and_directory_agree,loan_direct__grad_plus_loans_originated_amt,nominal_usd,4688,1404,3284,9680712167.0
direct_loans,2018-2019,included_unique_family_record,opeid_master,official_site_and_directory_agree,loan_direct__grad_plus_disbursements,nominal_usd,4688,1404,3284,9678646295.0
direct_loans,2018-2019,included_unique_family_record,opeid_master,official_site_and_directory_agree,loan_direct__parent_plus_loans_originated_amt,nominal_usd,4688,3704,984,12077058938.0
direct_loans,2018-2019,included_unique_family_record,opeid_master,official_site_and_directory_agree,loan_direct__parent_plus_disbursements,nominal_usd,4688,3704,984,12076764506.0
direct_loans,2018-2019,included_unique_family_record,opeid_master,official_site_and_directory_agree,loan_direct__subsidized_undergraduate_loans_originated_amt,nominal_usd,4688,0,4688,
direct_loans,2018-2019,included_unique_family_record,opeid_master,official_site_and_directory_agree,loan_direct__subsidized_undergraduate_disbursements,nominal_usd,4688,0,4688,
direct_loans,2018-2019,included_unique_family_record,opeid_master,official_site_and_directory_agree,loan_direct__subsidized_graduate_loans_originated_amt,nominal_usd,4688,0,4688,
direct_loans,2018-2019,included_unique_family_record,opeid_master,official_site_and_directory_agree,loan_direct__subsidized_graduate_disbursements,nominal_usd,4688,0,4688,
direct_loans,2018-2019,included_unique_family_record,opeid_master,official_site_and_directory_agree,loan_direct__unsubsidized_undergraduate_loans_originated_amt,nominal_usd,4688,4464,224,19638369399.0
direct_loans,2018-2019,included_unique_family_record,opeid_master,official_site_and_directory_agree,loan_direct__unsubsidized_undergraduate_disbursements,nominal_usd,4688,4464,224,19632279962.0
direct_loans,2018-2019,included_unique_family_record,opeid_master,official_site_and_directory_agree,loan_direct__unsubsidized_graduate_loans_originated_amt,nominal_usd,4688,1745,2943,25618585533.0
direct_loans,2018-2019,included_unique_family_record,opeid_master,official_site_and_directory_agree,loan_direct__unsubsidized_graduate_disbursements,nominal_usd,4688,1745,2943,25607217100.0
direct_loans,2018-2019,included_unique_family_record,opeid_master,unique_annual_directory_only,loan_direct__subsidized_loans_originated_amt,nominal_usd,1,0,1,
direct_loans,2018-2019,included_unique_family_record,opeid_master,unique_annual_directory_only,loan_direct__subsidized_disbursements,nominal_usd,1,0,1,
direct_loans,2018-2019,included_unique_family_record,opeid_master,unique_annual_directory_only,loan_direct__unsubsidized_loans_originated_amt,nominal_usd,1,0,1,
direct_loans,2018-2019,included_unique_family_record,opeid_master,unique_annual_directory_only,loan_direct__unsubsidized_disbursements,nominal_usd,1,0,1,
direct_loans,2018-2019,included_unique_family_record,opeid_master,unique_annual_directory_only,loan_direct__plus_loans_originated_amt,nominal_usd,1,0,1,
direct_loans,2018-2019,included_unique_family_record,opeid_master,unique_annual_directory_only,loan_direct__plus_disbursements,nominal_usd,1,0,1,
direct_loans,2018-2019,included_unique_family_record,opeid_master,unique_annual_directory_only,loan_direct__grad_plus_loans_originated_amt,nominal_usd,1,1,0,12458094.0
direct_loans,2018-2019,included_unique_family_record,opeid_master,unique_annual_directory_only,loan_direct__grad_plus_disbursements,nominal_usd,1,1,0,12458094.0
direct_loans,2018-2019,included_unique_family_record,opeid_master,unique_annual_directory_only,loan_direct__parent_plus_loans_originated_amt,nominal_usd,1,0,1,
direct_loans,2018-2019,included_unique_family_record,opeid_master,unique_annual_directory_only,loan_direct__parent_plus_disbursements,nominal_usd,1,0,1,
direct_loans,2018-2019,included_unique_family_record,opeid_master,unique_annual_directory_only,loan_direct__subsidized_undergraduate_loans_originated_amt,nominal_usd,1,0,1,
direct_loans,2018-2019,included_unique_family_record,opeid_master,unique_annual_directory_only,loan_direct__subsidized_undergraduate_disbursements,nominal_usd,1,0,1,
direct_loans,2018-2019,included_unique_family_record,opeid_master,unique_annual_directory_only,loan_direct__subsidized_graduate_loans_originated_amt,nominal_usd,1,0,1,
direct_loans,2018-2019,included_unique_family_record,opeid_master,unique_annual_directory_only,loan_direct__subsidized_graduate_disbursements,nominal_usd,1,0,1,
direct_loans,2018-2019,included_unique_family_record,opeid_master,unique_annual_directory_only,loan_direct__unsubsidized_undergraduate_loans_originated_amt,nominal_usd,1,0,1,
direct_loans,2018-2019,included_unique_family_record,opeid_master,unique_annual_directory_only,loan_direct__unsubsidized_undergraduate_disbursements,nominal_usd,1,0,1,
direct_loans,2018-2019,included_unique_family_record,opeid_master,unique_annual_directory_only,loan_direct__unsubsidized_graduate_loans_originated_amt,nominal_usd,1,1,0,17508420.0
direct_loans,2018-2019,included_unique_family_record,opeid_master,unique_annual_directory_only,loan_direct__unsubsidized_graduate_disbursements,nominal_usd,1,1,0,17508420.0
direct_loans,2019-2020,excluded_annual_identity_unresolved,opeid_master,directory_crosswalk_identity_conflict,loan_direct__subsidized_loans_originated_amt,nominal_usd,6,6,0,4877757.0
direct_loans,2019-2020,excluded_annual_identity_unresolved,opeid_master,directory_crosswalk_identity_conflict,loan_direct__subsidized_disbursements,nominal_usd,6,6,0,4877757.0
direct_loans,2019-2020,excluded_annual_identity_unresolved,opeid_master,directory_crosswalk_identity_conflict,loan_direct__unsubsidized_loans_originated_amt,nominal_usd,6,0,6,
direct_loans,2019-2020,excluded_annual_identity_unresolved,opeid_master,directory_crosswalk_identity_conflict,loan_direct__unsubsidized_disbursements,nominal_usd,6,0,6,
direct_loans,2019-2020,excluded_annual_identity_unresolved,opeid_master,directory_crosswalk_identity_conflict,loan_direct__plus_loans_originated_amt,nominal_usd,6,0,6,
direct_loans,2019-2020,excluded_annual_identity_unresolved,opeid_master,directory_crosswalk_identity_conflict,loan_direct__plus_disbursements,nominal_usd,6,0,6,
direct_loans,2019-2020,excluded_annual_identity_unresolved,opeid_master,directory_crosswalk_identity_conflict,loan_direct__grad_plus_loans_originated_amt,nominal_usd,6,0,6,
direct_loans,2019-2020,excluded_annual_identity_unresolved,opeid_master,directory_crosswalk_identity_conflict,loan_direct__grad_plus_disbursements,nominal_usd,6,0,6,
direct_loans,2019-2020,excluded_annual_identity_unresolved,opeid_master,directory_crosswalk_identity_conflict,loan_direct__parent_plus_loans_originated_amt,nominal_usd,6,6,0,346285.0
direct_loans,2019-2020,excluded_annual_identity_unresolved,opeid_master,directory_crosswalk_identity_conflict,loan_direct__parent_plus_disbursements,nominal_usd,6,6,0,346285.0
direct_loans,2019-2020,excluded_annual_identity_unresolved,opeid_master,directory_crosswalk_identity_conflict,loan_direct__subsidized_undergraduate_loans_originated_amt,nominal_usd,6,0,6,
direct_loans,2019-2020,excluded_annual_identity_unresolved,opeid_master,directory_crosswalk_identity_conflict,loan_direct__subsidized_undergraduate_disbursements,nominal_usd,6,0,6,
direct_loans,2019-2020,excluded_annual_identity_unresolved,opeid_master,directory_crosswalk_identity_conflict,loan_direct__subsidized_graduate_loans_originated_amt,nominal_usd,6,0,6,
direct_loans,2019-2020,excluded_annual_identity_unresolved,opeid_master,directory_crosswalk_identity_conflict,loan_direct__subsidized_graduate_disbursements,nominal_usd,6,0,6,
direct_loans,2019-2020,excluded_annual_identity_unresolved,opeid_master,directory_crosswalk_identity_conflict,loan_direct__unsubsidized_undergraduate_loans_originated_amt,nominal_usd,6,6,0,6081191.0
direct_loans,2019-2020,excluded_annual_identity_unresolved,opeid_master,directory_crosswalk_identity_conflict,loan_direct__unsubsidized_undergraduate_disbursements,nominal_usd,6,6,0,6081191.0
direct_loans,2019-2020,excluded_annual_identity_unresolved,opeid_master,directory_crosswalk_identity_conflict,loan_direct__unsubsidized_graduate_loans_originated_amt,nominal_usd,6,1,5,132988.0
direct_loans,2019-2020,excluded_annual_identity_unresolved,opeid_master,directory_crosswalk_identity_conflict,loan_direct__unsubsidized_graduate_disbursements,nominal_usd,6,1,5,132988.0
direct_loans,2019-2020,excluded_annual_identity_unresolved,opeid_master,multiple_nonadministrative_directory_unitids,loan_direct__subsidized_loans_originated_amt,nominal_usd,2,2,0,4006012.0
direct_loans,2019-2020,excluded_annual_identity_unresolved,opeid_master,multiple_nonadministrative_directory_unitids,loan_direct__subsidized_disbursements,nominal_usd,2,2,0,4006012.0
direct_loans,2019-2020,excluded_annual_identity_unresolved,opeid_master,multiple_nonadministrative_directory_unitids,loan_direct__unsubsidized_loans_originated_amt,nominal_usd,2,0,2,
direct_loans,2019-2020,excluded_annual_identity_unresolved,opeid_master,multiple_nonadministrative_directory_unitids,loan_direct__unsubsidized_disbursements,nominal_usd,2,0,2,
direct_loans,2019-2020,excluded_annual_identity_unresolved,opeid_master,multiple_nonadministrative_directory_unitids,loan_direct__plus_loans_originated_amt,nominal_usd,2,0,2,
direct_loans,2019-2020,excluded_annual_identity_unresolved,opeid_master,multiple_nonadministrative_directory_unitids,loan_direct__plus_disbursements,nominal_usd,2,0,2,
direct_loans,2019-2020,excluded_annual_identity_unresolved,opeid_master,multiple_nonadministrative_directory_unitids,loan_direct__grad_plus_loans_originated_amt,nominal_usd,2,1,1,91362.0
direct_loans,2019-2020,excluded_annual_identity_unresolved,opeid_master,multiple_nonadministrative_directory_unitids,loan_direct__grad_plus_disbursements,nominal_usd,2,1,1,91362.0
direct_loans,2019-2020,excluded_annual_identity_unresolved,opeid_master,multiple_nonadministrative_directory_unitids,loan_direct__parent_plus_loans_originated_amt,nominal_usd,2,2,0,4035090.0
direct_loans,2019-2020,excluded_annual_identity_unresolved,opeid_master,multiple_nonadministrative_directory_unitids,loan_direct__parent_plus_disbursements,nominal_usd,2,2,0,4035090.0
direct_loans,2019-2020,excluded_annual_identity_unresolved,opeid_master,multiple_nonadministrative_directory_unitids,loan_direct__subsidized_undergraduate_loans_originated_amt,nominal_usd,2,0,2,
direct_loans,2019-2020,excluded_annual_identity_unresolved,opeid_master,multiple_nonadministrative_directory_unitids,loan_direct__subsidized_undergraduate_disbursements,nominal_usd,2,0,2,
direct_loans,2019-2020,excluded_annual_identity_unresolved,opeid_master,multiple_nonadministrative_directory_unitids,loan_direct__subsidized_graduate_loans_originated_amt,nominal_usd,2,0,2,
direct_loans,2019-2020,excluded_annual_identity_unresolved,opeid_master,multiple_nonadministrative_directory_unitids,loan_direct__subsidized_graduate_disbursements,nominal_usd,2,0,2,
direct_loans,2019-2020,excluded_annual_identity_unresolved,opeid_master,multiple_nonadministrative_directory_unitids,loan_direct__unsubsidized_undergraduate_loans_originated_amt,nominal_usd,2,2,0,4538752.0
direct_loans,2019-2020,excluded_annual_identity_unresolved,opeid_master,multiple_nonadministrative_directory_unitids,loan_direct__unsubsidized_undergraduate_disbursements,nominal_usd,2,2,0,4538752.0
direct_loans,2019-2020,excluded_annual_identity_unresolved,opeid_master,multiple_nonadministrative_directory_unitids,loan_direct__unsubsidized_graduate_loans_originated_amt,nominal_usd,2,1,1,1063913.0
direct_loans,2019-2020,excluded_annual_identity_unresolved,opeid_master,multiple_nonadministrative_directory_unitids,loan_direct__unsubsidized_graduate_disbursements,nominal_usd,2,1,1,1063913.0
direct_loans,2019-2020,excluded_annual_identity_unresolved,opeid_master,multiple_official_site_unitids,loan_direct__subsidized_loans_originated_amt,nominal_usd,35,35,0,877946356.0
direct_loans,2019-2020,excluded_annual_identity_unresolved,opeid_master,multiple_official_site_unitids,loan_direct__subsidized_disbursements,nominal_usd,35,35,0,877169287.0
direct_loans,2019-2020,excluded_annual_identity_unresolved,opeid_master,multiple_official_site_unitids,loan_direct__unsubsidized_loans_originated_amt,nominal_usd,35,0,35,
direct_loans,2019-2020,excluded_annual_identity_unresolved,opeid_master,multiple_official_site_unitids,loan_direct__unsubsidized_disbursements,nominal_usd,35,0,35,
direct_loans,2019-2020,excluded_annual_identity_unresolved,opeid_master,multiple_official_site_unitids,loan_direct__plus_loans_originated_amt,nominal_usd,35,0,35,
direct_loans,2019-2020,excluded_annual_identity_unresolved,opeid_master,multiple_official_site_unitids,loan_direct__plus_disbursements,nominal_usd,35,0,35,
direct_loans,2019-2020,excluded_annual_identity_unresolved,opeid_master,multiple_official_site_unitids,loan_direct__grad_plus_loans_originated_amt,nominal_usd,35,28,7,179732014.0
direct_loans,2019-2020,excluded_annual_identity_unresolved,opeid_master,multiple_official_site_unitids,loan_direct__grad_plus_disbursements,nominal_usd,35,28,7,179721764.0
direct_loans,2019-2020,excluded_annual_identity_unresolved,opeid_master,multiple_official_site_unitids,loan_direct__parent_plus_loans_originated_amt,nominal_usd,35,34,1,621967319.0
direct_loans,2019-2020,excluded_annual_identity_unresolved,opeid_master,multiple_official_site_unitids,loan_direct__parent_plus_disbursements,nominal_usd,35,34,1,621935514.0
direct_loans,2019-2020,excluded_annual_identity_unresolved,opeid_master,multiple_official_site_unitids,loan_direct__subsidized_undergraduate_loans_originated_amt,nominal_usd,35,0,35,
direct_loans,2019-2020,excluded_annual_identity_unresolved,opeid_master,multiple_official_site_unitids,loan_direct__subsidized_undergraduate_disbursements,nominal_usd,35,0,35,
direct_loans,2019-2020,excluded_annual_identity_unresolved,opeid_master,multiple_official_site_unitids,loan_direct__subsidized_graduate_loans_originated_amt,nominal_usd,35,0,35,
direct_loans,2019-2020,excluded_annual_identity_unresolved,opeid_master,multiple_official_site_unitids,loan_direct__subsidized_graduate_disbursements,nominal_usd,35,0,35,
direct_loans,2019-2020,excluded_annual_identity_unresolved,opeid_master,multiple_official_site_unitids,loan_direct__unsubsidized_undergraduate_loans_originated_amt,nominal_usd,35,35,0,1014114919.0
direct_loans,2019-2020,excluded_annual_identity_unresolved,opeid_master,multiple_official_site_unitids,loan_direct__unsubsidized_undergraduate_disbursements,nominal_usd,35,35,0,1012893970.0
direct_loans,2019-2020,excluded_annual_identity_unresolved,opeid_master,multiple_official_site_unitids,loan_direct__unsubsidized_graduate_loans_originated_amt,nominal_usd,35,30,5,1112760279.0
direct_loans,2019-2020,excluded_annual_identity_unresolved,opeid_master,multiple_official_site_unitids,loan_direct__unsubsidized_graduate_disbursements,nominal_usd,35,30,5,1111062857.0
direct_loans,2019-2020,excluded_annual_identity_unresolved,opeid_master,no_annual_site_match,loan_direct__subsidized_loans_originated_amt,nominal_usd,408,289,119,16951586.0
direct_loans,2019-2020,excluded_annual_identity_unresolved,opeid_master,no_annual_site_match,loan_direct__subsidized_disbursements,nominal_usd,408,289,119,16951586.0
direct_loans,2019-2020,excluded_annual_identity_unresolved,opeid_master,no_annual_site_match,loan_direct__unsubsidized_loans_originated_amt,nominal_usd,408,0,408,
direct_loans,2019-2020,excluded_annual_identity_unresolved,opeid_master,no_annual_site_match,loan_direct__unsubsidized_disbursements,nominal_usd,408,0,408,
direct_loans,2019-2020,excluded_annual_identity_unresolved,opeid_master,no_annual_site_match,loan_direct__plus_loans_originated_amt,nominal_usd,408,0,408,
direct_loans,2019-2020,excluded_annual_identity_unresolved,opeid_master,no_annual_site_match,loan_direct__plus_disbursements,nominal_usd,408,0,408,
direct_loans,2019-2020,excluded_annual_identity_unresolved,opeid_master,no_annual_site_match,loan_direct__grad_plus_loans_originated_amt,nominal_usd,408,305,103,986930559.0
direct_loans,2019-2020,excluded_annual_identity_unresolved,opeid_master,no_annual_site_match,loan_direct__grad_plus_disbursements,nominal_usd,408,305,103,986930432.0
direct_loans,2019-2020,excluded_annual_identity_unresolved,opeid_master,no_annual_site_match,loan_direct__parent_plus_loans_originated_amt,nominal_usd,408,213,195,49761319.0
direct_loans,2019-2020,excluded_annual_identity_unresolved,opeid_master,no_annual_site_match,loan_direct__parent_plus_disbursements,nominal_usd,408,213,195,49761319.0
direct_loans,2019-2020,excluded_annual_identity_unresolved,opeid_master,no_annual_site_match,loan_direct__subsidized_undergraduate_loans_originated_amt,nominal_usd,408,0,408,
direct_loans,2019-2020,excluded_annual_identity_unresolved,opeid_master,no_annual_site_match,loan_direct__subsidized_undergraduate_disbursements,nominal_usd,408,0,408,
direct_loans,2019-2020,excluded_annual_identity_unresolved,opeid_master,no_annual_site_match,loan_direct__subsidized_graduate_loans_originated_amt,nominal_usd,408,0,408,
direct_loans,2019-2020,excluded_annual_identity_unresolved,opeid_master,no_annual_site_match,loan_direct__subsidized_graduate_disbursements,nominal_usd,408,0,408,
direct_loans,2019-2020,excluded_annual_identity_unresolved,opeid_master,no_annual_site_match,loan_direct__unsubsidized_undergraduate_loans_originated_amt,nominal_usd,408,294,114,17066966.0
direct_loans,2019-2020,excluded_annual_identity_unresolved,opeid_master,no_annual_site_match,loan_direct__unsubsidized_undergraduate_disbursements,nominal_usd,408,294,114,17066966.0
direct_loans,2019-2020,excluded_annual_identity_unresolved,opeid_master,no_annual_site_match,loan_direct__unsubsidized_graduate_loans_originated_amt,nominal_usd,408,339,69,462973597.0
direct_loans,2019-2020,excluded_annual_identity_unresolved,opeid_master,no_annual_site_match,loan_direct__unsubsidized_graduate_disbursements,nominal_usd,408,339,69,462955010.0
direct_loans,2019-2020,included_unique_family_record,opeid_master,official_site_and_directory_agree,loan_direct__subsidized_loans_originated_amt,nominal_usd,4605,4360,245,17940894285.0
direct_loans,2019-2020,included_unique_family_record,opeid_master,official_site_and_directory_agree,loan_direct__subsidized_disbursements,nominal_usd,4605,4360,245,17938803818.0
direct_loans,2019-2020,included_unique_family_record,opeid_master,official_site_and_directory_agree,loan_direct__unsubsidized_loans_originated_amt,nominal_usd,4605,0,4605,
direct_loans,2019-2020,included_unique_family_record,opeid_master,official_site_and_directory_agree,loan_direct__unsubsidized_disbursements,nominal_usd,4605,0,4605,
direct_loans,2019-2020,included_unique_family_record,opeid_master,official_site_and_directory_agree,loan_direct__plus_loans_originated_amt,nominal_usd,4605,0,4605,
direct_loans,2019-2020,included_unique_family_record,opeid_master,official_site_and_directory_agree,loan_direct__plus_disbursements,nominal_usd,4605,0,4605,
direct_loans,2019-2020,included_unique_family_record,opeid_master,official_site_and_directory_agree,loan_direct__grad_plus_loans_originated_amt,nominal_usd,4605,1410,3195,10050781309.0
direct_loans,2019-2020,included_unique_family_record,opeid_master,official_site_and_directory_agree,loan_direct__grad_plus_disbursements,nominal_usd,4605,1410,3195,10049674694.0
direct_loans,2019-2020,included_unique_family_record,opeid_master,official_site_and_directory_agree,loan_direct__parent_plus_loans_originated_amt,nominal_usd,4605,3595,1010,11676977991.0
direct_loans,2019-2020,included_unique_family_record,opeid_master,official_site_and_directory_agree,loan_direct__parent_plus_disbursements,nominal_usd,4605,3595,1010,11676735531.0
direct_loans,2019-2020,included_unique_family_record,opeid_master,official_site_and_directory_agree,loan_direct__subsidized_undergraduate_loans_originated_amt,nominal_usd,4605,0,4605,
direct_loans,2019-2020,included_unique_family_record,opeid_master,official_site_and_directory_agree,loan_direct__subsidized_undergraduate_disbursements,nominal_usd,4605,0,4605,
direct_loans,2019-2020,included_unique_family_record,opeid_master,official_site_and_directory_agree,loan_direct__subsidized_graduate_loans_originated_amt,nominal_usd,4605,0,4605,
direct_loans,2019-2020,included_unique_family_record,opeid_master,official_site_and_directory_agree,loan_direct__subsidized_graduate_disbursements,nominal_usd,4605,0,4605,
direct_loans,2019-2020,included_unique_family_record,opeid_master,official_site_and_directory_agree,loan_direct__unsubsidized_undergraduate_loans_originated_amt,nominal_usd,4605,4397,208,19281558393.0
direct_loans,2019-2020,included_unique_family_record,opeid_master,official_site_and_directory_agree,loan_direct__unsubsidized_undergraduate_disbursements,nominal_usd,4605,4397,208,19278190417.0
direct_loans,2019-2020,included_unique_family_record,opeid_master,official_site_and_directory_agree,loan_direct__unsubsidized_graduate_loans_originated_amt,nominal_usd,4605,1753,2852,25727306869.0
direct_loans,2019-2020,included_unique_family_record,opeid_master,official_site_and_directory_agree,loan_direct__unsubsidized_graduate_disbursements,nominal_usd,4605,1753,2852,25724365991.0
direct_loans,2020-2021,excluded_annual_identity_unresolved,opeid_master,directory_crosswalk_identity_conflict,loan_direct__subsidized_loans_originated_amt,nominal_usd,6,6,0,39255174.0
direct_loans,2020-2021,excluded_annual_identity_unresolved,opeid_master,directory_crosswalk_identity_conflict,loan_direct__subsidized_disbursements,nominal_usd,6,6,0,39253007.0
direct_loans,2020-2021,excluded_annual_identity_unresolved,opeid_master,directory_crosswalk_identity_conflict,loan_direct__unsubsidized_loans_originated_amt,nominal_usd,6,0,6,
direct_loans,2020-2021,excluded_annual_identity_unresolved,opeid_master,directory_crosswalk_identity_conflict,loan_direct__unsubsidized_disbursements,nominal_usd,6,0,6,
direct_loans,2020-2021,excluded_annual_identity_unresolved,opeid_master,directory_crosswalk_identity_conflict,loan_direct__plus_loans_originated_amt,nominal_usd,6,0,6,
direct_loans,2020-2021,excluded_annual_identity_unresolved,opeid_master,directory_crosswalk_identity_conflict,loan_direct__plus_disbursements,nominal_usd,6,0,6,
direct_loans,2020-2021,excluded_annual_identity_unresolved,opeid_master,directory_crosswalk_identity_conflict,loan_direct__grad_plus_loans_originated_amt,nominal_usd,6,0,6,
direct_loans,2020-2021,excluded_annual_identity_unresolved,opeid_master,directory_crosswalk_identity_conflict,loan_direct__grad_plus_disbursements,nominal_usd,6,0,6,
direct_loans,2020-2021,excluded_annual_identity_unresolved,opeid_master,directory_crosswalk_identity_conflict,loan_direct__parent_plus_loans_originated_amt,nominal_usd,6,5,1,3687553.0
direct_loans,2020-2021,excluded_annual_identity_unresolved,opeid_master,directory_crosswalk_identity_conflict,loan_direct__parent_plus_disbursements,nominal_usd,6,5,1,3687553.0
direct_loans,2020-2021,excluded_annual_identity_unresolved,opeid_master,directory_crosswalk_identity_conflict,loan_direct__subsidized_undergraduate_loans_originated_amt,nominal_usd,6,0,6,
direct_loans,2020-2021,excluded_annual_identity_unresolved,opeid_master,directory_crosswalk_identity_conflict,loan_direct__subsidized_undergraduate_disbursements,nominal_usd,6,0,6,
direct_loans,2020-2021,excluded_annual_identity_unresolved,opeid_master,directory_crosswalk_identity_conflict,loan_direct__subsidized_graduate_loans_originated_amt,nominal_usd,6,0,6,
direct_loans,2020-2021,excluded_annual_identity_unresolved,opeid_master,directory_crosswalk_identity_conflict,loan_direct__subsidized_graduate_disbursements,nominal_usd,6,0,6,
direct_loans,2020-2021,excluded_annual_identity_unresolved,opeid_master,directory_crosswalk_identity_conflict,loan_direct__unsubsidized_undergraduate_loans_originated_amt,nominal_usd,6,6,0,55651382.0
direct_loans,2020-2021,excluded_annual_identity_unresolved,opeid_master,directory_crosswalk_identity_conflict,loan_direct__unsubsidized_undergraduate_disbursements,nominal_usd,6,6,0,55648049.0
direct_loans,2020-2021,excluded_annual_identity_unresolved,opeid_master,directory_crosswalk_identity_conflict,loan_direct__unsubsidized_graduate_loans_originated_amt,nominal_usd,6,1,5,218941.0
direct_loans,2020-2021,excluded_annual_identity_unresolved,opeid_master,directory_crosswalk_identity_conflict,loan_direct__unsubsidized_graduate_disbursements,nominal_usd,6,1,5,218941.0
direct_loans,2020-2021,excluded_annual_identity_unresolved,opeid_master,multiple_nonadministrative_directory_unitids,loan_direct__subsidized_loans_originated_amt,nominal_usd,1,1,0,122409841.0
direct_loans,2020-2021,excluded_annual_identity_unresolved,opeid_master,multiple_nonadministrative_directory_unitids,loan_direct__subsidized_disbursements,nominal_usd,1,1,0,122409841.0
direct_loans,2020-2021,excluded_annual_identity_unresolved,opeid_master,multiple_nonadministrative_directory_unitids,loan_direct__unsubsidized_loans_originated_amt,nominal_usd,1,0,1,
direct_loans,2020-2021,excluded_annual_identity_unresolved,opeid_master,multiple_nonadministrative_directory_unitids,loan_direct__unsubsidized_disbursements,nominal_usd,1,0,1,
direct_loans,2020-2021,excluded_annual_identity_unresolved,opeid_master,multiple_nonadministrative_directory_unitids,loan_direct__plus_loans_originated_amt,nominal_usd,1,0,1,
direct_loans,2020-2021,excluded_annual_identity_unresolved,opeid_master,multiple_nonadministrative_directory_unitids,loan_direct__plus_disbursements,nominal_usd,1,0,1,
direct_loans,2020-2021,excluded_annual_identity_unresolved,opeid_master,multiple_nonadministrative_directory_unitids,loan_direct__grad_plus_loans_originated_amt,nominal_usd,1,1,0,14355994.0
direct_loans,2020-2021,excluded_annual_identity_unresolved,opeid_master,multiple_nonadministrative_directory_unitids,loan_direct__grad_plus_disbursements,nominal_usd,1,1,0,14355994.0
direct_loans,2020-2021,excluded_annual_identity_unresolved,opeid_master,multiple_nonadministrative_directory_unitids,loan_direct__parent_plus_loans_originated_amt,nominal_usd,1,1,0,144774561.0
direct_loans,2020-2021,excluded_annual_identity_unresolved,opeid_master,multiple_nonadministrative_directory_unitids,loan_direct__parent_plus_disbursements,nominal_usd,1,1,0,144774561.0
direct_loans,2020-2021,excluded_annual_identity_unresolved,opeid_master,multiple_nonadministrative_directory_unitids,loan_direct__subsidized_undergraduate_loans_originated_amt,nominal_usd,1,0,1,
direct_loans,2020-2021,excluded_annual_identity_unresolved,opeid_master,multiple_nonadministrative_directory_unitids,loan_direct__subsidized_undergraduate_disbursements,nominal_usd,1,0,1,
direct_loans,2020-2021,excluded_annual_identity_unresolved,opeid_master,multiple_nonadministrative_directory_unitids,loan_direct__subsidized_graduate_loans_originated_amt,nominal_usd,1,0,1,
direct_loans,2020-2021,excluded_annual_identity_unresolved,opeid_master,multiple_nonadministrative_directory_unitids,loan_direct__subsidized_graduate_disbursements,nominal_usd,1,0,1,
direct_loans,2020-2021,excluded_annual_identity_unresolved,opeid_master,multiple_nonadministrative_directory_unitids,loan_direct__unsubsidized_undergraduate_loans_originated_amt,nominal_usd,1,1,0,109007973.0
direct_loans,2020-2021,excluded_annual_identity_unresolved,opeid_master,multiple_nonadministrative_directory_unitids,loan_direct__unsubsidized_undergraduate_disbursements,nominal_usd,1,1,0,109007973.0
direct_loans,2020-2021,excluded_annual_identity_unresolved,opeid_master,multiple_nonadministrative_directory_unitids,loan_direct__unsubsidized_graduate_loans_originated_amt,nominal_usd,1,1,0,65752108.0
direct_loans,2020-2021,excluded_annual_identity_unresolved,opeid_master,multiple_nonadministrative_directory_unitids,loan_direct__unsubsidized_graduate_disbursements,nominal_usd,1,1,0,65752108.0
direct_loans,2020-2021,excluded_annual_identity_unresolved,opeid_master,multiple_official_site_unitids,loan_direct__subsidized_loans_originated_amt,nominal_usd,35,35,0,690913006.0
direct_loans,2020-2021,excluded_annual_identity_unresolved,opeid_master,multiple_official_site_unitids,loan_direct__subsidized_disbursements,nominal_usd,35,35,0,689500512.0
direct_loans,2020-2021,excluded_annual_identity_unresolved,opeid_master,multiple_official_site_unitids,loan_direct__unsubsidized_loans_originated_amt,nominal_usd,35,0,35,
direct_loans,2020-2021,excluded_annual_identity_unresolved,opeid_master,multiple_official_site_unitids,loan_direct__unsubsidized_disbursements,nominal_usd,35,0,35,
direct_loans,2020-2021,excluded_annual_identity_unresolved,opeid_master,multiple_official_site_unitids,loan_direct__plus_loans_originated_amt,nominal_usd,35,0,35,
direct_loans,2020-2021,excluded_annual_identity_unresolved,opeid_master,multiple_official_site_unitids,loan_direct__plus_disbursements,nominal_usd,35,0,35,
direct_loans,2020-2021,excluded_annual_identity_unresolved,opeid_master,multiple_official_site_unitids,loan_direct__grad_plus_loans_originated_amt,nominal_usd,35,29,6,187695122.0
direct_loans,2020-2021,excluded_annual_identity_unresolved,opeid_master,multiple_official_site_unitids,loan_direct__grad_plus_disbursements,nominal_usd,35,29,6,187667516.0
direct_loans,2020-2021,excluded_annual_identity_unresolved,opeid_master,multiple_official_site_unitids,loan_direct__parent_plus_loans_originated_amt,nominal_usd,35,34,1,438342181.0
direct_loans,2020-2021,excluded_annual_identity_unresolved,opeid_master,multiple_official_site_unitids,loan_direct__parent_plus_disbursements,nominal_usd,35,34,1,438323211.0
direct_loans,2020-2021,excluded_annual_identity_unresolved,opeid_master,multiple_official_site_unitids,loan_direct__subsidized_undergraduate_loans_originated_amt,nominal_usd,35,0,35,
direct_loans,2020-2021,excluded_annual_identity_unresolved,opeid_master,multiple_official_site_unitids,loan_direct__subsidized_undergraduate_disbursements,nominal_usd,35,0,35,
direct_loans,2020-2021,excluded_annual_identity_unresolved,opeid_master,multiple_official_site_unitids,loan_direct__subsidized_graduate_loans_originated_amt,nominal_usd,35,0,35,
direct_loans,2020-2021,excluded_annual_identity_unresolved,opeid_master,multiple_official_site_unitids,loan_direct__subsidized_graduate_disbursements,nominal_usd,35,0,35,
direct_loans,2020-2021,excluded_annual_identity_unresolved,opeid_master,multiple_official_site_unitids,loan_direct__unsubsidized_undergraduate_loans_originated_amt,nominal_usd,35,35,0,840275072.0
direct_loans,2020-2021,excluded_annual_identity_unresolved,opeid_master,multiple_official_site_unitids,loan_direct__unsubsidized_undergraduate_disbursements,nominal_usd,35,35,0,838309038.0
direct_loans,2020-2021,excluded_annual_identity_unresolved,opeid_master,multiple_official_site_unitids,loan_direct__unsubsidized_graduate_loans_originated_amt,nominal_usd,35,31,4,1059901357.0
direct_loans,2020-2021,excluded_annual_identity_unresolved,opeid_master,multiple_official_site_unitids,loan_direct__unsubsidized_graduate_disbursements,nominal_usd,35,31,4,1058088175.0
direct_loans,2020-2021,excluded_annual_identity_unresolved,opeid_master,no_annual_site_match,loan_direct__subsidized_loans_originated_amt,nominal_usd,400,281,119,15826090.0
direct_loans,2020-2021,excluded_annual_identity_unresolved,opeid_master,no_annual_site_match,loan_direct__subsidized_disbursements,nominal_usd,400,281,119,15796790.0
direct_loans,2020-2021,excluded_annual_identity_unresolved,opeid_master,no_annual_site_match,loan_direct__unsubsidized_loans_originated_amt,nominal_usd,400,0,400,
direct_loans,2020-2021,excluded_annual_identity_unresolved,opeid_master,no_annual_site_match,loan_direct__unsubsidized_disbursements,nominal_usd,400,0,400,
direct_loans,2020-2021,excluded_annual_identity_unresolved,opeid_master,no_annual_site_match,loan_direct__plus_loans_originated_amt,nominal_usd,400,0,400,
direct_loans,2020-2021,excluded_annual_identity_unresolved,opeid_master,no_annual_site_match,loan_direct__plus_disbursements,nominal_usd,400,0,400,
direct_loans,2020-2021,excluded_annual_identity_unresolved,opeid_master,no_annual_site_match,loan_direct__grad_plus_loans_originated_amt,nominal_usd,400,301,99,1018607225.0
direct_loans,2020-2021,excluded_annual_identity_unresolved,opeid_master,no_annual_site_match,loan_direct__grad_plus_disbursements,nominal_usd,400,301,99,1018599957.0
direct_loans,2020-2021,excluded_annual_identity_unresolved,opeid_master,no_annual_site_match,loan_direct__parent_plus_loans_originated_amt,nominal_usd,400,214,186,46946121.0
direct_loans,2020-2021,excluded_annual_identity_unresolved,opeid_master,no_annual_site_match,loan_direct__parent_plus_disbursements,nominal_usd,400,214,186,46946121.0
direct_loans,2020-2021,excluded_annual_identity_unresolved,opeid_master,no_annual_site_match,loan_direct__subsidized_undergraduate_loans_originated_amt,nominal_usd,400,0,400,
direct_loans,2020-2021,excluded_annual_identity_unresolved,opeid_master,no_annual_site_match,loan_direct__subsidized_undergraduate_disbursements,nominal_usd,400,0,400,
direct_loans,2020-2021,excluded_annual_identity_unresolved,opeid_master,no_annual_site_match,loan_direct__subsidized_graduate_loans_originated_amt,nominal_usd,400,0,400,
direct_loans,2020-2021,excluded_annual_identity_unresolved,opeid_master,no_annual_site_match,loan_direct__subsidized_graduate_disbursements,nominal_usd,400,0,400,
direct_loans,2020-2021,excluded_annual_identity_unresolved,opeid_master,no_annual_site_match,loan_direct__unsubsidized_undergraduate_loans_originated_amt,nominal_usd,400,294,106,16413331.0
direct_loans,2020-2021,excluded_annual_identity_unresolved,opeid_master,no_annual_site_match,loan_direct__unsubsidized_undergraduate_disbursements,nominal_usd,400,294,106,16320871.0
direct_loans,2020-2021,excluded_annual_identity_unresolved,opeid_master,no_annual_site_match,loan_direct__unsubsidized_graduate_loans_originated_amt,nominal_usd,400,340,60,433674617.0
direct_loans,2020-2021,excluded_annual_identity_unresolved,opeid_master,no_annual_site_match,loan_direct__unsubsidized_graduate_disbursements,nominal_usd,400,340,60,433591417.0
direct_loans,2020-2021,included_unique_family_record,opeid_master,official_site_and_directory_agree,loan_direct__subsidized_loans_originated_amt,nominal_usd,4564,4316,248,15698722561.0
direct_loans,2020-2021,included_unique_family_record,opeid_master,official_site_and_directory_agree,loan_direct__subsidized_disbursements,nominal_usd,4564,4316,248,15690397260.0
direct_loans,2020-2021,included_unique_family_record,opeid_master,official_site_and_directory_agree,loan_direct__unsubsidized_loans_originated_amt,nominal_usd,4564,0,4564,
direct_loans,2020-2021,included_unique_family_record,opeid_master,official_site_and_directory_agree,loan_direct__unsubsidized_disbursements,nominal_usd,4564,0,4564,
direct_loans,2020-2021,included_unique_family_record,opeid_master,official_site_and_directory_agree,loan_direct__plus_loans_originated_amt,nominal_usd,4564,0,4564,
direct_loans,2020-2021,included_unique_family_record,opeid_master,official_site_and_directory_agree,loan_direct__plus_disbursements,nominal_usd,4564,0,4564,
direct_loans,2020-2021,included_unique_family_record,opeid_master,official_site_and_directory_agree,loan_direct__grad_plus_loans_originated_amt,nominal_usd,4564,1420,3144,10533426880.0
direct_loans,2020-2021,included_unique_family_record,opeid_master,official_site_and_directory_agree,loan_direct__grad_plus_disbursements,nominal_usd,4564,1420,3144,10532498411.0
direct_loans,2020-2021,included_unique_family_record,opeid_master,official_site_and_directory_agree,loan_direct__parent_plus_loans_originated_amt,nominal_usd,4564,3495,1069,9409188003.0
direct_loans,2020-2021,included_unique_family_record,opeid_master,official_site_and_directory_agree,loan_direct__parent_plus_disbursements,nominal_usd,4564,3495,1069,9408883531.0
direct_loans,2020-2021,included_unique_family_record,opeid_master,official_site_and_directory_agree,loan_direct__subsidized_undergraduate_loans_originated_amt,nominal_usd,4564,0,4564,
direct_loans,2020-2021,included_unique_family_record,opeid_master,official_site_and_directory_agree,loan_direct__subsidized_undergraduate_disbursements,nominal_usd,4564,0,4564,
direct_loans,2020-2021,included_unique_family_record,opeid_master,official_site_and_directory_agree,loan_direct__subsidized_graduate_loans_originated_amt,nominal_usd,4564,0,4564,
direct_loans,2020-2021,included_unique_family_record,opeid_master,official_site_and_directory_agree,loan_direct__subsidized_graduate_disbursements,nominal_usd,4564,0,4564,
direct_loans,2020-2021,included_unique_family_record,opeid_master,official_site_and_directory_agree,loan_direct__unsubsidized_undergraduate_loans_originated_amt,nominal_usd,4564,4336,228,17732408090.0
direct_loans,2020-2021,included_unique_family_record,opeid_master,official_site_and_directory_agree,loan_direct__unsubsidized_undergraduate_disbursements,nominal_usd,4564,4336,228,17722913269.0
direct_loans,2020-2021,included_unique_family_record,opeid_master,official_site_and_directory_agree,loan_direct__unsubsidized_graduate_loans_originated_amt,nominal_usd,4564,1762,2802,26026686939.0
direct_loans,2020-2021,included_unique_family_record,opeid_master,official_site_and_directory_agree,loan_direct__unsubsidized_graduate_disbursements,nominal_usd,4564,1762,2802,26021616478.0
direct_loans,2021-2022,excluded_annual_identity_unresolved,opeid_master,directory_crosswalk_identity_conflict,loan_direct__subsidized_loans_originated_amt,nominal_usd,2,2,0,25088739.0
direct_loans,2021-2022,excluded_annual_identity_unresolved,opeid_master,directory_crosswalk_identity_conflict,loan_direct__subsidized_disbursements,nominal_usd,2,2,0,25088739.0
direct_loans,2021-2022,excluded_annual_identity_unresolved,opeid_master,directory_crosswalk_identity_conflict,loan_direct__unsubsidized_loans_originated_amt,nominal_usd,2,0,2,
direct_loans,2021-2022,excluded_annual_identity_unresolved,opeid_master,directory_crosswalk_identity_conflict,loan_direct__unsubsidized_disbursements,nominal_usd,2,0,2,
direct_loans,2021-2022,excluded_annual_identity_unresolved,opeid_master,directory_crosswalk_identity_conflict,loan_direct__plus_loans_originated_amt,nominal_usd,2,0,2,
direct_loans,2021-2022,excluded_annual_identity_unresolved,opeid_master,directory_crosswalk_identity_conflict,loan_direct__plus_disbursements,nominal_usd,2,0,2,
direct_loans,2021-2022,excluded_annual_identity_unresolved,opeid_master,directory_crosswalk_identity_conflict,loan_direct__grad_plus_loans_originated_amt,nominal_usd,2,0,2,
direct_loans,2021-2022,excluded_annual_identity_unresolved,opeid_master,directory_crosswalk_identity_conflict,loan_direct__grad_plus_disbursements,nominal_usd,2,0,2,
direct_loans,2021-2022,excluded_annual_identity_unresolved,opeid_master,directory_crosswalk_identity_conflict,loan_direct__parent_plus_loans_originated_amt,nominal_usd,2,2,0,5455909.0
direct_loans,2021-2022,excluded_annual_identity_unresolved,opeid_master,directory_crosswalk_identity_conflict,loan_direct__parent_plus_disbursements,nominal_usd,2,2,0,5455909.0
direct_loans,2021-2022,excluded_annual_identity_unresolved,opeid_master,directory_crosswalk_identity_conflict,loan_direct__subsidized_undergraduate_loans_originated_amt,nominal_usd,2,0,2,
direct_loans,2021-2022,excluded_annual_identity_unresolved,opeid_master,directory_crosswalk_identity_conflict,loan_direct__subsidized_undergraduate_disbursements,nominal_usd,2,0,2,
direct_loans,2021-2022,excluded_annual_identity_unresolved,opeid_master,directory_crosswalk_identity_conflict,loan_direct__subsidized_graduate_loans_originated_amt,nominal_usd,2,0,2,
direct_loans,2021-2022,excluded_annual_identity_unresolved,opeid_master,directory_crosswalk_identity_conflict,loan_direct__subsidized_graduate_disbursements,nominal_usd,2,0,2,
direct_loans,2021-2022,excluded_annual_identity_unresolved,opeid_master,directory_crosswalk_identity_conflict,loan_direct__unsubsidized_undergraduate_loans_originated_amt,nominal_usd,2,2,0,33395912.0
direct_loans,2021-2022,excluded_annual_identity_unresolved,opeid_master,directory_crosswalk_identity_conflict,loan_direct__unsubsidized_undergraduate_disbursements,nominal_usd,2,2,0,33395912.0
direct_loans,2021-2022,excluded_annual_identity_unresolved,opeid_master,directory_crosswalk_identity_conflict,loan_direct__unsubsidized_graduate_loans_originated_amt,nominal_usd,2,0,2,
direct_loans,2021-2022,excluded_annual_identity_unresolved,opeid_master,directory_crosswalk_identity_conflict,loan_direct__unsubsidized_graduate_disbursements,nominal_usd,2,0,2,
direct_loans,2021-2022,excluded_annual_identity_unresolved,opeid_master,multiple_nonadministrative_directory_unitids,loan_direct__subsidized_loans_originated_amt,nominal_usd,1,1,0,2769846.0
direct_loans,2021-2022,excluded_annual_identity_unresolved,opeid_master,multiple_nonadministrative_directory_unitids,loan_direct__subsidized_disbursements,nominal_usd,1,1,0,2769846.0
direct_loans,2021-2022,excluded_annual_identity_unresolved,opeid_master,multiple_nonadministrative_directory_unitids,loan_direct__unsubsidized_loans_originated_amt,nominal_usd,1,0,1,
direct_loans,2021-2022,excluded_annual_identity_unresolved,opeid_master,multiple_nonadministrative_directory_unitids,loan_direct__unsubsidized_disbursements,nominal_usd,1,0,1,
direct_loans,2021-2022,excluded_annual_identity_unresolved,opeid_master,multiple_nonadministrative_directory_unitids,loan_direct__plus_loans_originated_amt,nominal_usd,1,0,1,
direct_loans,2021-2022,excluded_annual_identity_unresolved,opeid_master,multiple_nonadministrative_directory_unitids,loan_direct__plus_disbursements,nominal_usd,1,0,1,
direct_loans,2021-2022,excluded_annual_identity_unresolved,opeid_master,multiple_nonadministrative_directory_unitids,loan_direct__grad_plus_loans_originated_amt,nominal_usd,1,1,0,61245.0
direct_loans,2021-2022,excluded_annual_identity_unresolved,opeid_master,multiple_nonadministrative_directory_unitids,loan_direct__grad_plus_disbursements,nominal_usd,1,1,0,61245.0
direct_loans,2021-2022,excluded_annual_identity_unresolved,opeid_master,multiple_nonadministrative_directory_unitids,loan_direct__parent_plus_loans_originated_amt,nominal_usd,1,1,0,4796353.0
direct_loans,2021-2022,excluded_annual_identity_unresolved,opeid_master,multiple_nonadministrative_directory_unitids,loan_direct__parent_plus_disbursements,nominal_usd,1,1,0,4796353.0
direct_loans,2021-2022,excluded_annual_identity_unresolved,opeid_master,multiple_nonadministrative_directory_unitids,loan_direct__subsidized_undergraduate_loans_originated_amt,nominal_usd,1,0,1,
direct_loans,2021-2022,excluded_annual_identity_unresolved,opeid_master,multiple_nonadministrative_directory_unitids,loan_direct__subsidized_undergraduate_disbursements,nominal_usd,1,0,1,
direct_loans,2021-2022,excluded_annual_identity_unresolved,opeid_master,multiple_nonadministrative_directory_unitids,loan_direct__subsidized_graduate_loans_originated_amt,nominal_usd,1,0,1,
direct_loans,2021-2022,excluded_annual_identity_unresolved,opeid_master,multiple_nonadministrative_directory_unitids,loan_direct__subsidized_graduate_disbursements,nominal_usd,1,0,1,
direct_loans,2021-2022,excluded_annual_identity_unresolved,opeid_master,multiple_nonadministrative_directory_unitids,loan_direct__unsubsidized_undergraduate_loans_originated_amt,nominal_usd,1,1,0,3192550.0
direct_loans,2021-2022,excluded_annual_identity_unresolved,opeid_master,multiple_nonadministrative_directory_unitids,loan_direct__unsubsidized_undergraduate_disbursements,nominal_usd,1,1,0,3192550.0
direct_loans,2021-2022,excluded_annual_identity_unresolved,opeid_master,multiple_nonadministrative_directory_unitids,loan_direct__unsubsidized_graduate_loans_originated_amt,nominal_usd,1,1,0,2129641.0
direct_loans,2021-2022,excluded_annual_identity_unresolved,opeid_master,multiple_nonadministrative_directory_unitids,loan_direct__unsubsidized_graduate_disbursements,nominal_usd,1,1,0,2129641.0
direct_loans,2021-2022,excluded_annual_identity_unresolved,opeid_master,multiple_official_site_unitids,loan_direct__subsidized_loans_originated_amt,nominal_usd,36,36,0,637746279.0
direct_loans,2021-2022,excluded_annual_identity_unresolved,opeid_master,multiple_official_site_unitids,loan_direct__subsidized_disbursements,nominal_usd,36,36,0,636789792.0
direct_loans,2021-2022,excluded_annual_identity_unresolved,opeid_master,multiple_official_site_unitids,loan_direct__unsubsidized_loans_originated_amt,nominal_usd,36,0,36,
direct_loans,2021-2022,excluded_annual_identity_unresolved,opeid_master,multiple_official_site_unitids,loan_direct__unsubsidized_disbursements,nominal_usd,36,0,36,
direct_loans,2021-2022,excluded_annual_identity_unresolved,opeid_master,multiple_official_site_unitids,loan_direct__plus_loans_originated_amt,nominal_usd,36,0,36,
direct_loans,2021-2022,excluded_annual_identity_unresolved,opeid_master,multiple_official_site_unitids,loan_direct__plus_disbursements,nominal_usd,36,0,36,
direct_loans,2021-2022,excluded_annual_identity_unresolved,opeid_master,multiple_official_site_unitids,loan_direct__grad_plus_loans_originated_amt,nominal_usd,36,30,6,208442138.0
direct_loans,2021-2022,excluded_annual_identity_unresolved,opeid_master,multiple_official_site_unitids,loan_direct__grad_plus_disbursements,nominal_usd,36,30,6,208415232.0
direct_loans,2021-2022,excluded_annual_identity_unresolved,opeid_master,multiple_official_site_unitids,loan_direct__parent_plus_loans_originated_amt,nominal_usd,36,34,2,434649325.0
direct_loans,2021-2022,excluded_annual_identity_unresolved,opeid_master,multiple_official_site_unitids,loan_direct__parent_plus_disbursements,nominal_usd,36,34,2,434613912.0
direct_loans,2021-2022,excluded_annual_identity_unresolved,opeid_master,multiple_official_site_unitids,loan_direct__subsidized_undergraduate_loans_originated_amt,nominal_usd,36,0,36,
direct_loans,2021-2022,excluded_annual_identity_unresolved,opeid_master,multiple_official_site_unitids,loan_direct__subsidized_undergraduate_disbursements,nominal_usd,36,0,36,
direct_loans,2021-2022,excluded_annual_identity_unresolved,opeid_master,multiple_official_site_unitids,loan_direct__subsidized_graduate_loans_originated_amt,nominal_usd,36,0,36,
direct_loans,2021-2022,excluded_annual_identity_unresolved,opeid_master,multiple_official_site_unitids,loan_direct__subsidized_graduate_disbursements,nominal_usd,36,0,36,
direct_loans,2021-2022,excluded_annual_identity_unresolved,opeid_master,multiple_official_site_unitids,loan_direct__unsubsidized_undergraduate_loans_originated_amt,nominal_usd,36,36,0,772785452.0
direct_loans,2021-2022,excluded_annual_identity_unresolved,opeid_master,multiple_official_site_unitids,loan_direct__unsubsidized_undergraduate_disbursements,nominal_usd,36,36,0,771407203.0
direct_loans,2021-2022,excluded_annual_identity_unresolved,opeid_master,multiple_official_site_unitids,loan_direct__unsubsidized_graduate_loans_originated_amt,nominal_usd,36,31,5,1042771044.0
direct_loans,2021-2022,excluded_annual_identity_unresolved,opeid_master,multiple_official_site_unitids,loan_direct__unsubsidized_graduate_disbursements,nominal_usd,36,31,5,1040877222.0
direct_loans,2021-2022,excluded_annual_identity_unresolved,opeid_master,no_annual_site_match,loan_direct__subsidized_loans_originated_amt,nominal_usd,409,296,113,16307320.0
direct_loans,2021-2022,excluded_annual_identity_unresolved,opeid_master,no_annual_site_match,loan_direct__subsidized_disbursements,nominal_usd,409,296,113,16304580.0
direct_loans,2021-2022,excluded_annual_identity_unresolved,opeid_master,no_annual_site_match,loan_direct__unsubsidized_loans_originated_amt,nominal_usd,409,0,409,
direct_loans,2021-2022,excluded_annual_identity_unresolved,opeid_master,no_annual_site_match,loan_direct__unsubsidized_disbursements,nominal_usd,409,0,409,
direct_loans,2021-2022,excluded_annual_identity_unresolved,opeid_master,no_annual_site_match,loan_direct__plus_loans_originated_amt,nominal_usd,409,0,409,
direct_loans,2021-2022,excluded_annual_identity_unresolved,opeid_master,no_annual_site_match,loan_direct__plus_disbursements,nominal_usd,409,0,409,
direct_loans,2021-2022,excluded_annual_identity_unresolved,opeid_master,no_annual_site_match,loan_direct__grad_plus_loans_originated_amt,nominal_usd,409,311,98,1064262537.0
direct_loans,2021-2022,excluded_annual_identity_unresolved,opeid_master,no_annual_site_match,loan_direct__grad_plus_disbursements,nominal_usd,409,311,98,1064194410.0
direct_loans,2021-2022,excluded_annual_identity_unresolved,opeid_master,no_annual_site_match,loan_direct__parent_plus_loans_originated_amt,nominal_usd,409,217,192,58937773.0
direct_loans,2021-2022,excluded_annual_identity_unresolved,opeid_master,no_annual_site_match,loan_direct__parent_plus_disbursements,nominal_usd,409,217,192,58937773.0
direct_loans,2021-2022,excluded_annual_identity_unresolved,opeid_master,no_annual_site_match,loan_direct__subsidized_undergraduate_loans_originated_amt,nominal_usd,409,0,409,
direct_loans,2021-2022,excluded_annual_identity_unresolved,opeid_master,no_annual_site_match,loan_direct__subsidized_undergraduate_disbursements,nominal_usd,409,0,409,
direct_loans,2021-2022,excluded_annual_identity_unresolved,opeid_master,no_annual_site_match,loan_direct__subsidized_graduate_loans_originated_amt,nominal_usd,409,0,409,
direct_loans,2021-2022,excluded_annual_identity_unresolved,opeid_master,no_annual_site_match,loan_direct__subsidized_graduate_disbursements,nominal_usd,409,0,409,
direct_loans,2021-2022,excluded_annual_identity_unresolved,opeid_master,no_annual_site_match,loan_direct__unsubsidized_undergraduate_loans_originated_amt,nominal_usd,409,296,113,16184623.0
direct_loans,2021-2022,excluded_annual_identity_unresolved,opeid_master,no_annual_site_match,loan_direct__unsubsidized_undergraduate_disbursements,nominal_usd,409,296,113,16181123.0
direct_loans,2021-2022,excluded_annual_identity_unresolved,opeid_master,no_annual_site_match,loan_direct__unsubsidized_graduate_loans_originated_amt,nominal_usd,409,343,66,441740872.0
direct_loans,2021-2022,excluded_annual_identity_unresolved,opeid_master,no_annual_site_match,loan_direct__unsubsidized_graduate_disbursements,nominal_usd,409,343,66,441730672.0
direct_loans,2021-2022,included_unique_family_record,opeid_master,official_site_and_directory_agree,loan_direct__subsidized_loans_originated_amt,nominal_usd,4510,4269,241,15030806255.0
direct_loans,2021-2022,included_unique_family_record,opeid_master,official_site_and_directory_agree,loan_direct__subsidized_disbursements,nominal_usd,4510,4269,241,15025493641.0
direct_loans,2021-2022,included_unique_family_record,opeid_master,official_site_and_directory_agree,loan_direct__unsubsidized_loans_originated_amt,nominal_usd,4510,0,4510,
direct_loans,2021-2022,included_unique_family_record,opeid_master,official_site_and_directory_agree,loan_direct__unsubsidized_disbursements,nominal_usd,4510,0,4510,
direct_loans,2021-2022,included_unique_family_record,opeid_master,official_site_and_directory_agree,loan_direct__plus_loans_originated_amt,nominal_usd,4510,0,4510,
direct_loans,2021-2022,included_unique_family_record,opeid_master,official_site_and_directory_agree,loan_direct__plus_disbursements,nominal_usd,4510,0,4510,
direct_loans,2021-2022,included_unique_family_record,opeid_master,official_site_and_directory_agree,loan_direct__grad_plus_loans_originated_amt,nominal_usd,4510,1440,3070,11257475649.0
direct_loans,2021-2022,included_unique_family_record,opeid_master,official_site_and_directory_agree,loan_direct__grad_plus_disbursements,nominal_usd,4510,1440,3070,11256208378.0
direct_loans,2021-2022,included_unique_family_record,opeid_master,official_site_and_directory_agree,loan_direct__parent_plus_loans_originated_amt,nominal_usd,4510,3487,1023,9937535944.0
direct_loans,2021-2022,included_unique_family_record,opeid_master,official_site_and_directory_agree,loan_direct__parent_plus_disbursements,nominal_usd,4510,3487,1023,9936991867.0
direct_loans,2021-2022,included_unique_family_record,opeid_master,official_site_and_directory_agree,loan_direct__subsidized_undergraduate_loans_originated_amt,nominal_usd,4510,0,4510,
direct_loans,2021-2022,included_unique_family_record,opeid_master,official_site_and_directory_agree,loan_direct__subsidized_undergraduate_disbursements,nominal_usd,4510,0,4510,
direct_loans,2021-2022,included_unique_family_record,opeid_master,official_site_and_directory_agree,loan_direct__subsidized_graduate_loans_originated_amt,nominal_usd,4510,0,4510,
direct_loans,2021-2022,included_unique_family_record,opeid_master,official_site_and_directory_agree,loan_direct__subsidized_graduate_disbursements,nominal_usd,4510,0,4510,
direct_loans,2021-2022,included_unique_family_record,opeid_master,official_site_and_directory_agree,loan_direct__unsubsidized_undergraduate_loans_originated_amt,nominal_usd,4510,4292,218,16611957430.0
direct_loans,2021-2022,included_unique_family_record,opeid_master,official_site_and_directory_agree,loan_direct__unsubsidized_undergraduate_disbursements,nominal_usd,4510,4292,218,16605442496.0
direct_loans,2021-2022,included_unique_family_record,opeid_master,official_site_and_directory_agree,loan_direct__unsubsidized_graduate_loans_originated_amt,nominal_usd,4510,1762,2748,25392166004.0
direct_loans,2021-2022,included_unique_family_record,opeid_master,official_site_and_directory_agree,loan_direct__unsubsidized_graduate_disbursements,nominal_usd,4510,1762,2748,25386916390.0
direct_loans,2022-2023,excluded_annual_identity_unresolved,opeid_master,directory_crosswalk_identity_conflict,loan_direct__subsidized_loans_originated_amt,nominal_usd,4,4,0,8571721.0
direct_loans,2022-2023,excluded_annual_identity_unresolved,opeid_master,directory_crosswalk_identity_conflict,loan_direct__subsidized_disbursements,nominal_usd,4,4,0,8571721.0
direct_loans,2022-2023,excluded_annual_identity_unresolved,opeid_master,directory_crosswalk_identity_conflict,loan_direct__unsubsidized_loans_originated_amt,nominal_usd,4,0,4,
direct_loans,2022-2023,excluded_annual_identity_unresolved,opeid_master,directory_crosswalk_identity_conflict,loan_direct__unsubsidized_disbursements,nominal_usd,4,0,4,
direct_loans,2022-2023,excluded_annual_identity_unresolved,opeid_master,directory_crosswalk_identity_conflict,loan_direct__plus_loans_originated_amt,nominal_usd,4,0,4,
direct_loans,2022-2023,excluded_annual_identity_unresolved,opeid_master,directory_crosswalk_identity_conflict,loan_direct__plus_disbursements,nominal_usd,4,0,4,
direct_loans,2022-2023,excluded_annual_identity_unresolved,opeid_master,directory_crosswalk_identity_conflict,loan_direct__grad_plus_loans_originated_amt,nominal_usd,4,0,4,
direct_loans,2022-2023,excluded_annual_identity_unresolved,opeid_master,directory_crosswalk_identity_conflict,loan_direct__grad_plus_disbursements,nominal_usd,4,0,4,
direct_loans,2022-2023,excluded_annual_identity_unresolved,opeid_master,directory_crosswalk_identity_conflict,loan_direct__parent_plus_loans_originated_amt,nominal_usd,4,4,0,1462210.0
direct_loans,2022-2023,excluded_annual_identity_unresolved,opeid_master,directory_crosswalk_identity_conflict,loan_direct__parent_plus_disbursements,nominal_usd,4,4,0,1462210.0
direct_loans,2022-2023,excluded_annual_identity_unresolved,opeid_master,directory_crosswalk_identity_conflict,loan_direct__subsidized_undergraduate_loans_originated_amt,nominal_usd,4,0,4,
direct_loans,2022-2023,excluded_annual_identity_unresolved,opeid_master,directory_crosswalk_identity_conflict,loan_direct__subsidized_undergraduate_disbursements,nominal_usd,4,0,4,
direct_loans,2022-2023,excluded_annual_identity_unresolved,opeid_master,directory_crosswalk_identity_conflict,loan_direct__subsidized_graduate_loans_originated_amt,nominal_usd,4,0,4,
direct_loans,2022-2023,excluded_annual_identity_unresolved,opeid_master,directory_crosswalk_identity_conflict,loan_direct__subsidized_graduate_disbursements,nominal_usd,4,0,4,
direct_loans,2022-2023,excluded_annual_identity_unresolved,opeid_master,directory_crosswalk_identity_conflict,loan_direct__unsubsidized_undergraduate_loans_originated_amt,nominal_usd,4,4,0,11258030.0
direct_loans,2022-2023,excluded_annual_identity_unresolved,opeid_master,directory_crosswalk_identity_conflict,loan_direct__unsubsidized_undergraduate_disbursements,nominal_usd,4,4,0,11258030.0
direct_loans,2022-2023,excluded_annual_identity_unresolved,opeid_master,directory_crosswalk_identity_conflict,loan_direct__unsubsidized_graduate_loans_originated_amt,nominal_usd,4,0,4,
direct_loans,2022-2023,excluded_annual_identity_unresolved,opeid_master,directory_crosswalk_identity_conflict,loan_direct__unsubsidized_graduate_disbursements,nominal_usd,4,0,4,
direct_loans,2022-2023,excluded_annual_identity_unresolved,opeid_master,multiple_nonadministrative_directory_unitids,loan_direct__subsidized_loans_originated_amt,nominal_usd,3,3,0,40477091.0
direct_loans,2022-2023,excluded_annual_identity_unresolved,opeid_master,multiple_nonadministrative_directory_unitids,loan_direct__subsidized_disbursements,nominal_usd,3,3,0,40477091.0
direct_loans,2022-2023,excluded_annual_identity_unresolved,opeid_master,multiple_nonadministrative_directory_unitids,loan_direct__unsubsidized_loans_originated_amt,nominal_usd,3,0,3,
direct_loans,2022-2023,excluded_annual_identity_unresolved,opeid_master,multiple_nonadministrative_directory_unitids,loan_direct__unsubsidized_disbursements,nominal_usd,3,0,3,
direct_loans,2022-2023,excluded_annual_identity_unresolved,opeid_master,multiple_nonadministrative_directory_unitids,loan_direct__plus_loans_originated_amt,nominal_usd,3,0,3,
direct_loans,2022-2023,excluded_annual_identity_unresolved,opeid_master,multiple_nonadministrative_directory_unitids,loan_direct__plus_disbursements,nominal_usd,3,0,3,
direct_loans,2022-2023,excluded_annual_identity_unresolved,opeid_master,multiple_nonadministrative_directory_unitids,loan_direct__grad_plus_loans_originated_amt,nominal_usd,3,3,0,5866095.0
direct_loans,2022-2023,excluded_annual_identity_unresolved,opeid_master,multiple_nonadministrative_directory_unitids,loan_direct__grad_plus_disbursements,nominal_usd,3,3,0,5866095.0
direct_loans,2022-2023,excluded_annual_identity_unresolved,opeid_master,multiple_nonadministrative_directory_unitids,loan_direct__parent_plus_loans_originated_amt,nominal_usd,3,3,0,29264304.0
direct_loans,2022-2023,excluded_annual_identity_unresolved,opeid_master,multiple_nonadministrative_directory_unitids,loan_direct__parent_plus_disbursements,nominal_usd,3,3,0,29264304.0
direct_loans,2022-2023,excluded_annual_identity_unresolved,opeid_master,multiple_nonadministrative_directory_unitids,loan_direct__subsidized_undergraduate_loans_originated_amt,nominal_usd,3,0,3,
direct_loans,2022-2023,excluded_annual_identity_unresolved,opeid_master,multiple_nonadministrative_directory_unitids,loan_direct__subsidized_undergraduate_disbursements,nominal_usd,3,0,3,
direct_loans,2022-2023,excluded_annual_identity_unresolved,opeid_master,multiple_nonadministrative_directory_unitids,loan_direct__subsidized_graduate_loans_originated_amt,nominal_usd,3,0,3,
direct_loans,2022-2023,excluded_annual_identity_unresolved,opeid_master,multiple_nonadministrative_directory_unitids,loan_direct__subsidized_graduate_disbursements,nominal_usd,3,0,3,
direct_loans,2022-2023,excluded_annual_identity_unresolved,opeid_master,multiple_nonadministrative_directory_unitids,loan_direct__unsubsidized_undergraduate_loans_originated_amt,nominal_usd,3,3,0,47343208.0
direct_loans,2022-2023,excluded_annual_identity_unresolved,opeid_master,multiple_nonadministrative_directory_unitids,loan_direct__unsubsidized_undergraduate_disbursements,nominal_usd,3,3,0,47343208.0
direct_loans,2022-2023,excluded_annual_identity_unresolved,opeid_master,multiple_nonadministrative_directory_unitids,loan_direct__unsubsidized_graduate_loans_originated_amt,nominal_usd,3,3,0,43668625.0
direct_loans,2022-2023,excluded_annual_identity_unresolved,opeid_master,multiple_nonadministrative_directory_unitids,loan_direct__unsubsidized_graduate_disbursements,nominal_usd,3,3,0,43668625.0
direct_loans,2022-2023,excluded_annual_identity_unresolved,opeid_master,multiple_official_site_unitids,loan_direct__subsidized_loans_originated_amt,nominal_usd,37,37,0,735987930.0
direct_loans,2022-2023,excluded_annual_identity_unresolved,opeid_master,multiple_official_site_unitids,loan_direct__subsidized_disbursements,nominal_usd,37,37,0,735093262.0
direct_loans,2022-2023,excluded_annual_identity_unresolved,opeid_master,multiple_official_site_unitids,loan_direct__unsubsidized_loans_originated_amt,nominal_usd,37,0,37,
direct_loans,2022-2023,excluded_annual_identity_unresolved,opeid_master,multiple_official_site_unitids,loan_direct__unsubsidized_disbursements,nominal_usd,37,0,37,
direct_loans,2022-2023,excluded_annual_identity_unresolved,opeid_master,multiple_official_site_unitids,loan_direct__plus_loans_originated_amt,nominal_usd,37,0,37,
direct_loans,2022-2023,excluded_annual_identity_unresolved,opeid_master,multiple_official_site_unitids,loan_direct__plus_disbursements,nominal_usd,37,0,37,
direct_loans,2022-2023,excluded_annual_identity_unresolved,opeid_master,multiple_official_site_unitids,loan_direct__grad_plus_loans_originated_amt,nominal_usd,37,32,5,251102444.0
direct_loans,2022-2023,excluded_annual_identity_unresolved,opeid_master,multiple_official_site_unitids,loan_direct__grad_plus_disbursements,nominal_usd,37,32,5,251094889.0
direct_loans,2022-2023,excluded_annual_identity_unresolved,opeid_master,multiple_official_site_unitids,loan_direct__parent_plus_loans_originated_amt,nominal_usd,37,35,2,621569559.0
direct_loans,2022-2023,excluded_annual_identity_unresolved,opeid_master,multiple_official_site_unitids,loan_direct__parent_plus_disbursements,nominal_usd,37,35,2,621562559.0
direct_loans,2022-2023,excluded_annual_identity_unresolved,opeid_master,multiple_official_site_unitids,loan_direct__subsidized_undergraduate_loans_originated_amt,nominal_usd,37,0,37,
direct_loans,2022-2023,excluded_annual_identity_unresolved,opeid_master,multiple_official_site_unitids,loan_direct__subsidized_undergraduate_disbursements,nominal_usd,37,0,37,
direct_loans,2022-2023,excluded_annual_identity_unresolved,opeid_master,multiple_official_site_unitids,loan_direct__subsidized_graduate_loans_originated_amt,nominal_usd,37,0,37,
direct_loans,2022-2023,excluded_annual_identity_unresolved,opeid_master,multiple_official_site_unitids,loan_direct__subsidized_graduate_disbursements,nominal_usd,37,0,37,
direct_loans,2022-2023,excluded_annual_identity_unresolved,opeid_master,multiple_official_site_unitids,loan_direct__unsubsidized_undergraduate_loans_originated_amt,nominal_usd,37,37,0,891976743.0
direct_loans,2022-2023,excluded_annual_identity_unresolved,opeid_master,multiple_official_site_unitids,loan_direct__unsubsidized_undergraduate_disbursements,nominal_usd,37,37,0,890774370.0
direct_loans,2022-2023,excluded_annual_identity_unresolved,opeid_master,multiple_official_site_unitids,loan_direct__unsubsidized_graduate_loans_originated_amt,nominal_usd,37,32,5,1093881263.0
direct_loans,2022-2023,excluded_annual_identity_unresolved,opeid_master,multiple_official_site_unitids,loan_direct__unsubsidized_graduate_disbursements,nominal_usd,37,32,5,1092240739.0
direct_loans,2022-2023,excluded_annual_identity_unresolved,opeid_master,no_annual_site_match,loan_direct__subsidized_loans_originated_amt,nominal_usd,388,280,108,16600302.0
direct_loans,2022-2023,excluded_annual_identity_unresolved,opeid_master,no_annual_site_match,loan_direct__subsidized_disbursements,nominal_usd,388,280,108,16593427.0
direct_loans,2022-2023,excluded_annual_identity_unresolved,opeid_master,no_annual_site_match,loan_direct__unsubsidized_loans_originated_amt,nominal_usd,388,0,388,
direct_loans,2022-2023,excluded_annual_identity_unresolved,opeid_master,no_annual_site_match,loan_direct__unsubsidized_disbursements,nominal_usd,388,0,388,
direct_loans,2022-2023,excluded_annual_identity_unresolved,opeid_master,no_annual_site_match,loan_direct__plus_loans_originated_amt,nominal_usd,388,0,388,
direct_loans,2022-2023,excluded_annual_identity_unresolved,opeid_master,no_annual_site_match,loan_direct__plus_disbursements,nominal_usd,388,0,388,
direct_loans,2022-2023,excluded_annual_identity_unresolved,opeid_master,no_annual_site_match,loan_direct__grad_plus_loans_originated_amt,nominal_usd,388,298,90,1041268548.0
direct_loans,2022-2023,excluded_annual_identity_unresolved,opeid_master,no_annual_site_match,loan_direct__grad_plus_disbursements,nominal_usd,388,298,90,1038830790.0
direct_loans,2022-2023,excluded_annual_identity_unresolved,opeid_master,no_annual_site_match,loan_direct__parent_plus_loans_originated_amt,nominal_usd,388,220,168,61644196.0
direct_loans,2022-2023,excluded_annual_identity_unresolved,opeid_master,no_annual_site_match,loan_direct__parent_plus_disbursements,nominal_usd,388,220,168,61636696.0
direct_loans,2022-2023,excluded_annual_identity_unresolved,opeid_master,no_annual_site_match,loan_direct__subsidized_undergraduate_loans_originated_amt,nominal_usd,388,0,388,
direct_loans,2022-2023,excluded_annual_identity_unresolved,opeid_master,no_annual_site_match,loan_direct__subsidized_undergraduate_disbursements,nominal_usd,388,0,388,
direct_loans,2022-2023,excluded_annual_identity_unresolved,opeid_master,no_annual_site_match,loan_direct__subsidized_graduate_loans_originated_amt,nominal_usd,388,0,388,
direct_loans,2022-2023,excluded_annual_identity_unresolved,opeid_master,no_annual_site_match,loan_direct__subsidized_graduate_disbursements,nominal_usd,388,0,388,
direct_loans,2022-2023,excluded_annual_identity_unresolved,opeid_master,no_annual_site_match,loan_direct__unsubsidized_undergraduate_loans_originated_amt,nominal_usd,388,283,105,16835791.0
direct_loans,2022-2023,excluded_annual_identity_unresolved,opeid_master,no_annual_site_match,loan_direct__unsubsidized_undergraduate_disbursements,nominal_usd,388,283,105,16828166.0
direct_loans,2022-2023,excluded_annual_identity_unresolved,opeid_master,no_annual_site_match,loan_direct__unsubsidized_graduate_loans_originated_amt,nominal_usd,388,329,59,385772372.0
direct_loans,2022-2023,excluded_annual_identity_unresolved,opeid_master,no_annual_site_match,loan_direct__unsubsidized_graduate_disbursements,nominal_usd,388,329,59,384896546.0
direct_loans,2022-2023,included_unique_family_record,opeid_master,official_site_and_directory_agree,loan_direct__subsidized_loans_originated_amt,nominal_usd,4459,4221,238,14636071854.0
direct_loans,2022-2023,included_unique_family_record,opeid_master,official_site_and_directory_agree,loan_direct__subsidized_disbursements,nominal_usd,4459,4221,238,14630160104.0
direct_loans,2022-2023,included_unique_family_record,opeid_master,official_site_and_directory_agree,loan_direct__unsubsidized_loans_originated_amt,nominal_usd,4459,0,4459,
direct_loans,2022-2023,included_unique_family_record,opeid_master,official_site_and_directory_agree,loan_direct__unsubsidized_disbursements,nominal_usd,4459,0,4459,
direct_loans,2022-2023,included_unique_family_record,opeid_master,official_site_and_directory_agree,loan_direct__plus_loans_originated_amt,nominal_usd,4459,0,4459,
direct_loans,2022-2023,included_unique_family_record,opeid_master,official_site_and_directory_agree,loan_direct__plus_disbursements,nominal_usd,4459,0,4459,
direct_loans,2022-2023,included_unique_family_record,opeid_master,official_site_and_directory_agree,loan_direct__grad_plus_loans_originated_amt,nominal_usd,4459,1442,3017,11979614092.0
direct_loans,2022-2023,included_unique_family_record,opeid_master,official_site_and_directory_agree,loan_direct__grad_plus_disbursements,nominal_usd,4459,1442,3017,11978496809.0
direct_loans,2022-2023,included_unique_family_record,opeid_master,official_site_and_directory_agree,loan_direct__parent_plus_loans_originated_amt,nominal_usd,4459,3456,1003,10545497334.0
direct_loans,2022-2023,included_unique_family_record,opeid_master,official_site_and_directory_agree,loan_direct__parent_plus_disbursements,nominal_usd,4459,3456,1003,10543932278.0
direct_loans,2022-2023,included_unique_family_record,opeid_master,official_site_and_directory_agree,loan_direct__subsidized_undergraduate_loans_originated_amt,nominal_usd,4459,0,4459,
direct_loans,2022-2023,included_unique_family_record,opeid_master,official_site_and_directory_agree,loan_direct__subsidized_undergraduate_disbursements,nominal_usd,4459,0,4459,
direct_loans,2022-2023,included_unique_family_record,opeid_master,official_site_and_directory_agree,loan_direct__subsidized_graduate_loans_originated_amt,nominal_usd,4459,0,4459,
direct_loans,2022-2023,included_unique_family_record,opeid_master,official_site_and_directory_agree,loan_direct__subsidized_graduate_disbursements,nominal_usd,4459,0,4459,
direct_loans,2022-2023,included_unique_family_record,opeid_master,official_site_and_directory_agree,loan_direct__unsubsidized_undergraduate_loans_originated_amt,nominal_usd,4459,4245,214,16763227334.0
direct_loans,2022-2023,included_unique_family_record,opeid_master,official_site_and_directory_agree,loan_direct__unsubsidized_undergraduate_disbursements,nominal_usd,4459,4245,214,16755775054.0
direct_loans,2022-2023,included_unique_family_record,opeid_master,official_site_and_directory_agree,loan_direct__unsubsidized_graduate_loans_originated_amt,nominal_usd,4459,1773,2686,24541834885.0
direct_loans,2022-2023,included_unique_family_record,opeid_master,official_site_and_directory_agree,loan_direct__unsubsidized_graduate_disbursements,nominal_usd,4459,1773,2686,24538575840.0
direct_loans,2023-2024,excluded_annual_identity_unresolved,opeid_master,directory_crosswalk_identity_conflict,loan_direct__subsidized_loans_originated_amt,nominal_usd,3,3,0,6153577.0
direct_loans,2023-2024,excluded_annual_identity_unresolved,opeid_master,directory_crosswalk_identity_conflict,loan_direct__subsidized_disbursements,nominal_usd,3,3,0,6153577.0
direct_loans,2023-2024,excluded_annual_identity_unresolved,opeid_master,directory_crosswalk_identity_conflict,loan_direct__unsubsidized_loans_originated_amt,nominal_usd,3,0,3,
direct_loans,2023-2024,excluded_annual_identity_unresolved,opeid_master,directory_crosswalk_identity_conflict,loan_direct__unsubsidized_disbursements,nominal_usd,3,0,3,
direct_loans,2023-2024,excluded_annual_identity_unresolved,opeid_master,directory_crosswalk_identity_conflict,loan_direct__plus_loans_originated_amt,nominal_usd,3,0,3,
direct_loans,2023-2024,excluded_annual_identity_unresolved,opeid_master,directory_crosswalk_identity_conflict,loan_direct__plus_disbursements,nominal_usd,3,0,3,
direct_loans,2023-2024,excluded_annual_identity_unresolved,opeid_master,directory_crosswalk_identity_conflict,loan_direct__grad_plus_loans_originated_amt,nominal_usd,3,0,3,
direct_loans,2023-2024,excluded_annual_identity_unresolved,opeid_master,directory_crosswalk_identity_conflict,loan_direct__grad_plus_disbursements,nominal_usd,3,0,3,
direct_loans,2023-2024,excluded_annual_identity_unresolved,opeid_master,directory_crosswalk_identity_conflict,loan_direct__parent_plus_loans_originated_amt,nominal_usd,3,3,0,618669.0
direct_loans,2023-2024,excluded_annual_identity_unresolved,opeid_master,directory_crosswalk_identity_conflict,loan_direct__parent_plus_disbursements,nominal_usd,3,3,0,618669.0
direct_loans,2023-2024,excluded_annual_identity_unresolved,opeid_master,directory_crosswalk_identity_conflict,loan_direct__subsidized_undergraduate_loans_originated_amt,nominal_usd,3,0,3,
direct_loans,2023-2024,excluded_annual_identity_unresolved,opeid_master,directory_crosswalk_identity_conflict,loan_direct__subsidized_undergraduate_disbursements,nominal_usd,3,0,3,
direct_loans,2023-2024,excluded_annual_identity_unresolved,opeid_master,directory_crosswalk_identity_conflict,loan_direct__subsidized_graduate_loans_originated_amt,nominal_usd,3,0,3,
direct_loans,2023-2024,excluded_annual_identity_unresolved,opeid_master,directory_crosswalk_identity_conflict,loan_direct__subsidized_graduate_disbursements,nominal_usd,3,0,3,
direct_loans,2023-2024,excluded_annual_identity_unresolved,opeid_master,directory_crosswalk_identity_conflict,loan_direct__unsubsidized_undergraduate_loans_originated_amt,nominal_usd,3,3,0,8267061.0
direct_loans,2023-2024,excluded_annual_identity_unresolved,opeid_master,directory_crosswalk_identity_conflict,loan_direct__unsubsidized_undergraduate_disbursements,nominal_usd,3,3,0,8267061.0
direct_loans,2023-2024,excluded_annual_identity_unresolved,opeid_master,directory_crosswalk_identity_conflict,loan_direct__unsubsidized_graduate_loans_originated_amt,nominal_usd,3,0,3,
direct_loans,2023-2024,excluded_annual_identity_unresolved,opeid_master,directory_crosswalk_identity_conflict,loan_direct__unsubsidized_graduate_disbursements,nominal_usd,3,0,3,
direct_loans,2023-2024,excluded_annual_identity_unresolved,opeid_master,multiple_official_site_unitids,loan_direct__subsidized_loans_originated_amt,nominal_usd,37,37,0,751969969.0
direct_loans,2023-2024,excluded_annual_identity_unresolved,opeid_master,multiple_official_site_unitids,loan_direct__subsidized_disbursements,nominal_usd,37,37,0,751422904.0
direct_loans,2023-2024,excluded_annual_identity_unresolved,opeid_master,multiple_official_site_unitids,loan_direct__unsubsidized_loans_originated_amt,nominal_usd,37,0,37,
direct_loans,2023-2024,excluded_annual_identity_unresolved,opeid_master,multiple_official_site_unitids,loan_direct__unsubsidized_disbursements,nominal_usd,37,0,37,
direct_loans,2023-2024,excluded_annual_identity_unresolved,opeid_master,multiple_official_site_unitids,loan_direct__plus_loans_originated_amt,nominal_usd,37,0,37,
direct_loans,2023-2024,excluded_annual_identity_unresolved,opeid_master,multiple_official_site_unitids,loan_direct__plus_disbursements,nominal_usd,37,0,37,
direct_loans,2023-2024,excluded_annual_identity_unresolved,opeid_master,multiple_official_site_unitids,loan_direct__grad_plus_loans_originated_amt,nominal_usd,37,31,6,279031567.0
direct_loans,2023-2024,excluded_annual_identity_unresolved,opeid_master,multiple_official_site_unitids,loan_direct__grad_plus_disbursements,nominal_usd,37,31,6,278999223.0
direct_loans,2023-2024,excluded_annual_identity_unresolved,opeid_master,multiple_official_site_unitids,loan_direct__parent_plus_loans_originated_amt,nominal_usd,37,34,3,673010113.0
direct_loans,2023-2024,excluded_annual_identity_unresolved,opeid_master,multiple_official_site_unitids,loan_direct__parent_plus_disbursements,nominal_usd,37,34,3,673000502.0
direct_loans,2023-2024,excluded_annual_identity_unresolved,opeid_master,multiple_official_site_unitids,loan_direct__subsidized_undergraduate_loans_originated_amt,nominal_usd,37,0,37,
direct_loans,2023-2024,excluded_annual_identity_unresolved,opeid_master,multiple_official_site_unitids,loan_direct__subsidized_undergraduate_disbursements,nominal_usd,37,0,37,
direct_loans,2023-2024,excluded_annual_identity_unresolved,opeid_master,multiple_official_site_unitids,loan_direct__subsidized_graduate_loans_originated_amt,nominal_usd,37,0,37,
direct_loans,2023-2024,excluded_annual_identity_unresolved,opeid_master,multiple_official_site_unitids,loan_direct__subsidized_graduate_disbursements,nominal_usd,37,0,37,
direct_loans,2023-2024,excluded_annual_identity_unresolved,opeid_master,multiple_official_site_unitids,loan_direct__unsubsidized_undergraduate_loans_originated_amt,nominal_usd,37,37,0,923347885.0
direct_loans,2023-2024,excluded_annual_identity_unresolved,opeid_master,multiple_official_site_unitids,loan_direct__unsubsidized_undergraduate_disbursements,nominal_usd,37,37,0,922449779.0
direct_loans,2023-2024,excluded_annual_identity_unresolved,opeid_master,multiple_official_site_unitids,loan_direct__unsubsidized_graduate_loans_originated_amt,nominal_usd,37,32,5,1151788044.0
direct_loans,2023-2024,excluded_annual_identity_unresolved,opeid_master,multiple_official_site_unitids,loan_direct__unsubsidized_graduate_disbursements,nominal_usd,37,32,5,1150347264.0
direct_loans,2023-2024,excluded_annual_identity_unresolved,opeid_master,no_annual_site_match,loan_direct__subsidized_loans_originated_amt,nominal_usd,370,266,104,16509274.0
direct_loans,2023-2024,excluded_annual_identity_unresolved,opeid_master,no_annual_site_match,loan_direct__subsidized_disbursements,nominal_usd,370,266,104,16503274.0
direct_loans,2023-2024,excluded_annual_identity_unresolved,opeid_master,no_annual_site_match,loan_direct__unsubsidized_loans_originated_amt,nominal_usd,370,0,370,
direct_loans,2023-2024,excluded_annual_identity_unresolved,opeid_master,no_annual_site_match,loan_direct__unsubsidized_disbursements,nominal_usd,370,0,370,
direct_loans,2023-2024,excluded_annual_identity_unresolved,opeid_master,no_annual_site_match,loan_direct__plus_loans_originated_amt,nominal_usd,370,0,370,
direct_loans,2023-2024,excluded_annual_identity_unresolved,opeid_master,no_annual_site_match,loan_direct__plus_disbursements,nominal_usd,370,0,370,
direct_loans,2023-2024,excluded_annual_identity_unresolved,opeid_master,no_annual_site_match,loan_direct__grad_plus_loans_originated_amt,nominal_usd,370,297,73,1088184392.0
direct_loans,2023-2024,excluded_annual_identity_unresolved,opeid_master,no_annual_site_match,loan_direct__grad_plus_disbursements,nominal_usd,370,297,73,1086911893.0
direct_loans,2023-2024,excluded_annual_identity_unresolved,opeid_master,no_annual_site_match,loan_direct__parent_plus_loans_originated_amt,nominal_usd,370,203,167,68670155.0
direct_loans,2023-2024,excluded_annual_identity_unresolved,opeid_master,no_annual_site_match,loan_direct__parent_plus_disbursements,nominal_usd,370,203,167,68670155.0
direct_loans,2023-2024,excluded_annual_identity_unresolved,opeid_master,no_annual_site_match,loan_direct__subsidized_undergraduate_loans_originated_amt,nominal_usd,370,0,370,
direct_loans,2023-2024,excluded_annual_identity_unresolved,opeid_master,no_annual_site_match,loan_direct__subsidized_undergraduate_disbursements,nominal_usd,370,0,370,
direct_loans,2023-2024,excluded_annual_identity_unresolved,opeid_master,no_annual_site_match,loan_direct__subsidized_graduate_loans_originated_amt,nominal_usd,370,0,370,
direct_loans,2023-2024,excluded_annual_identity_unresolved,opeid_master,no_annual_site_match,loan_direct__subsidized_graduate_disbursements,nominal_usd,370,0,370,
direct_loans,2023-2024,excluded_annual_identity_unresolved,opeid_master,no_annual_site_match,loan_direct__unsubsidized_undergraduate_loans_originated_amt,nominal_usd,370,265,105,15967995.0
direct_loans,2023-2024,excluded_annual_identity_unresolved,opeid_master,no_annual_site_match,loan_direct__unsubsidized_undergraduate_disbursements,nominal_usd,370,265,105,15961995.0
direct_loans,2023-2024,excluded_annual_identity_unresolved,opeid_master,no_annual_site_match,loan_direct__unsubsidized_graduate_loans_originated_amt,nominal_usd,370,326,44,382665400.0
direct_loans,2023-2024,excluded_annual_identity_unresolved,opeid_master,no_annual_site_match,loan_direct__unsubsidized_graduate_disbursements,nominal_usd,370,326,44,382345271.0
direct_loans,2023-2024,included_unique_family_record,opeid_master,official_site_and_directory_agree,loan_direct__subsidized_loans_originated_amt,nominal_usd,4406,4169,237,14891833911.0
direct_loans,2023-2024,included_unique_family_record,opeid_master,official_site_and_directory_agree,loan_direct__subsidized_disbursements,nominal_usd,4406,4169,237,14881541459.0
direct_loans,2023-2024,included_unique_family_record,opeid_master,official_site_and_directory_agree,loan_direct__unsubsidized_loans_originated_amt,nominal_usd,4406,0,4406,
direct_loans,2023-2024,included_unique_family_record,opeid_master,official_site_and_directory_agree,loan_direct__unsubsidized_disbursements,nominal_usd,4406,0,4406,
direct_loans,2023-2024,included_unique_family_record,opeid_master,official_site_and_directory_agree,loan_direct__plus_loans_originated_amt,nominal_usd,4406,0,4406,
direct_loans,2023-2024,included_unique_family_record,opeid_master,official_site_and_directory_agree,loan_direct__plus_disbursements,nominal_usd,4406,0,4406,
direct_loans,2023-2024,included_unique_family_record,opeid_master,official_site_and_directory_agree,loan_direct__grad_plus_loans_originated_amt,nominal_usd,4406,1455,2951,12757071179.0
direct_loans,2023-2024,included_unique_family_record,opeid_master,official_site_and_directory_agree,loan_direct__grad_plus_disbursements,nominal_usd,4406,1455,2951,12754138847.0
direct_loans,2023-2024,included_unique_family_record,opeid_master,official_site_and_directory_agree,loan_direct__parent_plus_loans_originated_amt,nominal_usd,4406,3417,989,11352523108.0
direct_loans,2023-2024,included_unique_family_record,opeid_master,official_site_and_directory_agree,loan_direct__parent_plus_disbursements,nominal_usd,4406,3417,989,11350924386.0
direct_loans,2023-2024,included_unique_family_record,opeid_master,official_site_and_directory_agree,loan_direct__subsidized_undergraduate_loans_originated_amt,nominal_usd,4406,0,4406,
direct_loans,2023-2024,included_unique_family_record,opeid_master,official_site_and_directory_agree,loan_direct__subsidized_undergraduate_disbursements,nominal_usd,4406,0,4406,
direct_loans,2023-2024,included_unique_family_record,opeid_master,official_site_and_directory_agree,loan_direct__subsidized_graduate_loans_originated_amt,nominal_usd,4406,0,4406,
direct_loans,2023-2024,included_unique_family_record,opeid_master,official_site_and_directory_agree,loan_direct__subsidized_graduate_disbursements,nominal_usd,4406,0,4406,
direct_loans,2023-2024,included_unique_family_record,opeid_master,official_site_and_directory_agree,loan_direct__unsubsidized_undergraduate_loans_originated_amt,nominal_usd,4406,4200,206,16696160524.0
direct_loans,2023-2024,included_unique_family_record,opeid_master,official_site_and_directory_agree,loan_direct__unsubsidized_undergraduate_disbursements,nominal_usd,4406,4200,206,16684733944.0
direct_loans,2023-2024,included_unique_family_record,opeid_master,official_site_and_directory_agree,loan_direct__unsubsidized_graduate_loans_originated_amt,nominal_usd,4406,1767,2639,24662669639.0
direct_loans,2023-2024,included_unique_family_record,opeid_master,official_site_and_directory_agree,loan_direct__unsubsidized_graduate_disbursements,nominal_usd,4406,1767,2639,24651023447.0
direct_loans,2024-2025,excluded_annual_identity_unresolved,opeid_master,directory_crosswalk_identity_conflict,loan_direct__subsidized_loans_originated_amt,nominal_usd,3,3,0,50875510.0
direct_loans,2024-2025,excluded_annual_identity_unresolved,opeid_master,directory_crosswalk_identity_conflict,loan_direct__subsidized_disbursements,nominal_usd,3,3,0,50783692.0
direct_loans,2024-2025,excluded_annual_identity_unresolved,opeid_master,directory_crosswalk_identity_conflict,loan_direct__unsubsidized_loans_originated_amt,nominal_usd,3,0,3,
direct_loans,2024-2025,excluded_annual_identity_unresolved,opeid_master,directory_crosswalk_identity_conflict,loan_direct__unsubsidized_disbursements,nominal_usd,3,0,3,
direct_loans,2024-2025,excluded_annual_identity_unresolved,opeid_master,directory_crosswalk_identity_conflict,loan_direct__plus_loans_originated_amt,nominal_usd,3,0,3,
direct_loans,2024-2025,excluded_annual_identity_unresolved,opeid_master,directory_crosswalk_identity_conflict,loan_direct__plus_disbursements,nominal_usd,3,0,3,
direct_loans,2024-2025,excluded_annual_identity_unresolved,opeid_master,directory_crosswalk_identity_conflict,loan_direct__grad_plus_loans_originated_amt,nominal_usd,3,1,2,17526170.0
direct_loans,2024-2025,excluded_annual_identity_unresolved,opeid_master,directory_crosswalk_identity_conflict,loan_direct__grad_plus_disbursements,nominal_usd,3,1,2,17496683.0
direct_loans,2024-2025,excluded_annual_identity_unresolved,opeid_master,directory_crosswalk_identity_conflict,loan_direct__parent_plus_loans_originated_amt,nominal_usd,3,3,0,41511802.0
direct_loans,2024-2025,excluded_annual_identity_unresolved,opeid_master,directory_crosswalk_identity_conflict,loan_direct__parent_plus_disbursements,nominal_usd,3,3,0,41489744.0
direct_loans,2024-2025,excluded_annual_identity_unresolved,opeid_master,directory_crosswalk_identity_conflict,loan_direct__subsidized_undergraduate_loans_originated_amt,nominal_usd,3,0,3,
direct_loans,2024-2025,excluded_annual_identity_unresolved,opeid_master,directory_crosswalk_identity_conflict,loan_direct__subsidized_undergraduate_disbursements,nominal_usd,3,0,3,
direct_loans,2024-2025,excluded_annual_identity_unresolved,opeid_master,directory_crosswalk_identity_conflict,loan_direct__subsidized_graduate_loans_originated_amt,nominal_usd,3,0,3,
direct_loans,2024-2025,excluded_annual_identity_unresolved,opeid_master,directory_crosswalk_identity_conflict,loan_direct__subsidized_graduate_disbursements,nominal_usd,3,0,3,
direct_loans,2024-2025,excluded_annual_identity_unresolved,opeid_master,directory_crosswalk_identity_conflict,loan_direct__unsubsidized_undergraduate_loans_originated_amt,nominal_usd,3,3,0,61996955.0
direct_loans,2024-2025,excluded_annual_identity_unresolved,opeid_master,directory_crosswalk_identity_conflict,loan_direct__unsubsidized_undergraduate_disbursements,nominal_usd,3,3,0,61907801.0
direct_loans,2024-2025,excluded_annual_identity_unresolved,opeid_master,directory_crosswalk_identity_conflict,loan_direct__unsubsidized_graduate_loans_originated_amt,nominal_usd,3,1,2,62380797.0
direct_loans,2024-2025,excluded_annual_identity_unresolved,opeid_master,directory_crosswalk_identity_conflict,loan_direct__unsubsidized_graduate_disbursements,nominal_usd,3,1,2,62191465.0
direct_loans,2024-2025,excluded_annual_identity_unresolved,opeid_master,multiple_official_site_unitids,loan_direct__subsidized_loans_originated_amt,nominal_usd,37,37,0,732588124.0
direct_loans,2024-2025,excluded_annual_identity_unresolved,opeid_master,multiple_official_site_unitids,loan_direct__subsidized_disbursements,nominal_usd,37,37,0,727175643.0
direct_loans,2024-2025,excluded_annual_identity_unresolved,opeid_master,multiple_official_site_unitids,loan_direct__unsubsidized_loans_originated_amt,nominal_usd,37,0,37,
direct_loans,2024-2025,excluded_annual_identity_unresolved,opeid_master,multiple_official_site_unitids,loan_direct__unsubsidized_disbursements,nominal_usd,37,0,37,
direct_loans,2024-2025,excluded_annual_identity_unresolved,opeid_master,multiple_official_site_unitids,loan_direct__plus_loans_originated_amt,nominal_usd,37,0,37,
direct_loans,2024-2025,excluded_annual_identity_unresolved,opeid_master,multiple_official_site_unitids,loan_direct__plus_disbursements,nominal_usd,37,0,37,
direct_loans,2024-2025,excluded_annual_identity_unresolved,opeid_master,multiple_official_site_unitids,loan_direct__grad_plus_loans_originated_amt,nominal_usd,37,32,5,315787792.0
direct_loans,2024-2025,excluded_annual_identity_unresolved,opeid_master,multiple_official_site_unitids,loan_direct__grad_plus_disbursements,nominal_usd,37,32,5,302218970.0
direct_loans,2024-2025,excluded_annual_identity_unresolved,opeid_master,multiple_official_site_unitids,loan_direct__parent_plus_loans_originated_amt,nominal_usd,37,35,2,721243770.0
direct_loans,2024-2025,excluded_annual_identity_unresolved,opeid_master,multiple_official_site_unitids,loan_direct__parent_plus_disbursements,nominal_usd,37,35,2,720123787.0
direct_loans,2024-2025,excluded_annual_identity_unresolved,opeid_master,multiple_official_site_unitids,loan_direct__subsidized_undergraduate_loans_originated_amt,nominal_usd,37,0,37,
direct_loans,2024-2025,excluded_annual_identity_unresolved,opeid_master,multiple_official_site_unitids,loan_direct__subsidized_undergraduate_disbursements,nominal_usd,37,0,37,
direct_loans,2024-2025,excluded_annual_identity_unresolved,opeid_master,multiple_official_site_unitids,loan_direct__subsidized_graduate_loans_originated_amt,nominal_usd,37,0,37,
direct_loans,2024-2025,excluded_annual_identity_unresolved,opeid_master,multiple_official_site_unitids,loan_direct__subsidized_graduate_disbursements,nominal_usd,37,0,37,
direct_loans,2024-2025,excluded_annual_identity_unresolved,opeid_master,multiple_official_site_unitids,loan_direct__unsubsidized_undergraduate_loans_originated_amt,nominal_usd,37,37,0,953702421.0
direct_loans,2024-2025,excluded_annual_identity_unresolved,opeid_master,multiple_official_site_unitids,loan_direct__unsubsidized_undergraduate_disbursements,nominal_usd,37,37,0,945604528.0
direct_loans,2024-2025,excluded_annual_identity_unresolved,opeid_master,multiple_official_site_unitids,loan_direct__unsubsidized_graduate_loans_originated_amt,nominal_usd,37,32,5,1214887598.0
direct_loans,2024-2025,excluded_annual_identity_unresolved,opeid_master,multiple_official_site_unitids,loan_direct__unsubsidized_graduate_disbursements,nominal_usd,37,32,5,1184198230.0
direct_loans,2024-2025,excluded_annual_identity_unresolved,opeid_master,no_annual_site_match,loan_direct__subsidized_loans_originated_amt,nominal_usd,351,249,102,14729594.0
direct_loans,2024-2025,excluded_annual_identity_unresolved,opeid_master,no_annual_site_match,loan_direct__subsidized_disbursements,nominal_usd,351,249,102,14657498.0
direct_loans,2024-2025,excluded_annual_identity_unresolved,opeid_master,no_annual_site_match,loan_direct__unsubsidized_loans_originated_amt,nominal_usd,351,0,351,
direct_loans,2024-2025,excluded_annual_identity_unresolved,opeid_master,no_annual_site_match,loan_direct__unsubsidized_disbursements,nominal_usd,351,0,351,
direct_loans,2024-2025,excluded_annual_identity_unresolved,opeid_master,no_annual_site_match,loan_direct__plus_loans_originated_amt,nominal_usd,351,0,351,
direct_loans,2024-2025,excluded_annual_identity_unresolved,opeid_master,no_annual_site_match,loan_direct__plus_disbursements,nominal_usd,351,0,351,
direct_loans,2024-2025,excluded_annual_identity_unresolved,opeid_master,no_annual_site_match,loan_direct__grad_plus_loans_originated_amt,nominal_usd,351,279,72,1160690811.0
direct_loans,2024-2025,excluded_annual_identity_unresolved,opeid_master,no_annual_site_match,loan_direct__grad_plus_disbursements,nominal_usd,351,279,72,1142105342.0
direct_loans,2024-2025,excluded_annual_identity_unresolved,opeid_master,no_annual_site_match,loan_direct__parent_plus_loans_originated_amt,nominal_usd,351,190,161,69723774.0
direct_loans,2024-2025,excluded_annual_identity_unresolved,opeid_master,no_annual_site_match,loan_direct__parent_plus_disbursements,nominal_usd,351,190,161,69673886.0
direct_loans,2024-2025,excluded_annual_identity_unresolved,opeid_master,no_annual_site_match,loan_direct__subsidized_undergraduate_loans_originated_amt,nominal_usd,351,0,351,
direct_loans,2024-2025,excluded_annual_identity_unresolved,opeid_master,no_annual_site_match,loan_direct__subsidized_undergraduate_disbursements,nominal_usd,351,0,351,
direct_loans,2024-2025,excluded_annual_identity_unresolved,opeid_master,no_annual_site_match,loan_direct__subsidized_graduate_loans_originated_amt,nominal_usd,351,0,351,
direct_loans,2024-2025,excluded_annual_identity_unresolved,opeid_master,no_annual_site_match,loan_direct__subsidized_graduate_disbursements,nominal_usd,351,0,351,
direct_loans,2024-2025,excluded_annual_identity_unresolved,opeid_master,no_annual_site_match,loan_direct__unsubsidized_undergraduate_loans_originated_amt,nominal_usd,351,250,101,16454055.0
direct_loans,2024-2025,excluded_annual_identity_unresolved,opeid_master,no_annual_site_match,loan_direct__unsubsidized_undergraduate_disbursements,nominal_usd,351,250,101,16353659.0
direct_loans,2024-2025,excluded_annual_identity_unresolved,opeid_master,no_annual_site_match,loan_direct__unsubsidized_graduate_loans_originated_amt,nominal_usd,351,307,44,381798679.0
direct_loans,2024-2025,excluded_annual_identity_unresolved,opeid_master,no_annual_site_match,loan_direct__unsubsidized_graduate_disbursements,nominal_usd,351,307,44,372712299.0
direct_loans,2024-2025,included_unique_family_record,opeid_master,official_site_and_directory_agree,loan_direct__subsidized_loans_originated_amt,nominal_usd,4330,4099,231,14958446838.0
direct_loans,2024-2025,included_unique_family_record,opeid_master,official_site_and_directory_agree,loan_direct__subsidized_disbursements,nominal_usd,4330,4099,231,14646440001.0
direct_loans,2024-2025,included_unique_family_record,opeid_master,official_site_and_directory_agree,loan_direct__unsubsidized_loans_originated_amt,nominal_usd,4330,0,4330,
direct_loans,2024-2025,included_unique_family_record,opeid_master,official_site_and_directory_agree,loan_direct__unsubsidized_disbursements,nominal_usd,4330,0,4330,
direct_loans,2024-2025,included_unique_family_record,opeid_master,official_site_and_directory_agree,loan_direct__plus_loans_originated_amt,nominal_usd,4330,0,4330,
direct_loans,2024-2025,included_unique_family_record,opeid_master,official_site_and_directory_agree,loan_direct__plus_disbursements,nominal_usd,4330,0,4330,
direct_loans,2024-2025,included_unique_family_record,opeid_master,official_site_and_directory_agree,loan_direct__grad_plus_loans_originated_amt,nominal_usd,4330,1475,2855,14186508201.0
direct_loans,2024-2025,included_unique_family_record,opeid_master,official_site_and_directory_agree,loan_direct__grad_plus_disbursements,nominal_usd,4330,1475,2855,13681646054.0
direct_loans,2024-2025,included_unique_family_record,opeid_master,official_site_and_directory_agree,loan_direct__parent_plus_loans_originated_amt,nominal_usd,4330,3339,991,11654828357.0
direct_loans,2024-2025,included_unique_family_record,opeid_master,official_site_and_directory_agree,loan_direct__parent_plus_disbursements,nominal_usd,4330,3339,991,11598505061.0
direct_loans,2024-2025,included_unique_family_record,opeid_master,official_site_and_directory_agree,loan_direct__subsidized_undergraduate_loans_originated_amt,nominal_usd,4330,0,4330,
direct_loans,2024-2025,included_unique_family_record,opeid_master,official_site_and_directory_agree,loan_direct__subsidized_undergraduate_disbursements,nominal_usd,4330,0,4330,
direct_loans,2024-2025,included_unique_family_record,opeid_master,official_site_and_directory_agree,loan_direct__subsidized_graduate_loans_originated_amt,nominal_usd,4330,0,4330,
direct_loans,2024-2025,included_unique_family_record,opeid_master,official_site_and_directory_agree,loan_direct__subsidized_graduate_disbursements,nominal_usd,4330,0,4330,
direct_loans,2024-2025,included_unique_family_record,opeid_master,official_site_and_directory_agree,loan_direct__unsubsidized_undergraduate_loans_originated_amt,nominal_usd,4330,4124,206,17951247695.0
direct_loans,2024-2025,included_unique_family_record,opeid_master,official_site_and_directory_agree,loan_direct__unsubsidized_undergraduate_disbursements,nominal_usd,4330,4124,206,17538695353.0
direct_loans,2024-2025,included_unique_family_record,opeid_master,official_site_and_directory_agree,loan_direct__unsubsidized_graduate_loans_originated_amt,nominal_usd,4330,1751,2579,25850688266.0
direct_loans,2024-2025,included_unique_family_record,opeid_master,official_site_and_directory_agree,loan_direct__unsubsidized_graduate_disbursements,nominal_usd,4330,1751,2579,24955311763.0
ffel,1999-2000,excluded_annual_identity_unresolved,opeid_master,no_annual_site_match,loan_ffel__subsidized_loans_originated_amt,nominal_usd,560,560,0,135168893.0
ffel,1999-2000,excluded_annual_identity_unresolved,opeid_master,no_annual_site_match,loan_ffel__subsidized_disbursements,nominal_usd,560,560,0,132748485.0
ffel,1999-2000,excluded_annual_identity_unresolved,opeid_master,no_annual_site_match,loan_ffel__unsubsidized_loans_originated_amt,nominal_usd,560,560,0,147887209.0
ffel,1999-2000,excluded_annual_identity_unresolved,opeid_master,no_annual_site_match,loan_ffel__unsubsidized_disbursements,nominal_usd,560,560,0,145038057.0
ffel,1999-2000,excluded_annual_identity_unresolved,opeid_master,no_annual_site_match,loan_ffel__plus_loans_originated_amt,nominal_usd,560,560,0,4997510.0
ffel,1999-2000,excluded_annual_identity_unresolved,opeid_master,no_annual_site_match,loan_ffel__plus_disbursements,nominal_usd,560,560,0,4778421.0
ffel,1999-2000,excluded_annual_identity_unresolved,opeid_master,no_annual_site_match,loan_ffel__grad_plus_loans_originated_amt,nominal_usd,560,0,560,
ffel,1999-2000,excluded_annual_identity_unresolved,opeid_master,no_annual_site_match,loan_ffel__grad_plus_disbursements,nominal_usd,560,0,560,
ffel,1999-2000,excluded_annual_identity_unresolved,opeid_master,no_annual_site_match,loan_ffel__parent_plus_loans_originated_amt,nominal_usd,560,0,560,
ffel,1999-2000,excluded_annual_identity_unresolved,opeid_master,no_annual_site_match,loan_ffel__parent_plus_disbursements,nominal_usd,560,0,560,
ffel,1999-2000,excluded_annual_identity_unresolved,opeid_master,resolved_administrative_directory_identity_ineligible,loan_ffel__subsidized_loans_originated_amt,nominal_usd,7,7,0,29283704.0
ffel,1999-2000,excluded_annual_identity_unresolved,opeid_master,resolved_administrative_directory_identity_ineligible,loan_ffel__subsidized_disbursements,nominal_usd,7,7,0,28529589.0
ffel,1999-2000,excluded_annual_identity_unresolved,opeid_master,resolved_administrative_directory_identity_ineligible,loan_ffel__unsubsidized_loans_originated_amt,nominal_usd,7,7,0,5295829.0
ffel,1999-2000,excluded_annual_identity_unresolved,opeid_master,resolved_administrative_directory_identity_ineligible,loan_ffel__unsubsidized_disbursements,nominal_usd,7,7,0,4991410.0
ffel,1999-2000,excluded_annual_identity_unresolved,opeid_master,resolved_administrative_directory_identity_ineligible,loan_ffel__plus_loans_originated_amt,nominal_usd,7,7,0,184818.0
ffel,1999-2000,excluded_annual_identity_unresolved,opeid_master,resolved_administrative_directory_identity_ineligible,loan_ffel__plus_disbursements,nominal_usd,7,7,0,170179.0
ffel,1999-2000,excluded_annual_identity_unresolved,opeid_master,resolved_administrative_directory_identity_ineligible,loan_ffel__grad_plus_loans_originated_amt,nominal_usd,7,0,7,
ffel,1999-2000,excluded_annual_identity_unresolved,opeid_master,resolved_administrative_directory_identity_ineligible,loan_ffel__grad_plus_disbursements,nominal_usd,7,0,7,
ffel,1999-2000,excluded_annual_identity_unresolved,opeid_master,resolved_administrative_directory_identity_ineligible,loan_ffel__parent_plus_loans_originated_amt,nominal_usd,7,0,7,
ffel,1999-2000,excluded_annual_identity_unresolved,opeid_master,resolved_administrative_directory_identity_ineligible,loan_ffel__parent_plus_disbursements,nominal_usd,7,0,7,
ffel,1999-2000,included_unique_family_record,opeid_master,unique_annual_directory_only,loan_ffel__subsidized_loans_originated_amt,nominal_usd,3799,3799,0,11283074083.0
ffel,1999-2000,included_unique_family_record,opeid_master,unique_annual_directory_only,loan_ffel__subsidized_disbursements,nominal_usd,3799,3799,0,10648540461.0
ffel,1999-2000,included_unique_family_record,opeid_master,unique_annual_directory_only,loan_ffel__unsubsidized_loans_originated_amt,nominal_usd,3799,3799,0,8856732604.0
ffel,1999-2000,included_unique_family_record,opeid_master,unique_annual_directory_only,loan_ffel__unsubsidized_disbursements,nominal_usd,3799,3799,0,8317100593.0
ffel,1999-2000,included_unique_family_record,opeid_master,unique_annual_directory_only,loan_ffel__plus_loans_originated_amt,nominal_usd,3799,3799,0,2277889916.0
ffel,1999-2000,included_unique_family_record,opeid_master,unique_annual_directory_only,loan_ffel__plus_disbursements,nominal_usd,3799,3799,0,2159842388.0
ffel,1999-2000,included_unique_family_record,opeid_master,unique_annual_directory_only,loan_ffel__grad_plus_loans_originated_amt,nominal_usd,3799,0,3799,
ffel,1999-2000,included_unique_family_record,opeid_master,unique_annual_directory_only,loan_ffel__grad_plus_disbursements,nominal_usd,3799,0,3799,
ffel,1999-2000,included_unique_family_record,opeid_master,unique_annual_directory_only,loan_ffel__parent_plus_loans_originated_amt,nominal_usd,3799,0,3799,
ffel,1999-2000,included_unique_family_record,opeid_master,unique_annual_directory_only,loan_ffel__parent_plus_disbursements,nominal_usd,3799,0,3799,
ffel,2000-2001,ambiguous_family_multiple_records,opeid_master,multiple_fsa_records_for_same_unitid_year_family,loan_ffel__subsidized_loans_originated_amt,nominal_usd,2,2,0,3190177.0
ffel,2000-2001,ambiguous_family_multiple_records,opeid_master,multiple_fsa_records_for_same_unitid_year_family,loan_ffel__subsidized_disbursements,nominal_usd,2,2,0,3168502.0
ffel,2000-2001,ambiguous_family_multiple_records,opeid_master,multiple_fsa_records_for_same_unitid_year_family,loan_ffel__unsubsidized_loans_originated_amt,nominal_usd,2,2,0,4363341.0
ffel,2000-2001,ambiguous_family_multiple_records,opeid_master,multiple_fsa_records_for_same_unitid_year_family,loan_ffel__unsubsidized_disbursements,nominal_usd,2,2,0,4295279.0
ffel,2000-2001,ambiguous_family_multiple_records,opeid_master,multiple_fsa_records_for_same_unitid_year_family,loan_ffel__plus_loans_originated_amt,nominal_usd,2,2,0,0.0
ffel,2000-2001,ambiguous_family_multiple_records,opeid_master,multiple_fsa_records_for_same_unitid_year_family,loan_ffel__plus_disbursements,nominal_usd,2,2,0,0.0
ffel,2000-2001,ambiguous_family_multiple_records,opeid_master,multiple_fsa_records_for_same_unitid_year_family,loan_ffel__grad_plus_loans_originated_amt,nominal_usd,2,0,2,
ffel,2000-2001,ambiguous_family_multiple_records,opeid_master,multiple_fsa_records_for_same_unitid_year_family,loan_ffel__grad_plus_disbursements,nominal_usd,2,0,2,
ffel,2000-2001,ambiguous_family_multiple_records,opeid_master,multiple_fsa_records_for_same_unitid_year_family,loan_ffel__parent_plus_loans_originated_amt,nominal_usd,2,0,2,
ffel,2000-2001,ambiguous_family_multiple_records,opeid_master,multiple_fsa_records_for_same_unitid_year_family,loan_ffel__parent_plus_disbursements,nominal_usd,2,0,2,
ffel,2000-2001,excluded_annual_identity_unresolved,opeid_master,multiple_official_site_unitids,loan_ffel__subsidized_loans_originated_amt,nominal_usd,68,68,0,928756686.0
ffel,2000-2001,excluded_annual_identity_unresolved,opeid_master,multiple_official_site_unitids,loan_ffel__subsidized_disbursements,nominal_usd,68,68,0,865759134.0
ffel,2000-2001,excluded_annual_identity_unresolved,opeid_master,multiple_official_site_unitids,loan_ffel__unsubsidized_loans_originated_amt,nominal_usd,68,68,0,843219288.0
ffel,2000-2001,excluded_annual_identity_unresolved,opeid_master,multiple_official_site_unitids,loan_ffel__unsubsidized_disbursements,nominal_usd,68,68,0,778386591.0
ffel,2000-2001,excluded_annual_identity_unresolved,opeid_master,multiple_official_site_unitids,loan_ffel__plus_loans_originated_amt,nominal_usd,68,68,0,152345636.0
ffel,2000-2001,excluded_annual_identity_unresolved,opeid_master,multiple_official_site_unitids,loan_ffel__plus_disbursements,nominal_usd,68,68,0,144502028.0
ffel,2000-2001,excluded_annual_identity_unresolved,opeid_master,multiple_official_site_unitids,loan_ffel__grad_plus_loans_originated_amt,nominal_usd,68,0,68,
ffel,2000-2001,excluded_annual_identity_unresolved,opeid_master,multiple_official_site_unitids,loan_ffel__grad_plus_disbursements,nominal_usd,68,0,68,
ffel,2000-2001,excluded_annual_identity_unresolved,opeid_master,multiple_official_site_unitids,loan_ffel__parent_plus_loans_originated_amt,nominal_usd,68,0,68,
ffel,2000-2001,excluded_annual_identity_unresolved,opeid_master,multiple_official_site_unitids,loan_ffel__parent_plus_disbursements,nominal_usd,68,0,68,
ffel,2000-2001,excluded_annual_identity_unresolved,opeid_master,no_annual_site_match,loan_ffel__subsidized_loans_originated_amt,nominal_usd,523,523,0,125134094.0
ffel,2000-2001,excluded_annual_identity_unresolved,opeid_master,no_annual_site_match,loan_ffel__subsidized_disbursements,nominal_usd,523,523,0,122835544.0
ffel,2000-2001,excluded_annual_identity_unresolved,opeid_master,no_annual_site_match,loan_ffel__unsubsidized_loans_originated_amt,nominal_usd,523,523,0,142479103.0
ffel,2000-2001,excluded_annual_identity_unresolved,opeid_master,no_annual_site_match,loan_ffel__unsubsidized_disbursements,nominal_usd,523,523,0,139559218.0
ffel,2000-2001,excluded_annual_identity_unresolved,opeid_master,no_annual_site_match,loan_ffel__plus_loans_originated_amt,nominal_usd,523,523,0,6408305.0
ffel,2000-2001,excluded_annual_identity_unresolved,opeid_master,no_annual_site_match,loan_ffel__plus_disbursements,nominal_usd,523,523,0,6266616.0
ffel,2000-2001,excluded_annual_identity_unresolved,opeid_master,no_annual_site_match,loan_ffel__grad_plus_loans_originated_amt,nominal_usd,523,0,523,
ffel,2000-2001,excluded_annual_identity_unresolved,opeid_master,no_annual_site_match,loan_ffel__grad_plus_disbursements,nominal_usd,523,0,523,
ffel,2000-2001,excluded_annual_identity_unresolved,opeid_master,no_annual_site_match,loan_ffel__parent_plus_loans_originated_amt,nominal_usd,523,0,523,
ffel,2000-2001,excluded_annual_identity_unresolved,opeid_master,no_annual_site_match,loan_ffel__parent_plus_disbursements,nominal_usd,523,0,523,
ffel,2000-2001,excluded_annual_identity_unresolved,opeid_master,resolved_administrative_directory_identity_ineligible,loan_ffel__subsidized_loans_originated_amt,nominal_usd,5,5,0,31980279.0
ffel,2000-2001,excluded_annual_identity_unresolved,opeid_master,resolved_administrative_directory_identity_ineligible,loan_ffel__subsidized_disbursements,nominal_usd,5,5,0,31166136.0
ffel,2000-2001,excluded_annual_identity_unresolved,opeid_master,resolved_administrative_directory_identity_ineligible,loan_ffel__unsubsidized_loans_originated_amt,nominal_usd,5,5,0,5100403.0
ffel,2000-2001,excluded_annual_identity_unresolved,opeid_master,resolved_administrative_directory_identity_ineligible,loan_ffel__unsubsidized_disbursements,nominal_usd,5,5,0,4897739.0
ffel,2000-2001,excluded_annual_identity_unresolved,opeid_master,resolved_administrative_directory_identity_ineligible,loan_ffel__plus_loans_originated_amt,nominal_usd,5,5,0,92908.0
ffel,2000-2001,excluded_annual_identity_unresolved,opeid_master,resolved_administrative_directory_identity_ineligible,loan_ffel__plus_disbursements,nominal_usd,5,5,0,88990.0
ffel,2000-2001,excluded_annual_identity_unresolved,opeid_master,resolved_administrative_directory_identity_ineligible,loan_ffel__grad_plus_loans_originated_amt,nominal_usd,5,0,5,
ffel,2000-2001,excluded_annual_identity_unresolved,opeid_master,resolved_administrative_directory_identity_ineligible,loan_ffel__grad_plus_disbursements,nominal_usd,5,0,5,
ffel,2000-2001,excluded_annual_identity_unresolved,opeid_master,resolved_administrative_directory_identity_ineligible,loan_ffel__parent_plus_loans_originated_amt,nominal_usd,5,0,5,
ffel,2000-2001,excluded_annual_identity_unresolved,opeid_master,resolved_administrative_directory_identity_ineligible,loan_ffel__parent_plus_disbursements,nominal_usd,5,0,5,
ffel,2000-2001,included_unique_family_record,opeid_master,official_site_alias_annual_unitid_verified,loan_ffel__subsidized_loans_originated_amt,nominal_usd,34,34,0,11324012.0
ffel,2000-2001,included_unique_family_record,opeid_master,official_site_alias_annual_unitid_verified,loan_ffel__subsidized_disbursements,nominal_usd,34,34,0,10788672.0
ffel,2000-2001,included_unique_family_record,opeid_master,official_site_alias_annual_unitid_verified,loan_ffel__unsubsidized_loans_originated_amt,nominal_usd,34,34,0,11969531.0
ffel,2000-2001,included_unique_family_record,opeid_master,official_site_alias_annual_unitid_verified,loan_ffel__unsubsidized_disbursements,nominal_usd,34,34,0,11345062.0
ffel,2000-2001,included_unique_family_record,opeid_master,official_site_alias_annual_unitid_verified,loan_ffel__plus_loans_originated_amt,nominal_usd,34,34,0,446832.0
ffel,2000-2001,included_unique_family_record,opeid_master,official_site_alias_annual_unitid_verified,loan_ffel__plus_disbursements,nominal_usd,34,34,0,411917.0
ffel,2000-2001,included_unique_family_record,opeid_master,official_site_alias_annual_unitid_verified,loan_ffel__grad_plus_loans_originated_amt,nominal_usd,34,0,34,
ffel,2000-2001,included_unique_family_record,opeid_master,official_site_alias_annual_unitid_verified,loan_ffel__grad_plus_disbursements,nominal_usd,34,0,34,
ffel,2000-2001,included_unique_family_record,opeid_master,official_site_alias_annual_unitid_verified,loan_ffel__parent_plus_loans_originated_amt,nominal_usd,34,0,34,
ffel,2000-2001,included_unique_family_record,opeid_master,official_site_alias_annual_unitid_verified,loan_ffel__parent_plus_disbursements,nominal_usd,34,0,34,
ffel,2000-2001,included_unique_family_record,opeid_master,official_site_and_directory_agree,loan_ffel__subsidized_loans_originated_amt,nominal_usd,3765,3765,0,10913005156.0
ffel,2000-2001,included_unique_family_record,opeid_master,official_site_and_directory_agree,loan_ffel__subsidized_disbursements,nominal_usd,3765,3765,0,10289305189.0
ffel,2000-2001,included_unique_family_record,opeid_master,official_site_and_directory_agree,loan_ffel__unsubsidized_loans_originated_amt,nominal_usd,3765,3765,0,9060974990.0
ffel,2000-2001,included_unique_family_record,opeid_master,official_site_and_directory_agree,loan_ffel__unsubsidized_disbursements,nominal_usd,3765,3765,0,8497734301.0
ffel,2000-2001,included_unique_family_record,opeid_master,official_site_and_directory_agree,loan_ffel__plus_loans_originated_amt,nominal_usd,3765,3765,0,2494600609.0
ffel,2000-2001,included_unique_family_record,opeid_master,official_site_and_directory_agree,loan_ffel__plus_disbursements,nominal_usd,3765,3765,0,2367203190.0
ffel,2000-2001,included_unique_family_record,opeid_master,official_site_and_directory_agree,loan_ffel__grad_plus_loans_originated_amt,nominal_usd,3765,0,3765,
ffel,2000-2001,included_unique_family_record,opeid_master,official_site_and_directory_agree,loan_ffel__grad_plus_disbursements,nominal_usd,3765,0,3765,
ffel,2000-2001,included_unique_family_record,opeid_master,official_site_and_directory_agree,loan_ffel__parent_plus_loans_originated_amt,nominal_usd,3765,0,3765,
ffel,2000-2001,included_unique_family_record,opeid_master,official_site_and_directory_agree,loan_ffel__parent_plus_disbursements,nominal_usd,3765,0,3765,
ffel,2001-2002,ambiguous_family_multiple_records,opeid_master,multiple_fsa_records_for_same_unitid_year_family,loan_ffel__subsidized_loans_originated_amt,nominal_usd,2,2,0,3221190.0
ffel,2001-2002,ambiguous_family_multiple_records,opeid_master,multiple_fsa_records_for_same_unitid_year_family,loan_ffel__subsidized_disbursements,nominal_usd,2,2,0,3191525.0
ffel,2001-2002,ambiguous_family_multiple_records,opeid_master,multiple_fsa_records_for_same_unitid_year_family,loan_ffel__unsubsidized_loans_originated_amt,nominal_usd,2,2,0,4925489.0
ffel,2001-2002,ambiguous_family_multiple_records,opeid_master,multiple_fsa_records_for_same_unitid_year_family,loan_ffel__unsubsidized_disbursements,nominal_usd,2,2,0,4795201.0
ffel,2001-2002,ambiguous_family_multiple_records,opeid_master,multiple_fsa_records_for_same_unitid_year_family,loan_ffel__plus_loans_originated_amt,nominal_usd,2,2,0,0.0
ffel,2001-2002,ambiguous_family_multiple_records,opeid_master,multiple_fsa_records_for_same_unitid_year_family,loan_ffel__plus_disbursements,nominal_usd,2,2,0,0.0
ffel,2001-2002,ambiguous_family_multiple_records,opeid_master,multiple_fsa_records_for_same_unitid_year_family,loan_ffel__grad_plus_loans_originated_amt,nominal_usd,2,0,2,
ffel,2001-2002,ambiguous_family_multiple_records,opeid_master,multiple_fsa_records_for_same_unitid_year_family,loan_ffel__grad_plus_disbursements,nominal_usd,2,0,2,
ffel,2001-2002,ambiguous_family_multiple_records,opeid_master,multiple_fsa_records_for_same_unitid_year_family,loan_ffel__parent_plus_loans_originated_amt,nominal_usd,2,0,2,
ffel,2001-2002,ambiguous_family_multiple_records,opeid_master,multiple_fsa_records_for_same_unitid_year_family,loan_ffel__parent_plus_disbursements,nominal_usd,2,0,2,
ffel,2001-2002,excluded_annual_identity_unresolved,opeid_master,contradicted_identity_geography,loan_ffel__subsidized_loans_originated_amt,nominal_usd,1,1,0,56625.0
ffel,2001-2002,excluded_annual_identity_unresolved,opeid_master,contradicted_identity_geography,loan_ffel__subsidized_disbursements,nominal_usd,1,1,0,56625.0
ffel,2001-2002,excluded_annual_identity_unresolved,opeid_master,contradicted_identity_geography,loan_ffel__unsubsidized_loans_originated_amt,nominal_usd,1,1,0,69750.0
ffel,2001-2002,excluded_annual_identity_unresolved,opeid_master,contradicted_identity_geography,loan_ffel__unsubsidized_disbursements,nominal_usd,1,1,0,69750.0
ffel,2001-2002,excluded_annual_identity_unresolved,opeid_master,contradicted_identity_geography,loan_ffel__plus_loans_originated_amt,nominal_usd,1,1,0,33653.0
ffel,2001-2002,excluded_annual_identity_unresolved,opeid_master,contradicted_identity_geography,loan_ffel__plus_disbursements,nominal_usd,1,1,0,33653.0
ffel,2001-2002,excluded_annual_identity_unresolved,opeid_master,contradicted_identity_geography,loan_ffel__grad_plus_loans_originated_amt,nominal_usd,1,0,1,
ffel,2001-2002,excluded_annual_identity_unresolved,opeid_master,contradicted_identity_geography,loan_ffel__grad_plus_disbursements,nominal_usd,1,0,1,
ffel,2001-2002,excluded_annual_identity_unresolved,opeid_master,contradicted_identity_geography,loan_ffel__parent_plus_loans_originated_amt,nominal_usd,1,0,1,
ffel,2001-2002,excluded_annual_identity_unresolved,opeid_master,contradicted_identity_geography,loan_ffel__parent_plus_disbursements,nominal_usd,1,0,1,
ffel,2001-2002,excluded_annual_identity_unresolved,opeid_master,multiple_nonadministrative_directory_unitids,loan_ffel__subsidized_loans_originated_amt,nominal_usd,1,1,0,2822876.0
ffel,2001-2002,excluded_annual_identity_unresolved,opeid_master,multiple_nonadministrative_directory_unitids,loan_ffel__subsidized_disbursements,nominal_usd,1,1,0,2508775.0
ffel,2001-2002,excluded_annual_identity_unresolved,opeid_master,multiple_nonadministrative_directory_unitids,loan_ffel__unsubsidized_loans_originated_amt,nominal_usd,1,1,0,3912544.0
ffel,2001-2002,excluded_annual_identity_unresolved,opeid_master,multiple_nonadministrative_directory_unitids,loan_ffel__unsubsidized_disbursements,nominal_usd,1,1,0,3535206.0
ffel,2001-2002,excluded_annual_identity_unresolved,opeid_master,multiple_nonadministrative_directory_unitids,loan_ffel__plus_loans_originated_amt,nominal_usd,1,1,0,27044.0
ffel,2001-2002,excluded_annual_identity_unresolved,opeid_master,multiple_nonadministrative_directory_unitids,loan_ffel__plus_disbursements,nominal_usd,1,1,0,24044.0
ffel,2001-2002,excluded_annual_identity_unresolved,opeid_master,multiple_nonadministrative_directory_unitids,loan_ffel__grad_plus_loans_originated_amt,nominal_usd,1,0,1,
ffel,2001-2002,excluded_annual_identity_unresolved,opeid_master,multiple_nonadministrative_directory_unitids,loan_ffel__grad_plus_disbursements,nominal_usd,1,0,1,
ffel,2001-2002,excluded_annual_identity_unresolved,opeid_master,multiple_nonadministrative_directory_unitids,loan_ffel__parent_plus_loans_originated_amt,nominal_usd,1,0,1,
ffel,2001-2002,excluded_annual_identity_unresolved,opeid_master,multiple_nonadministrative_directory_unitids,loan_ffel__parent_plus_disbursements,nominal_usd,1,0,1,
ffel,2001-2002,excluded_annual_identity_unresolved,opeid_master,multiple_official_site_unitids,loan_ffel__subsidized_loans_originated_amt,nominal_usd,72,72,0,1170161578.0
ffel,2001-2002,excluded_annual_identity_unresolved,opeid_master,multiple_official_site_unitids,loan_ffel__subsidized_disbursements,nominal_usd,72,72,0,1079811625.0
ffel,2001-2002,excluded_annual_identity_unresolved,opeid_master,multiple_official_site_unitids,loan_ffel__unsubsidized_loans_originated_amt,nominal_usd,72,72,0,1137050555.0
ffel,2001-2002,excluded_annual_identity_unresolved,opeid_master,multiple_official_site_unitids,loan_ffel__unsubsidized_disbursements,nominal_usd,72,72,0,1040531714.0
ffel,2001-2002,excluded_annual_identity_unresolved,opeid_master,multiple_official_site_unitids,loan_ffel__plus_loans_originated_amt,nominal_usd,72,72,0,178398824.0
ffel,2001-2002,excluded_annual_identity_unresolved,opeid_master,multiple_official_site_unitids,loan_ffel__plus_disbursements,nominal_usd,72,72,0,169078700.0
ffel,2001-2002,excluded_annual_identity_unresolved,opeid_master,multiple_official_site_unitids,loan_ffel__grad_plus_loans_originated_amt,nominal_usd,72,0,72,
ffel,2001-2002,excluded_annual_identity_unresolved,opeid_master,multiple_official_site_unitids,loan_ffel__grad_plus_disbursements,nominal_usd,72,0,72,
ffel,2001-2002,excluded_annual_identity_unresolved,opeid_master,multiple_official_site_unitids,loan_ffel__parent_plus_loans_originated_amt,nominal_usd,72,0,72,
ffel,2001-2002,excluded_annual_identity_unresolved,opeid_master,multiple_official_site_unitids,loan_ffel__parent_plus_disbursements,nominal_usd,72,0,72,
ffel,2001-2002,excluded_annual_identity_unresolved,opeid_master,no_annual_site_match,loan_ffel__subsidized_loans_originated_amt,nominal_usd,507,507,0,121923288.0
ffel,2001-2002,excluded_annual_identity_unresolved,opeid_master,no_annual_site_match,loan_ffel__subsidized_disbursements,nominal_usd,507,507,0,119896635.0
ffel,2001-2002,excluded_annual_identity_unresolved,opeid_master,no_annual_site_match,loan_ffel__unsubsidized_loans_originated_amt,nominal_usd,507,507,0,138737493.0
ffel,2001-2002,excluded_annual_identity_unresolved,opeid_master,no_annual_site_match,loan_ffel__unsubsidized_disbursements,nominal_usd,507,507,0,135950898.0
ffel,2001-2002,excluded_annual_identity_unresolved,opeid_master,no_annual_site_match,loan_ffel__plus_loans_originated_amt,nominal_usd,507,507,0,6791612.0
ffel,2001-2002,excluded_annual_identity_unresolved,opeid_master,no_annual_site_match,loan_ffel__plus_disbursements,nominal_usd,507,507,0,6671893.0
ffel,2001-2002,excluded_annual_identity_unresolved,opeid_master,no_annual_site_match,loan_ffel__grad_plus_loans_originated_amt,nominal_usd,507,0,507,
ffel,2001-2002,excluded_annual_identity_unresolved,opeid_master,no_annual_site_match,loan_ffel__grad_plus_disbursements,nominal_usd,507,0,507,
ffel,2001-2002,excluded_annual_identity_unresolved,opeid_master,no_annual_site_match,loan_ffel__parent_plus_loans_originated_amt,nominal_usd,507,0,507,
ffel,2001-2002,excluded_annual_identity_unresolved,opeid_master,no_annual_site_match,loan_ffel__parent_plus_disbursements,nominal_usd,507,0,507,
ffel,2001-2002,excluded_annual_identity_unresolved,opeid_master,resolved_administrative_directory_identity_ineligible,loan_ffel__subsidized_loans_originated_amt,nominal_usd,6,6,0,3172870.0
ffel,2001-2002,excluded_annual_identity_unresolved,opeid_master,resolved_administrative_directory_identity_ineligible,loan_ffel__subsidized_disbursements,nominal_usd,6,6,0,3007523.0
ffel,2001-2002,excluded_annual_identity_unresolved,opeid_master,resolved_administrative_directory_identity_ineligible,loan_ffel__unsubsidized_loans_originated_amt,nominal_usd,6,6,0,2486742.0
ffel,2001-2002,excluded_annual_identity_unresolved,opeid_master,resolved_administrative_directory_identity_ineligible,loan_ffel__unsubsidized_disbursements,nominal_usd,6,6,0,2343551.0
ffel,2001-2002,excluded_annual_identity_unresolved,opeid_master,resolved_administrative_directory_identity_ineligible,loan_ffel__plus_loans_originated_amt,nominal_usd,6,6,0,174647.0
ffel,2001-2002,excluded_annual_identity_unresolved,opeid_master,resolved_administrative_directory_identity_ineligible,loan_ffel__plus_disbursements,nominal_usd,6,6,0,151972.0
ffel,2001-2002,excluded_annual_identity_unresolved,opeid_master,resolved_administrative_directory_identity_ineligible,loan_ffel__grad_plus_loans_originated_amt,nominal_usd,6,0,6,
ffel,2001-2002,excluded_annual_identity_unresolved,opeid_master,resolved_administrative_directory_identity_ineligible,loan_ffel__grad_plus_disbursements,nominal_usd,6,0,6,
ffel,2001-2002,excluded_annual_identity_unresolved,opeid_master,resolved_administrative_directory_identity_ineligible,loan_ffel__parent_plus_loans_originated_amt,nominal_usd,6,0,6,
ffel,2001-2002,excluded_annual_identity_unresolved,opeid_master,resolved_administrative_directory_identity_ineligible,loan_ffel__parent_plus_disbursements,nominal_usd,6,0,6,
ffel,2001-2002,included_unique_family_record,opeid_master,official_site_alias_annual_unitid_verified,loan_ffel__subsidized_loans_originated_amt,nominal_usd,34,34,0,13303791.0
ffel,2001-2002,included_unique_family_record,opeid_master,official_site_alias_annual_unitid_verified,loan_ffel__subsidized_disbursements,nominal_usd,34,34,0,12601046.0
ffel,2001-2002,included_unique_family_record,opeid_master,official_site_alias_annual_unitid_verified,loan_ffel__unsubsidized_loans_originated_amt,nominal_usd,34,34,0,15293958.0
ffel,2001-2002,included_unique_family_record,opeid_master,official_site_alias_annual_unitid_verified,loan_ffel__unsubsidized_disbursements,nominal_usd,34,34,0,14476034.0
ffel,2001-2002,included_unique_family_record,opeid_master,official_site_alias_annual_unitid_verified,loan_ffel__plus_loans_originated_amt,nominal_usd,34,34,0,650791.0
ffel,2001-2002,included_unique_family_record,opeid_master,official_site_alias_annual_unitid_verified,loan_ffel__plus_disbursements,nominal_usd,34,34,0,628938.0
ffel,2001-2002,included_unique_family_record,opeid_master,official_site_alias_annual_unitid_verified,loan_ffel__grad_plus_loans_originated_amt,nominal_usd,34,0,34,
ffel,2001-2002,included_unique_family_record,opeid_master,official_site_alias_annual_unitid_verified,loan_ffel__grad_plus_disbursements,nominal_usd,34,0,34,
ffel,2001-2002,included_unique_family_record,opeid_master,official_site_alias_annual_unitid_verified,loan_ffel__parent_plus_loans_originated_amt,nominal_usd,34,0,34,
ffel,2001-2002,included_unique_family_record,opeid_master,official_site_alias_annual_unitid_verified,loan_ffel__parent_plus_disbursements,nominal_usd,34,0,34,
ffel,2001-2002,included_unique_family_record,opeid_master,official_site_and_directory_agree,loan_ffel__subsidized_loans_originated_amt,nominal_usd,3794,3794,0,11797943463.0
ffel,2001-2002,included_unique_family_record,opeid_master,official_site_and_directory_agree,loan_ffel__subsidized_disbursements,nominal_usd,3794,3794,0,11105147447.0
ffel,2001-2002,included_unique_family_record,opeid_master,official_site_and_directory_agree,loan_ffel__unsubsidized_loans_originated_amt,nominal_usd,3794,3794,0,10263257850.0
ffel,2001-2002,included_unique_family_record,opeid_master,official_site_and_directory_agree,loan_ffel__unsubsidized_disbursements,nominal_usd,3794,3794,0,9613076836.0
ffel,2001-2002,included_unique_family_record,opeid_master,official_site_and_directory_agree,loan_ffel__plus_loans_originated_amt,nominal_usd,3794,3794,0,2825931893.0
ffel,2001-2002,included_unique_family_record,opeid_master,official_site_and_directory_agree,loan_ffel__plus_disbursements,nominal_usd,3794,3794,0,2684275419.0
ffel,2001-2002,included_unique_family_record,opeid_master,official_site_and_directory_agree,loan_ffel__grad_plus_loans_originated_amt,nominal_usd,3794,0,3794,
ffel,2001-2002,included_unique_family_record,opeid_master,official_site_and_directory_agree,loan_ffel__grad_plus_disbursements,nominal_usd,3794,0,3794,
ffel,2001-2002,included_unique_family_record,opeid_master,official_site_and_directory_agree,loan_ffel__parent_plus_loans_originated_amt,nominal_usd,3794,0,3794,
ffel,2001-2002,included_unique_family_record,opeid_master,official_site_and_directory_agree,loan_ffel__parent_plus_disbursements,nominal_usd,3794,0,3794,
ffel,2001-2002,included_unique_family_record,opeid_master,unique_annual_directory_only,loan_ffel__subsidized_loans_originated_amt,nominal_usd,1,1,0,2339272.0
ffel,2001-2002,included_unique_family_record,opeid_master,unique_annual_directory_only,loan_ffel__subsidized_disbursements,nominal_usd,1,1,0,2157266.0
ffel,2001-2002,included_unique_family_record,opeid_master,unique_annual_directory_only,loan_ffel__unsubsidized_loans_originated_amt,nominal_usd,1,1,0,2448324.0
ffel,2001-2002,included_unique_family_record,opeid_master,unique_annual_directory_only,loan_ffel__unsubsidized_disbursements,nominal_usd,1,1,0,2297306.0
ffel,2001-2002,included_unique_family_record,opeid_master,unique_annual_directory_only,loan_ffel__plus_loans_originated_amt,nominal_usd,1,1,0,299749.0
ffel,2001-2002,included_unique_family_record,opeid_master,unique_annual_directory_only,loan_ffel__plus_disbursements,nominal_usd,1,1,0,272528.0
ffel,2001-2002,included_unique_family_record,opeid_master,unique_annual_directory_only,loan_ffel__grad_plus_loans_originated_amt,nominal_usd,1,0,1,
ffel,2001-2002,included_unique_family_record,opeid_master,unique_annual_directory_only,loan_ffel__grad_plus_disbursements,nominal_usd,1,0,1,
ffel,2001-2002,included_unique_family_record,opeid_master,unique_annual_directory_only,loan_ffel__parent_plus_loans_originated_amt,nominal_usd,1,0,1,
ffel,2001-2002,included_unique_family_record,opeid_master,unique_annual_directory_only,loan_ffel__parent_plus_disbursements,nominal_usd,1,0,1,
ffel,2002-2003,ambiguous_family_multiple_records,opeid_master,multiple_fsa_records_for_same_unitid_year_family,loan_ffel__subsidized_loans_originated_amt,nominal_usd,2,2,0,3254727.0
ffel,2002-2003,ambiguous_family_multiple_records,opeid_master,multiple_fsa_records_for_same_unitid_year_family,loan_ffel__subsidized_disbursements,nominal_usd,2,2,0,3241977.0
ffel,2002-2003,ambiguous_family_multiple_records,opeid_master,multiple_fsa_records_for_same_unitid_year_family,loan_ffel__unsubsidized_loans_originated_amt,nominal_usd,2,2,0,5046120.0
ffel,2002-2003,ambiguous_family_multiple_records,opeid_master,multiple_fsa_records_for_same_unitid_year_family,loan_ffel__unsubsidized_disbursements,nominal_usd,2,2,0,4958689.0
ffel,2002-2003,ambiguous_family_multiple_records,opeid_master,multiple_fsa_records_for_same_unitid_year_family,loan_ffel__plus_loans_originated_amt,nominal_usd,2,2,0,0.0
ffel,2002-2003,ambiguous_family_multiple_records,opeid_master,multiple_fsa_records_for_same_unitid_year_family,loan_ffel__plus_disbursements,nominal_usd,2,2,0,0.0
ffel,2002-2003,ambiguous_family_multiple_records,opeid_master,multiple_fsa_records_for_same_unitid_year_family,loan_ffel__grad_plus_loans_originated_amt,nominal_usd,2,0,2,
ffel,2002-2003,ambiguous_family_multiple_records,opeid_master,multiple_fsa_records_for_same_unitid_year_family,loan_ffel__grad_plus_disbursements,nominal_usd,2,0,2,
ffel,2002-2003,ambiguous_family_multiple_records,opeid_master,multiple_fsa_records_for_same_unitid_year_family,loan_ffel__parent_plus_loans_originated_amt,nominal_usd,2,0,2,
ffel,2002-2003,ambiguous_family_multiple_records,opeid_master,multiple_fsa_records_for_same_unitid_year_family,loan_ffel__parent_plus_disbursements,nominal_usd,2,0,2,
ffel,2002-2003,excluded_annual_identity_unresolved,opeid_master,directory_crosswalk_identity_conflict,loan_ffel__subsidized_loans_originated_amt,nominal_usd,1,1,0,31331439.0
ffel,2002-2003,excluded_annual_identity_unresolved,opeid_master,directory_crosswalk_identity_conflict,loan_ffel__subsidized_disbursements,nominal_usd,1,1,0,27250454.0
ffel,2002-2003,excluded_annual_identity_unresolved,opeid_master,directory_crosswalk_identity_conflict,loan_ffel__unsubsidized_loans_originated_amt,nominal_usd,1,1,0,24772663.0
ffel,2002-2003,excluded_annual_identity_unresolved,opeid_master,directory_crosswalk_identity_conflict,loan_ffel__unsubsidized_disbursements,nominal_usd,1,1,0,21731796.0
ffel,2002-2003,excluded_annual_identity_unresolved,opeid_master,directory_crosswalk_identity_conflict,loan_ffel__plus_loans_originated_amt,nominal_usd,1,1,0,0.0
ffel,2002-2003,excluded_annual_identity_unresolved,opeid_master,directory_crosswalk_identity_conflict,loan_ffel__plus_disbursements,nominal_usd,1,1,0,0.0
ffel,2002-2003,excluded_annual_identity_unresolved,opeid_master,directory_crosswalk_identity_conflict,loan_ffel__grad_plus_loans_originated_amt,nominal_usd,1,0,1,
ffel,2002-2003,excluded_annual_identity_unresolved,opeid_master,directory_crosswalk_identity_conflict,loan_ffel__grad_plus_disbursements,nominal_usd,1,0,1,
ffel,2002-2003,excluded_annual_identity_unresolved,opeid_master,directory_crosswalk_identity_conflict,loan_ffel__parent_plus_loans_originated_amt,nominal_usd,1,0,1,
ffel,2002-2003,excluded_annual_identity_unresolved,opeid_master,directory_crosswalk_identity_conflict,loan_ffel__parent_plus_disbursements,nominal_usd,1,0,1,
ffel,2002-2003,excluded_annual_identity_unresolved,opeid_master,multiple_official_site_unitids,loan_ffel__subsidized_loans_originated_amt,nominal_usd,61,61,0,1439316656.0
ffel,2002-2003,excluded_annual_identity_unresolved,opeid_master,multiple_official_site_unitids,loan_ffel__subsidized_disbursements,nominal_usd,61,61,0,1316710942.0
ffel,2002-2003,excluded_annual_identity_unresolved,opeid_master,multiple_official_site_unitids,loan_ffel__unsubsidized_loans_originated_amt,nominal_usd,61,61,0,1495993885.0
ffel,2002-2003,excluded_annual_identity_unresolved,opeid_master,multiple_official_site_unitids,loan_ffel__unsubsidized_disbursements,nominal_usd,61,61,0,1360735557.0
ffel,2002-2003,excluded_annual_identity_unresolved,opeid_master,multiple_official_site_unitids,loan_ffel__plus_loans_originated_amt,nominal_usd,61,61,0,218445168.0
ffel,2002-2003,excluded_annual_identity_unresolved,opeid_master,multiple_official_site_unitids,loan_ffel__plus_disbursements,nominal_usd,61,61,0,208100119.0
ffel,2002-2003,excluded_annual_identity_unresolved,opeid_master,multiple_official_site_unitids,loan_ffel__grad_plus_loans_originated_amt,nominal_usd,61,0,61,
ffel,2002-2003,excluded_annual_identity_unresolved,opeid_master,multiple_official_site_unitids,loan_ffel__grad_plus_disbursements,nominal_usd,61,0,61,
ffel,2002-2003,excluded_annual_identity_unresolved,opeid_master,multiple_official_site_unitids,loan_ffel__parent_plus_loans_originated_amt,nominal_usd,61,0,61,
ffel,2002-2003,excluded_annual_identity_unresolved,opeid_master,multiple_official_site_unitids,loan_ffel__parent_plus_disbursements,nominal_usd,61,0,61,
ffel,2002-2003,excluded_annual_identity_unresolved,opeid_master,no_annual_site_match,loan_ffel__subsidized_loans_originated_amt,nominal_usd,503,503,0,125665436.0
ffel,2002-2003,excluded_annual_identity_unresolved,opeid_master,no_annual_site_match,loan_ffel__subsidized_disbursements,nominal_usd,503,503,0,123671917.0
ffel,2002-2003,excluded_annual_identity_unresolved,opeid_master,no_annual_site_match,loan_ffel__unsubsidized_loans_originated_amt,nominal_usd,503,503,0,138899034.0
ffel,2002-2003,excluded_annual_identity_unresolved,opeid_master,no_annual_site_match,loan_ffel__unsubsidized_disbursements,nominal_usd,503,503,0,136357291.0
ffel,2002-2003,excluded_annual_identity_unresolved,opeid_master,no_annual_site_match,loan_ffel__plus_loans_originated_amt,nominal_usd,503,503,0,7338766.0
ffel,2002-2003,excluded_annual_identity_unresolved,opeid_master,no_annual_site_match,loan_ffel__plus_disbursements,nominal_usd,503,503,0,7225236.0
ffel,2002-2003,excluded_annual_identity_unresolved,opeid_master,no_annual_site_match,loan_ffel__grad_plus_loans_originated_amt,nominal_usd,503,0,503,
ffel,2002-2003,excluded_annual_identity_unresolved,opeid_master,no_annual_site_match,loan_ffel__grad_plus_disbursements,nominal_usd,503,0,503,
ffel,2002-2003,excluded_annual_identity_unresolved,opeid_master,no_annual_site_match,loan_ffel__parent_plus_loans_originated_amt,nominal_usd,503,0,503,
ffel,2002-2003,excluded_annual_identity_unresolved,opeid_master,no_annual_site_match,loan_ffel__parent_plus_disbursements,nominal_usd,503,0,503,
ffel,2002-2003,excluded_annual_identity_unresolved,opeid_master,resolved_administrative_directory_identity_ineligible,loan_ffel__subsidized_loans_originated_amt,nominal_usd,6,6,0,85150413.0
ffel,2002-2003,excluded_annual_identity_unresolved,opeid_master,resolved_administrative_directory_identity_ineligible,loan_ffel__subsidized_disbursements,nominal_usd,6,6,0,81392359.0
ffel,2002-2003,excluded_annual_identity_unresolved,opeid_master,resolved_administrative_directory_identity_ineligible,loan_ffel__unsubsidized_loans_originated_amt,nominal_usd,6,6,0,17364250.0
ffel,2002-2003,excluded_annual_identity_unresolved,opeid_master,resolved_administrative_directory_identity_ineligible,loan_ffel__unsubsidized_disbursements,nominal_usd,6,6,0,16448991.0
ffel,2002-2003,excluded_annual_identity_unresolved,opeid_master,resolved_administrative_directory_identity_ineligible,loan_ffel__plus_loans_originated_amt,nominal_usd,6,6,0,91124.0
ffel,2002-2003,excluded_annual_identity_unresolved,opeid_master,resolved_administrative_directory_identity_ineligible,loan_ffel__plus_disbursements,nominal_usd,6,6,0,84874.0
ffel,2002-2003,excluded_annual_identity_unresolved,opeid_master,resolved_administrative_directory_identity_ineligible,loan_ffel__grad_plus_loans_originated_amt,nominal_usd,6,0,6,
ffel,2002-2003,excluded_annual_identity_unresolved,opeid_master,resolved_administrative_directory_identity_ineligible,loan_ffel__grad_plus_disbursements,nominal_usd,6,0,6,
ffel,2002-2003,excluded_annual_identity_unresolved,opeid_master,resolved_administrative_directory_identity_ineligible,loan_ffel__parent_plus_loans_originated_amt,nominal_usd,6,0,6,
ffel,2002-2003,excluded_annual_identity_unresolved,opeid_master,resolved_administrative_directory_identity_ineligible,loan_ffel__parent_plus_disbursements,nominal_usd,6,0,6,
ffel,2002-2003,included_unique_family_record,opeid_master,official_site_alias_annual_unitid_verified,loan_ffel__subsidized_loans_originated_amt,nominal_usd,16,16,0,5423733.0
ffel,2002-2003,included_unique_family_record,opeid_master,official_site_alias_annual_unitid_verified,loan_ffel__subsidized_disbursements,nominal_usd,16,16,0,5052619.0
ffel,2002-2003,included_unique_family_record,opeid_master,official_site_alias_annual_unitid_verified,loan_ffel__unsubsidized_loans_originated_amt,nominal_usd,16,16,0,4912260.0
ffel,2002-2003,included_unique_family_record,opeid_master,official_site_alias_annual_unitid_verified,loan_ffel__unsubsidized_disbursements,nominal_usd,16,16,0,4581490.0
ffel,2002-2003,included_unique_family_record,opeid_master,official_site_alias_annual_unitid_verified,loan_ffel__plus_loans_originated_amt,nominal_usd,16,16,0,279483.0
ffel,2002-2003,included_unique_family_record,opeid_master,official_site_alias_annual_unitid_verified,loan_ffel__plus_disbursements,nominal_usd,16,16,0,252153.0
ffel,2002-2003,included_unique_family_record,opeid_master,official_site_alias_annual_unitid_verified,loan_ffel__grad_plus_loans_originated_amt,nominal_usd,16,0,16,
ffel,2002-2003,included_unique_family_record,opeid_master,official_site_alias_annual_unitid_verified,loan_ffel__grad_plus_disbursements,nominal_usd,16,0,16,
ffel,2002-2003,included_unique_family_record,opeid_master,official_site_alias_annual_unitid_verified,loan_ffel__parent_plus_loans_originated_amt,nominal_usd,16,0,16,
ffel,2002-2003,included_unique_family_record,opeid_master,official_site_alias_annual_unitid_verified,loan_ffel__parent_plus_disbursements,nominal_usd,16,0,16,
ffel,2002-2003,included_unique_family_record,opeid_master,official_site_and_directory_agree,loan_ffel__subsidized_loans_originated_amt,nominal_usd,3857,3857,0,13441363383.0
ffel,2002-2003,included_unique_family_record,opeid_master,official_site_and_directory_agree,loan_ffel__subsidized_disbursements,nominal_usd,3857,3857,0,12617221872.0
ffel,2002-2003,included_unique_family_record,opeid_master,official_site_and_directory_agree,loan_ffel__unsubsidized_loans_originated_amt,nominal_usd,3857,3857,0,12097077801.0
ffel,2002-2003,included_unique_family_record,opeid_master,official_site_and_directory_agree,loan_ffel__unsubsidized_disbursements,nominal_usd,3857,3857,0,11292648016.0
ffel,2002-2003,included_unique_family_record,opeid_master,official_site_and_directory_agree,loan_ffel__plus_loans_originated_amt,nominal_usd,3857,3857,0,3305807004.0
ffel,2002-2003,included_unique_family_record,opeid_master,official_site_and_directory_agree,loan_ffel__plus_disbursements,nominal_usd,3857,3857,0,3145401477.0
ffel,2002-2003,included_unique_family_record,opeid_master,official_site_and_directory_agree,loan_ffel__grad_plus_loans_originated_amt,nominal_usd,3857,0,3857,
ffel,2002-2003,included_unique_family_record,opeid_master,official_site_and_directory_agree,loan_ffel__grad_plus_disbursements,nominal_usd,3857,0,3857,
ffel,2002-2003,included_unique_family_record,opeid_master,official_site_and_directory_agree,loan_ffel__parent_plus_loans_originated_amt,nominal_usd,3857,0,3857,
ffel,2002-2003,included_unique_family_record,opeid_master,official_site_and_directory_agree,loan_ffel__parent_plus_disbursements,nominal_usd,3857,0,3857,
ffel,2002-2003,included_unique_family_record,opeid_master,unique_annual_directory_only,loan_ffel__subsidized_loans_originated_amt,nominal_usd,2,2,0,13537857.0
ffel,2002-2003,included_unique_family_record,opeid_master,unique_annual_directory_only,loan_ffel__subsidized_disbursements,nominal_usd,2,2,0,13273734.0
ffel,2002-2003,included_unique_family_record,opeid_master,unique_annual_directory_only,loan_ffel__unsubsidized_loans_originated_amt,nominal_usd,2,2,0,31456713.0
ffel,2002-2003,included_unique_family_record,opeid_master,unique_annual_directory_only,loan_ffel__unsubsidized_disbursements,nominal_usd,2,2,0,30589950.0
ffel,2002-2003,included_unique_family_record,opeid_master,unique_annual_directory_only,loan_ffel__plus_loans_originated_amt,nominal_usd,2,2,0,143942.0
ffel,2002-2003,included_unique_family_record,opeid_master,unique_annual_directory_only,loan_ffel__plus_disbursements,nominal_usd,2,2,0,120985.0
ffel,2002-2003,included_unique_family_record,opeid_master,unique_annual_directory_only,loan_ffel__grad_plus_loans_originated_amt,nominal_usd,2,0,2,
ffel,2002-2003,included_unique_family_record,opeid_master,unique_annual_directory_only,loan_ffel__grad_plus_disbursements,nominal_usd,2,0,2,
ffel,2002-2003,included_unique_family_record,opeid_master,unique_annual_directory_only,loan_ffel__parent_plus_loans_originated_amt,nominal_usd,2,0,2,
ffel,2002-2003,included_unique_family_record,opeid_master,unique_annual_directory_only,loan_ffel__parent_plus_disbursements,nominal_usd,2,0,2,
ffel,2003-2004,ambiguous_family_multiple_records,opeid_master,multiple_fsa_records_for_same_unitid_year_family,loan_ffel__subsidized_loans_originated_amt,nominal_usd,2,2,0,3322617.0
ffel,2003-2004,ambiguous_family_multiple_records,opeid_master,multiple_fsa_records_for_same_unitid_year_family,loan_ffel__subsidized_disbursements,nominal_usd,2,2,0,3296267.0
ffel,2003-2004,ambiguous_family_multiple_records,opeid_master,multiple_fsa_records_for_same_unitid_year_family,loan_ffel__unsubsidized_loans_originated_amt,nominal_usd,2,2,0,6175330.0
ffel,2003-2004,ambiguous_family_multiple_records,opeid_master,multiple_fsa_records_for_same_unitid_year_family,loan_ffel__unsubsidized_disbursements,nominal_usd,2,2,0,6067679.0
ffel,2003-2004,ambiguous_family_multiple_records,opeid_master,multiple_fsa_records_for_same_unitid_year_family,loan_ffel__plus_loans_originated_amt,nominal_usd,2,2,0,0.0
ffel,2003-2004,ambiguous_family_multiple_records,opeid_master,multiple_fsa_records_for_same_unitid_year_family,loan_ffel__plus_disbursements,nominal_usd,2,2,0,0.0
ffel,2003-2004,ambiguous_family_multiple_records,opeid_master,multiple_fsa_records_for_same_unitid_year_family,loan_ffel__grad_plus_loans_originated_amt,nominal_usd,2,0,2,
ffel,2003-2004,ambiguous_family_multiple_records,opeid_master,multiple_fsa_records_for_same_unitid_year_family,loan_ffel__grad_plus_disbursements,nominal_usd,2,0,2,
ffel,2003-2004,ambiguous_family_multiple_records,opeid_master,multiple_fsa_records_for_same_unitid_year_family,loan_ffel__parent_plus_loans_originated_amt,nominal_usd,2,0,2,
ffel,2003-2004,ambiguous_family_multiple_records,opeid_master,multiple_fsa_records_for_same_unitid_year_family,loan_ffel__parent_plus_disbursements,nominal_usd,2,0,2,
ffel,2003-2004,excluded_annual_identity_unresolved,opeid_master,crosswalk_site_parse_incomplete,loan_ffel__subsidized_loans_originated_amt,nominal_usd,1,1,0,706130661.0
ffel,2003-2004,excluded_annual_identity_unresolved,opeid_master,crosswalk_site_parse_incomplete,loan_ffel__subsidized_disbursements,nominal_usd,1,1,0,616219341.0
ffel,2003-2004,excluded_annual_identity_unresolved,opeid_master,crosswalk_site_parse_incomplete,loan_ffel__unsubsidized_loans_originated_amt,nominal_usd,1,1,0,932139329.0
ffel,2003-2004,excluded_annual_identity_unresolved,opeid_master,crosswalk_site_parse_incomplete,loan_ffel__unsubsidized_disbursements,nominal_usd,1,1,0,816467966.0
ffel,2003-2004,excluded_annual_identity_unresolved,opeid_master,crosswalk_site_parse_incomplete,loan_ffel__plus_loans_originated_amt,nominal_usd,1,1,0,4481616.0
ffel,2003-2004,excluded_annual_identity_unresolved,opeid_master,crosswalk_site_parse_incomplete,loan_ffel__plus_disbursements,nominal_usd,1,1,0,4021666.0
ffel,2003-2004,excluded_annual_identity_unresolved,opeid_master,crosswalk_site_parse_incomplete,loan_ffel__grad_plus_loans_originated_amt,nominal_usd,1,0,1,
ffel,2003-2004,excluded_annual_identity_unresolved,opeid_master,crosswalk_site_parse_incomplete,loan_ffel__grad_plus_disbursements,nominal_usd,1,0,1,
ffel,2003-2004,excluded_annual_identity_unresolved,opeid_master,crosswalk_site_parse_incomplete,loan_ffel__parent_plus_loans_originated_amt,nominal_usd,1,0,1,
ffel,2003-2004,excluded_annual_identity_unresolved,opeid_master,crosswalk_site_parse_incomplete,loan_ffel__parent_plus_disbursements,nominal_usd,1,0,1,
ffel,2003-2004,excluded_annual_identity_unresolved,opeid_master,directory_crosswalk_identity_conflict,loan_ffel__subsidized_loans_originated_amt,nominal_usd,1,1,0,3500.0
ffel,2003-2004,excluded_annual_identity_unresolved,opeid_master,directory_crosswalk_identity_conflict,loan_ffel__subsidized_disbursements,nominal_usd,1,1,0,3500.0
ffel,2003-2004,excluded_annual_identity_unresolved,opeid_master,directory_crosswalk_identity_conflict,loan_ffel__unsubsidized_loans_originated_amt,nominal_usd,1,1,0,4000.0
ffel,2003-2004,excluded_annual_identity_unresolved,opeid_master,directory_crosswalk_identity_conflict,loan_ffel__unsubsidized_disbursements,nominal_usd,1,1,0,4000.0
ffel,2003-2004,excluded_annual_identity_unresolved,opeid_master,directory_crosswalk_identity_conflict,loan_ffel__plus_loans_originated_amt,nominal_usd,1,1,0,0.0
ffel,2003-2004,excluded_annual_identity_unresolved,opeid_master,directory_crosswalk_identity_conflict,loan_ffel__plus_disbursements,nominal_usd,1,1,0,0.0
ffel,2003-2004,excluded_annual_identity_unresolved,opeid_master,directory_crosswalk_identity_conflict,loan_ffel__grad_plus_loans_originated_amt,nominal_usd,1,0,1,
ffel,2003-2004,excluded_annual_identity_unresolved,opeid_master,directory_crosswalk_identity_conflict,loan_ffel__grad_plus_disbursements,nominal_usd,1,0,1,
ffel,2003-2004,excluded_annual_identity_unresolved,opeid_master,directory_crosswalk_identity_conflict,loan_ffel__parent_plus_loans_originated_amt,nominal_usd,1,0,1,
ffel,2003-2004,excluded_annual_identity_unresolved,opeid_master,directory_crosswalk_identity_conflict,loan_ffel__parent_plus_disbursements,nominal_usd,1,0,1,
ffel,2003-2004,excluded_annual_identity_unresolved,opeid_master,multiple_official_site_unitids,loan_ffel__subsidized_loans_originated_amt,nominal_usd,71,71,0,1044325401.0
ffel,2003-2004,excluded_annual_identity_unresolved,opeid_master,multiple_official_site_unitids,loan_ffel__subsidized_disbursements,nominal_usd,71,71,0,972152691.0
ffel,2003-2004,excluded_annual_identity_unresolved,opeid_master,multiple_official_site_unitids,loan_ffel__unsubsidized_loans_originated_amt,nominal_usd,71,71,0,955400541.0
ffel,2003-2004,excluded_annual_identity_unresolved,opeid_master,multiple_official_site_unitids,loan_ffel__unsubsidized_disbursements,nominal_usd,71,71,0,882296962.0
ffel,2003-2004,excluded_annual_identity_unresolved,opeid_master,multiple_official_site_unitids,loan_ffel__plus_loans_originated_amt,nominal_usd,71,71,0,305053986.0
ffel,2003-2004,excluded_annual_identity_unresolved,opeid_master,multiple_official_site_unitids,loan_ffel__plus_disbursements,nominal_usd,71,71,0,288538860.0
ffel,2003-2004,excluded_annual_identity_unresolved,opeid_master,multiple_official_site_unitids,loan_ffel__grad_plus_loans_originated_amt,nominal_usd,71,0,71,
ffel,2003-2004,excluded_annual_identity_unresolved,opeid_master,multiple_official_site_unitids,loan_ffel__grad_plus_disbursements,nominal_usd,71,0,71,
ffel,2003-2004,excluded_annual_identity_unresolved,opeid_master,multiple_official_site_unitids,loan_ffel__parent_plus_loans_originated_amt,nominal_usd,71,0,71,
ffel,2003-2004,excluded_annual_identity_unresolved,opeid_master,multiple_official_site_unitids,loan_ffel__parent_plus_disbursements,nominal_usd,71,0,71,
ffel,2003-2004,excluded_annual_identity_unresolved,opeid_master,no_annual_site_match,loan_ffel__subsidized_loans_originated_amt,nominal_usd,527,527,0,140164019.0
ffel,2003-2004,excluded_annual_identity_unresolved,opeid_master,no_annual_site_match,loan_ffel__subsidized_disbursements,nominal_usd,527,527,0,138276520.0
ffel,2003-2004,excluded_annual_identity_unresolved,opeid_master,no_annual_site_match,loan_ffel__unsubsidized_loans_originated_amt,nominal_usd,527,527,0,156495752.0
ffel,2003-2004,excluded_annual_identity_unresolved,opeid_master,no_annual_site_match,loan_ffel__unsubsidized_disbursements,nominal_usd,527,527,0,153884613.0
ffel,2003-2004,excluded_annual_identity_unresolved,opeid_master,no_annual_site_match,loan_ffel__plus_loans_originated_amt,nominal_usd,527,527,0,11381004.0
ffel,2003-2004,excluded_annual_identity_unresolved,opeid_master,no_annual_site_match,loan_ffel__plus_disbursements,nominal_usd,527,527,0,11061257.0
ffel,2003-2004,excluded_annual_identity_unresolved,opeid_master,no_annual_site_match,loan_ffel__grad_plus_loans_originated_amt,nominal_usd,527,0,527,
ffel,2003-2004,excluded_annual_identity_unresolved,opeid_master,no_annual_site_match,loan_ffel__grad_plus_disbursements,nominal_usd,527,0,527,
ffel,2003-2004,excluded_annual_identity_unresolved,opeid_master,no_annual_site_match,loan_ffel__parent_plus_loans_originated_amt,nominal_usd,527,0,527,
ffel,2003-2004,excluded_annual_identity_unresolved,opeid_master,no_annual_site_match,loan_ffel__parent_plus_disbursements,nominal_usd,527,0,527,
ffel,2003-2004,excluded_annual_identity_unresolved,opeid_master,resolved_administrative_directory_identity_ineligible,loan_ffel__subsidized_loans_originated_amt,nominal_usd,7,7,0,158378148.0
ffel,2003-2004,excluded_annual_identity_unresolved,opeid_master,resolved_administrative_directory_identity_ineligible,loan_ffel__subsidized_disbursements,nominal_usd,7,7,0,145839676.0
ffel,2003-2004,excluded_annual_identity_unresolved,opeid_master,resolved_administrative_directory_identity_ineligible,loan_ffel__unsubsidized_loans_originated_amt,nominal_usd,7,7,0,82891005.0
ffel,2003-2004,excluded_annual_identity_unresolved,opeid_master,resolved_administrative_directory_identity_ineligible,loan_ffel__unsubsidized_disbursements,nominal_usd,7,7,0,75206161.0
ffel,2003-2004,excluded_annual_identity_unresolved,opeid_master,resolved_administrative_directory_identity_ineligible,loan_ffel__plus_loans_originated_amt,nominal_usd,7,7,0,266763.0
ffel,2003-2004,excluded_annual_identity_unresolved,opeid_master,resolved_administrative_directory_identity_ineligible,loan_ffel__plus_disbursements,nominal_usd,7,7,0,257968.0
ffel,2003-2004,excluded_annual_identity_unresolved,opeid_master,resolved_administrative_directory_identity_ineligible,loan_ffel__grad_plus_loans_originated_amt,nominal_usd,7,0,7,
ffel,2003-2004,excluded_annual_identity_unresolved,opeid_master,resolved_administrative_directory_identity_ineligible,loan_ffel__grad_plus_disbursements,nominal_usd,7,0,7,
ffel,2003-2004,excluded_annual_identity_unresolved,opeid_master,resolved_administrative_directory_identity_ineligible,loan_ffel__parent_plus_loans_originated_amt,nominal_usd,7,0,7,
ffel,2003-2004,excluded_annual_identity_unresolved,opeid_master,resolved_administrative_directory_identity_ineligible,loan_ffel__parent_plus_disbursements,nominal_usd,7,0,7,
ffel,2003-2004,included_unique_family_record,opeid_master,official_site_alias_annual_unitid_verified,loan_ffel__subsidized_loans_originated_amt,nominal_usd,19,19,0,22810115.0
ffel,2003-2004,included_unique_family_record,opeid_master,official_site_alias_annual_unitid_verified,loan_ffel__subsidized_disbursements,nominal_usd,19,19,0,22091344.0
ffel,2003-2004,included_unique_family_record,opeid_master,official_site_alias_annual_unitid_verified,loan_ffel__unsubsidized_loans_originated_amt,nominal_usd,19,19,0,32574179.0
ffel,2003-2004,included_unique_family_record,opeid_master,official_site_alias_annual_unitid_verified,loan_ffel__unsubsidized_disbursements,nominal_usd,19,19,0,31545116.0
ffel,2003-2004,included_unique_family_record,opeid_master,official_site_alias_annual_unitid_verified,loan_ffel__plus_loans_originated_amt,nominal_usd,19,19,0,655528.0
ffel,2003-2004,included_unique_family_record,opeid_master,official_site_alias_annual_unitid_verified,loan_ffel__plus_disbursements,nominal_usd,19,19,0,595940.0
ffel,2003-2004,included_unique_family_record,opeid_master,official_site_alias_annual_unitid_verified,loan_ffel__grad_plus_loans_originated_amt,nominal_usd,19,0,19,
ffel,2003-2004,included_unique_family_record,opeid_master,official_site_alias_annual_unitid_verified,loan_ffel__grad_plus_disbursements,nominal_usd,19,0,19,
ffel,2003-2004,included_unique_family_record,opeid_master,official_site_alias_annual_unitid_verified,loan_ffel__parent_plus_loans_originated_amt,nominal_usd,19,0,19,
ffel,2003-2004,included_unique_family_record,opeid_master,official_site_alias_annual_unitid_verified,loan_ffel__parent_plus_disbursements,nominal_usd,19,0,19,
ffel,2003-2004,included_unique_family_record,opeid_master,official_site_and_directory_agree,loan_ffel__subsidized_loans_originated_amt,nominal_usd,3869,3869,0,15512818968.0
ffel,2003-2004,included_unique_family_record,opeid_master,official_site_and_directory_agree,loan_ffel__subsidized_disbursements,nominal_usd,3869,3869,0,14527620419.0
ffel,2003-2004,included_unique_family_record,opeid_master,official_site_and_directory_agree,loan_ffel__unsubsidized_loans_originated_amt,nominal_usd,3869,3869,0,14238096349.0
ffel,2003-2004,included_unique_family_record,opeid_master,official_site_and_directory_agree,loan_ffel__unsubsidized_disbursements,nominal_usd,3869,3869,0,13253038079.0
ffel,2003-2004,included_unique_family_record,opeid_master,official_site_and_directory_agree,loan_ffel__plus_loans_originated_amt,nominal_usd,3869,3869,0,4340961929.0
ffel,2003-2004,included_unique_family_record,opeid_master,official_site_and_directory_agree,loan_ffel__plus_disbursements,nominal_usd,3869,3869,0,4138592994.0
ffel,2003-2004,included_unique_family_record,opeid_master,official_site_and_directory_agree,loan_ffel__grad_plus_loans_originated_amt,nominal_usd,3869,0,3869,
ffel,2003-2004,included_unique_family_record,opeid_master,official_site_and_directory_agree,loan_ffel__grad_plus_disbursements,nominal_usd,3869,0,3869,
ffel,2003-2004,included_unique_family_record,opeid_master,official_site_and_directory_agree,loan_ffel__parent_plus_loans_originated_amt,nominal_usd,3869,0,3869,
ffel,2003-2004,included_unique_family_record,opeid_master,official_site_and_directory_agree,loan_ffel__parent_plus_disbursements,nominal_usd,3869,0,3869,
ffel,2003-2004,included_unique_family_record,opeid_master,unique_annual_directory_only,loan_ffel__subsidized_loans_originated_amt,nominal_usd,1,1,0,0.0
ffel,2003-2004,included_unique_family_record,opeid_master,unique_annual_directory_only,loan_ffel__subsidized_disbursements,nominal_usd,1,1,0,0.0
ffel,2003-2004,included_unique_family_record,opeid_master,unique_annual_directory_only,loan_ffel__unsubsidized_loans_originated_amt,nominal_usd,1,1,0,0.0
ffel,2003-2004,included_unique_family_record,opeid_master,unique_annual_directory_only,loan_ffel__unsubsidized_disbursements,nominal_usd,1,1,0,0.0
ffel,2003-2004,included_unique_family_record,opeid_master,unique_annual_directory_only,loan_ffel__plus_loans_originated_amt,nominal_usd,1,1,0,4581.0
ffel,2003-2004,included_unique_family_record,opeid_master,unique_annual_directory_only,loan_ffel__plus_disbursements,nominal_usd,1,1,0,4581.0
ffel,2003-2004,included_unique_family_record,opeid_master,unique_annual_directory_only,loan_ffel__grad_plus_loans_originated_amt,nominal_usd,1,0,1,
ffel,2003-2004,included_unique_family_record,opeid_master,unique_annual_directory_only,loan_ffel__grad_plus_disbursements,nominal_usd,1,0,1,
ffel,2003-2004,included_unique_family_record,opeid_master,unique_annual_directory_only,loan_ffel__parent_plus_loans_originated_amt,nominal_usd,1,0,1,
ffel,2003-2004,included_unique_family_record,opeid_master,unique_annual_directory_only,loan_ffel__parent_plus_disbursements,nominal_usd,1,0,1,
ffel,2004-2005,ambiguous_family_multiple_records,opeid_master,multiple_fsa_records_for_same_unitid_year_family,loan_ffel__subsidized_loans_originated_amt,nominal_usd,4,4,0,115048821.0
ffel,2004-2005,ambiguous_family_multiple_records,opeid_master,multiple_fsa_records_for_same_unitid_year_family,loan_ffel__subsidized_disbursements,nominal_usd,4,4,0,110470471.0
ffel,2004-2005,ambiguous_family_multiple_records,opeid_master,multiple_fsa_records_for_same_unitid_year_family,loan_ffel__unsubsidized_loans_originated_amt,nominal_usd,4,4,0,139871302.0
ffel,2004-2005,ambiguous_family_multiple_records,opeid_master,multiple_fsa_records_for_same_unitid_year_family,loan_ffel__unsubsidized_disbursements,nominal_usd,4,4,0,133328987.0
ffel,2004-2005,ambiguous_family_multiple_records,opeid_master,multiple_fsa_records_for_same_unitid_year_family,loan_ffel__plus_loans_originated_amt,nominal_usd,4,4,0,90735356.0
ffel,2004-2005,ambiguous_family_multiple_records,opeid_master,multiple_fsa_records_for_same_unitid_year_family,loan_ffel__plus_disbursements,nominal_usd,4,4,0,87318184.0
ffel,2004-2005,ambiguous_family_multiple_records,opeid_master,multiple_fsa_records_for_same_unitid_year_family,loan_ffel__grad_plus_loans_originated_amt,nominal_usd,4,0,4,
ffel,2004-2005,ambiguous_family_multiple_records,opeid_master,multiple_fsa_records_for_same_unitid_year_family,loan_ffel__grad_plus_disbursements,nominal_usd,4,0,4,
ffel,2004-2005,ambiguous_family_multiple_records,opeid_master,multiple_fsa_records_for_same_unitid_year_family,loan_ffel__parent_plus_loans_originated_amt,nominal_usd,4,0,4,
ffel,2004-2005,ambiguous_family_multiple_records,opeid_master,multiple_fsa_records_for_same_unitid_year_family,loan_ffel__parent_plus_disbursements,nominal_usd,4,0,4,
ffel,2004-2005,excluded_annual_identity_unresolved,opeid_master,crosswalk_site_parse_incomplete,loan_ffel__subsidized_loans_originated_amt,nominal_usd,1,1,0,826162172.0
ffel,2004-2005,excluded_annual_identity_unresolved,opeid_master,crosswalk_site_parse_incomplete,loan_ffel__subsidized_disbursements,nominal_usd,1,1,0,726945396.0
ffel,2004-2005,excluded_annual_identity_unresolved,opeid_master,crosswalk_site_parse_incomplete,loan_ffel__unsubsidized_loans_originated_amt,nominal_usd,1,1,0,1060407731.0
ffel,2004-2005,excluded_annual_identity_unresolved,opeid_master,crosswalk_site_parse_incomplete,loan_ffel__unsubsidized_disbursements,nominal_usd,1,1,0,939166408.0
ffel,2004-2005,excluded_annual_identity_unresolved,opeid_master,crosswalk_site_parse_incomplete,loan_ffel__plus_loans_originated_amt,nominal_usd,1,1,0,8872620.0
ffel,2004-2005,excluded_annual_identity_unresolved,opeid_master,crosswalk_site_parse_incomplete,loan_ffel__plus_disbursements,nominal_usd,1,1,0,7753268.0
ffel,2004-2005,excluded_annual_identity_unresolved,opeid_master,crosswalk_site_parse_incomplete,loan_ffel__grad_plus_loans_originated_amt,nominal_usd,1,0,1,
ffel,2004-2005,excluded_annual_identity_unresolved,opeid_master,crosswalk_site_parse_incomplete,loan_ffel__grad_plus_disbursements,nominal_usd,1,0,1,
ffel,2004-2005,excluded_annual_identity_unresolved,opeid_master,crosswalk_site_parse_incomplete,loan_ffel__parent_plus_loans_originated_amt,nominal_usd,1,0,1,
ffel,2004-2005,excluded_annual_identity_unresolved,opeid_master,crosswalk_site_parse_incomplete,loan_ffel__parent_plus_disbursements,nominal_usd,1,0,1,
ffel,2004-2005,excluded_annual_identity_unresolved,opeid_master,multiple_official_site_unitids,loan_ffel__subsidized_loans_originated_amt,nominal_usd,73,73,0,1144973746.0
ffel,2004-2005,excluded_annual_identity_unresolved,opeid_master,multiple_official_site_unitids,loan_ffel__subsidized_disbursements,nominal_usd,73,73,0,1060101733.0
ffel,2004-2005,excluded_annual_identity_unresolved,opeid_master,multiple_official_site_unitids,loan_ffel__unsubsidized_loans_originated_amt,nominal_usd,73,73,0,1070136947.0
ffel,2004-2005,excluded_annual_identity_unresolved,opeid_master,multiple_official_site_unitids,loan_ffel__unsubsidized_disbursements,nominal_usd,73,73,0,980510693.0
ffel,2004-2005,excluded_annual_identity_unresolved,opeid_master,multiple_official_site_unitids,loan_ffel__plus_loans_originated_amt,nominal_usd,73,73,0,338373814.0
ffel,2004-2005,excluded_annual_identity_unresolved,opeid_master,multiple_official_site_unitids,loan_ffel__plus_disbursements,nominal_usd,73,73,0,318967029.0
ffel,2004-2005,excluded_annual_identity_unresolved,opeid_master,multiple_official_site_unitids,loan_ffel__grad_plus_loans_originated_amt,nominal_usd,73,0,73,
ffel,2004-2005,excluded_annual_identity_unresolved,opeid_master,multiple_official_site_unitids,loan_ffel__grad_plus_disbursements,nominal_usd,73,0,73,
ffel,2004-2005,excluded_annual_identity_unresolved,opeid_master,multiple_official_site_unitids,loan_ffel__parent_plus_loans_originated_amt,nominal_usd,73,0,73,
ffel,2004-2005,excluded_annual_identity_unresolved,opeid_master,multiple_official_site_unitids,loan_ffel__parent_plus_disbursements,nominal_usd,73,0,73,
ffel,2004-2005,excluded_annual_identity_unresolved,opeid_master,no_annual_site_match,loan_ffel__subsidized_loans_originated_amt,nominal_usd,523,523,0,171016212.0
ffel,2004-2005,excluded_annual_identity_unresolved,opeid_master,no_annual_site_match,loan_ffel__subsidized_disbursements,nominal_usd,523,523,0,166862268.0
ffel,2004-2005,excluded_annual_identity_unresolved,opeid_master,no_annual_site_match,loan_ffel__unsubsidized_loans_originated_amt,nominal_usd,523,523,0,188685411.0
ffel,2004-2005,excluded_annual_identity_unresolved,opeid_master,no_annual_site_match,loan_ffel__unsubsidized_disbursements,nominal_usd,523,523,0,183635613.0
ffel,2004-2005,excluded_annual_identity_unresolved,opeid_master,no_annual_site_match,loan_ffel__plus_loans_originated_amt,nominal_usd,523,523,0,17239775.0
ffel,2004-2005,excluded_annual_identity_unresolved,opeid_master,no_annual_site_match,loan_ffel__plus_disbursements,nominal_usd,523,523,0,16770505.0
ffel,2004-2005,excluded_annual_identity_unresolved,opeid_master,no_annual_site_match,loan_ffel__grad_plus_loans_originated_amt,nominal_usd,523,0,523,
ffel,2004-2005,excluded_annual_identity_unresolved,opeid_master,no_annual_site_match,loan_ffel__grad_plus_disbursements,nominal_usd,523,0,523,
ffel,2004-2005,excluded_annual_identity_unresolved,opeid_master,no_annual_site_match,loan_ffel__parent_plus_loans_originated_amt,nominal_usd,523,0,523,
ffel,2004-2005,excluded_annual_identity_unresolved,opeid_master,no_annual_site_match,loan_ffel__parent_plus_disbursements,nominal_usd,523,0,523,
ffel,2004-2005,excluded_annual_identity_unresolved,opeid_master,resolved_administrative_directory_identity_ineligible,loan_ffel__subsidized_loans_originated_amt,nominal_usd,6,6,0,125076203.0
ffel,2004-2005,excluded_annual_identity_unresolved,opeid_master,resolved_administrative_directory_identity_ineligible,loan_ffel__subsidized_disbursements,nominal_usd,6,6,0,112243869.0
ffel,2004-2005,excluded_annual_identity_unresolved,opeid_master,resolved_administrative_directory_identity_ineligible,loan_ffel__unsubsidized_loans_originated_amt,nominal_usd,6,6,0,83043984.0
ffel,2004-2005,excluded_annual_identity_unresolved,opeid_master,resolved_administrative_directory_identity_ineligible,loan_ffel__unsubsidized_disbursements,nominal_usd,6,6,0,72969649.0
ffel,2004-2005,excluded_annual_identity_unresolved,opeid_master,resolved_administrative_directory_identity_ineligible,loan_ffel__plus_loans_originated_amt,nominal_usd,6,6,0,217159.0
ffel,2004-2005,excluded_annual_identity_unresolved,opeid_master,resolved_administrative_directory_identity_ineligible,loan_ffel__plus_disbursements,nominal_usd,6,6,0,211845.0
ffel,2004-2005,excluded_annual_identity_unresolved,opeid_master,resolved_administrative_directory_identity_ineligible,loan_ffel__grad_plus_loans_originated_amt,nominal_usd,6,0,6,
ffel,2004-2005,excluded_annual_identity_unresolved,opeid_master,resolved_administrative_directory_identity_ineligible,loan_ffel__grad_plus_disbursements,nominal_usd,6,0,6,
ffel,2004-2005,excluded_annual_identity_unresolved,opeid_master,resolved_administrative_directory_identity_ineligible,loan_ffel__parent_plus_loans_originated_amt,nominal_usd,6,0,6,
ffel,2004-2005,excluded_annual_identity_unresolved,opeid_master,resolved_administrative_directory_identity_ineligible,loan_ffel__parent_plus_disbursements,nominal_usd,6,0,6,
ffel,2004-2005,included_unique_family_record,opeid_master,official_site_alias_annual_unitid_verified,loan_ffel__subsidized_loans_originated_amt,nominal_usd,21,21,0,14860747.0
ffel,2004-2005,included_unique_family_record,opeid_master,official_site_alias_annual_unitid_verified,loan_ffel__subsidized_disbursements,nominal_usd,21,21,0,12797079.0
ffel,2004-2005,included_unique_family_record,opeid_master,official_site_alias_annual_unitid_verified,loan_ffel__unsubsidized_loans_originated_amt,nominal_usd,21,21,0,15035884.0
ffel,2004-2005,included_unique_family_record,opeid_master,official_site_alias_annual_unitid_verified,loan_ffel__unsubsidized_disbursements,nominal_usd,21,21,0,12884529.0
ffel,2004-2005,included_unique_family_record,opeid_master,official_site_alias_annual_unitid_verified,loan_ffel__plus_loans_originated_amt,nominal_usd,21,21,0,1473640.0
ffel,2004-2005,included_unique_family_record,opeid_master,official_site_alias_annual_unitid_verified,loan_ffel__plus_disbursements,nominal_usd,21,21,0,1356022.0
ffel,2004-2005,included_unique_family_record,opeid_master,official_site_alias_annual_unitid_verified,loan_ffel__grad_plus_loans_originated_amt,nominal_usd,21,0,21,
ffel,2004-2005,included_unique_family_record,opeid_master,official_site_alias_annual_unitid_verified,loan_ffel__grad_plus_disbursements,nominal_usd,21,0,21,
ffel,2004-2005,included_unique_family_record,opeid_master,official_site_alias_annual_unitid_verified,loan_ffel__parent_plus_loans_originated_amt,nominal_usd,21,0,21,
ffel,2004-2005,included_unique_family_record,opeid_master,official_site_alias_annual_unitid_verified,loan_ffel__parent_plus_disbursements,nominal_usd,21,0,21,
ffel,2004-2005,included_unique_family_record,opeid_master,official_site_and_directory_agree,loan_ffel__subsidized_loans_originated_amt,nominal_usd,3887,3887,0,17174984214.0
ffel,2004-2005,included_unique_family_record,opeid_master,official_site_and_directory_agree,loan_ffel__subsidized_disbursements,nominal_usd,3887,3887,0,16016880130.0
ffel,2004-2005,included_unique_family_record,opeid_master,official_site_and_directory_agree,loan_ffel__unsubsidized_loans_originated_amt,nominal_usd,3887,3887,0,16250386761.0
ffel,2004-2005,included_unique_family_record,opeid_master,official_site_and_directory_agree,loan_ffel__unsubsidized_disbursements,nominal_usd,3887,3887,0,15054545918.0
ffel,2004-2005,included_unique_family_record,opeid_master,official_site_and_directory_agree,loan_ffel__plus_loans_originated_amt,nominal_usd,3887,3887,0,5204075791.0
ffel,2004-2005,included_unique_family_record,opeid_master,official_site_and_directory_agree,loan_ffel__plus_disbursements,nominal_usd,3887,3887,0,4941975921.0
ffel,2004-2005,included_unique_family_record,opeid_master,official_site_and_directory_agree,loan_ffel__grad_plus_loans_originated_amt,nominal_usd,3887,0,3887,
ffel,2004-2005,included_unique_family_record,opeid_master,official_site_and_directory_agree,loan_ffel__grad_plus_disbursements,nominal_usd,3887,0,3887,
ffel,2004-2005,included_unique_family_record,opeid_master,official_site_and_directory_agree,loan_ffel__parent_plus_loans_originated_amt,nominal_usd,3887,0,3887,
ffel,2004-2005,included_unique_family_record,opeid_master,official_site_and_directory_agree,loan_ffel__parent_plus_disbursements,nominal_usd,3887,0,3887,
ffel,2005-2006,ambiguous_family_multiple_records,opeid_master,multiple_fsa_records_for_same_unitid_year_family,loan_ffel__subsidized_loans_originated_amt,nominal_usd,4,4,0,115463436.0
ffel,2005-2006,ambiguous_family_multiple_records,opeid_master,multiple_fsa_records_for_same_unitid_year_family,loan_ffel__subsidized_disbursements,nominal_usd,4,4,0,110964507.0
ffel,2005-2006,ambiguous_family_multiple_records,opeid_master,multiple_fsa_records_for_same_unitid_year_family,loan_ffel__unsubsidized_loans_originated_amt,nominal_usd,4,4,0,142337856.0
ffel,2005-2006,ambiguous_family_multiple_records,opeid_master,multiple_fsa_records_for_same_unitid_year_family,loan_ffel__unsubsidized_disbursements,nominal_usd,4,4,0,136120316.0
ffel,2005-2006,ambiguous_family_multiple_records,opeid_master,multiple_fsa_records_for_same_unitid_year_family,loan_ffel__plus_loans_originated_amt,nominal_usd,4,4,0,106970052.0
ffel,2005-2006,ambiguous_family_multiple_records,opeid_master,multiple_fsa_records_for_same_unitid_year_family,loan_ffel__plus_disbursements,nominal_usd,4,4,0,101589799.0
ffel,2005-2006,ambiguous_family_multiple_records,opeid_master,multiple_fsa_records_for_same_unitid_year_family,loan_ffel__grad_plus_loans_originated_amt,nominal_usd,4,4,0,8880.0
ffel,2005-2006,ambiguous_family_multiple_records,opeid_master,multiple_fsa_records_for_same_unitid_year_family,loan_ffel__grad_plus_disbursements,nominal_usd,4,4,0,8880.0
ffel,2005-2006,ambiguous_family_multiple_records,opeid_master,multiple_fsa_records_for_same_unitid_year_family,loan_ffel__parent_plus_loans_originated_amt,nominal_usd,4,0,4,
ffel,2005-2006,ambiguous_family_multiple_records,opeid_master,multiple_fsa_records_for_same_unitid_year_family,loan_ffel__parent_plus_disbursements,nominal_usd,4,0,4,
ffel,2005-2006,excluded_annual_identity_unresolved,opeid_master,crosswalk_site_parse_incomplete,loan_ffel__subsidized_loans_originated_amt,nominal_usd,1,1,0,843278664.0
ffel,2005-2006,excluded_annual_identity_unresolved,opeid_master,crosswalk_site_parse_incomplete,loan_ffel__subsidized_disbursements,nominal_usd,1,1,0,740290984.0
ffel,2005-2006,excluded_annual_identity_unresolved,opeid_master,crosswalk_site_parse_incomplete,loan_ffel__unsubsidized_loans_originated_amt,nominal_usd,1,1,0,1083270786.0
ffel,2005-2006,excluded_annual_identity_unresolved,opeid_master,crosswalk_site_parse_incomplete,loan_ffel__unsubsidized_disbursements,nominal_usd,1,1,0,958003302.0
ffel,2005-2006,excluded_annual_identity_unresolved,opeid_master,crosswalk_site_parse_incomplete,loan_ffel__plus_loans_originated_amt,nominal_usd,1,1,0,11653737.0
ffel,2005-2006,excluded_annual_identity_unresolved,opeid_master,crosswalk_site_parse_incomplete,loan_ffel__plus_disbursements,nominal_usd,1,1,0,10164843.0
ffel,2005-2006,excluded_annual_identity_unresolved,opeid_master,crosswalk_site_parse_incomplete,loan_ffel__grad_plus_loans_originated_amt,nominal_usd,1,1,0,645149.0
ffel,2005-2006,excluded_annual_identity_unresolved,opeid_master,crosswalk_site_parse_incomplete,loan_ffel__grad_plus_disbursements,nominal_usd,1,1,0,623440.0
ffel,2005-2006,excluded_annual_identity_unresolved,opeid_master,crosswalk_site_parse_incomplete,loan_ffel__parent_plus_loans_originated_amt,nominal_usd,1,0,1,
ffel,2005-2006,excluded_annual_identity_unresolved,opeid_master,crosswalk_site_parse_incomplete,loan_ffel__parent_plus_disbursements,nominal_usd,1,0,1,
ffel,2005-2006,excluded_annual_identity_unresolved,opeid_master,multiple_official_site_unitids,loan_ffel__subsidized_loans_originated_amt,nominal_usd,80,80,0,1558861392.0
ffel,2005-2006,excluded_annual_identity_unresolved,opeid_master,multiple_official_site_unitids,loan_ffel__subsidized_disbursements,nominal_usd,80,80,0,1440210951.0
ffel,2005-2006,excluded_annual_identity_unresolved,opeid_master,multiple_official_site_unitids,loan_ffel__unsubsidized_loans_originated_amt,nominal_usd,80,80,0,1578155890.0
ffel,2005-2006,excluded_annual_identity_unresolved,opeid_master,multiple_official_site_unitids,loan_ffel__unsubsidized_disbursements,nominal_usd,80,80,0,1446163932.0
ffel,2005-2006,excluded_annual_identity_unresolved,opeid_master,multiple_official_site_unitids,loan_ffel__plus_loans_originated_amt,nominal_usd,80,80,0,395297245.0
ffel,2005-2006,excluded_annual_identity_unresolved,opeid_master,multiple_official_site_unitids,loan_ffel__plus_disbursements,nominal_usd,80,80,0,372359608.0
ffel,2005-2006,excluded_annual_identity_unresolved,opeid_master,multiple_official_site_unitids,loan_ffel__grad_plus_loans_originated_amt,nominal_usd,80,80,0,1002190.0
ffel,2005-2006,excluded_annual_identity_unresolved,opeid_master,multiple_official_site_unitids,loan_ffel__grad_plus_disbursements,nominal_usd,80,80,0,944735.0
ffel,2005-2006,excluded_annual_identity_unresolved,opeid_master,multiple_official_site_unitids,loan_ffel__parent_plus_loans_originated_amt,nominal_usd,80,0,80,
ffel,2005-2006,excluded_annual_identity_unresolved,opeid_master,multiple_official_site_unitids,loan_ffel__parent_plus_disbursements,nominal_usd,80,0,80,
ffel,2005-2006,excluded_annual_identity_unresolved,opeid_master,no_annual_site_match,loan_ffel__subsidized_loans_originated_amt,nominal_usd,527,527,0,160396733.0
ffel,2005-2006,excluded_annual_identity_unresolved,opeid_master,no_annual_site_match,loan_ffel__subsidized_disbursements,nominal_usd,527,527,0,156630223.0
ffel,2005-2006,excluded_annual_identity_unresolved,opeid_master,no_annual_site_match,loan_ffel__unsubsidized_loans_originated_amt,nominal_usd,527,527,0,179726534.0
ffel,2005-2006,excluded_annual_identity_unresolved,opeid_master,no_annual_site_match,loan_ffel__unsubsidized_disbursements,nominal_usd,527,527,0,175115297.0
ffel,2005-2006,excluded_annual_identity_unresolved,opeid_master,no_annual_site_match,loan_ffel__plus_loans_originated_amt,nominal_usd,527,527,0,19063811.0
ffel,2005-2006,excluded_annual_identity_unresolved,opeid_master,no_annual_site_match,loan_ffel__plus_disbursements,nominal_usd,527,527,0,18585710.0
ffel,2005-2006,excluded_annual_identity_unresolved,opeid_master,no_annual_site_match,loan_ffel__grad_plus_loans_originated_amt,nominal_usd,527,527,0,2877143.0
ffel,2005-2006,excluded_annual_identity_unresolved,opeid_master,no_annual_site_match,loan_ffel__grad_plus_disbursements,nominal_usd,527,527,0,2872485.0
ffel,2005-2006,excluded_annual_identity_unresolved,opeid_master,no_annual_site_match,loan_ffel__parent_plus_loans_originated_amt,nominal_usd,527,0,527,
ffel,2005-2006,excluded_annual_identity_unresolved,opeid_master,no_annual_site_match,loan_ffel__parent_plus_disbursements,nominal_usd,527,0,527,
ffel,2005-2006,excluded_annual_identity_unresolved,opeid_master,resolved_administrative_directory_identity_ineligible,loan_ffel__subsidized_loans_originated_amt,nominal_usd,4,4,0,135428122.0
ffel,2005-2006,excluded_annual_identity_unresolved,opeid_master,resolved_administrative_directory_identity_ineligible,loan_ffel__subsidized_disbursements,nominal_usd,4,4,0,117807963.0
ffel,2005-2006,excluded_annual_identity_unresolved,opeid_master,resolved_administrative_directory_identity_ineligible,loan_ffel__unsubsidized_loans_originated_amt,nominal_usd,4,4,0,94615061.0
ffel,2005-2006,excluded_annual_identity_unresolved,opeid_master,resolved_administrative_directory_identity_ineligible,loan_ffel__unsubsidized_disbursements,nominal_usd,4,4,0,80661202.0
ffel,2005-2006,excluded_annual_identity_unresolved,opeid_master,resolved_administrative_directory_identity_ineligible,loan_ffel__plus_loans_originated_amt,nominal_usd,4,4,0,376592.0
ffel,2005-2006,excluded_annual_identity_unresolved,opeid_master,resolved_administrative_directory_identity_ineligible,loan_ffel__plus_disbursements,nominal_usd,4,4,0,344605.0
ffel,2005-2006,excluded_annual_identity_unresolved,opeid_master,resolved_administrative_directory_identity_ineligible,loan_ffel__grad_plus_loans_originated_amt,nominal_usd,4,4,0,7368.0
ffel,2005-2006,excluded_annual_identity_unresolved,opeid_master,resolved_administrative_directory_identity_ineligible,loan_ffel__grad_plus_disbursements,nominal_usd,4,4,0,7368.0
ffel,2005-2006,excluded_annual_identity_unresolved,opeid_master,resolved_administrative_directory_identity_ineligible,loan_ffel__parent_plus_loans_originated_amt,nominal_usd,4,0,4,
ffel,2005-2006,excluded_annual_identity_unresolved,opeid_master,resolved_administrative_directory_identity_ineligible,loan_ffel__parent_plus_disbursements,nominal_usd,4,0,4,
ffel,2005-2006,included_unique_family_record,opeid_master,official_site_alias_annual_unitid_verified,loan_ffel__subsidized_loans_originated_amt,nominal_usd,12,12,0,3424349.0
ffel,2005-2006,included_unique_family_record,opeid_master,official_site_alias_annual_unitid_verified,loan_ffel__subsidized_disbursements,nominal_usd,12,12,0,3224455.0
ffel,2005-2006,included_unique_family_record,opeid_master,official_site_alias_annual_unitid_verified,loan_ffel__unsubsidized_loans_originated_amt,nominal_usd,12,12,0,3749924.0
ffel,2005-2006,included_unique_family_record,opeid_master,official_site_alias_annual_unitid_verified,loan_ffel__unsubsidized_disbursements,nominal_usd,12,12,0,3526006.0
ffel,2005-2006,included_unique_family_record,opeid_master,official_site_alias_annual_unitid_verified,loan_ffel__plus_loans_originated_amt,nominal_usd,12,12,0,318346.0
ffel,2005-2006,included_unique_family_record,opeid_master,official_site_alias_annual_unitid_verified,loan_ffel__plus_disbursements,nominal_usd,12,12,0,292251.0
ffel,2005-2006,included_unique_family_record,opeid_master,official_site_alias_annual_unitid_verified,loan_ffel__grad_plus_loans_originated_amt,nominal_usd,12,12,0,0.0
ffel,2005-2006,included_unique_family_record,opeid_master,official_site_alias_annual_unitid_verified,loan_ffel__grad_plus_disbursements,nominal_usd,12,12,0,0.0
ffel,2005-2006,included_unique_family_record,opeid_master,official_site_alias_annual_unitid_verified,loan_ffel__parent_plus_loans_originated_amt,nominal_usd,12,0,12,
ffel,2005-2006,included_unique_family_record,opeid_master,official_site_alias_annual_unitid_verified,loan_ffel__parent_plus_disbursements,nominal_usd,12,0,12,
ffel,2005-2006,included_unique_family_record,opeid_master,official_site_and_directory_agree,loan_ffel__subsidized_loans_originated_amt,nominal_usd,3949,3949,0,17648012786.0
ffel,2005-2006,included_unique_family_record,opeid_master,official_site_and_directory_agree,loan_ffel__subsidized_disbursements,nominal_usd,3949,3949,0,16395905956.0
ffel,2005-2006,included_unique_family_record,opeid_master,official_site_and_directory_agree,loan_ffel__unsubsidized_loans_originated_amt,nominal_usd,3949,3949,0,17525941531.0
ffel,2005-2006,included_unique_family_record,opeid_master,official_site_and_directory_agree,loan_ffel__unsubsidized_disbursements,nominal_usd,3949,3949,0,16158874182.0
ffel,2005-2006,included_unique_family_record,opeid_master,official_site_and_directory_agree,loan_ffel__plus_loans_originated_amt,nominal_usd,3949,3949,0,5853214823.0
ffel,2005-2006,included_unique_family_record,opeid_master,official_site_and_directory_agree,loan_ffel__plus_disbursements,nominal_usd,3949,3949,0,5550180806.0
ffel,2005-2006,included_unique_family_record,opeid_master,official_site_and_directory_agree,loan_ffel__grad_plus_loans_originated_amt,nominal_usd,3949,3949,0,67779156.0
ffel,2005-2006,included_unique_family_record,opeid_master,official_site_and_directory_agree,loan_ffel__grad_plus_disbursements,nominal_usd,3949,3949,0,65001164.0
ffel,2005-2006,included_unique_family_record,opeid_master,official_site_and_directory_agree,loan_ffel__parent_plus_loans_originated_amt,nominal_usd,3949,0,3949,
ffel,2005-2006,included_unique_family_record,opeid_master,official_site_and_directory_agree,loan_ffel__parent_plus_disbursements,nominal_usd,3949,0,3949,
ffel,2005-2006,included_unique_family_record,opeid_master,unique_annual_directory_only,loan_ffel__subsidized_loans_originated_amt,nominal_usd,1,1,0,0.0
ffel,2005-2006,included_unique_family_record,opeid_master,unique_annual_directory_only,loan_ffel__subsidized_disbursements,nominal_usd,1,1,0,0.0
ffel,2005-2006,included_unique_family_record,opeid_master,unique_annual_directory_only,loan_ffel__unsubsidized_loans_originated_amt,nominal_usd,1,1,0,0.0
ffel,2005-2006,included_unique_family_record,opeid_master,unique_annual_directory_only,loan_ffel__unsubsidized_disbursements,nominal_usd,1,1,0,0.0
ffel,2005-2006,included_unique_family_record,opeid_master,unique_annual_directory_only,loan_ffel__plus_loans_originated_amt,nominal_usd,1,1,0,5000.0
ffel,2005-2006,included_unique_family_record,opeid_master,unique_annual_directory_only,loan_ffel__plus_disbursements,nominal_usd,1,1,0,5000.0
ffel,2005-2006,included_unique_family_record,opeid_master,unique_annual_directory_only,loan_ffel__grad_plus_loans_originated_amt,nominal_usd,1,1,0,0.0
ffel,2005-2006,included_unique_family_record,opeid_master,unique_annual_directory_only,loan_ffel__grad_plus_disbursements,nominal_usd,1,1,0,0.0
ffel,2005-2006,included_unique_family_record,opeid_master,unique_annual_directory_only,loan_ffel__parent_plus_loans_originated_amt,nominal_usd,1,0,1,
ffel,2005-2006,included_unique_family_record,opeid_master,unique_annual_directory_only,loan_ffel__parent_plus_disbursements,nominal_usd,1,0,1,
ffel,2006-2007,ambiguous_family_multiple_records,opeid_master,multiple_fsa_records_for_same_unitid_year_family,loan_ffel__subsidized_loans_originated_amt,nominal_usd,4,4,0,115682429.0
ffel,2006-2007,ambiguous_family_multiple_records,opeid_master,multiple_fsa_records_for_same_unitid_year_family,loan_ffel__subsidized_disbursements,nominal_usd,4,4,0,110851566.0
ffel,2006-2007,ambiguous_family_multiple_records,opeid_master,multiple_fsa_records_for_same_unitid_year_family,loan_ffel__unsubsidized_loans_originated_amt,nominal_usd,4,4,0,142591763.0
ffel,2006-2007,ambiguous_family_multiple_records,opeid_master,multiple_fsa_records_for_same_unitid_year_family,loan_ffel__unsubsidized_disbursements,nominal_usd,4,4,0,135511318.0
ffel,2006-2007,ambiguous_family_multiple_records,opeid_master,multiple_fsa_records_for_same_unitid_year_family,loan_ffel__plus_loans_originated_amt,nominal_usd,4,0,4,
ffel,2006-2007,ambiguous_family_multiple_records,opeid_master,multiple_fsa_records_for_same_unitid_year_family,loan_ffel__plus_disbursements,nominal_usd,4,0,4,
ffel,2006-2007,ambiguous_family_multiple_records,opeid_master,multiple_fsa_records_for_same_unitid_year_family,loan_ffel__grad_plus_loans_originated_amt,nominal_usd,4,4,0,14986965.0
ffel,2006-2007,ambiguous_family_multiple_records,opeid_master,multiple_fsa_records_for_same_unitid_year_family,loan_ffel__grad_plus_disbursements,nominal_usd,4,4,0,14577220.0
ffel,2006-2007,ambiguous_family_multiple_records,opeid_master,multiple_fsa_records_for_same_unitid_year_family,loan_ffel__parent_plus_loans_originated_amt,nominal_usd,4,4,0,100008784.0
ffel,2006-2007,ambiguous_family_multiple_records,opeid_master,multiple_fsa_records_for_same_unitid_year_family,loan_ffel__parent_plus_disbursements,nominal_usd,4,4,0,95217597.0
ffel,2006-2007,excluded_annual_identity_unresolved,opeid_master,crosswalk_site_parse_incomplete,loan_ffel__subsidized_loans_originated_amt,nominal_usd,1,1,0,1125763031.0
ffel,2006-2007,excluded_annual_identity_unresolved,opeid_master,crosswalk_site_parse_incomplete,loan_ffel__subsidized_disbursements,nominal_usd,1,1,0,974976616.0
ffel,2006-2007,excluded_annual_identity_unresolved,opeid_master,crosswalk_site_parse_incomplete,loan_ffel__unsubsidized_loans_originated_amt,nominal_usd,1,1,0,1408426209.0
ffel,2006-2007,excluded_annual_identity_unresolved,opeid_master,crosswalk_site_parse_incomplete,loan_ffel__unsubsidized_disbursements,nominal_usd,1,1,0,1234332300.0
ffel,2006-2007,excluded_annual_identity_unresolved,opeid_master,crosswalk_site_parse_incomplete,loan_ffel__plus_loans_originated_amt,nominal_usd,1,0,1,
ffel,2006-2007,excluded_annual_identity_unresolved,opeid_master,crosswalk_site_parse_incomplete,loan_ffel__plus_disbursements,nominal_usd,1,0,1,
ffel,2006-2007,excluded_annual_identity_unresolved,opeid_master,crosswalk_site_parse_incomplete,loan_ffel__grad_plus_loans_originated_amt,nominal_usd,1,1,0,4935007.0
ffel,2006-2007,excluded_annual_identity_unresolved,opeid_master,crosswalk_site_parse_incomplete,loan_ffel__grad_plus_disbursements,nominal_usd,1,1,0,4630733.0
ffel,2006-2007,excluded_annual_identity_unresolved,opeid_master,crosswalk_site_parse_incomplete,loan_ffel__parent_plus_loans_originated_amt,nominal_usd,1,1,0,16470684.0
ffel,2006-2007,excluded_annual_identity_unresolved,opeid_master,crosswalk_site_parse_incomplete,loan_ffel__parent_plus_disbursements,nominal_usd,1,1,0,14022035.0
ffel,2006-2007,excluded_annual_identity_unresolved,opeid_master,multiple_nonadministrative_directory_unitids,loan_ffel__subsidized_loans_originated_amt,nominal_usd,1,1,0,642094.0
ffel,2006-2007,excluded_annual_identity_unresolved,opeid_master,multiple_nonadministrative_directory_unitids,loan_ffel__subsidized_disbursements,nominal_usd,1,1,0,576751.0
ffel,2006-2007,excluded_annual_identity_unresolved,opeid_master,multiple_nonadministrative_directory_unitids,loan_ffel__unsubsidized_loans_originated_amt,nominal_usd,1,1,0,704298.0
ffel,2006-2007,excluded_annual_identity_unresolved,opeid_master,multiple_nonadministrative_directory_unitids,loan_ffel__unsubsidized_disbursements,nominal_usd,1,1,0,628100.0
ffel,2006-2007,excluded_annual_identity_unresolved,opeid_master,multiple_nonadministrative_directory_unitids,loan_ffel__plus_loans_originated_amt,nominal_usd,1,0,1,
ffel,2006-2007,excluded_annual_identity_unresolved,opeid_master,multiple_nonadministrative_directory_unitids,loan_ffel__plus_disbursements,nominal_usd,1,0,1,
ffel,2006-2007,excluded_annual_identity_unresolved,opeid_master,multiple_nonadministrative_directory_unitids,loan_ffel__grad_plus_loans_originated_amt,nominal_usd,1,1,0,0.0
ffel,2006-2007,excluded_annual_identity_unresolved,opeid_master,multiple_nonadministrative_directory_unitids,loan_ffel__grad_plus_disbursements,nominal_usd,1,1,0,0.0
ffel,2006-2007,excluded_annual_identity_unresolved,opeid_master,multiple_nonadministrative_directory_unitids,loan_ffel__parent_plus_loans_originated_amt,nominal_usd,1,1,0,204165.0
ffel,2006-2007,excluded_annual_identity_unresolved,opeid_master,multiple_nonadministrative_directory_unitids,loan_ffel__parent_plus_disbursements,nominal_usd,1,1,0,199781.0
ffel,2006-2007,excluded_annual_identity_unresolved,opeid_master,multiple_official_site_unitids,loan_ffel__subsidized_loans_originated_amt,nominal_usd,89,89,0,1648063243.0
ffel,2006-2007,excluded_annual_identity_unresolved,opeid_master,multiple_official_site_unitids,loan_ffel__subsidized_disbursements,nominal_usd,89,89,0,1513061538.0
ffel,2006-2007,excluded_annual_identity_unresolved,opeid_master,multiple_official_site_unitids,loan_ffel__unsubsidized_loans_originated_amt,nominal_usd,89,89,0,1647429936.0
ffel,2006-2007,excluded_annual_identity_unresolved,opeid_master,multiple_official_site_unitids,loan_ffel__unsubsidized_disbursements,nominal_usd,89,89,0,1496130336.0
ffel,2006-2007,excluded_annual_identity_unresolved,opeid_master,multiple_official_site_unitids,loan_ffel__plus_loans_originated_amt,nominal_usd,89,0,89,
ffel,2006-2007,excluded_annual_identity_unresolved,opeid_master,multiple_official_site_unitids,loan_ffel__plus_disbursements,nominal_usd,89,0,89,
ffel,2006-2007,excluded_annual_identity_unresolved,opeid_master,multiple_official_site_unitids,loan_ffel__grad_plus_loans_originated_amt,nominal_usd,89,89,0,67735888.0
ffel,2006-2007,excluded_annual_identity_unresolved,opeid_master,multiple_official_site_unitids,loan_ffel__grad_plus_disbursements,nominal_usd,89,89,0,65089929.0
ffel,2006-2007,excluded_annual_identity_unresolved,opeid_master,multiple_official_site_unitids,loan_ffel__parent_plus_loans_originated_amt,nominal_usd,89,89,0,453047293.0
ffel,2006-2007,excluded_annual_identity_unresolved,opeid_master,multiple_official_site_unitids,loan_ffel__parent_plus_disbursements,nominal_usd,89,89,0,425009672.0
ffel,2006-2007,excluded_annual_identity_unresolved,opeid_master,no_annual_site_match,loan_ffel__subsidized_loans_originated_amt,nominal_usd,499,499,0,165995296.0
ffel,2006-2007,excluded_annual_identity_unresolved,opeid_master,no_annual_site_match,loan_ffel__subsidized_disbursements,nominal_usd,499,499,0,161319995.0
ffel,2006-2007,excluded_annual_identity_unresolved,opeid_master,no_annual_site_match,loan_ffel__unsubsidized_loans_originated_amt,nominal_usd,499,499,0,184329585.0
ffel,2006-2007,excluded_annual_identity_unresolved,opeid_master,no_annual_site_match,loan_ffel__unsubsidized_disbursements,nominal_usd,499,499,0,178555191.0
ffel,2006-2007,excluded_annual_identity_unresolved,opeid_master,no_annual_site_match,loan_ffel__plus_loans_originated_amt,nominal_usd,499,0,499,
ffel,2006-2007,excluded_annual_identity_unresolved,opeid_master,no_annual_site_match,loan_ffel__plus_disbursements,nominal_usd,499,0,499,
ffel,2006-2007,excluded_annual_identity_unresolved,opeid_master,no_annual_site_match,loan_ffel__grad_plus_loans_originated_amt,nominal_usd,499,499,0,220066621.0
ffel,2006-2007,excluded_annual_identity_unresolved,opeid_master,no_annual_site_match,loan_ffel__grad_plus_disbursements,nominal_usd,499,499,0,205831998.0
ffel,2006-2007,excluded_annual_identity_unresolved,opeid_master,no_annual_site_match,loan_ffel__parent_plus_loans_originated_amt,nominal_usd,499,499,0,21231897.0
ffel,2006-2007,excluded_annual_identity_unresolved,opeid_master,no_annual_site_match,loan_ffel__parent_plus_disbursements,nominal_usd,499,499,0,20486694.0
ffel,2006-2007,excluded_annual_identity_unresolved,opeid_master,resolved_administrative_directory_identity_ineligible,loan_ffel__subsidized_loans_originated_amt,nominal_usd,4,4,0,147613139.0
ffel,2006-2007,excluded_annual_identity_unresolved,opeid_master,resolved_administrative_directory_identity_ineligible,loan_ffel__subsidized_disbursements,nominal_usd,4,4,0,128254940.0
ffel,2006-2007,excluded_annual_identity_unresolved,opeid_master,resolved_administrative_directory_identity_ineligible,loan_ffel__unsubsidized_loans_originated_amt,nominal_usd,4,4,0,102905299.0
ffel,2006-2007,excluded_annual_identity_unresolved,opeid_master,resolved_administrative_directory_identity_ineligible,loan_ffel__unsubsidized_disbursements,nominal_usd,4,4,0,88392842.0
ffel,2006-2007,excluded_annual_identity_unresolved,opeid_master,resolved_administrative_directory_identity_ineligible,loan_ffel__plus_loans_originated_amt,nominal_usd,4,0,4,
ffel,2006-2007,excluded_annual_identity_unresolved,opeid_master,resolved_administrative_directory_identity_ineligible,loan_ffel__plus_disbursements,nominal_usd,4,0,4,
ffel,2006-2007,excluded_annual_identity_unresolved,opeid_master,resolved_administrative_directory_identity_ineligible,loan_ffel__grad_plus_loans_originated_amt,nominal_usd,4,4,0,1783291.0
ffel,2006-2007,excluded_annual_identity_unresolved,opeid_master,resolved_administrative_directory_identity_ineligible,loan_ffel__grad_plus_disbursements,nominal_usd,4,4,0,1595070.0
ffel,2006-2007,excluded_annual_identity_unresolved,opeid_master,resolved_administrative_directory_identity_ineligible,loan_ffel__parent_plus_loans_originated_amt,nominal_usd,4,4,0,318543.0
ffel,2006-2007,excluded_annual_identity_unresolved,opeid_master,resolved_administrative_directory_identity_ineligible,loan_ffel__parent_plus_disbursements,nominal_usd,4,4,0,309184.0
ffel,2006-2007,included_unique_family_record,opeid_master,official_site_alias_annual_unitid_verified,loan_ffel__subsidized_loans_originated_amt,nominal_usd,13,13,0,8568945.0
ffel,2006-2007,included_unique_family_record,opeid_master,official_site_alias_annual_unitid_verified,loan_ffel__subsidized_disbursements,nominal_usd,13,13,0,8082268.0
ffel,2006-2007,included_unique_family_record,opeid_master,official_site_alias_annual_unitid_verified,loan_ffel__unsubsidized_loans_originated_amt,nominal_usd,13,13,0,15379153.0
ffel,2006-2007,included_unique_family_record,opeid_master,official_site_alias_annual_unitid_verified,loan_ffel__unsubsidized_disbursements,nominal_usd,13,13,0,14496762.0
ffel,2006-2007,included_unique_family_record,opeid_master,official_site_alias_annual_unitid_verified,loan_ffel__plus_loans_originated_amt,nominal_usd,13,0,13,
ffel,2006-2007,included_unique_family_record,opeid_master,official_site_alias_annual_unitid_verified,loan_ffel__plus_disbursements,nominal_usd,13,0,13,
ffel,2006-2007,included_unique_family_record,opeid_master,official_site_alias_annual_unitid_verified,loan_ffel__grad_plus_loans_originated_amt,nominal_usd,13,13,0,202472.0
ffel,2006-2007,included_unique_family_record,opeid_master,official_site_alias_annual_unitid_verified,loan_ffel__grad_plus_disbursements,nominal_usd,13,13,0,197087.0
ffel,2006-2007,included_unique_family_record,opeid_master,official_site_alias_annual_unitid_verified,loan_ffel__parent_plus_loans_originated_amt,nominal_usd,13,13,0,404649.0
ffel,2006-2007,included_unique_family_record,opeid_master,official_site_alias_annual_unitid_verified,loan_ffel__parent_plus_disbursements,nominal_usd,13,13,0,384634.0
ffel,2006-2007,included_unique_family_record,opeid_master,official_site_and_directory_agree,loan_ffel__subsidized_loans_originated_amt,nominal_usd,4006,4006,0,18600684465.0
ffel,2006-2007,included_unique_family_record,opeid_master,official_site_and_directory_agree,loan_ffel__subsidized_disbursements,nominal_usd,4006,4006,0,17263660311.0
ffel,2006-2007,included_unique_family_record,opeid_master,official_site_and_directory_agree,loan_ffel__unsubsidized_loans_originated_amt,nominal_usd,4006,4006,0,18509167171.0
ffel,2006-2007,included_unique_family_record,opeid_master,official_site_and_directory_agree,loan_ffel__unsubsidized_disbursements,nominal_usd,4006,4006,0,17032980317.0
ffel,2006-2007,included_unique_family_record,opeid_master,official_site_and_directory_agree,loan_ffel__plus_loans_originated_amt,nominal_usd,4006,0,4006,
ffel,2006-2007,included_unique_family_record,opeid_master,official_site_and_directory_agree,loan_ffel__plus_disbursements,nominal_usd,4006,0,4006,
ffel,2006-2007,included_unique_family_record,opeid_master,official_site_and_directory_agree,loan_ffel__grad_plus_loans_originated_amt,nominal_usd,4006,4006,0,1677571094.0
ffel,2006-2007,included_unique_family_record,opeid_master,official_site_and_directory_agree,loan_ffel__grad_plus_disbursements,nominal_usd,4006,4006,0,1605492883.0
ffel,2006-2007,included_unique_family_record,opeid_master,official_site_and_directory_agree,loan_ffel__parent_plus_loans_originated_amt,nominal_usd,4006,4006,0,5863003124.0
ffel,2006-2007,included_unique_family_record,opeid_master,official_site_and_directory_agree,loan_ffel__parent_plus_disbursements,nominal_usd,4006,4006,0,5550332728.0
ffel,2007-2008,ambiguous_family_multiple_records,opeid_master,multiple_fsa_records_for_same_unitid_year_family,loan_ffel__subsidized_loans_originated_amt,nominal_usd,4,4,0,123698151.0
ffel,2007-2008,ambiguous_family_multiple_records,opeid_master,multiple_fsa_records_for_same_unitid_year_family,loan_ffel__subsidized_disbursements,nominal_usd,4,4,0,118546334.0
ffel,2007-2008,ambiguous_family_multiple_records,opeid_master,multiple_fsa_records_for_same_unitid_year_family,loan_ffel__unsubsidized_loans_originated_amt,nominal_usd,4,4,0,164968038.0
ffel,2007-2008,ambiguous_family_multiple_records,opeid_master,multiple_fsa_records_for_same_unitid_year_family,loan_ffel__unsubsidized_disbursements,nominal_usd,4,4,0,156031327.0
ffel,2007-2008,ambiguous_family_multiple_records,opeid_master,multiple_fsa_records_for_same_unitid_year_family,loan_ffel__plus_loans_originated_amt,nominal_usd,4,0,4,
ffel,2007-2008,ambiguous_family_multiple_records,opeid_master,multiple_fsa_records_for_same_unitid_year_family,loan_ffel__plus_disbursements,nominal_usd,4,0,4,
ffel,2007-2008,ambiguous_family_multiple_records,opeid_master,multiple_fsa_records_for_same_unitid_year_family,loan_ffel__grad_plus_loans_originated_amt,nominal_usd,4,4,0,57781983.0
ffel,2007-2008,ambiguous_family_multiple_records,opeid_master,multiple_fsa_records_for_same_unitid_year_family,loan_ffel__grad_plus_disbursements,nominal_usd,4,4,0,55229059.0
ffel,2007-2008,ambiguous_family_multiple_records,opeid_master,multiple_fsa_records_for_same_unitid_year_family,loan_ffel__parent_plus_loans_originated_amt,nominal_usd,4,4,0,92367661.0
ffel,2007-2008,ambiguous_family_multiple_records,opeid_master,multiple_fsa_records_for_same_unitid_year_family,loan_ffel__parent_plus_disbursements,nominal_usd,4,4,0,87904217.0
ffel,2007-2008,excluded_annual_identity_unresolved,opeid_master,crosswalk_site_parse_incomplete,loan_ffel__subsidized_loans_originated_amt,nominal_usd,1,1,0,1476861668.0
ffel,2007-2008,excluded_annual_identity_unresolved,opeid_master,crosswalk_site_parse_incomplete,loan_ffel__subsidized_disbursements,nominal_usd,1,1,0,1274109537.0
ffel,2007-2008,excluded_annual_identity_unresolved,opeid_master,crosswalk_site_parse_incomplete,loan_ffel__unsubsidized_loans_originated_amt,nominal_usd,1,1,0,1939310034.0
ffel,2007-2008,excluded_annual_identity_unresolved,opeid_master,crosswalk_site_parse_incomplete,loan_ffel__unsubsidized_disbursements,nominal_usd,1,1,0,1713935136.0
ffel,2007-2008,excluded_annual_identity_unresolved,opeid_master,crosswalk_site_parse_incomplete,loan_ffel__plus_loans_originated_amt,nominal_usd,1,0,1,
ffel,2007-2008,excluded_annual_identity_unresolved,opeid_master,crosswalk_site_parse_incomplete,loan_ffel__plus_disbursements,nominal_usd,1,0,1,
ffel,2007-2008,excluded_annual_identity_unresolved,opeid_master,crosswalk_site_parse_incomplete,loan_ffel__grad_plus_loans_originated_amt,nominal_usd,1,1,0,8860904.0
ffel,2007-2008,excluded_annual_identity_unresolved,opeid_master,crosswalk_site_parse_incomplete,loan_ffel__grad_plus_disbursements,nominal_usd,1,1,0,8081258.0
ffel,2007-2008,excluded_annual_identity_unresolved,opeid_master,crosswalk_site_parse_incomplete,loan_ffel__parent_plus_loans_originated_amt,nominal_usd,1,1,0,19363878.0
ffel,2007-2008,excluded_annual_identity_unresolved,opeid_master,crosswalk_site_parse_incomplete,loan_ffel__parent_plus_disbursements,nominal_usd,1,1,0,16601167.0
ffel,2007-2008,excluded_annual_identity_unresolved,opeid_master,multiple_official_site_unitids,loan_ffel__subsidized_loans_originated_amt,nominal_usd,114,114,0,1956152494.0
ffel,2007-2008,excluded_annual_identity_unresolved,opeid_master,multiple_official_site_unitids,loan_ffel__subsidized_disbursements,nominal_usd,114,114,0,1801923774.0
ffel,2007-2008,excluded_annual_identity_unresolved,opeid_master,multiple_official_site_unitids,loan_ffel__unsubsidized_loans_originated_amt,nominal_usd,114,114,0,1915868871.0
ffel,2007-2008,excluded_annual_identity_unresolved,opeid_master,multiple_official_site_unitids,loan_ffel__unsubsidized_disbursements,nominal_usd,114,114,0,1757259289.0
ffel,2007-2008,excluded_annual_identity_unresolved,opeid_master,multiple_official_site_unitids,loan_ffel__plus_loans_originated_amt,nominal_usd,114,0,114,
ffel,2007-2008,excluded_annual_identity_unresolved,opeid_master,multiple_official_site_unitids,loan_ffel__plus_disbursements,nominal_usd,114,0,114,
ffel,2007-2008,excluded_annual_identity_unresolved,opeid_master,multiple_official_site_unitids,loan_ffel__grad_plus_loans_originated_amt,nominal_usd,114,114,0,113881600.0
ffel,2007-2008,excluded_annual_identity_unresolved,opeid_master,multiple_official_site_unitids,loan_ffel__grad_plus_disbursements,nominal_usd,114,114,0,108539376.0
ffel,2007-2008,excluded_annual_identity_unresolved,opeid_master,multiple_official_site_unitids,loan_ffel__parent_plus_loans_originated_amt,nominal_usd,114,114,0,481052849.0
ffel,2007-2008,excluded_annual_identity_unresolved,opeid_master,multiple_official_site_unitids,loan_ffel__parent_plus_disbursements,nominal_usd,114,114,0,451332684.0
ffel,2007-2008,excluded_annual_identity_unresolved,opeid_master,no_annual_site_match,loan_ffel__subsidized_loans_originated_amt,nominal_usd,500,500,0,197928401.0
ffel,2007-2008,excluded_annual_identity_unresolved,opeid_master,no_annual_site_match,loan_ffel__subsidized_disbursements,nominal_usd,500,500,0,190291895.0
ffel,2007-2008,excluded_annual_identity_unresolved,opeid_master,no_annual_site_match,loan_ffel__unsubsidized_loans_originated_amt,nominal_usd,500,500,0,250798071.0
ffel,2007-2008,excluded_annual_identity_unresolved,opeid_master,no_annual_site_match,loan_ffel__unsubsidized_disbursements,nominal_usd,500,500,0,241536124.0
ffel,2007-2008,excluded_annual_identity_unresolved,opeid_master,no_annual_site_match,loan_ffel__plus_loans_originated_amt,nominal_usd,500,0,500,
ffel,2007-2008,excluded_annual_identity_unresolved,opeid_master,no_annual_site_match,loan_ffel__plus_disbursements,nominal_usd,500,0,500,
ffel,2007-2008,excluded_annual_identity_unresolved,opeid_master,no_annual_site_match,loan_ffel__grad_plus_loans_originated_amt,nominal_usd,500,500,0,305041482.0
ffel,2007-2008,excluded_annual_identity_unresolved,opeid_master,no_annual_site_match,loan_ffel__grad_plus_disbursements,nominal_usd,500,500,0,287133276.0
ffel,2007-2008,excluded_annual_identity_unresolved,opeid_master,no_annual_site_match,loan_ffel__parent_plus_loans_originated_amt,nominal_usd,500,500,0,22597442.0
ffel,2007-2008,excluded_annual_identity_unresolved,opeid_master,no_annual_site_match,loan_ffel__parent_plus_disbursements,nominal_usd,500,500,0,21614300.0
ffel,2007-2008,excluded_annual_identity_unresolved,opeid_master,resolved_administrative_directory_identity_ineligible,loan_ffel__subsidized_loans_originated_amt,nominal_usd,4,4,0,147062365.0
ffel,2007-2008,excluded_annual_identity_unresolved,opeid_master,resolved_administrative_directory_identity_ineligible,loan_ffel__subsidized_disbursements,nominal_usd,4,4,0,132990180.0
ffel,2007-2008,excluded_annual_identity_unresolved,opeid_master,resolved_administrative_directory_identity_ineligible,loan_ffel__unsubsidized_loans_originated_amt,nominal_usd,4,4,0,116255228.0
ffel,2007-2008,excluded_annual_identity_unresolved,opeid_master,resolved_administrative_directory_identity_ineligible,loan_ffel__unsubsidized_disbursements,nominal_usd,4,4,0,104415465.0
ffel,2007-2008,excluded_annual_identity_unresolved,opeid_master,resolved_administrative_directory_identity_ineligible,loan_ffel__plus_loans_originated_amt,nominal_usd,4,0,4,
ffel,2007-2008,excluded_annual_identity_unresolved,opeid_master,resolved_administrative_directory_identity_ineligible,loan_ffel__plus_disbursements,nominal_usd,4,0,4,
ffel,2007-2008,excluded_annual_identity_unresolved,opeid_master,resolved_administrative_directory_identity_ineligible,loan_ffel__grad_plus_loans_originated_amt,nominal_usd,4,4,0,2067602.0
ffel,2007-2008,excluded_annual_identity_unresolved,opeid_master,resolved_administrative_directory_identity_ineligible,loan_ffel__grad_plus_disbursements,nominal_usd,4,4,0,1847158.0
ffel,2007-2008,excluded_annual_identity_unresolved,opeid_master,resolved_administrative_directory_identity_ineligible,loan_ffel__parent_plus_loans_originated_amt,nominal_usd,4,4,0,228148.0
ffel,2007-2008,excluded_annual_identity_unresolved,opeid_master,resolved_administrative_directory_identity_ineligible,loan_ffel__parent_plus_disbursements,nominal_usd,4,4,0,207678.0
ffel,2007-2008,included_unique_family_record,opeid_master,official_site_alias_annual_unitid_verified,loan_ffel__subsidized_loans_originated_amt,nominal_usd,13,13,0,22619612.0
ffel,2007-2008,included_unique_family_record,opeid_master,official_site_alias_annual_unitid_verified,loan_ffel__subsidized_disbursements,nominal_usd,13,13,0,21905324.0
ffel,2007-2008,included_unique_family_record,opeid_master,official_site_alias_annual_unitid_verified,loan_ffel__unsubsidized_loans_originated_amt,nominal_usd,13,13,0,40579172.0
ffel,2007-2008,included_unique_family_record,opeid_master,official_site_alias_annual_unitid_verified,loan_ffel__unsubsidized_disbursements,nominal_usd,13,13,0,38979342.0
ffel,2007-2008,included_unique_family_record,opeid_master,official_site_alias_annual_unitid_verified,loan_ffel__plus_loans_originated_amt,nominal_usd,13,0,13,
ffel,2007-2008,included_unique_family_record,opeid_master,official_site_alias_annual_unitid_verified,loan_ffel__plus_disbursements,nominal_usd,13,0,13,
ffel,2007-2008,included_unique_family_record,opeid_master,official_site_alias_annual_unitid_verified,loan_ffel__grad_plus_loans_originated_amt,nominal_usd,13,13,0,5413015.0
ffel,2007-2008,included_unique_family_record,opeid_master,official_site_alias_annual_unitid_verified,loan_ffel__grad_plus_disbursements,nominal_usd,13,13,0,5239225.0
ffel,2007-2008,included_unique_family_record,opeid_master,official_site_alias_annual_unitid_verified,loan_ffel__parent_plus_loans_originated_amt,nominal_usd,13,13,0,1540242.0
ffel,2007-2008,included_unique_family_record,opeid_master,official_site_alias_annual_unitid_verified,loan_ffel__parent_plus_disbursements,nominal_usd,13,13,0,1458355.0
ffel,2007-2008,included_unique_family_record,opeid_master,official_site_and_directory_agree,loan_ffel__subsidized_loans_originated_amt,nominal_usd,4210,4210,0,21604984119.0
ffel,2007-2008,included_unique_family_record,opeid_master,official_site_and_directory_agree,loan_ffel__subsidized_disbursements,nominal_usd,4210,4210,0,19998773736.0
ffel,2007-2008,included_unique_family_record,opeid_master,official_site_and_directory_agree,loan_ffel__unsubsidized_loans_originated_amt,nominal_usd,4210,4210,0,21077537176.0
ffel,2007-2008,included_unique_family_record,opeid_master,official_site_and_directory_agree,loan_ffel__unsubsidized_disbursements,nominal_usd,4210,4210,0,19416085330.0
ffel,2007-2008,included_unique_family_record,opeid_master,official_site_and_directory_agree,loan_ffel__plus_loans_originated_amt,nominal_usd,4210,0,4210,
ffel,2007-2008,included_unique_family_record,opeid_master,official_site_and_directory_agree,loan_ffel__plus_disbursements,nominal_usd,4210,0,4210,
ffel,2007-2008,included_unique_family_record,opeid_master,official_site_and_directory_agree,loan_ffel__grad_plus_loans_originated_amt,nominal_usd,4210,4210,0,2449150654.0
ffel,2007-2008,included_unique_family_record,opeid_master,official_site_and_directory_agree,loan_ffel__grad_plus_disbursements,nominal_usd,4210,4210,0,2336495878.0
ffel,2007-2008,included_unique_family_record,opeid_master,official_site_and_directory_agree,loan_ffel__parent_plus_loans_originated_amt,nominal_usd,4210,4210,0,5480333044.0
ffel,2007-2008,included_unique_family_record,opeid_master,official_site_and_directory_agree,loan_ffel__parent_plus_disbursements,nominal_usd,4210,4210,0,5202835692.0
ffel,2007-2008,included_unique_family_record,opeid_master,unique_annual_directory_only,loan_ffel__subsidized_loans_originated_amt,nominal_usd,1,1,0,80425.0
ffel,2007-2008,included_unique_family_record,opeid_master,unique_annual_directory_only,loan_ffel__subsidized_disbursements,nominal_usd,1,1,0,73425.0
ffel,2007-2008,included_unique_family_record,opeid_master,unique_annual_directory_only,loan_ffel__unsubsidized_loans_originated_amt,nominal_usd,1,1,0,81236.0
ffel,2007-2008,included_unique_family_record,opeid_master,unique_annual_directory_only,loan_ffel__unsubsidized_disbursements,nominal_usd,1,1,0,75236.0
ffel,2007-2008,included_unique_family_record,opeid_master,unique_annual_directory_only,loan_ffel__plus_loans_originated_amt,nominal_usd,1,0,1,
ffel,2007-2008,included_unique_family_record,opeid_master,unique_annual_directory_only,loan_ffel__plus_disbursements,nominal_usd,1,0,1,
ffel,2007-2008,included_unique_family_record,opeid_master,unique_annual_directory_only,loan_ffel__grad_plus_loans_originated_amt,nominal_usd,1,1,0,0.0
ffel,2007-2008,included_unique_family_record,opeid_master,unique_annual_directory_only,loan_ffel__grad_plus_disbursements,nominal_usd,1,1,0,0.0
ffel,2007-2008,included_unique_family_record,opeid_master,unique_annual_directory_only,loan_ffel__parent_plus_loans_originated_amt,nominal_usd,1,1,0,0.0
ffel,2007-2008,included_unique_family_record,opeid_master,unique_annual_directory_only,loan_ffel__parent_plus_disbursements,nominal_usd,1,1,0,0.0
ffel,2008-2009,ambiguous_family_multiple_records,opeid_master,multiple_fsa_records_for_same_unitid_year_family,loan_ffel__subsidized_loans_originated_amt,nominal_usd,4,4,0,122893062.0
ffel,2008-2009,ambiguous_family_multiple_records,opeid_master,multiple_fsa_records_for_same_unitid_year_family,loan_ffel__subsidized_disbursements,nominal_usd,4,4,0,118532160.0
ffel,2008-2009,ambiguous_family_multiple_records,opeid_master,multiple_fsa_records_for_same_unitid_year_family,loan_ffel__unsubsidized_loans_originated_amt,nominal_usd,4,4,0,178829588.0
ffel,2008-2009,ambiguous_family_multiple_records,opeid_master,multiple_fsa_records_for_same_unitid_year_family,loan_ffel__unsubsidized_disbursements,nominal_usd,4,4,0,170890460.0
ffel,2008-2009,ambiguous_family_multiple_records,opeid_master,multiple_fsa_records_for_same_unitid_year_family,loan_ffel__plus_loans_originated_amt,nominal_usd,4,0,4,
ffel,2008-2009,ambiguous_family_multiple_records,opeid_master,multiple_fsa_records_for_same_unitid_year_family,loan_ffel__plus_disbursements,nominal_usd,4,0,4,
ffel,2008-2009,ambiguous_family_multiple_records,opeid_master,multiple_fsa_records_for_same_unitid_year_family,loan_ffel__grad_plus_loans_originated_amt,nominal_usd,4,4,0,117402593.0
ffel,2008-2009,ambiguous_family_multiple_records,opeid_master,multiple_fsa_records_for_same_unitid_year_family,loan_ffel__grad_plus_disbursements,nominal_usd,4,4,0,106985420.0
ffel,2008-2009,ambiguous_family_multiple_records,opeid_master,multiple_fsa_records_for_same_unitid_year_family,loan_ffel__parent_plus_loans_originated_amt,nominal_usd,4,4,0,87993601.0
ffel,2008-2009,ambiguous_family_multiple_records,opeid_master,multiple_fsa_records_for_same_unitid_year_family,loan_ffel__parent_plus_disbursements,nominal_usd,4,4,0,83994078.0
ffel,2008-2009,excluded_annual_identity_unresolved,opeid_master,crosswalk_site_parse_incomplete,loan_ffel__subsidized_loans_originated_amt,nominal_usd,1,1,0,1822056495.0
ffel,2008-2009,excluded_annual_identity_unresolved,opeid_master,crosswalk_site_parse_incomplete,loan_ffel__subsidized_disbursements,nominal_usd,1,1,0,1623279238.0
ffel,2008-2009,excluded_annual_identity_unresolved,opeid_master,crosswalk_site_parse_incomplete,loan_ffel__unsubsidized_loans_originated_amt,nominal_usd,1,1,0,2750939996.0
ffel,2008-2009,excluded_annual_identity_unresolved,opeid_master,crosswalk_site_parse_incomplete,loan_ffel__unsubsidized_disbursements,nominal_usd,1,1,0,2451906099.0
ffel,2008-2009,excluded_annual_identity_unresolved,opeid_master,crosswalk_site_parse_incomplete,loan_ffel__plus_loans_originated_amt,nominal_usd,1,0,1,
ffel,2008-2009,excluded_annual_identity_unresolved,opeid_master,crosswalk_site_parse_incomplete,loan_ffel__plus_disbursements,nominal_usd,1,0,1,
ffel,2008-2009,excluded_annual_identity_unresolved,opeid_master,crosswalk_site_parse_incomplete,loan_ffel__grad_plus_loans_originated_amt,nominal_usd,1,1,0,15293760.0
ffel,2008-2009,excluded_annual_identity_unresolved,opeid_master,crosswalk_site_parse_incomplete,loan_ffel__grad_plus_disbursements,nominal_usd,1,1,0,13955937.0
ffel,2008-2009,excluded_annual_identity_unresolved,opeid_master,crosswalk_site_parse_incomplete,loan_ffel__parent_plus_loans_originated_amt,nominal_usd,1,1,0,20897861.0
ffel,2008-2009,excluded_annual_identity_unresolved,opeid_master,crosswalk_site_parse_incomplete,loan_ffel__parent_plus_disbursements,nominal_usd,1,1,0,18652749.0
ffel,2008-2009,excluded_annual_identity_unresolved,opeid_master,multiple_official_site_unitids,loan_ffel__subsidized_loans_originated_amt,nominal_usd,101,101,0,2048106921.0
ffel,2008-2009,excluded_annual_identity_unresolved,opeid_master,multiple_official_site_unitids,loan_ffel__subsidized_disbursements,nominal_usd,101,101,0,1925747458.0
ffel,2008-2009,excluded_annual_identity_unresolved,opeid_master,multiple_official_site_unitids,loan_ffel__unsubsidized_loans_originated_amt,nominal_usd,101,101,0,2597795486.0
ffel,2008-2009,excluded_annual_identity_unresolved,opeid_master,multiple_official_site_unitids,loan_ffel__unsubsidized_disbursements,nominal_usd,101,101,0,2431090078.0
ffel,2008-2009,excluded_annual_identity_unresolved,opeid_master,multiple_official_site_unitids,loan_ffel__plus_loans_originated_amt,nominal_usd,101,0,101,
ffel,2008-2009,excluded_annual_identity_unresolved,opeid_master,multiple_official_site_unitids,loan_ffel__plus_disbursements,nominal_usd,101,0,101,
ffel,2008-2009,excluded_annual_identity_unresolved,opeid_master,multiple_official_site_unitids,loan_ffel__grad_plus_loans_originated_amt,nominal_usd,101,101,0,124677735.0
ffel,2008-2009,excluded_annual_identity_unresolved,opeid_master,multiple_official_site_unitids,loan_ffel__grad_plus_disbursements,nominal_usd,101,101,0,120626571.0
ffel,2008-2009,excluded_annual_identity_unresolved,opeid_master,multiple_official_site_unitids,loan_ffel__parent_plus_loans_originated_amt,nominal_usd,101,101,0,429043094.0
ffel,2008-2009,excluded_annual_identity_unresolved,opeid_master,multiple_official_site_unitids,loan_ffel__parent_plus_disbursements,nominal_usd,101,101,0,410039884.0
ffel,2008-2009,excluded_annual_identity_unresolved,opeid_master,no_annual_site_match,loan_ffel__subsidized_loans_originated_amt,nominal_usd,473,473,0,187522498.0
ffel,2008-2009,excluded_annual_identity_unresolved,opeid_master,no_annual_site_match,loan_ffel__subsidized_disbursements,nominal_usd,473,473,0,184513707.0
ffel,2008-2009,excluded_annual_identity_unresolved,opeid_master,no_annual_site_match,loan_ffel__unsubsidized_loans_originated_amt,nominal_usd,473,473,0,245599791.0
ffel,2008-2009,excluded_annual_identity_unresolved,opeid_master,no_annual_site_match,loan_ffel__unsubsidized_disbursements,nominal_usd,473,473,0,241229822.0
ffel,2008-2009,excluded_annual_identity_unresolved,opeid_master,no_annual_site_match,loan_ffel__plus_loans_originated_amt,nominal_usd,473,0,473,
ffel,2008-2009,excluded_annual_identity_unresolved,opeid_master,no_annual_site_match,loan_ffel__plus_disbursements,nominal_usd,473,0,473,
ffel,2008-2009,excluded_annual_identity_unresolved,opeid_master,no_annual_site_match,loan_ffel__grad_plus_loans_originated_amt,nominal_usd,473,473,0,342787387.0
ffel,2008-2009,excluded_annual_identity_unresolved,opeid_master,no_annual_site_match,loan_ffel__grad_plus_disbursements,nominal_usd,473,473,0,332997062.0
ffel,2008-2009,excluded_annual_identity_unresolved,opeid_master,no_annual_site_match,loan_ffel__parent_plus_loans_originated_amt,nominal_usd,473,473,0,21150980.0
ffel,2008-2009,excluded_annual_identity_unresolved,opeid_master,no_annual_site_match,loan_ffel__parent_plus_disbursements,nominal_usd,473,473,0,20621335.0
ffel,2008-2009,excluded_annual_identity_unresolved,opeid_master,resolved_administrative_directory_identity_ineligible,loan_ffel__subsidized_loans_originated_amt,nominal_usd,4,4,0,184884439.0
ffel,2008-2009,excluded_annual_identity_unresolved,opeid_master,resolved_administrative_directory_identity_ineligible,loan_ffel__subsidized_disbursements,nominal_usd,4,4,0,167745561.0
ffel,2008-2009,excluded_annual_identity_unresolved,opeid_master,resolved_administrative_directory_identity_ineligible,loan_ffel__unsubsidized_loans_originated_amt,nominal_usd,4,4,0,161176988.0
ffel,2008-2009,excluded_annual_identity_unresolved,opeid_master,resolved_administrative_directory_identity_ineligible,loan_ffel__unsubsidized_disbursements,nominal_usd,4,4,0,144726460.0
ffel,2008-2009,excluded_annual_identity_unresolved,opeid_master,resolved_administrative_directory_identity_ineligible,loan_ffel__plus_loans_originated_amt,nominal_usd,4,0,4,
ffel,2008-2009,excluded_annual_identity_unresolved,opeid_master,resolved_administrative_directory_identity_ineligible,loan_ffel__plus_disbursements,nominal_usd,4,0,4,
ffel,2008-2009,excluded_annual_identity_unresolved,opeid_master,resolved_administrative_directory_identity_ineligible,loan_ffel__grad_plus_loans_originated_amt,nominal_usd,4,4,0,4843724.0
ffel,2008-2009,excluded_annual_identity_unresolved,opeid_master,resolved_administrative_directory_identity_ineligible,loan_ffel__grad_plus_disbursements,nominal_usd,4,4,0,4392900.0
ffel,2008-2009,excluded_annual_identity_unresolved,opeid_master,resolved_administrative_directory_identity_ineligible,loan_ffel__parent_plus_loans_originated_amt,nominal_usd,4,4,0,154879.0
ffel,2008-2009,excluded_annual_identity_unresolved,opeid_master,resolved_administrative_directory_identity_ineligible,loan_ffel__parent_plus_disbursements,nominal_usd,4,4,0,146256.0
ffel,2008-2009,included_unique_family_record,opeid_master,official_site_alias_annual_unitid_verified,loan_ffel__subsidized_loans_originated_amt,nominal_usd,9,9,0,6991777.0
ffel,2008-2009,included_unique_family_record,opeid_master,official_site_alias_annual_unitid_verified,loan_ffel__subsidized_disbursements,nominal_usd,9,9,0,6762541.0
ffel,2008-2009,included_unique_family_record,opeid_master,official_site_alias_annual_unitid_verified,loan_ffel__unsubsidized_loans_originated_amt,nominal_usd,9,9,0,9741078.0
ffel,2008-2009,included_unique_family_record,opeid_master,official_site_alias_annual_unitid_verified,loan_ffel__unsubsidized_disbursements,nominal_usd,9,9,0,9222571.0
ffel,2008-2009,included_unique_family_record,opeid_master,official_site_alias_annual_unitid_verified,loan_ffel__plus_loans_originated_amt,nominal_usd,9,0,9,
ffel,2008-2009,included_unique_family_record,opeid_master,official_site_alias_annual_unitid_verified,loan_ffel__plus_disbursements,nominal_usd,9,0,9,
ffel,2008-2009,included_unique_family_record,opeid_master,official_site_alias_annual_unitid_verified,loan_ffel__grad_plus_loans_originated_amt,nominal_usd,9,9,0,2989723.0
ffel,2008-2009,included_unique_family_record,opeid_master,official_site_alias_annual_unitid_verified,loan_ffel__grad_plus_disbursements,nominal_usd,9,9,0,2863835.0
ffel,2008-2009,included_unique_family_record,opeid_master,official_site_alias_annual_unitid_verified,loan_ffel__parent_plus_loans_originated_amt,nominal_usd,9,9,0,196586.0
ffel,2008-2009,included_unique_family_record,opeid_master,official_site_alias_annual_unitid_verified,loan_ffel__parent_plus_disbursements,nominal_usd,9,9,0,180087.0
ffel,2008-2009,included_unique_family_record,opeid_master,official_site_and_directory_agree,loan_ffel__subsidized_loans_originated_amt,nominal_usd,3950,3950,0,21679459876.0
ffel,2008-2009,included_unique_family_record,opeid_master,official_site_and_directory_agree,loan_ffel__subsidized_disbursements,nominal_usd,3950,3950,0,20534860537.0
ffel,2008-2009,included_unique_family_record,opeid_master,official_site_and_directory_agree,loan_ffel__unsubsidized_loans_originated_amt,nominal_usd,3950,3950,0,26803929535.0
ffel,2008-2009,included_unique_family_record,opeid_master,official_site_and_directory_agree,loan_ffel__unsubsidized_disbursements,nominal_usd,3950,3950,0,25263554384.0
ffel,2008-2009,included_unique_family_record,opeid_master,official_site_and_directory_agree,loan_ffel__plus_loans_originated_amt,nominal_usd,3950,0,3950,
ffel,2008-2009,included_unique_family_record,opeid_master,official_site_and_directory_agree,loan_ffel__plus_disbursements,nominal_usd,3950,0,3950,
ffel,2008-2009,included_unique_family_record,opeid_master,official_site_and_directory_agree,loan_ffel__grad_plus_loans_originated_amt,nominal_usd,3950,3950,0,3033759442.0
ffel,2008-2009,included_unique_family_record,opeid_master,official_site_and_directory_agree,loan_ffel__grad_plus_disbursements,nominal_usd,3950,3950,0,2938045243.0
ffel,2008-2009,included_unique_family_record,opeid_master,official_site_and_directory_agree,loan_ffel__parent_plus_loans_originated_amt,nominal_usd,3950,3950,0,4601340295.0
ffel,2008-2009,included_unique_family_record,opeid_master,official_site_and_directory_agree,loan_ffel__parent_plus_disbursements,nominal_usd,3950,3950,0,4426563150.0
ffel,2008-2009,included_unique_family_record,opeid_master,unique_annual_directory_only,loan_ffel__subsidized_loans_originated_amt,nominal_usd,1,1,0,188500.0
ffel,2008-2009,included_unique_family_record,opeid_master,unique_annual_directory_only,loan_ffel__subsidized_disbursements,nominal_usd,1,1,0,162250.0
ffel,2008-2009,included_unique_family_record,opeid_master,unique_annual_directory_only,loan_ffel__unsubsidized_loans_originated_amt,nominal_usd,1,1,0,151500.0
ffel,2008-2009,included_unique_family_record,opeid_master,unique_annual_directory_only,loan_ffel__unsubsidized_disbursements,nominal_usd,1,1,0,129500.0
ffel,2008-2009,included_unique_family_record,opeid_master,unique_annual_directory_only,loan_ffel__plus_loans_originated_amt,nominal_usd,1,0,1,
ffel,2008-2009,included_unique_family_record,opeid_master,unique_annual_directory_only,loan_ffel__plus_disbursements,nominal_usd,1,0,1,
ffel,2008-2009,included_unique_family_record,opeid_master,unique_annual_directory_only,loan_ffel__grad_plus_loans_originated_amt,nominal_usd,1,1,0,0.0
ffel,2008-2009,included_unique_family_record,opeid_master,unique_annual_directory_only,loan_ffel__grad_plus_disbursements,nominal_usd,1,1,0,0.0
ffel,2008-2009,included_unique_family_record,opeid_master,unique_annual_directory_only,loan_ffel__parent_plus_loans_originated_amt,nominal_usd,1,1,0,358250.0
ffel,2008-2009,included_unique_family_record,opeid_master,unique_annual_directory_only,loan_ffel__parent_plus_disbursements,nominal_usd,1,1,0,358250.0
ffel,2009-2010,excluded_annual_identity_unresolved,opeid_master,multiple_official_site_unitids,loan_ffel__subsidized_loans_originated_amt,nominal_usd,93,93,0,3014069393.0
ffel,2009-2010,excluded_annual_identity_unresolved,opeid_master,multiple_official_site_unitids,loan_ffel__subsidized_disbursements,nominal_usd,93,93,0,2791849813.0
ffel,2009-2010,excluded_annual_identity_unresolved,opeid_master,multiple_official_site_unitids,loan_ffel__unsubsidized_loans_originated_amt,nominal_usd,93,93,0,3800758031.0
ffel,2009-2010,excluded_annual_identity_unresolved,opeid_master,multiple_official_site_unitids,loan_ffel__unsubsidized_disbursements,nominal_usd,93,93,0,3527468272.0
ffel,2009-2010,excluded_annual_identity_unresolved,opeid_master,multiple_official_site_unitids,loan_ffel__plus_loans_originated_amt,nominal_usd,93,0,93,
ffel,2009-2010,excluded_annual_identity_unresolved,opeid_master,multiple_official_site_unitids,loan_ffel__plus_disbursements,nominal_usd,93,0,93,
ffel,2009-2010,excluded_annual_identity_unresolved,opeid_master,multiple_official_site_unitids,loan_ffel__grad_plus_loans_originated_amt,nominal_usd,93,93,0,137482928.0
ffel,2009-2010,excluded_annual_identity_unresolved,opeid_master,multiple_official_site_unitids,loan_ffel__grad_plus_disbursements,nominal_usd,93,93,0,132493235.0
ffel,2009-2010,excluded_annual_identity_unresolved,opeid_master,multiple_official_site_unitids,loan_ffel__parent_plus_loans_originated_amt,nominal_usd,93,93,0,350978112.0
ffel,2009-2010,excluded_annual_identity_unresolved,opeid_master,multiple_official_site_unitids,loan_ffel__parent_plus_disbursements,nominal_usd,93,93,0,337350963.0
ffel,2009-2010,excluded_annual_identity_unresolved,opeid_master,no_annual_site_match,loan_ffel__subsidized_loans_originated_amt,nominal_usd,446,446,0,201315434.0
ffel,2009-2010,excluded_annual_identity_unresolved,opeid_master,no_annual_site_match,loan_ffel__subsidized_disbursements,nominal_usd,446,446,0,198109317.0
ffel,2009-2010,excluded_annual_identity_unresolved,opeid_master,no_annual_site_match,loan_ffel__unsubsidized_loans_originated_amt,nominal_usd,446,446,0,266414634.0
ffel,2009-2010,excluded_annual_identity_unresolved,opeid_master,no_annual_site_match,loan_ffel__unsubsidized_disbursements,nominal_usd,446,446,0,261798484.0
ffel,2009-2010,excluded_annual_identity_unresolved,opeid_master,no_annual_site_match,loan_ffel__plus_loans_originated_amt,nominal_usd,446,0,446,
ffel,2009-2010,excluded_annual_identity_unresolved,opeid_master,no_annual_site_match,loan_ffel__plus_disbursements,nominal_usd,446,0,446,
ffel,2009-2010,excluded_annual_identity_unresolved,opeid_master,no_annual_site_match,loan_ffel__grad_plus_loans_originated_amt,nominal_usd,446,446,0,428926547.0
ffel,2009-2010,excluded_annual_identity_unresolved,opeid_master,no_annual_site_match,loan_ffel__grad_plus_disbursements,nominal_usd,446,446,0,418909600.0
ffel,2009-2010,excluded_annual_identity_unresolved,opeid_master,no_annual_site_match,loan_ffel__parent_plus_loans_originated_amt,nominal_usd,446,446,0,25016461.0
ffel,2009-2010,excluded_annual_identity_unresolved,opeid_master,no_annual_site_match,loan_ffel__parent_plus_disbursements,nominal_usd,446,446,0,24328833.0
ffel,2009-2010,excluded_annual_identity_unresolved,opeid_master,noninstitutional_source_placeholder,loan_ffel__subsidized_loans_originated_amt,nominal_usd,1,1,0,11393.0
ffel,2009-2010,excluded_annual_identity_unresolved,opeid_master,noninstitutional_source_placeholder,loan_ffel__subsidized_disbursements,nominal_usd,1,1,0,11393.0
ffel,2009-2010,excluded_annual_identity_unresolved,opeid_master,noninstitutional_source_placeholder,loan_ffel__unsubsidized_loans_originated_amt,nominal_usd,1,1,0,10667.0
ffel,2009-2010,excluded_annual_identity_unresolved,opeid_master,noninstitutional_source_placeholder,loan_ffel__unsubsidized_disbursements,nominal_usd,1,1,0,10667.0
ffel,2009-2010,excluded_annual_identity_unresolved,opeid_master,noninstitutional_source_placeholder,loan_ffel__plus_loans_originated_amt,nominal_usd,1,0,1,
ffel,2009-2010,excluded_annual_identity_unresolved,opeid_master,noninstitutional_source_placeholder,loan_ffel__plus_disbursements,nominal_usd,1,0,1,
ffel,2009-2010,excluded_annual_identity_unresolved,opeid_master,noninstitutional_source_placeholder,loan_ffel__grad_plus_loans_originated_amt,nominal_usd,1,1,0,0.0
ffel,2009-2010,excluded_annual_identity_unresolved,opeid_master,noninstitutional_source_placeholder,loan_ffel__grad_plus_disbursements,nominal_usd,1,1,0,0.0
ffel,2009-2010,excluded_annual_identity_unresolved,opeid_master,noninstitutional_source_placeholder,loan_ffel__parent_plus_loans_originated_amt,nominal_usd,1,1,0,0.0
ffel,2009-2010,excluded_annual_identity_unresolved,opeid_master,noninstitutional_source_placeholder,loan_ffel__parent_plus_disbursements,nominal_usd,1,1,0,0.0
ffel,2009-2010,excluded_annual_identity_unresolved,opeid_master,resolved_administrative_directory_identity_ineligible,loan_ffel__subsidized_loans_originated_amt,nominal_usd,3,3,0,202736946.0
ffel,2009-2010,excluded_annual_identity_unresolved,opeid_master,resolved_administrative_directory_identity_ineligible,loan_ffel__subsidized_disbursements,nominal_usd,3,3,0,184314385.0
ffel,2009-2010,excluded_annual_identity_unresolved,opeid_master,resolved_administrative_directory_identity_ineligible,loan_ffel__unsubsidized_loans_originated_amt,nominal_usd,3,3,0,201635330.0
ffel,2009-2010,excluded_annual_identity_unresolved,opeid_master,resolved_administrative_directory_identity_ineligible,loan_ffel__unsubsidized_disbursements,nominal_usd,3,3,0,179895766.0
ffel,2009-2010,excluded_annual_identity_unresolved,opeid_master,resolved_administrative_directory_identity_ineligible,loan_ffel__plus_loans_originated_amt,nominal_usd,3,0,3,
ffel,2009-2010,excluded_annual_identity_unresolved,opeid_master,resolved_administrative_directory_identity_ineligible,loan_ffel__plus_disbursements,nominal_usd,3,0,3,
ffel,2009-2010,excluded_annual_identity_unresolved,opeid_master,resolved_administrative_directory_identity_ineligible,loan_ffel__grad_plus_loans_originated_amt,nominal_usd,3,3,0,3260022.0
ffel,2009-2010,excluded_annual_identity_unresolved,opeid_master,resolved_administrative_directory_identity_ineligible,loan_ffel__grad_plus_disbursements,nominal_usd,3,3,0,3030899.0
ffel,2009-2010,excluded_annual_identity_unresolved,opeid_master,resolved_administrative_directory_identity_ineligible,loan_ffel__parent_plus_loans_originated_amt,nominal_usd,3,3,0,78347.0
ffel,2009-2010,excluded_annual_identity_unresolved,opeid_master,resolved_administrative_directory_identity_ineligible,loan_ffel__parent_plus_disbursements,nominal_usd,3,3,0,78347.0
ffel,2009-2010,included_unique_family_record,opeid_master,official_site_alias_annual_unitid_verified,loan_ffel__subsidized_loans_originated_amt,nominal_usd,11,11,0,15092885.0
ffel,2009-2010,included_unique_family_record,opeid_master,official_site_alias_annual_unitid_verified,loan_ffel__subsidized_disbursements,nominal_usd,11,11,0,13348992.0
ffel,2009-2010,included_unique_family_record,opeid_master,official_site_alias_annual_unitid_verified,loan_ffel__unsubsidized_loans_originated_amt,nominal_usd,11,11,0,22676999.0
ffel,2009-2010,included_unique_family_record,opeid_master,official_site_alias_annual_unitid_verified,loan_ffel__unsubsidized_disbursements,nominal_usd,11,11,0,20010595.0
ffel,2009-2010,included_unique_family_record,opeid_master,official_site_alias_annual_unitid_verified,loan_ffel__plus_loans_originated_amt,nominal_usd,11,0,11,
ffel,2009-2010,included_unique_family_record,opeid_master,official_site_alias_annual_unitid_verified,loan_ffel__plus_disbursements,nominal_usd,11,0,11,
ffel,2009-2010,included_unique_family_record,opeid_master,official_site_alias_annual_unitid_verified,loan_ffel__grad_plus_loans_originated_amt,nominal_usd,11,11,0,0.0
ffel,2009-2010,included_unique_family_record,opeid_master,official_site_alias_annual_unitid_verified,loan_ffel__grad_plus_disbursements,nominal_usd,11,11,0,0.0
ffel,2009-2010,included_unique_family_record,opeid_master,official_site_alias_annual_unitid_verified,loan_ffel__parent_plus_loans_originated_amt,nominal_usd,11,11,0,469007.0
ffel,2009-2010,included_unique_family_record,opeid_master,official_site_alias_annual_unitid_verified,loan_ffel__parent_plus_disbursements,nominal_usd,11,11,0,420427.0
ffel,2009-2010,included_unique_family_record,opeid_master,official_site_and_directory_agree,loan_ffel__subsidized_loans_originated_amt,nominal_usd,3634,3634,0,19788593094.0
ffel,2009-2010,included_unique_family_record,opeid_master,official_site_and_directory_agree,loan_ffel__subsidized_disbursements,nominal_usd,3634,3634,0,18775357575.0
ffel,2009-2010,included_unique_family_record,opeid_master,official_site_and_directory_agree,loan_ffel__unsubsidized_loans_originated_amt,nominal_usd,3634,3634,0,24621544439.0
ffel,2009-2010,included_unique_family_record,opeid_master,official_site_and_directory_agree,loan_ffel__unsubsidized_disbursements,nominal_usd,3634,3634,0,23218579802.0
ffel,2009-2010,included_unique_family_record,opeid_master,official_site_and_directory_agree,loan_ffel__plus_loans_originated_amt,nominal_usd,3634,0,3634,
ffel,2009-2010,included_unique_family_record,opeid_master,official_site_and_directory_agree,loan_ffel__plus_disbursements,nominal_usd,3634,0,3634,
ffel,2009-2010,included_unique_family_record,opeid_master,official_site_and_directory_agree,loan_ffel__grad_plus_loans_originated_amt,nominal_usd,3634,3634,0,3169678455.0
ffel,2009-2010,included_unique_family_record,opeid_master,official_site_and_directory_agree,loan_ffel__grad_plus_disbursements,nominal_usd,3634,3634,0,3095758647.0
ffel,2009-2010,included_unique_family_record,opeid_master,official_site_and_directory_agree,loan_ffel__parent_plus_loans_originated_amt,nominal_usd,3634,3634,0,4205182676.0
ffel,2009-2010,included_unique_family_record,opeid_master,official_site_and_directory_agree,loan_ffel__parent_plus_disbursements,nominal_usd,3634,3634,0,4059677669.0
grants,1999-2000,quarantined_identity_unresolved,raw_source_quarantine,raw_source_identity_unresolved,grant__pell_disbursements,nominal_usd,4,4,0,1679214.56
grants,1999-2000,quarantined_identity_unresolved,raw_source_quarantine,raw_source_identity_unresolved,grant__acg_disbursements,nominal_usd,4,0,4,
grants,1999-2000,quarantined_identity_unresolved,raw_source_quarantine,raw_source_identity_unresolved,grant__smart_disbursements,nominal_usd,4,0,4,
grants,1999-2000,quarantined_identity_unresolved,raw_source_quarantine,raw_source_identity_unresolved,grant__teach_disbursements,nominal_usd,4,0,4,
grants,1999-2000,quarantined_identity_unresolved,raw_source_quarantine,raw_source_identity_unresolved,grant__iasg_disbursements,nominal_usd,4,0,4,
grants,2000-2001,quarantined_identity_unresolved,raw_source_quarantine,raw_source_identity_unresolved,grant__pell_disbursements,nominal_usd,4,4,0,2025765.59
grants,2000-2001,quarantined_identity_unresolved,raw_source_quarantine,raw_source_identity_unresolved,grant__acg_disbursements,nominal_usd,4,0,4,
grants,2000-2001,quarantined_identity_unresolved,raw_source_quarantine,raw_source_identity_unresolved,grant__smart_disbursements,nominal_usd,4,0,4,
grants,2000-2001,quarantined_identity_unresolved,raw_source_quarantine,raw_source_identity_unresolved,grant__teach_disbursements,nominal_usd,4,0,4,
grants,2000-2001,quarantined_identity_unresolved,raw_source_quarantine,raw_source_identity_unresolved,grant__iasg_disbursements,nominal_usd,4,0,4,
grants,2001-2002,quarantined_identity_unresolved,raw_source_quarantine,raw_source_identity_unresolved,grant__pell_disbursements,nominal_usd,4,4,0,2183571.51
grants,2001-2002,quarantined_identity_unresolved,raw_source_quarantine,raw_source_identity_unresolved,grant__acg_disbursements,nominal_usd,4,0,4,
grants,2001-2002,quarantined_identity_unresolved,raw_source_quarantine,raw_source_identity_unresolved,grant__smart_disbursements,nominal_usd,4,0,4,
grants,2001-2002,quarantined_identity_unresolved,raw_source_quarantine,raw_source_identity_unresolved,grant__teach_disbursements,nominal_usd,4,0,4,
grants,2001-2002,quarantined_identity_unresolved,raw_source_quarantine,raw_source_identity_unresolved,grant__iasg_disbursements,nominal_usd,4,0,4,
grants,2002-2003,quarantined_identity_unresolved,raw_source_quarantine,raw_source_identity_unresolved,grant__pell_disbursements,nominal_usd,3,3,0,1941745.17
grants,2002-2003,quarantined_identity_unresolved,raw_source_quarantine,raw_source_identity_unresolved,grant__acg_disbursements,nominal_usd,3,0,3,
grants,2002-2003,quarantined_identity_unresolved,raw_source_quarantine,raw_source_identity_unresolved,grant__smart_disbursements,nominal_usd,3,0,3,
grants,2002-2003,quarantined_identity_unresolved,raw_source_quarantine,raw_source_identity_unresolved,grant__teach_disbursements,nominal_usd,3,0,3,
grants,2002-2003,quarantined_identity_unresolved,raw_source_quarantine,raw_source_identity_unresolved,grant__iasg_disbursements,nominal_usd,3,0,3,
grants,2003-2004,quarantined_identity_unresolved,raw_source_quarantine,raw_source_identity_unresolved,grant__pell_disbursements,nominal_usd,1,1,0,1185469.0
grants,2003-2004,quarantined_identity_unresolved,raw_source_quarantine,raw_source_identity_unresolved,grant__acg_disbursements,nominal_usd,1,0,1,
grants,2003-2004,quarantined_identity_unresolved,raw_source_quarantine,raw_source_identity_unresolved,grant__smart_disbursements,nominal_usd,1,0,1,
grants,2003-2004,quarantined_identity_unresolved,raw_source_quarantine,raw_source_identity_unresolved,grant__teach_disbursements,nominal_usd,1,0,1,
grants,2003-2004,quarantined_identity_unresolved,raw_source_quarantine,raw_source_identity_unresolved,grant__iasg_disbursements,nominal_usd,1,0,1,
campus_based,2001-2002,quarantined_identity_unresolved,raw_source_quarantine,raw_source_identity_unresolved,campus__fws_disbursements,nominal_usd,2,2,0,0.0
campus_based,2001-2002,quarantined_identity_unresolved,raw_source_quarantine,raw_source_identity_unresolved,campus__perkins_disbursements_amt,nominal_usd,2,2,0,0.0
campus_based,2001-2002,quarantined_identity_unresolved,raw_source_quarantine,raw_source_identity_unresolved,campus__fseog_disbursements,nominal_usd,2,2,0,0.0
campus_based,2002-2003,quarantined_identity_unresolved,raw_source_quarantine,raw_source_identity_unresolved,campus__fws_disbursements,nominal_usd,2,2,0,0.0
campus_based,2002-2003,quarantined_identity_unresolved,raw_source_quarantine,raw_source_identity_unresolved,campus__perkins_disbursements_amt,nominal_usd,2,2,0,0.0
campus_based,2002-2003,quarantined_identity_unresolved,raw_source_quarantine,raw_source_identity_unresolved,campus__fseog_disbursements,nominal_usd,2,2,0,0.0
campus_based,2003-2004,quarantined_identity_unresolved,raw_source_quarantine,raw_source_identity_unresolved,campus__fws_disbursements,nominal_usd,4,4,0,0.0
campus_based,2003-2004,quarantined_identity_unresolved,raw_source_quarantine,raw_source_identity_unresolved,campus__perkins_disbursements_amt,nominal_usd,4,4,0,0.0
campus_based,2003-2004,quarantined_identity_unresolved,raw_source_quarantine,raw_source_identity_unresolved,campus__fseog_disbursements,nominal_usd,4,4,0,0.0
campus_based,2004-2005,quarantined_identity_unresolved,raw_source_quarantine,raw_source_identity_unresolved,campus__fws_disbursements,nominal_usd,6,6,0,0.0
campus_based,2004-2005,quarantined_identity_unresolved,raw_source_quarantine,raw_source_identity_unresolved,campus__perkins_disbursements_amt,nominal_usd,6,6,0,0.0
campus_based,2004-2005,quarantined_identity_unresolved,raw_source_quarantine,raw_source_identity_unresolved,campus__fseog_disbursements,nominal_usd,6,6,0,0.0
campus_based,2005-2006,quarantined_identity_unresolved,raw_source_quarantine,raw_source_identity_unresolved,campus__fws_disbursements,nominal_usd,7,7,0,0.0
campus_based,2005-2006,quarantined_identity_unresolved,raw_source_quarantine,raw_source_identity_unresolved,campus__perkins_disbursements_amt,nominal_usd,7,7,0,0.0
campus_based,2005-2006,quarantined_identity_unresolved,raw_source_quarantine,raw_source_identity_unresolved,campus__fseog_disbursements,nominal_usd,7,7,0,0.0
