family,award_year,column,master_source_records,included_records,excluded_records,master_known_sum,included_known_sum,excluded_known_sum
grants,1999-2000,grant__pell_recipients,5224,4931,293,3911051,3567781,343270
grants,1999-2000,grant__pell_disbursements,5224,4931,293,7210153296.95,6510014545.059999,700138751.89
grants,1999-2000,grant__acg_recipients,5224,4931,293,,,
grants,1999-2000,grant__acg_disbursements,5224,4931,293,,,
grants,1999-2000,grant__smart_recipients,5224,4931,293,,,
grants,1999-2000,grant__smart_disbursements,5224,4931,293,,,
grants,1999-2000,grant__teach_recipients,5224,4931,293,,,
grants,1999-2000,grant__teach_disbursements,5224,4931,293,,,
grants,1999-2000,grant__iasg_recipients,5224,4931,293,,,
grants,1999-2000,grant__iasg_disbursements,5224,4931,293,,,
grants,2000-2001,grant__pell_recipients,5204,4904,300,4058326,3507248,551078
grants,2000-2001,grant__pell_disbursements,5204,4904,300,7953978896.66,6805446955.81,1148531940.85
grants,2000-2001,grant__acg_recipients,5204,4904,300,,,
grants,2000-2001,grant__acg_disbursements,5204,4904,300,,,
grants,2000-2001,grant__smart_recipients,5204,4904,300,,,
grants,2000-2001,grant__smart_disbursements,5204,4904,300,,,
grants,2000-2001,grant__teach_recipients,5204,4904,300,,,
grants,2000-2001,grant__teach_disbursements,5204,4904,300,,,
grants,2000-2001,grant__iasg_recipients,5204,4904,300,,,
grants,2000-2001,grant__iasg_disbursements,5204,4904,300,,,
grants,2001-2002,grant__pell_recipients,5185,4982,203,4526441,3934967,591474
grants,2001-2002,grant__pell_disbursements,5185,4982,203,9975668778.18,8593805317.24,1381863460.94
grants,2001-2002,grant__acg_recipients,5185,4982,203,,,
grants,2001-2002,grant__acg_disbursements,5185,4982,203,,,
grants,2001-2002,grant__smart_recipients,5185,4982,203,,,
grants,2001-2002,grant__smart_disbursements,5185,4982,203,,,
grants,2001-2002,grant__teach_recipients,5185,4982,203,,,
grants,2001-2002,grant__teach_disbursements,5185,4982,203,,,
grants,2001-2002,grant__iasg_recipients,5185,4982,203,,,
grants,2001-2002,grant__iasg_disbursements,5185,4982,203,,,
grants,2002-2003,grant__pell_recipients,5175,4982,193,4976116,4361751,614365
grants,2002-2003,grant__pell_disbursements,5175,4982,193,11633657339.300001,10115821106.49,1517836232.81
grants,2002-2003,grant__acg_recipients,5175,4982,193,,,
grants,2002-2003,grant__acg_disbursements,5175,4982,193,,,
grants,2002-2003,grant__smart_recipients,5175,4982,193,,,
grants,2002-2003,grant__smart_disbursements,5175,4982,193,,,
grants,2002-2003,grant__teach_recipients,5175,4982,193,,,
grants,2002-2003,grant__teach_disbursements,5175,4982,193,,,
grants,2002-2003,grant__iasg_recipients,5175,4982,193,,,
grants,2002-2003,grant__iasg_disbursements,5175,4982,193,,,
grants,2003-2004,grant__pell_recipients,5203,4971,232,5364031,4691092,672939
grants,2003-2004,grant__pell_disbursements,5203,4971,232,12694888563.98,11030878207.259998,1664010356.72
grants,2003-2004,grant__acg_recipients,5203,4971,232,,,
grants,2003-2004,grant__acg_disbursements,5203,4971,232,,,
grants,2003-2004,grant__smart_recipients,5203,4971,232,,,
grants,2003-2004,grant__smart_disbursements,5203,4971,232,,,
grants,2003-2004,grant__teach_recipients,5203,4971,232,,,
grants,2003-2004,grant__teach_disbursements,5203,4971,232,,,
grants,2003-2004,grant__iasg_recipients,5203,4971,232,,,
grants,2003-2004,grant__iasg_disbursements,5203,4971,232,,,
grants,2004-2005,grant__pell_recipients,5211,4976,235,5547664,4857543,690121
grants,2004-2005,grant__pell_disbursements,5211,4976,235,13135585874.199999,11461584153.57,1674001720.63
grants,2004-2005,grant__acg_recipients,5211,4976,235,,,
grants,2004-2005,grant__acg_disbursements,5211,4976,235,,,
grants,2004-2005,grant__smart_recipients,5211,4976,235,,,
grants,2004-2005,grant__smart_disbursements,5211,4976,235,,,
grants,2004-2005,grant__teach_recipients,5211,4976,235,,,
grants,2004-2005,grant__teach_disbursements,5211,4976,235,,,
grants,2004-2005,grant__iasg_recipients,5211,4976,235,,,
grants,2004-2005,grant__iasg_disbursements,5211,4976,235,,,
grants,2005-2006,grant__pell_recipients,5249,5032,217,5414748,4690324,724424
grants,2005-2006,grant__pell_disbursements,5249,5032,217,12672458993.22,10937428113.34,1735030879.88
grants,2005-2006,grant__acg_recipients,5249,5032,217,,,
grants,2005-2006,grant__acg_disbursements,5249,5032,217,,,
grants,2005-2006,grant__smart_recipients,5249,5032,217,,,
grants,2005-2006,grant__smart_disbursements,5249,5032,217,,,
grants,2005-2006,grant__teach_recipients,5249,5032,217,,,
grants,2005-2006,grant__teach_disbursements,5249,5032,217,,,
grants,2005-2006,grant__iasg_recipients,5249,5032,217,,,
grants,2005-2006,grant__iasg_disbursements,5249,5032,217,,,
grants,2006-2007,grant__pell_recipients,5503,5250,253,5289141,4740817,548324
grants,2006-2007,grant__pell_disbursements,5503,5250,253,12791917984.029999,11499505762.810001,1292412221.22
grants,2006-2007,grant__acg_recipients,5503,5250,253,306122,289210,16912
grants,2006-2007,grant__acg_disbursements,5503,5250,253,242351541.23999998,229375223.84999996,12976317.390000002
grants,2006-2007,grant__smart_recipients,5503,5250,253,63168,55797,7371
grants,2006-2007,grant__smart_disbursements,5503,5250,253,205784707.60999995,181971944.98,23812762.63
grants,2006-2007,grant__teach_recipients,5503,5250,253,,,
grants,2006-2007,grant__teach_disbursements,5503,5250,253,,,
grants,2006-2007,grant__iasg_recipients,5503,5250,253,,,
grants,2006-2007,grant__iasg_disbursements,5503,5250,253,,,
grants,2007-2008,grant__pell_recipients,5505,5226,279,5687155,5062440,624715
grants,2007-2008,grant__pell_disbursements,5505,5226,279,14674894282.96,13091798658.470001,1583095624.49
grants,2007-2008,grant__acg_recipients,5505,5226,279,399255,374411,24844
grants,2007-2008,grant__acg_disbursements,5505,5226,279,308827217.6200003,289936411.0300001,18890806.59
grants,2007-2008,grant__smart_recipients,5505,5226,279,65396,58249,7147
grants,2007-2008,grant__smart_disbursements,5505,5226,279,204870164.77999994,182738173.4,22131991.38
grants,2007-2008,grant__teach_recipients,5505,5226,279,,,
grants,2007-2008,grant__teach_disbursements,5505,5226,279,,,
grants,2007-2008,grant__iasg_recipients,5505,5226,279,,,
grants,2007-2008,grant__iasg_disbursements,5505,5226,279,,,
grants,2008-2009,grant__pell_recipients,5539,5178,361,6321906,5499812,822094
grants,2008-2009,grant__pell_disbursements,5539,5178,361,18280964703.170002,15959909811.160002,2321054892.01
grants,2008-2009,grant__acg_recipients,5539,5178,361,441792,408928,32864
grants,2008-2009,grant__acg_disbursements,5539,5178,361,339482727.16000015,314693876.45999986,24788850.700000003
grants,2008-2009,grant__smart_recipients,5539,5178,361,64443,56351,8092
grants,2008-2009,grant__smart_disbursements,5539,5178,361,199817772.48,174215267.01000002,25602505.47
grants,2008-2009,grant__teach_recipients,5539,5178,361,11820,11301,519
grants,2008-2009,grant__teach_disbursements,5539,5178,361,37329985.809999995,35672341.31,1657644.5
grants,2008-2009,grant__iasg_recipients,5539,5178,361,,,
grants,2008-2009,grant__iasg_disbursements,5539,5178,361,,,
grants,2009-2010,grant__pell_recipients,5600,5208,408,8306626,7226985,1114579
grants,2009-2010,grant__pell_disbursements,5600,5208,408,29798790008.14,25980286517.149998,3969586069.9599996
grants,2009-2010,grant__acg_recipients,5600,5208,408,628467,586962,48833
grants,2009-2010,grant__acg_disbursements,5600,5208,408,473447227.7099999,443057482.8400001,36224220.99
grants,2009-2010,grant__smart_recipients,5600,5208,408,113898,101494,13670
grants,2009-2010,grant__smart_disbursements,5600,5208,408,355551693.49999994,316652529.9,42695542.35
grants,2009-2010,grant__teach_recipients,5600,5208,408,30659,29432,1227
grants,2009-2010,grant__teach_disbursements,5600,5208,408,95879679.39,92045091.39,3834588.0
grants,2009-2010,grant__iasg_recipients,5600,5208,408,,,
grants,2009-2010,grant__iasg_disbursements,5600,5208,408,,,
grants,2010-2011,grant__pell_recipients,5529,5272,257,9602177,8511178,1090999
grants,2010-2011,grant__pell_disbursements,5529,5272,257,35569974780.66,31339473583.290005,4230501197.37
grants,2010-2011,grant__acg_recipients,5529,5272,257,734570,681403,53167
grants,2010-2011,grant__acg_disbursements,5529,5272,257,553147948.04,513873296.57,39274651.47
grants,2010-2011,grant__smart_recipients,5529,5272,257,139924,122392,17532
grants,2010-2011,grant__smart_disbursements,5529,5272,257,432331742.25,380077305.71,52254436.54
grants,2010-2011,grant__teach_recipients,5529,5272,257,38772,37372,1400
grants,2010-2011,grant__teach_disbursements,5529,5272,257,121438821.21,117197730.8,4241090.41
grants,2010-2011,grant__iasg_recipients,5529,5272,257,32,29,3
grants,2010-2011,grant__iasg_disbursements,5529,5272,257,169045.0,157945.0,11100.0
grants,2011-2012,grant__pell_recipients,5487,5369,118,9711984,9365091,346893
grants,2011-2012,grant__pell_disbursements,5487,5369,118,33498676793.58,32370652277.370003,1128024516.21
grants,2011-2012,grant__acg_recipients,5487,5369,118,,,
grants,2011-2012,grant__acg_disbursements,5487,5369,118,,,
grants,2011-2012,grant__smart_recipients,5487,5369,118,,,
grants,2011-2012,grant__smart_disbursements,5487,5369,118,,,
grants,2011-2012,grant__teach_recipients,5487,5369,118,38445,37709,736
grants,2011-2012,grant__teach_disbursements,5487,5369,118,120037506.29,117621469.14999999,2416037.14
grants,2011-2012,grant__iasg_recipients,5487,5369,118,38,35,3
grants,2011-2012,grant__iasg_disbursements,5487,5369,118,176622.46,163440.46,13182.0
grants,2012-2013,grant__pell_recipients,5475,5378,97,9202371,8912313,290058
grants,2012-2013,grant__pell_disbursements,5475,5378,97,32046972823.559998,31064013081.890003,982959741.6700001
grants,2012-2013,grant__acg_recipients,5475,5378,97,,,
grants,2012-2013,grant__acg_disbursements,5475,5378,97,,,
grants,2012-2013,grant__smart_recipients,5475,5378,97,,,
grants,2012-2013,grant__smart_disbursements,5475,5378,97,,,
grants,2012-2013,grant__teach_recipients,5475,5378,97,35784,35112,672
grants,2012-2013,grant__teach_disbursements,5475,5378,97,109809099.49000001,107703331.49,2105768.0
grants,2012-2013,grant__iasg_recipients,5475,5378,97,49,47,2
grants,2012-2013,grant__iasg_disbursements,5475,5378,97,227394.0,216344.0,11050.0
grants,2013-2014,grant__pell_recipients,5481,5345,136,8889644,8488758,400886
grants,2013-2014,grant__pell_disbursements,5481,5345,136,31467887990.399998,30076196721.82,1391691268.58
grants,2013-2014,grant__acg_recipients,5481,5345,136,,,
grants,2013-2014,grant__acg_disbursements,5481,5345,136,,,
grants,2013-2014,grant__smart_recipients,5481,5345,136,,,
grants,2013-2014,grant__smart_disbursements,5481,5345,136,,,
grants,2013-2014,grant__teach_recipients,5481,5345,136,32937,32223,714
grants,2013-2014,grant__teach_disbursements,5481,5345,136,96513420.65,94486810.55000001,2026610.0999999999
grants,2013-2014,grant__iasg_recipients,5481,5345,136,63,61,2
grants,2013-2014,grant__iasg_disbursements,5481,5345,136,301930.36,291769.36,10161.0
grants,2014-2015,grant__pell_recipients,5449,5334,115,8529797,8053480,476317
grants,2014-2015,grant__pell_disbursements,5449,5334,115,30622041625.9,28897093192.61,1724948433.29
grants,2014-2015,grant__acg_recipients,5449,5334,115,,,
grants,2014-2015,grant__acg_disbursements,5449,5334,115,,,
grants,2014-2015,grant__smart_recipients,5449,5334,115,,,
grants,2014-2015,grant__smart_disbursements,5449,5334,115,,,
grants,2014-2015,grant__teach_recipients,5449,5334,115,32027,31336,691
grants,2014-2015,grant__teach_disbursements,5449,5334,115,94337133.4,92452735.55,1884397.85
grants,2014-2015,grant__iasg_recipients,5449,5334,115,71,65,6
grants,2014-2015,grant__iasg_disbursements,5449,5334,115,331362.78,302117.3,29245.48
grants,2015-2016,grant__pell_recipients,5397,5290,107,7837998,7550566,287432
grants,2015-2016,grant__pell_disbursements,5397,5290,107,28551639760.58,27511452974.63,1040186785.95
grants,2015-2016,grant__acg_recipients,5397,5290,107,,,
grants,2015-2016,grant__acg_disbursements,5397,5290,107,,,
grants,2015-2016,grant__smart_recipients,5397,5290,107,,,
grants,2015-2016,grant__smart_disbursements,5397,5290,107,,,
grants,2015-2016,grant__teach_recipients,5397,5290,107,30810,30142,668
grants,2015-2016,grant__teach_disbursements,5397,5290,107,89411021.30999999,87560972.81,1850048.5
grants,2015-2016,grant__iasg_recipients,5397,5290,107,77,73,4
grants,2015-2016,grant__iasg_disbursements,5397,5290,107,371916.69,350474.83,21441.86
grants,2016-2017,grant__pell_recipients,5310,5218,92,7361861,7155262,206599
grants,2016-2017,grant__pell_disbursements,5310,5218,92,26885717480.910004,26141256476.47,744461004.44
grants,2016-2017,grant__acg_recipients,5310,5218,92,,,
grants,2016-2017,grant__acg_disbursements,5310,5218,92,,,
grants,2016-2017,grant__smart_recipients,5310,5218,92,,,
grants,2016-2017,grant__smart_disbursements,5310,5218,92,,,
grants,2016-2017,grant__teach_recipients,5310,5218,92,30135,29377,758
grants,2016-2017,grant__teach_disbursements,5310,5218,92,86664739.33000001,84618057.33,2046682.0
grants,2016-2017,grant__iasg_recipients,5310,5218,92,79,75,4
grants,2016-2017,grant__iasg_disbursements,5310,5218,92,372476.57,354185.14,18291.43
grants,2017-2018,grant__pell_recipients,5212,5118,94,7281613,7066891,214722
grants,2017-2018,grant__pell_disbursements,5212,5118,94,28670504143.37,27801932536.210003,868571607.1599998
grants,2017-2018,grant__acg_recipients,5212,5118,94,,,
grants,2017-2018,grant__acg_disbursements,5212,5118,94,,,
grants,2017-2018,grant__smart_recipients,5212,5118,94,,,
grants,2017-2018,grant__smart_disbursements,5212,5118,94,,,
grants,2017-2018,grant__teach_recipients,5212,5118,94,29822,29016,806
grants,2017-2018,grant__teach_disbursements,5212,5118,94,86453068.59,84124444.09,2328624.5
grants,2017-2018,grant__iasg_recipients,5212,5118,94,69,64,5
grants,2017-2018,grant__iasg_disbursements,5212,5118,94,348942.44000000006,320007.4800000001,28934.96
grants,2018-2019,grant__pell_recipients,5118,5022,96,7031749,6808571,223178
grants,2018-2019,grant__pell_disbursements,5118,5022,96,28405620234.17,27493678277.7,911941956.47
grants,2018-2019,grant__acg_recipients,5118,5022,96,,,
grants,2018-2019,grant__acg_disbursements,5118,5022,96,,,
grants,2018-2019,grant__smart_recipients,5118,5022,96,,,
grants,2018-2019,grant__smart_disbursements,5118,5022,96,,,
grants,2018-2019,grant__teach_recipients,5118,5022,96,28001,27258,743
grants,2018-2019,grant__teach_disbursements,5118,5022,96,80787029.71000001,78730848.2,2056181.51
grants,2018-2019,grant__iasg_recipients,5118,5022,96,77,73,4
grants,2018-2019,grant__iasg_disbursements,5118,5022,96,416032.9299999999,395392.2999999999,20640.629999999997
grants,2019-2020,grant__pell_recipients,5029,4952,77,6902896,6690967,211929
grants,2019-2020,grant__pell_disbursements,5029,4952,77,28418274403.43,27528038236.399998,890236167.0300001
grants,2019-2020,grant__acg_recipients,5029,4952,77,,,
grants,2019-2020,grant__acg_disbursements,5029,4952,77,,,
grants,2019-2020,grant__smart_recipients,5029,4952,77,,,
grants,2019-2020,grant__smart_disbursements,5029,4952,77,,,
grants,2019-2020,grant__teach_recipients,5029,4952,77,26925,26236,689
grants,2019-2020,grant__teach_disbursements,5029,4952,77,80072782.45,78179901.45,1892881.0
grants,2019-2020,grant__iasg_recipients,5029,4952,77,89,87,2
grants,2019-2020,grant__iasg_disbursements,5029,4952,77,479911.70999999996,473374.7599999999,6536.95
grants,2020-2021,grant__pell_recipients,4952,4892,60,6350336,6137636,212700
grants,2020-2021,grant__pell_disbursements,4952,4892,60,26453737160.559994,25530113456.339996,923623704.22
grants,2020-2021,grant__acg_recipients,4952,4892,60,,,
grants,2020-2021,grant__acg_disbursements,4952,4892,60,,,
grants,2020-2021,grant__smart_recipients,4952,4892,60,,,
grants,2020-2021,grant__smart_disbursements,4952,4892,60,,,
grants,2020-2021,grant__teach_recipients,4952,4892,60,24831,24249,582
grants,2020-2021,grant__teach_disbursements,4952,4892,60,75568027.61,73892441.88,1675585.73
grants,2020-2021,grant__iasg_recipients,4952,4892,60,111,107,4
grants,2020-2021,grant__iasg_disbursements,4952,4892,60,566281.9600000002,541036.9600000002,25245.0
grants,2021-2022,grant__pell_recipients,4883,4826,57,6215189,6034864,180325
grants,2021-2022,grant__pell_disbursements,4883,4826,57,25854498791.38,25070588998.589996,783909792.79
grants,2021-2022,grant__acg_recipients,4883,4826,57,,,
grants,2021-2022,grant__acg_disbursements,4883,4826,57,,,
grants,2021-2022,grant__smart_recipients,4883,4826,57,,,
grants,2021-2022,grant__smart_disbursements,4883,4826,57,,,
grants,2021-2022,grant__teach_recipients,4883,4826,57,23526,23051,475
grants,2021-2022,grant__teach_disbursements,4883,4826,57,70010699.25000001,68698017.75000001,1312681.5
grants,2021-2022,grant__iasg_recipients,4883,4826,57,97,92,5
grants,2021-2022,grant__iasg_disbursements,4883,4826,57,536051.2899999998,502369.2899999999,33682.0
grants,2022-2023,grant__pell_recipients,4843,4778,65,6170524,5966594,203930
grants,2022-2023,grant__pell_disbursements,4843,4778,65,27210527018.289997,26270415392.69,940111625.6
grants,2022-2023,grant__acg_recipients,4843,4778,65,,,
grants,2022-2023,grant__acg_disbursements,4843,4778,65,,,
grants,2022-2023,grant__smart_recipients,4843,4778,65,,,
grants,2022-2023,grant__smart_disbursements,4843,4778,65,,,
grants,2022-2023,grant__teach_recipients,4843,4778,65,23237,22673,564
grants,2022-2023,grant__teach_disbursements,4843,4778,65,68419843.72999999,66805159.73,1614684.0
grants,2022-2023,grant__iasg_recipients,4843,4778,65,110,102,8
grants,2022-2023,grant__iasg_disbursements,4843,4778,65,668659.0599999996,619900.0699999997,48758.99
grants,2023-2024,grant__pell_recipients,4780,4728,52,6530172,6322763,207409
grants,2023-2024,grant__pell_disbursements,4780,4728,52,31463587368.429996,30415375693.65,1048211674.78
grants,2023-2024,grant__acg_recipients,4780,4728,52,,,
grants,2023-2024,grant__acg_disbursements,4780,4728,52,,,
grants,2023-2024,grant__smart_recipients,4780,4728,52,,,
grants,2023-2024,grant__smart_disbursements,4780,4728,52,,,
grants,2023-2024,grant__teach_recipients,4780,4728,52,24306,23833,473
grants,2023-2024,grant__teach_disbursements,4780,4728,52,72345292.73999998,70995927.74,1349365.0
grants,2023-2024,grant__iasg_recipients,4780,4728,52,114,105,9
grants,2023-2024,grant__iasg_disbursements,4780,4728,52,760702.8599999998,701431.3699999998,59271.49
grants,2024-2025,grant__pell_recipients,4713,4656,57,7459288,7220609,238679
grants,2024-2025,grant__pell_disbursements,4713,4656,57,38911148496.1,37586359805.63999,1324788690.46
grants,2024-2025,grant__acg_recipients,4713,4656,57,,,
grants,2024-2025,grant__acg_disbursements,4713,4656,57,,,
grants,2024-2025,grant__smart_recipients,4713,4656,57,,,
grants,2024-2025,grant__smart_disbursements,4713,4656,57,,,
grants,2024-2025,grant__teach_recipients,4713,4656,57,23769,23410,359
grants,2024-2025,grant__teach_disbursements,4713,4656,57,71473806.24,70431488.74,1042317.5
grants,2024-2025,grant__iasg_recipients,4713,4656,57,,,
grants,2024-2025,grant__iasg_disbursements,4713,4656,57,,,
campus_based,2001-2002,campus__fws_recipients,4038,3901,137,733792,667096,66696
campus_based,2001-2002,campus__fws_federal_award,4038,3901,137,869676912.0,790611373.0,79065539.0
campus_based,2001-2002,campus__fws_disbursements,4038,3901,137,917809907.0,839824012.0,77985895.0
campus_based,2001-2002,campus__perkins_recipients,4038,3901,137,655142,603573,51569
campus_based,2001-2002,campus__perkins_federal_award,4038,3901,137,0.0,0.0,0.0
campus_based,2001-2002,campus__perkins_disbursements_amt,4038,3901,137,1100945878.0,1013233621.0,87712257.0
campus_based,2001-2002,campus__fseog_recipients,4038,3901,137,1171201,1063092,108109
campus_based,2001-2002,campus__fseog_federal_award,4038,3901,137,627670941.0,568284186.0,59386755.0
campus_based,2001-2002,campus__fseog_disbursements,4038,3901,137,874948635.0,794428675.0,80519960.0
campus_based,2002-2003,campus__fws_recipients,4035,3914,121,713727,657367,56360
campus_based,2002-2003,campus__fws_federal_award,4035,3914,121,928875545.0,851732457.0,77143088.0
campus_based,2002-2003,campus__fws_disbursements,4035,3914,121,940381938.0,867224200.0,73157738.0
campus_based,2002-2003,campus__perkins_recipients,4035,3914,121,639970,593525,46445
campus_based,2002-2003,campus__perkins_federal_award,4035,3914,121,0.0,0.0,0.0
campus_based,2002-2003,campus__perkins_disbursements_amt,4035,3914,121,1145563325.0,1057553997.0,88009328.0
campus_based,2002-2003,campus__fseog_recipients,4035,3914,121,1175939,1079699,96240
campus_based,2002-2003,campus__fseog_federal_award,4035,3914,121,616522200.0,565241062.0,51281138.0
campus_based,2002-2003,campus__fseog_disbursements,4035,3914,121,907518967.0,831652431.0,75866536.0
campus_based,2003-2004,campus__fws_recipients,4067,3920,147,753793,699073,54720
campus_based,2003-2004,campus__fws_federal_award,4067,3920,147,1000572168.0,917562201.0,83009967.0
campus_based,2003-2004,campus__fws_disbursements,4067,3920,147,1031268071.0,954672554.0,76595517.0
campus_based,2003-2004,campus__perkins_recipients,4067,3920,147,660874,605067,55807
campus_based,2003-2004,campus__perkins_federal_award,4067,3920,147,0.0,0.0,0.0
campus_based,2003-2004,campus__perkins_disbursements_amt,4067,3920,147,1239159668.0,1147692326.0,91467342.0
campus_based,2003-2004,campus__fseog_recipients,4067,3920,147,1295659,1171746,123913
campus_based,2003-2004,campus__fseog_federal_award,4067,3920,147,687994761.0,625887350.0,62107411.0
campus_based,2003-2004,campus__fseog_disbursements,4067,3920,147,1008418998.0,913071102.0,95347896.0
campus_based,2004-2005,campus__fws_recipients,4071,3921,150,759058,701198,57860
campus_based,2004-2005,campus__fws_federal_award,4071,3921,150,1014711501.0,920991054.0,93720447.0
campus_based,2004-2005,campus__fws_disbursements,4071,3921,150,1096145556.0,1002930230.0,93215326.0
campus_based,2004-2005,campus__perkins_recipients,4071,3921,150,728976,661327,67649
campus_based,2004-2005,campus__perkins_federal_award,4071,3921,150,0.0,0.0,0.0
campus_based,2004-2005,campus__perkins_disbursements_amt,4071,3921,150,1460063018.0,1337530901.0,122532117.0
campus_based,2004-2005,campus__fseog_recipients,4071,3921,150,1355408,1237052,118356
campus_based,2004-2005,campus__fseog_federal_award,4071,3921,150,724760664.0,659544974.0,65215690.0
campus_based,2004-2005,campus__fseog_disbursements,4071,3921,150,1034541225.0,936450544.0,98090681.0
campus_based,2005-2006,campus__fws_recipients,4064,3930,134,765154,702493,62661
campus_based,2005-2006,campus__fws_federal_award,4064,3930,134,1006811433.0,910828072.0,95983361.0
campus_based,2005-2006,campus__fws_disbursements,4064,3930,134,1107246111.0,1008195881.0,99050230.0
campus_based,2005-2006,campus__perkins_recipients,4064,3930,134,756580,691468,65112
campus_based,2005-2006,campus__perkins_federal_award,4064,3930,134,0.0,0.0,0.0
campus_based,2005-2006,campus__perkins_disbursements_amt,4064,3930,134,1638769573.0,1492063833.0,146705740.0
campus_based,2005-2006,campus__fseog_recipients,4064,3930,134,1399056,1260074,138982
campus_based,2005-2006,campus__fseog_federal_award,4064,3930,134,759733717.0,685824992.0,73908725.0
campus_based,2005-2006,campus__fseog_disbursements,4064,3930,134,1065577173.0,957360940.0,108216233.0
campus_based,2006-2007,campus__fws_recipients,3942,3833,109,695083,640393,54690
campus_based,2006-2007,campus__fws_federal_award,3942,3833,109,978861916.0,890108477.0,88753439.0
campus_based,2006-2007,campus__fws_disbursements,3942,3833,109,1042420677.0,951133084.0,91287593.0
campus_based,2006-2007,campus__perkins_recipients,3942,3833,109,725423,660546,64877
campus_based,2006-2007,campus__perkins_federal_award,3942,3833,109,0.0,0.0,0.0
campus_based,2006-2007,campus__perkins_disbursements_amt,3942,3833,109,1618177957.0,1473195637.0,144982320.0
campus_based,2006-2007,campus__fseog_recipients,3942,3833,109,1417323,1267445,149878
campus_based,2006-2007,campus__fseog_federal_award,3942,3833,109,769831363.0,689580220.0,80251143.0
campus_based,2006-2007,campus__fseog_disbursements,3942,3833,109,1080687189.0,967754018.0,112933171.0
campus_based,2007-2008,campus__fws_recipients,3963,3845,118,697695,644468,53227
campus_based,2007-2008,campus__fws_federal_award,3963,3845,118,979384042.0,887008892.0,92375150.0
campus_based,2007-2008,campus__fws_disbursements,3963,3845,118,1063088338.0,968338268.0,94750070.0
campus_based,2007-2008,campus__perkins_recipients,3963,3845,118,650962,587218,63744
campus_based,2007-2008,campus__perkins_federal_award,3963,3845,118,0.0,0.0,0.0
campus_based,2007-2008,campus__perkins_disbursements_amt,3963,3845,118,1383440080.0,1250928238.0,132511842.0
campus_based,2007-2008,campus__fseog_recipients,3963,3845,118,1450273,1287417,162856
campus_based,2007-2008,campus__fseog_federal_award,3963,3845,118,770151164.0,686946893.0,83204271.0
campus_based,2007-2008,campus__fseog_disbursements,3963,3845,118,1068050425.0,949420340.0,118630085.0
campus_based,2008-2009,campus__fws_recipients,3925,3810,115,677881,625456,52425
campus_based,2008-2009,campus__fws_federal_award,3925,3810,115,982065626.0,889547990.0,92517636.0
campus_based,2008-2009,campus__fws_disbursements,3925,3810,115,1113188506.0,1018544521.0,94643985.0
campus_based,2008-2009,campus__perkins_recipients,3925,3810,115,488491,446243,42248
campus_based,2008-2009,campus__perkins_federal_award,3925,3810,115,0.0,0.0,0.0
campus_based,2008-2009,campus__perkins_disbursements_amt,3925,3810,115,961129558.0,877538007.0,83591551.0
campus_based,2008-2009,campus__fseog_recipients,3925,3810,115,1450766,1301553,149213
campus_based,2008-2009,campus__fseog_federal_award,3925,3810,115,757212368.0,682200987.0,75011381.0
campus_based,2008-2009,campus__fseog_disbursements,3925,3810,115,1039280673.0,936675691.0,102604982.0
campus_based,2009-2010,campus__fws_recipients,3970,3846,124,733134,683068,50066
campus_based,2009-2010,campus__fws_federal_award,3970,3846,124,1151468633.0,1059143931.0,92324702.0
campus_based,2009-2010,campus__fws_disbursements,3970,3846,124,1246063256.0,1157535404.0,88527852.0
campus_based,2009-2010,campus__perkins_recipients,3970,3846,124,441288,413559,27729
campus_based,2009-2010,campus__perkins_federal_award,3970,3846,124,0.0,0.0,0.0
campus_based,2009-2010,campus__perkins_disbursements_amt,3970,3846,124,816148317.0,757891589.0,58256728.0
campus_based,2009-2010,campus__fseog_recipients,3970,3846,124,1593256,1443209,150047
campus_based,2009-2010,campus__fseog_federal_award,3970,3846,124,760898841.0,691491141.0,69407700.0
campus_based,2009-2010,campus__fseog_disbursements,3970,3846,124,1066427115.0,970754179.0,95672936.0
campus_based,2010-2011,campus__fws_recipients,4086,3941,145,718481,667849,50632
campus_based,2010-2011,campus__fws_federal_award,4086,3941,145,991599257.0,908728259.0,82870998.0
campus_based,2010-2011,campus__fws_disbursements,4086,3941,145,1198241772.0,1104034513.0,94207259.0
campus_based,2010-2011,campus__perkins_recipients,4086,3941,145,460580,428475,32105
campus_based,2010-2011,campus__perkins_federal_award,4086,3941,145,,,
campus_based,2010-2011,campus__perkins_disbursements_amt,4086,3941,145,856794559.0,796597502.0,60197057.0
campus_based,2010-2011,campus__fseog_recipients,4086,3941,145,1633287,1446601,186686
campus_based,2010-2011,campus__fseog_federal_award,4086,3941,145,757245927.0,679981315.0,77264612.0
campus_based,2010-2011,campus__fseog_disbursements,4086,3941,145,1012526458.0,910816789.0,101709669.0
campus_based,2011-2012,campus__fws_recipients,4061,4008,53,704199,678545,25654
campus_based,2011-2012,campus__fws_federal_award,4061,4008,53,972852217.0,935500506.0,37351711.0
campus_based,2011-2012,campus__fws_disbursements,4061,4008,53,1175904738.0,1132141037.0,43763701.0
campus_based,2011-2012,campus__perkins_recipients,4061,4008,53,484656,470238,14418
campus_based,2011-2012,campus__perkins_federal_award,4061,4008,53,0.0,0.0,0.0
campus_based,2011-2012,campus__perkins_disbursements_amt,4061,4008,53,948512941.0,919291084.0,29221857.0
campus_based,2011-2012,campus__fseog_recipients,4061,4008,53,1645758,1559509,86249
campus_based,2011-2012,campus__fseog_federal_award,4061,4008,53,732086689.0,697675771.0,34410918.0
campus_based,2011-2012,campus__fseog_disbursements,4061,4008,53,967417915.0,921462777.0,45955138.0
campus_based,2012-2013,campus__fws_recipients,4046,3985,61,691845,664742,27103
campus_based,2012-2013,campus__fws_federal_award,4046,3985,61,974203676.0,932708170.0,41495506.0
campus_based,2012-2013,campus__fws_disbursements,4046,3985,61,1161053822.0,1115823877.0,45229945.0
campus_based,2012-2013,campus__perkins_recipients,4046,3985,61,499762,480673,19089
campus_based,2012-2013,campus__perkins_federal_award,4046,3985,61,0.0,0.0,0.0
campus_based,2012-2013,campus__perkins_disbursements_amt,4046,3985,61,1010639689.0,972292938.0,38346751.0
campus_based,2012-2013,campus__fseog_recipients,4046,3985,61,1631076,1544730,86346
campus_based,2012-2013,campus__fseog_federal_award,4046,3985,61,734138144.0,701352814.0,32785330.0
campus_based,2012-2013,campus__fseog_disbursements,4046,3985,61,977681026.0,930335022.0,47346004.0
campus_based,2013-2014,campus__fws_recipients,4010,3943,67,672093,640113,31980
campus_based,2013-2014,campus__fws_federal_award,4010,3943,67,929461060.0,879944372.0,49516688.0
campus_based,2013-2014,campus__fws_disbursements,4010,3943,67,1121832390.0,1064646273.0,57186117.0
campus_based,2013-2014,campus__perkins_recipients,4010,3943,67,539388,505743,33645
campus_based,2013-2014,campus__perkins_federal_award,4010,3943,67,0.0,0.0,0.0
campus_based,2013-2014,campus__perkins_disbursements_amt,4010,3943,67,1171352886.0,1110404217.0,60948669.0
campus_based,2013-2014,campus__fseog_recipients,4010,3943,67,1543519,1443367,100152
campus_based,2013-2014,campus__fseog_federal_award,4010,3943,67,694725298.0,652231758.0,42493540.0
campus_based,2013-2014,campus__fseog_disbursements,4010,3943,67,924800532.0,866765347.0,58035185.0
campus_based,2014-2015,campus__fws_recipients,4013,3931,82,651375,626864,24511
campus_based,2014-2015,campus__fws_federal_award,4013,3931,82,962658045.0,918066359.0,44591686.0
campus_based,2014-2015,campus__fws_disbursements,4013,3931,82,1100269286.0,1053948010.0,46321276.0
campus_based,2014-2015,campus__perkins_recipients,4013,3931,82,528012,505555,22457
campus_based,2014-2015,campus__perkins_federal_award,4013,3931,82,0.0,0.0,0.0
campus_based,2014-2015,campus__perkins_disbursements_amt,4013,3931,82,1160374112.0,1109260955.0,51113157.0
campus_based,2014-2015,campus__fseog_recipients,4013,3931,82,1619427,1505552,113875
campus_based,2014-2015,campus__fseog_federal_award,4013,3931,82,731192697.0,684318416.0,46874281.0
campus_based,2014-2015,campus__fseog_disbursements,4013,3931,82,982691728.0,914851189.0,67840539.0
campus_based,2015-2016,campus__fws_recipients,3947,3879,68,634931,607963,26968
campus_based,2015-2016,campus__fws_federal_award,3947,3879,68,978026132.0,933794498.0,44231634.0
campus_based,2015-2016,campus__fws_disbursements,3947,3879,68,1096080441.0,1045105274.0,50975167.0
campus_based,2015-2016,campus__perkins_recipients,3947,3879,68,421646,403376,18270
campus_based,2015-2016,campus__perkins_federal_award,3947,3879,68,0.0,0.0,0.0
campus_based,2015-2016,campus__perkins_disbursements_amt,3947,3879,68,1045313129.0,998516349.0,46796780.0
campus_based,2015-2016,campus__fseog_recipients,3947,3879,68,1530180,1454886,75294
campus_based,2015-2016,campus__fseog_federal_award,3947,3879,68,727112780.0,690436030.0,36676750.0
campus_based,2015-2016,campus__fseog_disbursements,3947,3879,68,992874878.0,937270253.0,55604625.0
campus_based,2016-2017,campus__fws_recipients,3868,3805,63,616922,594177,22745
campus_based,2016-2017,campus__fws_federal_award,3868,3805,63,976278845.0,935003620.0,41275225.0
campus_based,2016-2017,campus__fws_disbursements,3868,3805,63,1085552600.0,1042214971.0,43337629.0
campus_based,2016-2017,campus__perkins_recipients,3868,3805,63,355766,343884,11882
campus_based,2016-2017,campus__perkins_federal_award,3868,3805,63,,,
campus_based,2016-2017,campus__perkins_disbursements_amt,3868,3805,63,886268420.0,855025879.0,31242541.0
campus_based,2016-2017,campus__fseog_recipients,3868,3805,63,1483530,1408618,74912
campus_based,2016-2017,campus__fseog_federal_award,3868,3805,63,726602468.0,692212513.0,34389955.0
campus_based,2016-2017,campus__fseog_disbursements,3868,3805,63,987045196.0,935351798.0,51693398.0
campus_based,2017-2018,campus__fws_recipients,3678,3636,42,612629,590525,22104
campus_based,2017-2018,campus__fws_federal_award,3678,3636,42,1002206293.0,957062088.0,45144205.0
campus_based,2017-2018,campus__fws_disbursements,3678,3636,42,1099173894.0,1055161697.0,44012197.0
campus_based,2017-2018,campus__perkins_recipients,3678,3636,42,256225,245767,10458
campus_based,2017-2018,campus__perkins_federal_award,3678,3636,42,,,
campus_based,2017-2018,campus__perkins_disbursements_amt,3678,3636,42,630588015.0,602893144.0,27694871.0
campus_based,2017-2018,campus__fseog_recipients,3678,3636,42,1498812,1423430,75382
campus_based,2017-2018,campus__fseog_federal_award,3678,3636,42,741748396.0,702165095.0,39583301.0
campus_based,2017-2018,campus__fseog_disbursements,3678,3636,42,1007645552.0,946037409.0,61608143.0
campus_based,2018-2019,campus__fws_recipients,3707,3652,55,612013,589261,22752
campus_based,2018-2019,campus__fws_federal_award,3707,3652,55,1111663367.0,1063680100.0,47983267.0
campus_based,2018-2019,campus__fws_disbursements,3707,3652,55,1151474034.0,1102394811.0,49079223.0
campus_based,2018-2019,campus__perkins_recipients,3707,3652,55,0,0,0
campus_based,2018-2019,campus__perkins_federal_award,3707,3652,55,,,
campus_based,2018-2019,campus__perkins_disbursements_amt,3707,3652,55,0.0,0.0,0.0
campus_based,2018-2019,campus__fseog_recipients,3707,3652,55,1615065,1541537,73528
campus_based,2018-2019,campus__fseog_federal_award,3707,3652,55,835463681.0,791559135.0,43904546.0
campus_based,2018-2019,campus__fseog_disbursements,3707,3652,55,1134665608.0,1072587909.0,62077699.0
campus_based,2019-2020,campus__fws_recipients,3607,3566,41,578859,557467,21392
campus_based,2019-2020,campus__fws_federal_award,3607,3566,41,1132221843.0,1082898153.0,49323690.0
campus_based,2019-2020,campus__fws_disbursements,3607,3566,41,1126526081.0,1077758851.0,48767230.0
campus_based,2019-2020,campus__perkins_recipients,3607,3566,41,,,
campus_based,2019-2020,campus__perkins_federal_award,3607,3566,41,,,
campus_based,2019-2020,campus__perkins_disbursements_amt,3607,3566,41,,,
campus_based,2019-2020,campus__fseog_recipients,3607,3566,41,1585917,1515492,70425
campus_based,2019-2020,campus__fseog_federal_award,3607,3566,41,847148512.0,803343014.0,43805498.0
campus_based,2019-2020,campus__fseog_disbursements,3607,3566,41,1194263072.0,1130606881.0,63656191.0
campus_based,2020-2021,campus__fws_recipients,3589,3543,46,371648,358028,13620
campus_based,2020-2021,campus__fws_federal_award,3589,3543,46,1129068768.0,1077372099.0,51696669.0
campus_based,2020-2021,campus__fws_disbursements,3589,3543,46,703297775.0,673448010.0,29849765.0
campus_based,2020-2021,campus__perkins_recipients,3589,3543,46,,,
campus_based,2020-2021,campus__perkins_federal_award,3589,3543,46,,,
campus_based,2020-2021,campus__perkins_disbursements_amt,3589,3543,46,,,
campus_based,2020-2021,campus__fseog_recipients,3589,3543,46,1870022,1769981,100041
campus_based,2020-2021,campus__fseog_federal_award,3589,3543,46,867276271.0,821364545.0,45911726.0
campus_based,2020-2021,campus__fseog_disbursements,3589,3543,46,1451135595.0,1368291891.0,82843704.0
campus_based,2021-2022,campus__fws_recipients,3580,3536,44,431209,416183,15026
campus_based,2021-2022,campus__fws_federal_award,3580,3536,44,1155306530.0,1103055425.0,52251105.0
campus_based,2021-2022,campus__fws_disbursements,3580,3536,44,853685436.0,819487626.0,34197810.0
campus_based,2021-2022,campus__perkins_recipients,3580,3536,44,,,
campus_based,2021-2022,campus__perkins_federal_award,3580,3536,44,,,
campus_based,2021-2022,campus__perkins_disbursements_amt,3580,3536,44,,,
campus_based,2021-2022,campus__fseog_recipients,3580,3536,44,1806173,1714494,91679
campus_based,2021-2022,campus__fseog_federal_award,3580,3536,44,874001350.0,830110082.0,43891268.0
campus_based,2021-2022,campus__fseog_disbursements,3580,3536,44,1446282233.0,1367611558.0,78670675.0
campus_based,2022-2023,campus__fws_recipients,3551,3503,48,453000,435233,17767
campus_based,2022-2023,campus__fws_federal_award,3551,3503,48,1156850945.0,1098303948.0,58546997.0
campus_based,2022-2023,campus__fws_disbursements,3551,3503,48,942106487.0,899600372.0,42506115.0
campus_based,2022-2023,campus__perkins_recipients,3551,3503,48,,,
campus_based,2022-2023,campus__perkins_federal_award,3551,3503,48,,,
campus_based,2022-2023,campus__perkins_disbursements_amt,3551,3503,48,,,
campus_based,2022-2023,campus__fseog_recipients,3551,3503,48,1717821,1616314,101507
campus_based,2022-2023,campus__fseog_federal_award,3551,3503,48,893907076.0,843416070.0,50491006.0
campus_based,2022-2023,campus__fseog_disbursements,3551,3503,48,1394397037.0,1308402604.0,85994433.0
campus_based,2023-2024,campus__fws_recipients,3220,3181,39,419932,405208,14724
campus_based,2023-2024,campus__fws_federal_award,3220,3181,39,1067192404.0,1017116793.0,50075611.0
campus_based,2023-2024,campus__fws_disbursements,3220,3181,39,951849727.0,910768150.0,41081577.0
campus_based,2023-2024,campus__perkins_recipients,3220,3181,39,,,
campus_based,2023-2024,campus__perkins_federal_award,3220,3181,39,,,
campus_based,2023-2024,campus__perkins_disbursements_amt,3220,3181,39,,,
campus_based,2023-2024,campus__fseog_recipients,3220,3181,39,1381554,1293487,88067
campus_based,2023-2024,campus__fseog_federal_award,3220,3181,39,797661147.0,753163540.0,44497607.0
campus_based,2023-2024,campus__fseog_disbursements,3220,3181,39,1106366522.0,1037023416.0,69343106.0
direct_loans,1999-2000,loan_direct__subsidized_recipients,1241,1195,46,1395417,1361955,33462
direct_loans,1999-2000,loan_direct__subsidized_loans_originated_n,1241,1195,46,1554400,1520036,34364
direct_loans,1999-2000,loan_direct__subsidized_loans_originated_amt,1241,1195,46,5654877225.0,5527604001.0,127273224.0
direct_loans,1999-2000,loan_direct__subsidized_disbursements_n,1241,1195,46,2747636,2689304,58332
direct_loans,1999-2000,loan_direct__subsidized_disbursements,1241,1195,46,5339531195.0,5218938596.0,120592599.0
direct_loans,1999-2000,loan_direct__unsubsidized_recipients,1241,1195,46,877223,864640,12583
direct_loans,1999-2000,loan_direct__unsubsidized_loans_originated_n,1241,1195,46,991657,978802,12855
direct_loans,1999-2000,loan_direct__unsubsidized_loans_originated_amt,1241,1195,46,3908674093.0,3851997922.0,56676171.0
direct_loans,1999-2000,loan_direct__unsubsidized_disbursements_n,1241,1195,46,1727417,1704898,22519
direct_loans,1999-2000,loan_direct__unsubsidized_disbursements,1241,1195,46,3675808398.0,3622479601.0,53328797.0
direct_loans,1999-2000,loan_direct__plus_recipients,1241,1195,46,165032,163795,1237
direct_loans,1999-2000,loan_direct__plus_loans_originated_n,1241,1195,46,178935,177608,1327
direct_loans,1999-2000,loan_direct__plus_loans_originated_amt,1241,1195,46,1177367200.0,1168186685.0,9180515.0
direct_loans,1999-2000,loan_direct__plus_disbursements_n,1241,1195,46,292107,289987,2120
direct_loans,1999-2000,loan_direct__plus_disbursements,1241,1195,46,1125794308.0,1116961630.0,8832678.0
direct_loans,1999-2000,loan_direct__grad_plus_recipients,1241,1195,46,,,
direct_loans,1999-2000,loan_direct__grad_plus_loans_originated_n,1241,1195,46,,,
direct_loans,1999-2000,loan_direct__grad_plus_loans_originated_amt,1241,1195,46,,,
direct_loans,1999-2000,loan_direct__grad_plus_disbursements_n,1241,1195,46,,,
direct_loans,1999-2000,loan_direct__grad_plus_disbursements,1241,1195,46,,,
direct_loans,1999-2000,loan_direct__parent_plus_recipients,1241,1195,46,,,
direct_loans,1999-2000,loan_direct__parent_plus_loans_originated_n,1241,1195,46,,,
direct_loans,1999-2000,loan_direct__parent_plus_loans_originated_amt,1241,1195,46,,,
direct_loans,1999-2000,loan_direct__parent_plus_disbursements_n,1241,1195,46,,,
direct_loans,1999-2000,loan_direct__parent_plus_disbursements,1241,1195,46,,,
direct_loans,1999-2000,loan_direct__subsidized_undergraduate_recipients,1241,1195,46,,,
direct_loans,1999-2000,loan_direct__subsidized_undergraduate_loans_originated_n,1241,1195,46,,,
direct_loans,1999-2000,loan_direct__subsidized_undergraduate_loans_originated_amt,1241,1195,46,,,
direct_loans,1999-2000,loan_direct__subsidized_undergraduate_disbursements_n,1241,1195,46,,,
direct_loans,1999-2000,loan_direct__subsidized_undergraduate_disbursements,1241,1195,46,,,
direct_loans,1999-2000,loan_direct__subsidized_graduate_recipients,1241,1195,46,,,
direct_loans,1999-2000,loan_direct__subsidized_graduate_loans_originated_n,1241,1195,46,,,
direct_loans,1999-2000,loan_direct__subsidized_graduate_loans_originated_amt,1241,1195,46,,,
direct_loans,1999-2000,loan_direct__subsidized_graduate_disbursements_n,1241,1195,46,,,
direct_loans,1999-2000,loan_direct__subsidized_graduate_disbursements,1241,1195,46,,,
direct_loans,1999-2000,loan_direct__unsubsidized_undergraduate_recipients,1241,1195,46,,,
direct_loans,1999-2000,loan_direct__unsubsidized_undergraduate_loans_originated_n,1241,1195,46,,,
direct_loans,1999-2000,loan_direct__unsubsidized_undergraduate_loans_originated_amt,1241,1195,46,,,
direct_loans,1999-2000,loan_direct__unsubsidized_undergraduate_disbursements_n,1241,1195,46,,,
direct_loans,1999-2000,loan_direct__unsubsidized_undergraduate_disbursements,1241,1195,46,,,
direct_loans,1999-2000,loan_direct__unsubsidized_graduate_recipients,1241,1195,46,,,
direct_loans,1999-2000,loan_direct__unsubsidized_graduate_loans_originated_n,1241,1195,46,,,
direct_loans,1999-2000,loan_direct__unsubsidized_graduate_loans_originated_amt,1241,1195,46,,,
direct_loans,1999-2000,loan_direct__unsubsidized_graduate_disbursements_n,1241,1195,46,,,
direct_loans,1999-2000,loan_direct__unsubsidized_graduate_disbursements,1241,1195,46,,,
direct_loans,2000-2001,loan_direct__subsidized_recipients,1204,1145,59,1317961,1220370,97591
direct_loans,2000-2001,loan_direct__subsidized_loans_originated_n,1204,1145,59,1480830,1371811,109019
direct_loans,2000-2001,loan_direct__subsidized_loans_originated_amt,1204,1145,59,5352488343.0,4930259197.0,422229146.0
direct_loans,2000-2001,loan_direct__subsidized_disbursements_n,1204,1145,59,2676261,2474541,201720
direct_loans,2000-2001,loan_direct__subsidized_disbursements,1204,1145,59,5051616629.0,4653992159.0,397624470.0
direct_loans,2000-2001,loan_direct__unsubsidized_recipients,1204,1145,59,868016,813081,54935
direct_loans,2000-2001,loan_direct__unsubsidized_loans_originated_n,1204,1145,59,985452,923975,61477
direct_loans,2000-2001,loan_direct__unsubsidized_loans_originated_amt,1204,1145,59,3906914684.0,3644579319.0,262335365.0
direct_loans,2000-2001,loan_direct__unsubsidized_disbursements_n,1204,1145,59,1765582,1652305,113277
direct_loans,2000-2001,loan_direct__unsubsidized_disbursements,1204,1145,59,3665382491.0,3419544483.0,245838008.0
direct_loans,2000-2001,loan_direct__plus_recipients,1204,1145,59,163977,156015,7962
direct_loans,2000-2001,loan_direct__plus_loans_originated_n,1204,1145,59,177687,168507,9180
direct_loans,2000-2001,loan_direct__plus_loans_originated_amt,1204,1145,59,1244750014.0,1181501864.0,63248150.0
direct_loans,2000-2001,loan_direct__plus_disbursements_n,1204,1145,59,333657,316478,17179
direct_loans,2000-2001,loan_direct__plus_disbursements,1204,1145,59,1181202311.0,1121716121.0,59486190.0
direct_loans,2000-2001,loan_direct__grad_plus_recipients,1204,1145,59,,,
direct_loans,2000-2001,loan_direct__grad_plus_loans_originated_n,1204,1145,59,,,
direct_loans,2000-2001,loan_direct__grad_plus_loans_originated_amt,1204,1145,59,,,
direct_loans,2000-2001,loan_direct__grad_plus_disbursements_n,1204,1145,59,,,
direct_loans,2000-2001,loan_direct__grad_plus_disbursements,1204,1145,59,,,
direct_loans,2000-2001,loan_direct__parent_plus_recipients,1204,1145,59,,,
direct_loans,2000-2001,loan_direct__parent_plus_loans_originated_n,1204,1145,59,,,
direct_loans,2000-2001,loan_direct__parent_plus_loans_originated_amt,1204,1145,59,,,
direct_loans,2000-2001,loan_direct__parent_plus_disbursements_n,1204,1145,59,,,
direct_loans,2000-2001,loan_direct__parent_plus_disbursements,1204,1145,59,,,
direct_loans,2000-2001,loan_direct__subsidized_undergraduate_recipients,1204,1145,59,,,
direct_loans,2000-2001,loan_direct__subsidized_undergraduate_loans_originated_n,1204,1145,59,,,
direct_loans,2000-2001,loan_direct__subsidized_undergraduate_loans_originated_amt,1204,1145,59,,,
direct_loans,2000-2001,loan_direct__subsidized_undergraduate_disbursements_n,1204,1145,59,,,
direct_loans,2000-2001,loan_direct__subsidized_undergraduate_disbursements,1204,1145,59,,,
direct_loans,2000-2001,loan_direct__subsidized_graduate_recipients,1204,1145,59,,,
direct_loans,2000-2001,loan_direct__subsidized_graduate_loans_originated_n,1204,1145,59,,,
direct_loans,2000-2001,loan_direct__subsidized_graduate_loans_originated_amt,1204,1145,59,,,
direct_loans,2000-2001,loan_direct__subsidized_graduate_disbursements_n,1204,1145,59,,,
direct_loans,2000-2001,loan_direct__subsidized_graduate_disbursements,1204,1145,59,,,
direct_loans,2000-2001,loan_direct__unsubsidized_undergraduate_recipients,1204,1145,59,,,
direct_loans,2000-2001,loan_direct__unsubsidized_undergraduate_loans_originated_n,1204,1145,59,,,
direct_loans,2000-2001,loan_direct__unsubsidized_undergraduate_loans_originated_amt,1204,1145,59,,,
direct_loans,2000-2001,loan_direct__unsubsidized_undergraduate_disbursements_n,1204,1145,59,,,
direct_loans,2000-2001,loan_direct__unsubsidized_undergraduate_disbursements,1204,1145,59,,,
direct_loans,2000-2001,loan_direct__unsubsidized_graduate_recipients,1204,1145,59,,,
direct_loans,2000-2001,loan_direct__unsubsidized_graduate_loans_originated_n,1204,1145,59,,,
direct_loans,2000-2001,loan_direct__unsubsidized_graduate_loans_originated_amt,1204,1145,59,,,
direct_loans,2000-2001,loan_direct__unsubsidized_graduate_disbursements_n,1204,1145,59,,,
direct_loans,2000-2001,loan_direct__unsubsidized_graduate_disbursements,1204,1145,59,,,
direct_loans,2001-2002,loan_direct__subsidized_recipients,1154,1108,46,1332343,1225506,106837
direct_loans,2001-2002,loan_direct__subsidized_loans_originated_n,1154,1108,46,1500902,1382264,118638
direct_loans,2001-2002,loan_direct__subsidized_loans_originated_amt,1154,1108,46,5362608671.0,4900900347.0,461708324.0
direct_loans,2001-2002,loan_direct__subsidized_disbursements_n,1154,1108,46,2760826,2539037,221789
direct_loans,2001-2002,loan_direct__subsidized_disbursements,1154,1108,46,5147400145.0,4710123629.0,437276516.0
direct_loans,2001-2002,loan_direct__unsubsidized_recipients,1154,1108,46,918063,856792,61271
direct_loans,2001-2002,loan_direct__unsubsidized_loans_originated_n,1154,1108,46,1046860,978076,68784
direct_loans,2001-2002,loan_direct__unsubsidized_loans_originated_amt,1154,1108,46,4157705725.0,3861528471.0,296177254.0
direct_loans,2001-2002,loan_direct__unsubsidized_disbursements_n,1154,1108,46,1907671,1778674,128997
direct_loans,2001-2002,loan_direct__unsubsidized_disbursements,1154,1108,46,3965042952.0,3684954075.0,280088877.0
direct_loans,2001-2002,loan_direct__plus_recipients,1154,1108,46,165767,157451,8316
direct_loans,2001-2002,loan_direct__plus_loans_originated_n,1154,1108,46,179907,170326,9581
direct_loans,2001-2002,loan_direct__plus_loans_originated_amt,1154,1108,46,1313886347.0,1241928892.0,71957455.0
direct_loans,2001-2002,loan_direct__plus_disbursements_n,1154,1108,46,343330,325288,18042
direct_loans,2001-2002,loan_direct__plus_disbursements,1154,1108,46,1268526624.0,1199733314.0,68793310.0
direct_loans,2001-2002,loan_direct__grad_plus_recipients,1154,1108,46,,,
direct_loans,2001-2002,loan_direct__grad_plus_loans_originated_n,1154,1108,46,,,
direct_loans,2001-2002,loan_direct__grad_plus_loans_originated_amt,1154,1108,46,,,
direct_loans,2001-2002,loan_direct__grad_plus_disbursements_n,1154,1108,46,,,
direct_loans,2001-2002,loan_direct__grad_plus_disbursements,1154,1108,46,,,
direct_loans,2001-2002,loan_direct__parent_plus_recipients,1154,1108,46,,,
direct_loans,2001-2002,loan_direct__parent_plus_loans_originated_n,1154,1108,46,,,
direct_loans,2001-2002,loan_direct__parent_plus_loans_originated_amt,1154,1108,46,,,
direct_loans,2001-2002,loan_direct__parent_plus_disbursements_n,1154,1108,46,,,
direct_loans,2001-2002,loan_direct__parent_plus_disbursements,1154,1108,46,,,
direct_loans,2001-2002,loan_direct__subsidized_undergraduate_recipients,1154,1108,46,,,
direct_loans,2001-2002,loan_direct__subsidized_undergraduate_loans_originated_n,1154,1108,46,,,
direct_loans,2001-2002,loan_direct__subsidized_undergraduate_loans_originated_amt,1154,1108,46,,,
direct_loans,2001-2002,loan_direct__subsidized_undergraduate_disbursements_n,1154,1108,46,,,
direct_loans,2001-2002,loan_direct__subsidized_undergraduate_disbursements,1154,1108,46,,,
direct_loans,2001-2002,loan_direct__subsidized_graduate_recipients,1154,1108,46,,,
direct_loans,2001-2002,loan_direct__subsidized_graduate_loans_originated_n,1154,1108,46,,,
direct_loans,2001-2002,loan_direct__subsidized_graduate_loans_originated_amt,1154,1108,46,,,
direct_loans,2001-2002,loan_direct__subsidized_graduate_disbursements_n,1154,1108,46,,,
direct_loans,2001-2002,loan_direct__subsidized_graduate_disbursements,1154,1108,46,,,
direct_loans,2001-2002,loan_direct__unsubsidized_undergraduate_recipients,1154,1108,46,,,
direct_loans,2001-2002,loan_direct__unsubsidized_undergraduate_loans_originated_n,1154,1108,46,,,
direct_loans,2001-2002,loan_direct__unsubsidized_undergraduate_loans_originated_amt,1154,1108,46,,,
direct_loans,2001-2002,loan_direct__unsubsidized_undergraduate_disbursements_n,1154,1108,46,,,
direct_loans,2001-2002,loan_direct__unsubsidized_undergraduate_disbursements,1154,1108,46,,,
direct_loans,2001-2002,loan_direct__unsubsidized_graduate_recipients,1154,1108,46,,,
direct_loans,2001-2002,loan_direct__unsubsidized_graduate_loans_originated_n,1154,1108,46,,,
direct_loans,2001-2002,loan_direct__unsubsidized_graduate_loans_originated_amt,1154,1108,46,,,
direct_loans,2001-2002,loan_direct__unsubsidized_graduate_disbursements_n,1154,1108,46,,,
direct_loans,2001-2002,loan_direct__unsubsidized_graduate_disbursements,1154,1108,46,,,
direct_loans,2002-2003,loan_direct__subsidized_recipients,1114,1080,34,1403859,1327438,76421
direct_loans,2002-2003,loan_direct__subsidized_loans_originated_n,1114,1080,34,1585244,1498032,87212
direct_loans,2002-2003,loan_direct__subsidized_loans_originated_amt,1114,1080,34,5946594472.0,5582343174.0,364251298.0
direct_loans,2002-2003,loan_direct__subsidized_disbursements_n,1114,1080,34,2997287,2828793,168494
direct_loans,2002-2003,loan_direct__subsidized_disbursements,1114,1080,34,5543573568.0,5205285473.0,338288095.0
direct_loans,2002-2003,loan_direct__unsubsidized_recipients,1114,1080,34,969894,924025,45869
direct_loans,2002-2003,loan_direct__unsubsidized_loans_originated_n,1114,1080,34,1115157,1061381,53776
direct_loans,2002-2003,loan_direct__unsubsidized_loans_originated_amt,1114,1080,34,4730895195.0,4483915306.0,246979889.0
direct_loans,2002-2003,loan_direct__unsubsidized_disbursements_n,1114,1080,34,2090067,1987945,102122
direct_loans,2002-2003,loan_direct__unsubsidized_disbursements,1114,1080,34,4366266195.0,4138895763.0,227370432.0
direct_loans,2002-2003,loan_direct__plus_recipients,1114,1080,34,192155,184034,8121
direct_loans,2002-2003,loan_direct__plus_loans_originated_n,1114,1080,34,210575,201280,9295
direct_loans,2002-2003,loan_direct__plus_loans_originated_amt,1114,1080,34,1640106430.0,1561086812.0,79019618.0
direct_loans,2002-2003,loan_direct__plus_disbursements_n,1114,1080,34,400235,382311,17924
direct_loans,2002-2003,loan_direct__plus_disbursements,1114,1080,34,1545500263.0,1470920450.0,74579813.0
direct_loans,2002-2003,loan_direct__grad_plus_recipients,1114,1080,34,,,
direct_loans,2002-2003,loan_direct__grad_plus_loans_originated_n,1114,1080,34,,,
direct_loans,2002-2003,loan_direct__grad_plus_loans_originated_amt,1114,1080,34,,,
direct_loans,2002-2003,loan_direct__grad_plus_disbursements_n,1114,1080,34,,,
direct_loans,2002-2003,loan_direct__grad_plus_disbursements,1114,1080,34,,,
direct_loans,2002-2003,loan_direct__parent_plus_recipients,1114,1080,34,,,
direct_loans,2002-2003,loan_direct__parent_plus_loans_originated_n,1114,1080,34,,,
direct_loans,2002-2003,loan_direct__parent_plus_loans_originated_amt,1114,1080,34,,,
direct_loans,2002-2003,loan_direct__parent_plus_disbursements_n,1114,1080,34,,,
direct_loans,2002-2003,loan_direct__parent_plus_disbursements,1114,1080,34,,,
direct_loans,2002-2003,loan_direct__subsidized_undergraduate_recipients,1114,1080,34,,,
direct_loans,2002-2003,loan_direct__subsidized_undergraduate_loans_originated_n,1114,1080,34,,,
direct_loans,2002-2003,loan_direct__subsidized_undergraduate_loans_originated_amt,1114,1080,34,,,
direct_loans,2002-2003,loan_direct__subsidized_undergraduate_disbursements_n,1114,1080,34,,,
direct_loans,2002-2003,loan_direct__subsidized_undergraduate_disbursements,1114,1080,34,,,
direct_loans,2002-2003,loan_direct__subsidized_graduate_recipients,1114,1080,34,,,
direct_loans,2002-2003,loan_direct__subsidized_graduate_loans_originated_n,1114,1080,34,,,
direct_loans,2002-2003,loan_direct__subsidized_graduate_loans_originated_amt,1114,1080,34,,,
direct_loans,2002-2003,loan_direct__subsidized_graduate_disbursements_n,1114,1080,34,,,
direct_loans,2002-2003,loan_direct__subsidized_graduate_disbursements,1114,1080,34,,,
direct_loans,2002-2003,loan_direct__unsubsidized_undergraduate_recipients,1114,1080,34,,,
direct_loans,2002-2003,loan_direct__unsubsidized_undergraduate_loans_originated_n,1114,1080,34,,,
direct_loans,2002-2003,loan_direct__unsubsidized_undergraduate_loans_originated_amt,1114,1080,34,,,
direct_loans,2002-2003,loan_direct__unsubsidized_undergraduate_disbursements_n,1114,1080,34,,,
direct_loans,2002-2003,loan_direct__unsubsidized_undergraduate_disbursements,1114,1080,34,,,
direct_loans,2002-2003,loan_direct__unsubsidized_graduate_recipients,1114,1080,34,,,
direct_loans,2002-2003,loan_direct__unsubsidized_graduate_loans_originated_n,1114,1080,34,,,
direct_loans,2002-2003,loan_direct__unsubsidized_graduate_loans_originated_amt,1114,1080,34,,,
direct_loans,2002-2003,loan_direct__unsubsidized_graduate_disbursements_n,1114,1080,34,,,
direct_loans,2002-2003,loan_direct__unsubsidized_graduate_disbursements,1114,1080,34,,,
direct_loans,2003-2004,loan_direct__subsidized_recipients,1086,1042,44,1423171,1339871,83300
direct_loans,2003-2004,loan_direct__subsidized_loans_originated_n,1086,1042,44,1600017,1506377,93640
direct_loans,2003-2004,loan_direct__subsidized_loans_originated_amt,1086,1042,44,6062352719.0,5683634674.0,378718045.0
direct_loans,2003-2004,loan_direct__subsidized_disbursements_n,1086,1042,44,3088953,2907548,181405
direct_loans,2003-2004,loan_direct__subsidized_disbursements,1086,1042,44,5660613518.0,5308816023.0,351797495.0
direct_loans,2003-2004,loan_direct__unsubsidized_recipients,1086,1042,44,966217,912964,53253
direct_loans,2003-2004,loan_direct__unsubsidized_loans_originated_n,1086,1042,44,1108166,1047395,60771
direct_loans,2003-2004,loan_direct__unsubsidized_loans_originated_amt,1086,1042,44,4799146646.0,4532013393.0,267133253.0
direct_loans,2003-2004,loan_direct__unsubsidized_disbursements_n,1086,1042,44,2125599,2009266,116333
direct_loans,2003-2004,loan_direct__unsubsidized_disbursements,1086,1042,44,4434933618.0,4189413702.0,245519916.0
direct_loans,2003-2004,loan_direct__plus_recipients,1086,1042,44,207536,196982,10554
direct_loans,2003-2004,loan_direct__plus_loans_originated_n,1086,1042,44,227171,215472,11699
direct_loans,2003-2004,loan_direct__plus_loans_originated_amt,1086,1042,44,1913810099.0,1802550663.0,111259436.0
direct_loans,2003-2004,loan_direct__plus_disbursements_n,1086,1042,44,443813,421247,22566
direct_loans,2003-2004,loan_direct__plus_disbursements,1086,1042,44,1807066716.0,1701639228.0,105427488.0
direct_loans,2003-2004,loan_direct__grad_plus_recipients,1086,1042,44,,,
direct_loans,2003-2004,loan_direct__grad_plus_loans_originated_n,1086,1042,44,,,
direct_loans,2003-2004,loan_direct__grad_plus_loans_originated_amt,1086,1042,44,,,
direct_loans,2003-2004,loan_direct__grad_plus_disbursements_n,1086,1042,44,,,
direct_loans,2003-2004,loan_direct__grad_plus_disbursements,1086,1042,44,,,
direct_loans,2003-2004,loan_direct__parent_plus_recipients,1086,1042,44,,,
direct_loans,2003-2004,loan_direct__parent_plus_loans_originated_n,1086,1042,44,,,
direct_loans,2003-2004,loan_direct__parent_plus_loans_originated_amt,1086,1042,44,,,
direct_loans,2003-2004,loan_direct__parent_plus_disbursements_n,1086,1042,44,,,
direct_loans,2003-2004,loan_direct__parent_plus_disbursements,1086,1042,44,,,
direct_loans,2003-2004,loan_direct__subsidized_undergraduate_recipients,1086,1042,44,,,
direct_loans,2003-2004,loan_direct__subsidized_undergraduate_loans_originated_n,1086,1042,44,,,
direct_loans,2003-2004,loan_direct__subsidized_undergraduate_loans_originated_amt,1086,1042,44,,,
direct_loans,2003-2004,loan_direct__subsidized_undergraduate_disbursements_n,1086,1042,44,,,
direct_loans,2003-2004,loan_direct__subsidized_undergraduate_disbursements,1086,1042,44,,,
direct_loans,2003-2004,loan_direct__subsidized_graduate_recipients,1086,1042,44,,,
direct_loans,2003-2004,loan_direct__subsidized_graduate_loans_originated_n,1086,1042,44,,,
direct_loans,2003-2004,loan_direct__subsidized_graduate_loans_originated_amt,1086,1042,44,,,
direct_loans,2003-2004,loan_direct__subsidized_graduate_disbursements_n,1086,1042,44,,,
direct_loans,2003-2004,loan_direct__subsidized_graduate_disbursements,1086,1042,44,,,
direct_loans,2003-2004,loan_direct__unsubsidized_undergraduate_recipients,1086,1042,44,,,
direct_loans,2003-2004,loan_direct__unsubsidized_undergraduate_loans_originated_n,1086,1042,44,,,
direct_loans,2003-2004,loan_direct__unsubsidized_undergraduate_loans_originated_amt,1086,1042,44,,,
direct_loans,2003-2004,loan_direct__unsubsidized_undergraduate_disbursements_n,1086,1042,44,,,
direct_loans,2003-2004,loan_direct__unsubsidized_undergraduate_disbursements,1086,1042,44,,,
direct_loans,2003-2004,loan_direct__unsubsidized_graduate_recipients,1086,1042,44,,,
direct_loans,2003-2004,loan_direct__unsubsidized_graduate_loans_originated_n,1086,1042,44,,,
direct_loans,2003-2004,loan_direct__unsubsidized_graduate_loans_originated_amt,1086,1042,44,,,
direct_loans,2003-2004,loan_direct__unsubsidized_graduate_disbursements_n,1086,1042,44,,,
direct_loans,2003-2004,loan_direct__unsubsidized_graduate_disbursements,1086,1042,44,,,
direct_loans,2004-2005,loan_direct__subsidized_recipients,1082,1026,56,1406838,1311168,95670
direct_loans,2004-2005,loan_direct__subsidized_loans_originated_n,1082,1026,56,1571349,1463676,107673
direct_loans,2004-2005,loan_direct__subsidized_loans_originated_amt,1082,1026,56,6041418737.0,5619161192.0,422257545.0
direct_loans,2004-2005,loan_direct__subsidized_disbursements_n,1082,1026,56,3041532,2825727,215805
direct_loans,2004-2005,loan_direct__subsidized_disbursements,1082,1026,56,5639149371.0,5250481061.0,388668310.0
direct_loans,2004-2005,loan_direct__unsubsidized_recipients,1082,1026,56,957968,892321,65647
direct_loans,2004-2005,loan_direct__unsubsidized_loans_originated_n,1082,1026,56,1094434,1018885,75549
direct_loans,2004-2005,loan_direct__unsubsidized_loans_originated_amt,1082,1026,56,4889539346.0,4562275093.0,327264253.0
direct_loans,2004-2005,loan_direct__unsubsidized_disbursements_n,1082,1026,56,2106502,1955580,150922
direct_loans,2004-2005,loan_direct__unsubsidized_disbursements,1082,1026,56,4517641165.0,4220493180.0,297147985.0
direct_loans,2004-2005,loan_direct__plus_recipients,1082,1026,56,214563,202555,12008
direct_loans,2004-2005,loan_direct__plus_loans_originated_n,1082,1026,56,235133,221792,13341
direct_loans,2004-2005,loan_direct__plus_loans_originated_amt,1082,1026,56,2113952856.0,1987397567.0,126555289.0
direct_loans,2004-2005,loan_direct__plus_disbursements_n,1082,1026,56,465758,438412,27346
direct_loans,2004-2005,loan_direct__plus_disbursements,1082,1026,56,2001243572.0,1882053371.0,119190201.0
direct_loans,2004-2005,loan_direct__grad_plus_recipients,1082,1026,56,,,
direct_loans,2004-2005,loan_direct__grad_plus_loans_originated_n,1082,1026,56,,,
direct_loans,2004-2005,loan_direct__grad_plus_loans_originated_amt,1082,1026,56,,,
direct_loans,2004-2005,loan_direct__grad_plus_disbursements_n,1082,1026,56,,,
direct_loans,2004-2005,loan_direct__grad_plus_disbursements,1082,1026,56,,,
direct_loans,2004-2005,loan_direct__parent_plus_recipients,1082,1026,56,,,
direct_loans,2004-2005,loan_direct__parent_plus_loans_originated_n,1082,1026,56,,,
direct_loans,2004-2005,loan_direct__parent_plus_loans_originated_amt,1082,1026,56,,,
direct_loans,2004-2005,loan_direct__parent_plus_disbursements_n,1082,1026,56,,,
direct_loans,2004-2005,loan_direct__parent_plus_disbursements,1082,1026,56,,,
direct_loans,2004-2005,loan_direct__subsidized_undergraduate_recipients,1082,1026,56,,,
direct_loans,2004-2005,loan_direct__subsidized_undergraduate_loans_originated_n,1082,1026,56,,,
direct_loans,2004-2005,loan_direct__subsidized_undergraduate_loans_originated_amt,1082,1026,56,,,
direct_loans,2004-2005,loan_direct__subsidized_undergraduate_disbursements_n,1082,1026,56,,,
direct_loans,2004-2005,loan_direct__subsidized_undergraduate_disbursements,1082,1026,56,,,
direct_loans,2004-2005,loan_direct__subsidized_graduate_recipients,1082,1026,56,,,
direct_loans,2004-2005,loan_direct__subsidized_graduate_loans_originated_n,1082,1026,56,,,
direct_loans,2004-2005,loan_direct__subsidized_graduate_loans_originated_amt,1082,1026,56,,,
direct_loans,2004-2005,loan_direct__subsidized_graduate_disbursements_n,1082,1026,56,,,
direct_loans,2004-2005,loan_direct__subsidized_graduate_disbursements,1082,1026,56,,,
direct_loans,2004-2005,loan_direct__unsubsidized_undergraduate_recipients,1082,1026,56,,,
direct_loans,2004-2005,loan_direct__unsubsidized_undergraduate_loans_originated_n,1082,1026,56,,,
direct_loans,2004-2005,loan_direct__unsubsidized_undergraduate_loans_originated_amt,1082,1026,56,,,
direct_loans,2004-2005,loan_direct__unsubsidized_undergraduate_disbursements_n,1082,1026,56,,,
direct_loans,2004-2005,loan_direct__unsubsidized_undergraduate_disbursements,1082,1026,56,,,
direct_loans,2004-2005,loan_direct__unsubsidized_graduate_recipients,1082,1026,56,,,
direct_loans,2004-2005,loan_direct__unsubsidized_graduate_loans_originated_n,1082,1026,56,,,
direct_loans,2004-2005,loan_direct__unsubsidized_graduate_loans_originated_amt,1082,1026,56,,,
direct_loans,2004-2005,loan_direct__unsubsidized_graduate_disbursements_n,1082,1026,56,,,
direct_loans,2004-2005,loan_direct__unsubsidized_graduate_disbursements,1082,1026,56,,,
direct_loans,2005-2006,loan_direct__subsidized_recipients,1077,1027,50,1353473,1269304,84169
direct_loans,2005-2006,loan_direct__subsidized_loans_originated_n,1077,1027,50,1511824,1418964,92860
direct_loans,2005-2006,loan_direct__subsidized_loans_originated_amt,1077,1027,50,5894562510.0,5510216917.0,384345593.0
direct_loans,2005-2006,loan_direct__subsidized_disbursements_n,1077,1027,50,2896198,2711980,184218
direct_loans,2005-2006,loan_direct__subsidized_disbursements,1077,1027,50,5493923788.0,5139118283.0,354805505.0
direct_loans,2005-2006,loan_direct__unsubsidized_recipients,1077,1027,50,956547,896272,60275
direct_loans,2005-2006,loan_direct__unsubsidized_loans_originated_n,1077,1027,50,1093116,1024554,68562
direct_loans,2005-2006,loan_direct__unsubsidized_loans_originated_amt,1077,1027,50,5050983536.0,4734875934.0,316107602.0
direct_loans,2005-2006,loan_direct__unsubsidized_disbursements_n,1077,1027,50,2076665,1941731,134934
direct_loans,2005-2006,loan_direct__unsubsidized_disbursements,1077,1027,50,4665394432.0,4376878108.0,288516324.0
direct_loans,2005-2006,loan_direct__plus_recipients,1077,1027,50,215652,202469,13183
direct_loans,2005-2006,loan_direct__plus_loans_originated_n,1077,1027,50,239497,225169,14328
direct_loans,2005-2006,loan_direct__plus_loans_originated_amt,1077,1027,50,2290258702.0,2140907746.0,149350956.0
direct_loans,2005-2006,loan_direct__plus_disbursements_n,1077,1027,50,474827,446168,28659
direct_loans,2005-2006,loan_direct__plus_disbursements,1077,1027,50,2151722500.0,2011460648.0,140261852.0
direct_loans,2005-2006,loan_direct__grad_plus_recipients,1077,1027,50,518,517,1
direct_loans,2005-2006,loan_direct__grad_plus_loans_originated_n,1077,1027,50,547,546,1
direct_loans,2005-2006,loan_direct__grad_plus_loans_originated_amt,1077,1027,50,7336864.0,7330264.0,6600.0
direct_loans,2005-2006,loan_direct__grad_plus_disbursements_n,1077,1027,50,1168,1165,3
direct_loans,2005-2006,loan_direct__grad_plus_disbursements,1077,1027,50,6624868.0,6618268.0,6600.0
direct_loans,2005-2006,loan_direct__parent_plus_recipients,1077,1027,50,,,
direct_loans,2005-2006,loan_direct__parent_plus_loans_originated_n,1077,1027,50,,,
direct_loans,2005-2006,loan_direct__parent_plus_loans_originated_amt,1077,1027,50,,,
direct_loans,2005-2006,loan_direct__parent_plus_disbursements_n,1077,1027,50,,,
direct_loans,2005-2006,loan_direct__parent_plus_disbursements,1077,1027,50,,,
direct_loans,2005-2006,loan_direct__subsidized_undergraduate_recipients,1077,1027,50,,,
direct_loans,2005-2006,loan_direct__subsidized_undergraduate_loans_originated_n,1077,1027,50,,,
direct_loans,2005-2006,loan_direct__subsidized_undergraduate_loans_originated_amt,1077,1027,50,,,
direct_loans,2005-2006,loan_direct__subsidized_undergraduate_disbursements_n,1077,1027,50,,,
direct_loans,2005-2006,loan_direct__subsidized_undergraduate_disbursements,1077,1027,50,,,
direct_loans,2005-2006,loan_direct__subsidized_graduate_recipients,1077,1027,50,,,
direct_loans,2005-2006,loan_direct__subsidized_graduate_loans_originated_n,1077,1027,50,,,
direct_loans,2005-2006,loan_direct__subsidized_graduate_loans_originated_amt,1077,1027,50,,,
direct_loans,2005-2006,loan_direct__subsidized_graduate_disbursements_n,1077,1027,50,,,
direct_loans,2005-2006,loan_direct__subsidized_graduate_disbursements,1077,1027,50,,,
direct_loans,2005-2006,loan_direct__unsubsidized_undergraduate_recipients,1077,1027,50,,,
direct_loans,2005-2006,loan_direct__unsubsidized_undergraduate_loans_originated_n,1077,1027,50,,,
direct_loans,2005-2006,loan_direct__unsubsidized_undergraduate_loans_originated_amt,1077,1027,50,,,
direct_loans,2005-2006,loan_direct__unsubsidized_undergraduate_disbursements_n,1077,1027,50,,,
direct_loans,2005-2006,loan_direct__unsubsidized_undergraduate_disbursements,1077,1027,50,,,
direct_loans,2005-2006,loan_direct__unsubsidized_graduate_recipients,1077,1027,50,,,
direct_loans,2005-2006,loan_direct__unsubsidized_graduate_loans_originated_n,1077,1027,50,,,
direct_loans,2005-2006,loan_direct__unsubsidized_graduate_loans_originated_amt,1077,1027,50,,,
direct_loans,2005-2006,loan_direct__unsubsidized_graduate_disbursements_n,1077,1027,50,,,
direct_loans,2005-2006,loan_direct__unsubsidized_graduate_disbursements,1077,1027,50,,,
direct_loans,2006-2007,loan_direct__subsidized_recipients,1086,1026,60,1292616,1207810,84806
direct_loans,2006-2007,loan_direct__subsidized_loans_originated_n,1086,1026,60,1443035,1348955,94080
direct_loans,2006-2007,loan_direct__subsidized_loans_originated_amt,1086,1026,60,5644213223.0,5262269590.0,381943633.0
direct_loans,2006-2007,loan_direct__subsidized_disbursements_n,1086,1026,60,2662559,2486103,176456
direct_loans,2006-2007,loan_direct__subsidized_disbursements,1086,1026,60,5253220803.0,4905031148.0,348189655.0
direct_loans,2006-2007,loan_direct__unsubsidized_recipients,1086,1026,60,909249,843110,66139
direct_loans,2006-2007,loan_direct__unsubsidized_loans_originated_n,1086,1026,60,1036272,962053,74219
direct_loans,2006-2007,loan_direct__unsubsidized_loans_originated_amt,1086,1026,60,4870711030.0,4515282800.0,355428230.0
direct_loans,2006-2007,loan_direct__unsubsidized_disbursements_n,1086,1026,60,1882359,1744748,137611
direct_loans,2006-2007,loan_direct__unsubsidized_disbursements,1086,1026,60,4491535855.0,4172419540.0,319116315.0
direct_loans,2006-2007,loan_direct__plus_recipients,1086,1026,60,,,
direct_loans,2006-2007,loan_direct__plus_loans_originated_n,1086,1026,60,,,
direct_loans,2006-2007,loan_direct__plus_loans_originated_amt,1086,1026,60,,,
direct_loans,2006-2007,loan_direct__plus_disbursements_n,1086,1026,60,,,
direct_loans,2006-2007,loan_direct__plus_disbursements,1086,1026,60,,,
direct_loans,2006-2007,loan_direct__grad_plus_recipients,1086,1026,60,17874,17179,695
direct_loans,2006-2007,loan_direct__grad_plus_loans_originated_n,1086,1026,60,22261,21453,808
direct_loans,2006-2007,loan_direct__grad_plus_loans_originated_amt,1086,1026,60,230343248.0,222943562.0,7399686.0
direct_loans,2006-2007,loan_direct__grad_plus_disbursements_n,1086,1026,60,37129,35771,1358
direct_loans,2006-2007,loan_direct__grad_plus_disbursements,1086,1026,60,218909708.0,211816393.0,7093315.0
direct_loans,2006-2007,loan_direct__parent_plus_recipients,1086,1026,60,193747,180882,12865
direct_loans,2006-2007,loan_direct__parent_plus_loans_originated_n,1086,1026,60,213585,199503,14082
direct_loans,2006-2007,loan_direct__parent_plus_loans_originated_amt,1086,1026,60,2152281718.0,1998034801.0,154246917.0
direct_loans,2006-2007,loan_direct__parent_plus_disbursements_n,1086,1026,60,411450,384179,27271
direct_loans,2006-2007,loan_direct__parent_plus_disbursements,1086,1026,60,2026344040.0,1881963946.0,144380094.0
direct_loans,2006-2007,loan_direct__subsidized_undergraduate_recipients,1086,1026,60,,,
direct_loans,2006-2007,loan_direct__subsidized_undergraduate_loans_originated_n,1086,1026,60,,,
direct_loans,2006-2007,loan_direct__subsidized_undergraduate_loans_originated_amt,1086,1026,60,,,
direct_loans,2006-2007,loan_direct__subsidized_undergraduate_disbursements_n,1086,1026,60,,,
direct_loans,2006-2007,loan_direct__subsidized_undergraduate_disbursements,1086,1026,60,,,
direct_loans,2006-2007,loan_direct__subsidized_graduate_recipients,1086,1026,60,,,
direct_loans,2006-2007,loan_direct__subsidized_graduate_loans_originated_n,1086,1026,60,,,
direct_loans,2006-2007,loan_direct__subsidized_graduate_loans_originated_amt,1086,1026,60,,,
direct_loans,2006-2007,loan_direct__subsidized_graduate_disbursements_n,1086,1026,60,,,
direct_loans,2006-2007,loan_direct__subsidized_graduate_disbursements,1086,1026,60,,,
direct_loans,2006-2007,loan_direct__unsubsidized_undergraduate_recipients,1086,1026,60,,,
direct_loans,2006-2007,loan_direct__unsubsidized_undergraduate_loans_originated_n,1086,1026,60,,,
direct_loans,2006-2007,loan_direct__unsubsidized_undergraduate_loans_originated_amt,1086,1026,60,,,
direct_loans,2006-2007,loan_direct__unsubsidized_undergraduate_disbursements_n,1086,1026,60,,,
direct_loans,2006-2007,loan_direct__unsubsidized_undergraduate_disbursements,1086,1026,60,,,
direct_loans,2006-2007,loan_direct__unsubsidized_graduate_recipients,1086,1026,60,,,
direct_loans,2006-2007,loan_direct__unsubsidized_graduate_loans_originated_n,1086,1026,60,,,
direct_loans,2006-2007,loan_direct__unsubsidized_graduate_loans_originated_amt,1086,1026,60,,,
direct_loans,2006-2007,loan_direct__unsubsidized_graduate_disbursements_n,1086,1026,60,,,
direct_loans,2006-2007,loan_direct__unsubsidized_graduate_disbursements,1086,1026,60,,,
direct_loans,2007-2008,loan_direct__subsidized_recipients,1381,1285,96,1350973,1258441,92532
direct_loans,2007-2008,loan_direct__subsidized_loans_originated_n,1381,1285,96,1505437,1403172,102265
direct_loans,2007-2008,loan_direct__subsidized_loans_originated_amt,1381,1285,96,6363380560.0,5922343407.0,441037153.0
direct_loans,2007-2008,loan_direct__subsidized_disbursements_n,1381,1285,96,2763140,2574641,188499
direct_loans,2007-2008,loan_direct__subsidized_disbursements,1381,1285,96,5925535490.0,5521748853.0,403786637.0
direct_loans,2007-2008,loan_direct__unsubsidized_recipients,1381,1285,96,949692,878112,71580
direct_loans,2007-2008,loan_direct__unsubsidized_loans_originated_n,1381,1285,96,1101387,1017744,83643
direct_loans,2007-2008,loan_direct__unsubsidized_loans_originated_amt,1381,1285,96,5509643585.0,5103355201.0,406288384.0
direct_loans,2007-2008,loan_direct__unsubsidized_disbursements_n,1381,1285,96,1988336,1835288,153048
direct_loans,2007-2008,loan_direct__unsubsidized_disbursements,1381,1285,96,5086970055.0,4718907798.0,368062257.0
direct_loans,2007-2008,loan_direct__plus_recipients,1381,1285,96,,,
direct_loans,2007-2008,loan_direct__plus_loans_originated_n,1381,1285,96,,,
direct_loans,2007-2008,loan_direct__plus_loans_originated_amt,1381,1285,96,,,
direct_loans,2007-2008,loan_direct__plus_disbursements_n,1381,1285,96,,,
direct_loans,2007-2008,loan_direct__plus_disbursements,1381,1285,96,,,
direct_loans,2007-2008,loan_direct__grad_plus_recipients,1381,1285,96,28273,27192,1081
direct_loans,2007-2008,loan_direct__grad_plus_loans_originated_n,1381,1285,96,36387,35091,1296
direct_loans,2007-2008,loan_direct__grad_plus_loans_originated_amt,1381,1285,96,396491509.0,383947478.0,12544031.0
direct_loans,2007-2008,loan_direct__grad_plus_disbursements_n,1381,1285,96,54915,53055,1860
direct_loans,2007-2008,loan_direct__grad_plus_disbursements,1381,1285,96,377789684.0,365843899.0,11945785.0
direct_loans,2007-2008,loan_direct__parent_plus_recipients,1381,1285,96,182020,169458,12562
direct_loans,2007-2008,loan_direct__parent_plus_loans_originated_n,1381,1285,96,200282,186536,13746
direct_loans,2007-2008,loan_direct__parent_plus_loans_originated_amt,1381,1285,96,2065804691.0,1913245688.0,152559003.0
direct_loans,2007-2008,loan_direct__parent_plus_disbursements_n,1381,1285,96,382194,356232,25962
direct_loans,2007-2008,loan_direct__parent_plus_disbursements,1381,1285,96,1950095334.0,1806627414.0,143467920.0
direct_loans,2007-2008,loan_direct__subsidized_undergraduate_recipients,1381,1285,96,,,
direct_loans,2007-2008,loan_direct__subsidized_undergraduate_loans_originated_n,1381,1285,96,,,
direct_loans,2007-2008,loan_direct__subsidized_undergraduate_loans_originated_amt,1381,1285,96,,,
direct_loans,2007-2008,loan_direct__subsidized_undergraduate_disbursements_n,1381,1285,96,,,
direct_loans,2007-2008,loan_direct__subsidized_undergraduate_disbursements,1381,1285,96,,,
direct_loans,2007-2008,loan_direct__subsidized_graduate_recipients,1381,1285,96,,,
direct_loans,2007-2008,loan_direct__subsidized_graduate_loans_originated_n,1381,1285,96,,,
direct_loans,2007-2008,loan_direct__subsidized_graduate_loans_originated_amt,1381,1285,96,,,
direct_loans,2007-2008,loan_direct__subsidized_graduate_disbursements_n,1381,1285,96,,,
direct_loans,2007-2008,loan_direct__subsidized_graduate_disbursements,1381,1285,96,,,
direct_loans,2007-2008,loan_direct__unsubsidized_undergraduate_recipients,1381,1285,96,,,
direct_loans,2007-2008,loan_direct__unsubsidized_undergraduate_loans_originated_n,1381,1285,96,,,
direct_loans,2007-2008,loan_direct__unsubsidized_undergraduate_loans_originated_amt,1381,1285,96,,,
direct_loans,2007-2008,loan_direct__unsubsidized_undergraduate_disbursements_n,1381,1285,96,,,
direct_loans,2007-2008,loan_direct__unsubsidized_undergraduate_disbursements,1381,1285,96,,,
direct_loans,2007-2008,loan_direct__unsubsidized_graduate_recipients,1381,1285,96,,,
direct_loans,2007-2008,loan_direct__unsubsidized_graduate_loans_originated_n,1381,1285,96,,,
direct_loans,2007-2008,loan_direct__unsubsidized_graduate_loans_originated_amt,1381,1285,96,,,
direct_loans,2007-2008,loan_direct__unsubsidized_graduate_disbursements_n,1381,1285,96,,,
direct_loans,2007-2008,loan_direct__unsubsidized_graduate_disbursements,1381,1285,96,,,
direct_loans,2008-2009,loan_direct__subsidized_recipients,2363,2172,191,1937402,1854295,83107
direct_loans,2008-2009,loan_direct__subsidized_loans_originated_n,2363,2172,191,2173131,2081296,91835
direct_loans,2008-2009,loan_direct__subsidized_loans_originated_amt,2363,2172,191,8949306601.0,8576597522.0,372709079.0
direct_loans,2008-2009,loan_direct__subsidized_disbursements_n,2363,2172,191,3969484,3797356,172128
direct_loans,2008-2009,loan_direct__subsidized_disbursements,2363,2172,191,8447473437.0,8098793955.0,348679482.0
direct_loans,2008-2009,loan_direct__unsubsidized_recipients,2363,2172,191,1808358,1732339,76019
direct_loans,2008-2009,loan_direct__unsubsidized_loans_originated_n,2363,2172,191,2208983,2118684,90299
direct_loans,2008-2009,loan_direct__unsubsidized_loans_originated_amt,2363,2172,191,10190539553.0,9769533196.0,421006357.0
direct_loans,2008-2009,loan_direct__unsubsidized_disbursements_n,2363,2172,191,4007787,3839604,168183
direct_loans,2008-2009,loan_direct__unsubsidized_disbursements,2363,2172,191,9543571921.0,9153312889.0,390259032.0
direct_loans,2008-2009,loan_direct__plus_recipients,2363,2172,191,,,
direct_loans,2008-2009,loan_direct__plus_loans_originated_n,2363,2172,191,,,
direct_loans,2008-2009,loan_direct__plus_loans_originated_amt,2363,2172,191,,,
direct_loans,2008-2009,loan_direct__plus_disbursements_n,2363,2172,191,,,
direct_loans,2008-2009,loan_direct__plus_disbursements,2363,2172,191,,,
direct_loans,2008-2009,loan_direct__grad_plus_recipients,2363,2172,191,54834,53088,1746
direct_loans,2008-2009,loan_direct__grad_plus_loans_originated_n,2363,2172,191,73493,71338,2155
direct_loans,2008-2009,loan_direct__grad_plus_loans_originated_amt,2363,2172,191,835687328.0,813886901.0,21800427.0
direct_loans,2008-2009,loan_direct__grad_plus_disbursements_n,2363,2172,191,108640,105355,3285
direct_loans,2008-2009,loan_direct__grad_plus_disbursements,2363,2172,191,808686324.0,787668465.0,21017859.0
direct_loans,2008-2009,loan_direct__parent_plus_recipients,2363,2172,191,246228,232732,13496
direct_loans,2008-2009,loan_direct__parent_plus_loans_originated_n,2363,2172,191,272993,258301,14692
direct_loans,2008-2009,loan_direct__parent_plus_loans_originated_amt,2363,2172,191,2845791110.0,2673201517.0,172589593.0
direct_loans,2008-2009,loan_direct__parent_plus_disbursements_n,2363,2172,191,509938,482194,27744
direct_loans,2008-2009,loan_direct__parent_plus_disbursements,2363,2172,191,2724801652.0,2560675745.0,164125907.0
direct_loans,2008-2009,loan_direct__subsidized_undergraduate_recipients,2363,2172,191,,,
direct_loans,2008-2009,loan_direct__subsidized_undergraduate_loans_originated_n,2363,2172,191,,,
direct_loans,2008-2009,loan_direct__subsidized_undergraduate_loans_originated_amt,2363,2172,191,,,
direct_loans,2008-2009,loan_direct__subsidized_undergraduate_disbursements_n,2363,2172,191,,,
direct_loans,2008-2009,loan_direct__subsidized_undergraduate_disbursements,2363,2172,191,,,
direct_loans,2008-2009,loan_direct__subsidized_graduate_recipients,2363,2172,191,,,
direct_loans,2008-2009,loan_direct__subsidized_graduate_loans_originated_n,2363,2172,191,,,
direct_loans,2008-2009,loan_direct__subsidized_graduate_loans_originated_amt,2363,2172,191,,,
direct_loans,2008-2009,loan_direct__subsidized_graduate_disbursements_n,2363,2172,191,,,
direct_loans,2008-2009,loan_direct__subsidized_graduate_disbursements,2363,2172,191,,,
direct_loans,2008-2009,loan_direct__unsubsidized_undergraduate_recipients,2363,2172,191,,,
direct_loans,2008-2009,loan_direct__unsubsidized_undergraduate_loans_originated_n,2363,2172,191,,,
direct_loans,2008-2009,loan_direct__unsubsidized_undergraduate_loans_originated_amt,2363,2172,191,,,
direct_loans,2008-2009,loan_direct__unsubsidized_undergraduate_disbursements_n,2363,2172,191,,,
direct_loans,2008-2009,loan_direct__unsubsidized_undergraduate_disbursements,2363,2172,191,,,
direct_loans,2008-2009,loan_direct__unsubsidized_graduate_recipients,2363,2172,191,,,
direct_loans,2008-2009,loan_direct__unsubsidized_graduate_loans_originated_n,2363,2172,191,,,
direct_loans,2008-2009,loan_direct__unsubsidized_graduate_loans_originated_amt,2363,2172,191,,,
direct_loans,2008-2009,loan_direct__unsubsidized_graduate_disbursements_n,2363,2172,191,,,
direct_loans,2008-2009,loan_direct__unsubsidized_graduate_disbursements,2363,2172,191,,,
direct_loans,2009-2010,loan_direct__subsidized_recipients,4260,3964,296,3917894,3510492,407402
direct_loans,2009-2010,loan_direct__subsidized_loans_originated_n,4260,3964,296,4375999,3931262,444737
direct_loans,2009-2010,loan_direct__subsidized_loans_originated_amt,4260,3964,296,16754839120.0,15120608354.0,1634230766.0
direct_loans,2009-2010,loan_direct__subsidized_disbursements_n,4260,3964,296,8141034,7319933,821101
direct_loans,2009-2010,loan_direct__subsidized_disbursements,4260,3964,296,16338270254.0,14747087205.0,1591183049.0
direct_loans,2009-2010,loan_direct__unsubsidized_recipients,4260,3964,296,3770892,3366168,404724
direct_loans,2009-2010,loan_direct__unsubsidized_loans_originated_n,4260,3964,296,4474375,3996926,477449
direct_loans,2009-2010,loan_direct__unsubsidized_loans_originated_amt,4260,3964,296,20249401567.0,18115462541.0,2133939026.0
direct_loans,2009-2010,loan_direct__unsubsidized_disbursements_n,4260,3964,296,8324111,7444558,879553
direct_loans,2009-2010,loan_direct__unsubsidized_disbursements,4260,3964,296,19617401511.0,17554243514.0,2063157997.0
direct_loans,2009-2010,loan_direct__plus_recipients,4260,3964,296,,,
direct_loans,2009-2010,loan_direct__plus_loans_originated_n,4260,3964,296,,,
direct_loans,2009-2010,loan_direct__plus_loans_originated_amt,4260,3964,296,,,
direct_loans,2009-2010,loan_direct__plus_disbursements_n,4260,3964,296,,,
direct_loans,2009-2010,loan_direct__plus_disbursements,4260,3964,296,,,
direct_loans,2009-2010,loan_direct__grad_plus_recipients,4260,3964,296,134057,124336,9721
direct_loans,2009-2010,loan_direct__grad_plus_loans_originated_n,4260,3964,296,175867,163954,11913
direct_loans,2009-2010,loan_direct__grad_plus_loans_originated_amt,4260,3964,296,2132416131.0,1993798569.0,138617562.0
direct_loans,2009-2010,loan_direct__grad_plus_disbursements_n,4260,3964,296,314701,293501,21200
direct_loans,2009-2010,loan_direct__grad_plus_disbursements,4260,3964,296,2111718195.0,1974484791.0,137233404.0
direct_loans,2009-2010,loan_direct__parent_plus_recipients,4260,3964,296,406199,374214,31985
direct_loans,2009-2010,loan_direct__parent_plus_loans_originated_n,4260,3964,296,455778,419739,36039
direct_loans,2009-2010,loan_direct__parent_plus_loans_originated_amt,4260,3964,296,4587340687.0,4244408327.0,342932360.0
direct_loans,2009-2010,loan_direct__parent_plus_disbursements_n,4260,3964,296,858048,788688,69360
direct_loans,2009-2010,loan_direct__parent_plus_disbursements,4260,3964,296,4514547887.0,4179497532.0,335050355.0
direct_loans,2009-2010,loan_direct__subsidized_undergraduate_recipients,4260,3964,296,,,
direct_loans,2009-2010,loan_direct__subsidized_undergraduate_loans_originated_n,4260,3964,296,,,
direct_loans,2009-2010,loan_direct__subsidized_undergraduate_loans_originated_amt,4260,3964,296,,,
direct_loans,2009-2010,loan_direct__subsidized_undergraduate_disbursements_n,4260,3964,296,,,
direct_loans,2009-2010,loan_direct__subsidized_undergraduate_disbursements,4260,3964,296,,,
direct_loans,2009-2010,loan_direct__subsidized_graduate_recipients,4260,3964,296,,,
direct_loans,2009-2010,loan_direct__subsidized_graduate_loans_originated_n,4260,3964,296,,,
direct_loans,2009-2010,loan_direct__subsidized_graduate_loans_originated_amt,4260,3964,296,,,
direct_loans,2009-2010,loan_direct__subsidized_graduate_disbursements_n,4260,3964,296,,,
direct_loans,2009-2010,loan_direct__subsidized_graduate_disbursements,4260,3964,296,,,
direct_loans,2009-2010,loan_direct__unsubsidized_undergraduate_recipients,4260,3964,296,,,
direct_loans,2009-2010,loan_direct__unsubsidized_undergraduate_loans_originated_n,4260,3964,296,,,
direct_loans,2009-2010,loan_direct__unsubsidized_undergraduate_loans_originated_amt,4260,3964,296,,,
direct_loans,2009-2010,loan_direct__unsubsidized_undergraduate_disbursements_n,4260,3964,296,,,
direct_loans,2009-2010,loan_direct__unsubsidized_undergraduate_disbursements,4260,3964,296,,,
direct_loans,2009-2010,loan_direct__unsubsidized_graduate_recipients,4260,3964,296,,,
direct_loans,2009-2010,loan_direct__unsubsidized_graduate_loans_originated_n,4260,3964,296,,,
direct_loans,2009-2010,loan_direct__unsubsidized_graduate_loans_originated_amt,4260,3964,296,,,
direct_loans,2009-2010,loan_direct__unsubsidized_graduate_disbursements_n,4260,3964,296,,,
direct_loans,2009-2010,loan_direct__unsubsidized_graduate_disbursements,4260,3964,296,,,
direct_loans,2010-2011,loan_direct__subsidized_recipients,5661,4964,697,,,
direct_loans,2010-2011,loan_direct__subsidized_loans_originated_n,5661,4964,697,,,
direct_loans,2010-2011,loan_direct__subsidized_loans_originated_amt,5661,4964,697,,,
direct_loans,2010-2011,loan_direct__subsidized_disbursements_n,5661,4964,697,,,
direct_loans,2010-2011,loan_direct__subsidized_disbursements,5661,4964,697,,,
direct_loans,2010-2011,loan_direct__unsubsidized_recipients,5661,4964,697,,,
direct_loans,2010-2011,loan_direct__unsubsidized_loans_originated_n,5661,4964,697,,,
direct_loans,2010-2011,loan_direct__unsubsidized_loans_originated_amt,5661,4964,697,,,
direct_loans,2010-2011,loan_direct__unsubsidized_disbursements_n,5661,4964,697,,,
direct_loans,2010-2011,loan_direct__unsubsidized_disbursements,5661,4964,697,,,
direct_loans,2010-2011,loan_direct__plus_recipients,5661,4964,697,,,
direct_loans,2010-2011,loan_direct__plus_loans_originated_n,5661,4964,697,,,
direct_loans,2010-2011,loan_direct__plus_loans_originated_amt,5661,4964,697,,,
direct_loans,2010-2011,loan_direct__plus_disbursements_n,5661,4964,697,,,
direct_loans,2010-2011,loan_direct__plus_disbursements,5661,4964,697,,,
direct_loans,2010-2011,loan_direct__grad_plus_recipients,5661,4964,697,347767,310650,37117
direct_loans,2010-2011,loan_direct__grad_plus_loans_originated_n,5661,4964,697,481744,431551,50193
direct_loans,2010-2011,loan_direct__grad_plus_loans_originated_amt,5661,4964,697,7019302180.0,6219178970.0,800123210.0
direct_loans,2010-2011,loan_direct__grad_plus_disbursements_n,5661,4964,697,875113,787946,87167
direct_loans,2010-2011,loan_direct__grad_plus_disbursements,5661,4964,697,6959275871.0,6165485686.0,793790185.0
direct_loans,2010-2011,loan_direct__parent_plus_recipients,5661,4964,697,888416,803883,84533
direct_loans,2010-2011,loan_direct__parent_plus_loans_originated_n,5661,4964,697,1016955,918114,98841
direct_loans,2010-2011,loan_direct__parent_plus_loans_originated_amt,5661,4964,697,10742947926.0,9747916041.0,995031885.0
direct_loans,2010-2011,loan_direct__parent_plus_disbursements_n,5661,4964,697,1920944,1722411,198533
direct_loans,2010-2011,loan_direct__parent_plus_disbursements,5661,4964,697,10591442356.0,9610717634.0,980724722.0
direct_loans,2010-2011,loan_direct__subsidized_undergraduate_recipients,5661,4964,697,7781239,6785871,995368
direct_loans,2010-2011,loan_direct__subsidized_undergraduate_loans_originated_n,5661,4964,697,8999591,7795264,1204327
direct_loans,2010-2011,loan_direct__subsidized_undergraduate_loans_originated_amt,5661,4964,697,29640350597.0,25798946672.0,3841403925.0
direct_loans,2010-2011,loan_direct__subsidized_undergraduate_disbursements_n,5661,4964,697,16736093,14419730,2316363
direct_loans,2010-2011,loan_direct__subsidized_undergraduate_disbursements,5661,4964,697,28944705193.0,25184741167.0,3759964026.0
direct_loans,2010-2011,loan_direct__subsidized_graduate_recipients,5661,4964,697,1500159,1289038,211121
direct_loans,2010-2011,loan_direct__subsidized_graduate_loans_originated_n,5661,4964,697,1810789,1553527,257262
direct_loans,2010-2011,loan_direct__subsidized_graduate_loans_originated_amt,5661,4964,697,11799124870.0,10111865931.0,1687258939.0
direct_loans,2010-2011,loan_direct__subsidized_graduate_disbursements_n,5661,4964,697,3418341,2910434,507907
direct_loans,2010-2011,loan_direct__subsidized_graduate_disbursements,5661,4964,697,11666746945.0,10013187308.0,1653559637.0
direct_loans,2010-2011,loan_direct__unsubsidized_undergraduate_recipients,5661,4964,697,7328892,6386151,942741
direct_loans,2010-2011,loan_direct__unsubsidized_undergraduate_loans_originated_n,5661,4964,697,8954283,7733369,1220914
direct_loans,2010-2011,loan_direct__unsubsidized_undergraduate_loans_originated_amt,5661,4964,697,31648464326.0,27044077764.0,4604386562.0
direct_loans,2010-2011,loan_direct__unsubsidized_undergraduate_disbursements_n,5661,4964,697,16723264,14368067,2355197
direct_loans,2010-2011,loan_direct__unsubsidized_undergraduate_disbursements,5661,4964,697,30688797732.0,26206905248.0,4481892484.0
direct_loans,2010-2011,loan_direct__unsubsidized_graduate_recipients,5661,4964,697,1360618,1166039,194579
direct_loans,2010-2011,loan_direct__unsubsidized_graduate_loans_originated_n,5661,4964,697,1762786,1508863,253923
direct_loans,2010-2011,loan_direct__unsubsidized_graduate_loans_originated_amt,5661,4964,697,16737439162.0,14525868824.0,2211570338.0
direct_loans,2010-2011,loan_direct__unsubsidized_graduate_disbursements_n,5661,4964,697,3305668,2805035,500633
direct_loans,2010-2011,loan_direct__unsubsidized_graduate_disbursements,5661,4964,697,16492549926.0,14333286692.0,2159263234.0
direct_loans,2011-2012,loan_direct__subsidized_recipients,5670,5135,535,,,
direct_loans,2011-2012,loan_direct__subsidized_loans_originated_n,5670,5135,535,,,
direct_loans,2011-2012,loan_direct__subsidized_loans_originated_amt,5670,5135,535,,,
direct_loans,2011-2012,loan_direct__subsidized_disbursements_n,5670,5135,535,,,
direct_loans,2011-2012,loan_direct__subsidized_disbursements,5670,5135,535,,,
direct_loans,2011-2012,loan_direct__unsubsidized_recipients,5670,5135,535,,,
direct_loans,2011-2012,loan_direct__unsubsidized_loans_originated_n,5670,5135,535,,,
direct_loans,2011-2012,loan_direct__unsubsidized_loans_originated_amt,5670,5135,535,,,
direct_loans,2011-2012,loan_direct__unsubsidized_disbursements_n,5670,5135,535,,,
direct_loans,2011-2012,loan_direct__unsubsidized_disbursements,5670,5135,535,,,
direct_loans,2011-2012,loan_direct__plus_recipients,5670,5135,535,,,
direct_loans,2011-2012,loan_direct__plus_loans_originated_n,5670,5135,535,,,
direct_loans,2011-2012,loan_direct__plus_loans_originated_amt,5670,5135,535,,,
direct_loans,2011-2012,loan_direct__plus_disbursements_n,5670,5135,535,,,
direct_loans,2011-2012,loan_direct__plus_disbursements,5670,5135,535,,,
direct_loans,2011-2012,loan_direct__grad_plus_recipients,5670,5135,535,355358,331337,24021
direct_loans,2011-2012,loan_direct__grad_plus_loans_originated_n,5670,5135,535,497083,464137,32946
direct_loans,2011-2012,loan_direct__grad_plus_loans_originated_amt,5670,5135,535,7556009903.0,6879512141.0,676497762.0
direct_loans,2011-2012,loan_direct__grad_plus_disbursements_n,5670,5135,535,898496,837816,60680
direct_loans,2011-2012,loan_direct__grad_plus_disbursements,5670,5135,535,7479408838.0,6808738078.0,670670760.0
direct_loans,2011-2012,loan_direct__parent_plus_recipients,5670,5135,535,869307,833747,35560
direct_loans,2011-2012,loan_direct__parent_plus_loans_originated_n,5670,5135,535,980449,939533,40916
direct_loans,2011-2012,loan_direct__parent_plus_loans_originated_amt,5670,5135,535,11266015024.0,10789054541.0,476960483.0
direct_loans,2011-2012,loan_direct__parent_plus_disbursements_n,5670,5135,535,1843421,1758268,85153
direct_loans,2011-2012,loan_direct__parent_plus_disbursements,5670,5135,535,11076472408.0,10607551292.0,468921116.0
direct_loans,2011-2012,loan_direct__subsidized_undergraduate_recipients,5670,5135,535,7843575,7541037,302538
direct_loans,2011-2012,loan_direct__subsidized_undergraduate_loans_originated_n,5670,5135,535,9007805,8635762,372043
direct_loans,2011-2012,loan_direct__subsidized_undergraduate_loans_originated_amt,5670,5135,535,29516231848.0,28343841378.0,1172390470.0
direct_loans,2011-2012,loan_direct__subsidized_undergraduate_disbursements_n,5670,5135,535,16580712,15826014,754698
direct_loans,2011-2012,loan_direct__subsidized_undergraduate_disbursements,5670,5135,535,28973143466.0,27817748595.0,1155394871.0
direct_loans,2011-2012,loan_direct__subsidized_graduate_recipients,5670,5135,535,1496110,1401052,95058
direct_loans,2011-2012,loan_direct__subsidized_graduate_loans_originated_n,5670,5135,535,1792336,1672754,119582
direct_loans,2011-2012,loan_direct__subsidized_graduate_loans_originated_amt,5670,5135,535,11735707238.0,10969094326.0,766612912.0
direct_loans,2011-2012,loan_direct__subsidized_graduate_disbursements_n,5670,5135,535,3375175,3121421,253754
direct_loans,2011-2012,loan_direct__subsidized_graduate_disbursements,5670,5135,535,11601375363.0,10858192170.0,743183193.0
direct_loans,2011-2012,loan_direct__unsubsidized_undergraduate_recipients,5670,5135,535,7341322,7041350,299972
direct_loans,2011-2012,loan_direct__unsubsidized_undergraduate_loans_originated_n,5670,5135,535,8855975,8484581,371394
direct_loans,2011-2012,loan_direct__unsubsidized_undergraduate_loans_originated_amt,5670,5135,535,31266270294.0,29824272921.0,1441997373.0
direct_loans,2011-2012,loan_direct__unsubsidized_undergraduate_disbursements_n,5670,5135,535,16339467,15585611,753856
direct_loans,2011-2012,loan_direct__unsubsidized_undergraduate_disbursements,5670,5135,535,30492581932.0,29077992855.0,1414589077.0
direct_loans,2011-2012,loan_direct__unsubsidized_graduate_recipients,5670,5135,535,1364704,1272753,91951
direct_loans,2011-2012,loan_direct__unsubsidized_graduate_loans_originated_n,5670,5135,535,1752034,1630774,121260
direct_loans,2011-2012,loan_direct__unsubsidized_graduate_loans_originated_amt,5670,5135,535,16709375542.0,15702140769.0,1007234773.0
direct_loans,2011-2012,loan_direct__unsubsidized_graduate_disbursements_n,5670,5135,535,3276370,3018149,258221
direct_loans,2011-2012,loan_direct__unsubsidized_graduate_disbursements,5670,5135,535,16464877431.0,15489734247.0,975143184.0
direct_loans,2012-2013,loan_direct__subsidized_recipients,5650,5141,509,7523116,7216975,306141
direct_loans,2012-2013,loan_direct__subsidized_loans_originated_n,5650,5141,509,8595446,8221798,373648
direct_loans,2012-2013,loan_direct__subsidized_loans_originated_amt,5650,5141,509,28352564795.0,27151833380.0,1200731415.0
direct_loans,2012-2013,loan_direct__subsidized_disbursements_n,5650,5141,509,15885147,15111830,773317
direct_loans,2012-2013,loan_direct__subsidized_disbursements,5650,5141,509,27800701695.0,26615938241.0,1184763454.0
direct_loans,2012-2013,loan_direct__unsubsidized_recipients,5650,5141,509,,,
direct_loans,2012-2013,loan_direct__unsubsidized_loans_originated_n,5650,5141,509,,,
direct_loans,2012-2013,loan_direct__unsubsidized_loans_originated_amt,5650,5141,509,,,
direct_loans,2012-2013,loan_direct__unsubsidized_disbursements_n,5650,5141,509,,,
direct_loans,2012-2013,loan_direct__unsubsidized_disbursements,5650,5141,509,,,
direct_loans,2012-2013,loan_direct__plus_recipients,5650,5141,509,,,
direct_loans,2012-2013,loan_direct__plus_loans_originated_n,5650,5141,509,,,
direct_loans,2012-2013,loan_direct__plus_loans_originated_amt,5650,5141,509,,,
direct_loans,2012-2013,loan_direct__plus_disbursements_n,5650,5141,509,,,
direct_loans,2012-2013,loan_direct__plus_disbursements,5650,5141,509,,,
direct_loans,2012-2013,loan_direct__grad_plus_recipients,5650,5141,509,347623,322828,24795
direct_loans,2012-2013,loan_direct__grad_plus_loans_originated_n,5650,5141,509,487827,454958,32869
direct_loans,2012-2013,loan_direct__grad_plus_loans_originated_amt,5650,5141,509,7698637360.0,6935384044.0,763253316.0
direct_loans,2012-2013,loan_direct__grad_plus_disbursements_n,5650,5141,509,872546,810890,61656
direct_loans,2012-2013,loan_direct__grad_plus_disbursements,5650,5141,509,7603795406.0,6848737707.0,755057699.0
direct_loans,2012-2013,loan_direct__parent_plus_recipients,5650,5141,509,706886,668806,38080
direct_loans,2012-2013,loan_direct__parent_plus_loans_originated_n,5650,5141,509,808887,763828,45059
direct_loans,2012-2013,loan_direct__parent_plus_loans_originated_amt,5650,5141,509,10021810038.0,9428806045.0,593003993.0
direct_loans,2012-2013,loan_direct__parent_plus_disbursements_n,5650,5141,509,1493943,1406837,87106
direct_loans,2012-2013,loan_direct__parent_plus_disbursements,5650,5141,509,9821170663.0,9238202130.0,582968533.0
direct_loans,2012-2013,loan_direct__subsidized_undergraduate_recipients,5650,5141,509,,,
direct_loans,2012-2013,loan_direct__subsidized_undergraduate_loans_originated_n,5650,5141,509,,,
direct_loans,2012-2013,loan_direct__subsidized_undergraduate_loans_originated_amt,5650,5141,509,,,
direct_loans,2012-2013,loan_direct__subsidized_undergraduate_disbursements_n,5650,5141,509,,,
direct_loans,2012-2013,loan_direct__subsidized_undergraduate_disbursements,5650,5141,509,,,
direct_loans,2012-2013,loan_direct__subsidized_graduate_recipients,5650,5141,509,,,
direct_loans,2012-2013,loan_direct__subsidized_graduate_loans_originated_n,5650,5141,509,,,
direct_loans,2012-2013,loan_direct__subsidized_graduate_loans_originated_amt,5650,5141,509,,,
direct_loans,2012-2013,loan_direct__subsidized_graduate_disbursements_n,5650,5141,509,,,
direct_loans,2012-2013,loan_direct__subsidized_graduate_disbursements,5650,5141,509,,,
direct_loans,2012-2013,loan_direct__unsubsidized_undergraduate_recipients,5650,5141,509,7042518,6732133,310385
direct_loans,2012-2013,loan_direct__unsubsidized_undergraduate_loans_originated_n,5650,5141,509,8476286,8093813,382473
direct_loans,2012-2013,loan_direct__unsubsidized_undergraduate_loans_originated_amt,5650,5141,509,30312440820.0,28842839014.0,1469601806.0
direct_loans,2012-2013,loan_direct__unsubsidized_undergraduate_disbursements_n,5650,5141,509,15674194,14880396,793798
direct_loans,2012-2013,loan_direct__unsubsidized_undergraduate_disbursements,5650,5141,509,29519016303.0,28079049030.0,1439967273.0
direct_loans,2012-2013,loan_direct__unsubsidized_graduate_recipients,5650,5141,509,1506208,1410696,95512
direct_loans,2012-2013,loan_direct__unsubsidized_graduate_loans_originated_n,5650,5141,509,1983991,1843144,140847
direct_loans,2012-2013,loan_direct__unsubsidized_graduate_loans_originated_amt,5650,5141,509,27408192207.0,25717516243.0,1690675964.0
direct_loans,2012-2013,loan_direct__unsubsidized_graduate_disbursements_n,5650,5141,509,3654124,3349602,304522
direct_loans,2012-2013,loan_direct__unsubsidized_graduate_disbursements,5650,5141,509,26975169854.0,25314525955.0,1660643899.0
direct_loans,2013-2014,loan_direct__subsidized_recipients,5516,5000,516,7129401,6742422,386979
direct_loans,2013-2014,loan_direct__subsidized_loans_originated_n,5516,5000,516,8145631,7654164,491467
direct_loans,2013-2014,loan_direct__subsidized_loans_originated_amt,5516,5000,516,26711780468.0,25207538531.0,1504241937.0
direct_loans,2013-2014,loan_direct__subsidized_disbursements_n,5516,5000,516,15482658,14409254,1073404
direct_loans,2013-2014,loan_direct__subsidized_disbursements,5516,5000,516,26442801449.0,24948889781.0,1493911668.0
direct_loans,2013-2014,loan_direct__unsubsidized_recipients,5516,5000,516,,,
direct_loans,2013-2014,loan_direct__unsubsidized_loans_originated_n,5516,5000,516,,,
direct_loans,2013-2014,loan_direct__unsubsidized_loans_originated_amt,5516,5000,516,,,
direct_loans,2013-2014,loan_direct__unsubsidized_disbursements_n,5516,5000,516,,,
direct_loans,2013-2014,loan_direct__unsubsidized_disbursements,5516,5000,516,,,
direct_loans,2013-2014,loan_direct__plus_recipients,5516,5000,516,,,
direct_loans,2013-2014,loan_direct__plus_loans_originated_n,5516,5000,516,,,
direct_loans,2013-2014,loan_direct__plus_loans_originated_amt,5516,5000,516,,,
direct_loans,2013-2014,loan_direct__plus_disbursements_n,5516,5000,516,,,
direct_loans,2013-2014,loan_direct__plus_disbursements,5516,5000,516,,,
direct_loans,2013-2014,loan_direct__grad_plus_recipients,5516,5000,516,354646,328840,25806
direct_loans,2013-2014,loan_direct__grad_plus_loans_originated_n,5516,5000,516,500701,465698,35003
direct_loans,2013-2014,loan_direct__grad_plus_loans_originated_amt,5516,5000,516,8136361229.0,7292851107.0,843510122.0
direct_loans,2013-2014,loan_direct__grad_plus_disbursements_n,5516,5000,516,931068,863252,67816
direct_loans,2013-2014,loan_direct__grad_plus_disbursements,5516,5000,516,8107826001.0,7266163579.0,841662422.0
direct_loans,2013-2014,loan_direct__parent_plus_recipients,5516,5000,516,716999,675824,41175
direct_loans,2013-2014,loan_direct__parent_plus_loans_originated_n,5516,5000,516,821175,771970,49205
direct_loans,2013-2014,loan_direct__parent_plus_loans_originated_amt,5516,5000,516,10323313585.0,9683140457.0,640173128.0
direct_loans,2013-2014,loan_direct__parent_plus_disbursements_n,5516,5000,516,1545030,1446716,98314
direct_loans,2013-2014,loan_direct__parent_plus_disbursements,5516,5000,516,10283530865.0,9644661892.0,638868973.0
direct_loans,2013-2014,loan_direct__subsidized_undergraduate_recipients,5516,5000,516,,,
direct_loans,2013-2014,loan_direct__subsidized_undergraduate_loans_originated_n,5516,5000,516,,,
direct_loans,2013-2014,loan_direct__subsidized_undergraduate_loans_originated_amt,5516,5000,516,,,
direct_loans,2013-2014,loan_direct__subsidized_undergraduate_disbursements_n,5516,5000,516,,,
direct_loans,2013-2014,loan_direct__subsidized_undergraduate_disbursements,5516,5000,516,,,
direct_loans,2013-2014,loan_direct__subsidized_graduate_recipients,5516,5000,516,,,
direct_loans,2013-2014,loan_direct__subsidized_graduate_loans_originated_n,5516,5000,516,,,
direct_loans,2013-2014,loan_direct__subsidized_graduate_loans_originated_amt,5516,5000,516,,,
direct_loans,2013-2014,loan_direct__subsidized_graduate_disbursements_n,5516,5000,516,,,
direct_loans,2013-2014,loan_direct__subsidized_graduate_disbursements,5516,5000,516,,,
direct_loans,2013-2014,loan_direct__unsubsidized_undergraduate_recipients,5516,5000,516,6698609,6311145,387464
direct_loans,2013-2014,loan_direct__unsubsidized_undergraduate_loans_originated_n,5516,5000,516,8038753,7533428,505325
direct_loans,2013-2014,loan_direct__unsubsidized_undergraduate_loans_originated_amt,5516,5000,516,28388177649.0,26534599604.0,1853578045.0
direct_loans,2013-2014,loan_direct__unsubsidized_undergraduate_disbursements_n,5516,5000,516,15330485,14216529,1113956
direct_loans,2013-2014,loan_direct__unsubsidized_undergraduate_disbursements,5516,5000,516,28008719529.0,26172456975.0,1836262554.0
direct_loans,2013-2014,loan_direct__unsubsidized_graduate_recipients,5516,5000,516,1491879,1388699,103180
direct_loans,2013-2014,loan_direct__unsubsidized_graduate_loans_originated_n,5516,5000,516,1960983,1818023,142960
direct_loans,2013-2014,loan_direct__unsubsidized_graduate_loans_originated_amt,5516,5000,516,27463249325.0,25675253931.0,1787995394.0
direct_loans,2013-2014,loan_direct__unsubsidized_graduate_disbursements_n,5516,5000,516,3697798,3382136,315662
direct_loans,2013-2014,loan_direct__unsubsidized_graduate_disbursements,5516,5000,516,27316191835.0,25533676930.0,1782514905.0
direct_loans,2014-2015,loan_direct__subsidized_recipients,5473,4986,487,6654261,6206212,448049
direct_loans,2014-2015,loan_direct__subsidized_loans_originated_n,5473,4986,487,7557055,7021707,535348
direct_loans,2014-2015,loan_direct__subsidized_loans_originated_amt,5473,4986,487,24830840422.0,23125118038.0,1705722384.0
direct_loans,2014-2015,loan_direct__subsidized_disbursements_n,5473,4986,487,14386817,13322037,1064780
direct_loans,2014-2015,loan_direct__subsidized_disbursements,5473,4986,487,24661724006.0,22958791207.0,1702932799.0
direct_loans,2014-2015,loan_direct__unsubsidized_recipients,5473,4986,487,,,
direct_loans,2014-2015,loan_direct__unsubsidized_loans_originated_n,5473,4986,487,,,
direct_loans,2014-2015,loan_direct__unsubsidized_loans_originated_amt,5473,4986,487,,,
direct_loans,2014-2015,loan_direct__unsubsidized_disbursements_n,5473,4986,487,,,
direct_loans,2014-2015,loan_direct__unsubsidized_disbursements,5473,4986,487,,,
direct_loans,2014-2015,loan_direct__plus_recipients,5473,4986,487,,,
direct_loans,2014-2015,loan_direct__plus_loans_originated_n,5473,4986,487,,,
direct_loans,2014-2015,loan_direct__plus_loans_originated_amt,5473,4986,487,,,
direct_loans,2014-2015,loan_direct__plus_disbursements_n,5473,4986,487,,,
direct_loans,2014-2015,loan_direct__plus_disbursements,5473,4986,487,,,
direct_loans,2014-2015,loan_direct__grad_plus_recipients,5473,4986,487,362579,334399,28180
direct_loans,2014-2015,loan_direct__grad_plus_loans_originated_n,5473,4986,487,512001,473557,38444
direct_loans,2014-2015,loan_direct__grad_plus_loans_originated_amt,5473,4986,487,8380439924.0,7461430053.0,919009871.0
direct_loans,2014-2015,loan_direct__grad_plus_disbursements_n,5473,4986,487,941163,870041,71122
direct_loans,2014-2015,loan_direct__grad_plus_disbursements,5473,4986,487,8350949290.0,7434312981.0,916636309.0
direct_loans,2014-2015,loan_direct__parent_plus_recipients,5473,4986,487,737401,695984,41417
direct_loans,2014-2015,loan_direct__parent_plus_loans_originated_n,5473,4986,487,845464,796048,49416
direct_loans,2014-2015,loan_direct__parent_plus_loans_originated_amt,5473,4986,487,10750769840.0,10091542138.0,659227702.0
direct_loans,2014-2015,loan_direct__parent_plus_disbursements_n,5473,4986,487,1579779,1483216,96563
direct_loans,2014-2015,loan_direct__parent_plus_disbursements,5473,4986,487,10716397420.0,10058107486.0,658289934.0
direct_loans,2014-2015,loan_direct__subsidized_undergraduate_recipients,5473,4986,487,,,
direct_loans,2014-2015,loan_direct__subsidized_undergraduate_loans_originated_n,5473,4986,487,,,
direct_loans,2014-2015,loan_direct__subsidized_undergraduate_loans_originated_amt,5473,4986,487,,,
direct_loans,2014-2015,loan_direct__subsidized_undergraduate_disbursements_n,5473,4986,487,,,
direct_loans,2014-2015,loan_direct__subsidized_undergraduate_disbursements,5473,4986,487,,,
direct_loans,2014-2015,loan_direct__subsidized_graduate_recipients,5473,4986,487,,,
direct_loans,2014-2015,loan_direct__subsidized_graduate_loans_originated_n,5473,4986,487,,,
direct_loans,2014-2015,loan_direct__subsidized_graduate_loans_originated_amt,5473,4986,487,,,
direct_loans,2014-2015,loan_direct__subsidized_graduate_disbursements_n,5473,4986,487,,,
direct_loans,2014-2015,loan_direct__subsidized_graduate_disbursements,5473,4986,487,,,
direct_loans,2014-2015,loan_direct__unsubsidized_undergraduate_recipients,5473,4986,487,6315642,5873946,441696
direct_loans,2014-2015,loan_direct__unsubsidized_undergraduate_loans_originated_n,5473,4986,487,7512720,6971686,541034
direct_loans,2014-2015,loan_direct__unsubsidized_undergraduate_loans_originated_amt,5473,4986,487,26361721653.0,24286101385.0,2075620268.0
direct_loans,2014-2015,loan_direct__unsubsidized_undergraduate_disbursements_n,5473,4986,487,14338142,13250022,1088120
direct_loans,2014-2015,loan_direct__unsubsidized_undergraduate_disbursements,5473,4986,487,26142398474.0,24070912357.0,2071486117.0
direct_loans,2014-2015,loan_direct__unsubsidized_graduate_recipients,5473,4986,487,1459558,1344397,115161
direct_loans,2014-2015,loan_direct__unsubsidized_graduate_loans_originated_n,5473,4986,487,1904222,1754850,149372
direct_loans,2014-2015,loan_direct__unsubsidized_graduate_loans_originated_amt,5473,4986,487,26699399923.0,24659539337.0,2039860586.0
direct_loans,2014-2015,loan_direct__unsubsidized_graduate_disbursements_n,5473,4986,487,3596094,3298128,297966
direct_loans,2014-2015,loan_direct__unsubsidized_graduate_disbursements,5473,4986,487,26586148046.0,24548569353.0,2037578693.0
direct_loans,2015-2016,loan_direct__subsidized_recipients,5441,4952,489,6148837,5850254,298583
direct_loans,2015-2016,loan_direct__subsidized_loans_originated_n,5441,4952,489,6947128,6597747,349381
direct_loans,2015-2016,loan_direct__subsidized_loans_originated_amt,5441,4952,489,22965884778.0,21808844823.0,1157039955.0
direct_loans,2015-2016,loan_direct__subsidized_disbursements_n,5441,4952,489,13336983,12615311,721672
direct_loans,2015-2016,loan_direct__subsidized_disbursements,5441,4952,489,22954854305.0,21798389010.0,1156465295.0
direct_loans,2015-2016,loan_direct__unsubsidized_recipients,5441,4952,489,,,
direct_loans,2015-2016,loan_direct__unsubsidized_loans_originated_n,5441,4952,489,,,
direct_loans,2015-2016,loan_direct__unsubsidized_loans_originated_amt,5441,4952,489,,,
direct_loans,2015-2016,loan_direct__unsubsidized_disbursements_n,5441,4952,489,,,
direct_loans,2015-2016,loan_direct__unsubsidized_disbursements,5441,4952,489,,,
direct_loans,2015-2016,loan_direct__plus_recipients,5441,4952,489,,,
direct_loans,2015-2016,loan_direct__plus_loans_originated_n,5441,4952,489,,,
direct_loans,2015-2016,loan_direct__plus_loans_originated_amt,5441,4952,489,,,
direct_loans,2015-2016,loan_direct__plus_disbursements_n,5441,4952,489,,,
direct_loans,2015-2016,loan_direct__plus_disbursements,5441,4952,489,,,
direct_loans,2015-2016,loan_direct__grad_plus_recipients,5441,4952,489,381000,352232,28768
direct_loans,2015-2016,loan_direct__grad_plus_loans_originated_n,5441,4952,489,538712,499733,38979
direct_loans,2015-2016,loan_direct__grad_plus_loans_originated_amt,5441,4952,489,8843679124.0,7857210678.0,986468446.0
direct_loans,2015-2016,loan_direct__grad_plus_disbursements_n,5441,4952,489,991709,916892,74817
direct_loans,2015-2016,loan_direct__grad_plus_disbursements,5441,4952,489,8842963048.0,7856566796.0,986396252.0
direct_loans,2015-2016,loan_direct__parent_plus_recipients,5441,4952,489,847027,800846,46181
direct_loans,2015-2016,loan_direct__parent_plus_loans_originated_n,5441,4952,489,970998,916506,54492
direct_loans,2015-2016,loan_direct__parent_plus_loans_originated_amt,5441,4952,489,11963211904.0,11247652629.0,715559275.0
direct_loans,2015-2016,loan_direct__parent_plus_disbursements_n,5441,4952,489,1816130,1711124,105006
direct_loans,2015-2016,loan_direct__parent_plus_disbursements,5441,4952,489,11961759369.0,11246352934.0,715406435.0
direct_loans,2015-2016,loan_direct__subsidized_undergraduate_recipients,5441,4952,489,,,
direct_loans,2015-2016,loan_direct__subsidized_undergraduate_loans_originated_n,5441,4952,489,,,
direct_loans,2015-2016,loan_direct__subsidized_undergraduate_loans_originated_amt,5441,4952,489,,,
direct_loans,2015-2016,loan_direct__subsidized_undergraduate_disbursements_n,5441,4952,489,,,
direct_loans,2015-2016,loan_direct__subsidized_undergraduate_disbursements,5441,4952,489,,,
direct_loans,2015-2016,loan_direct__subsidized_graduate_recipients,5441,4952,489,,,
direct_loans,2015-2016,loan_direct__subsidized_graduate_loans_originated_n,5441,4952,489,,,
direct_loans,2015-2016,loan_direct__subsidized_graduate_loans_originated_amt,5441,4952,489,,,
direct_loans,2015-2016,loan_direct__subsidized_graduate_disbursements_n,5441,4952,489,,,
direct_loans,2015-2016,loan_direct__subsidized_graduate_disbursements,5441,4952,489,,,
direct_loans,2015-2016,loan_direct__unsubsidized_undergraduate_recipients,5441,4952,489,5924552,5618341,306211
direct_loans,2015-2016,loan_direct__unsubsidized_undergraduate_loans_originated_n,5441,4952,489,6901200,6542390,358810
direct_loans,2015-2016,loan_direct__unsubsidized_undergraduate_loans_originated_amt,5441,4952,489,24107930073.0,22784469209.0,1323460864.0
direct_loans,2015-2016,loan_direct__unsubsidized_undergraduate_disbursements_n,5441,4952,489,13276123,12527461,748662
direct_loans,2015-2016,loan_direct__unsubsidized_undergraduate_disbursements,5441,4952,489,24090667959.0,22768371896.0,1322296063.0
direct_loans,2015-2016,loan_direct__unsubsidized_graduate_recipients,5441,4952,489,1450038,1358009,92029
direct_loans,2015-2016,loan_direct__unsubsidized_graduate_loans_originated_n,5441,4952,489,1890658,1773806,116852
direct_loans,2015-2016,loan_direct__unsubsidized_graduate_loans_originated_amt,5441,4952,489,26638612267.0,24918165093.0,1720447174.0
direct_loans,2015-2016,loan_direct__unsubsidized_graduate_disbursements_n,5441,4952,489,3609260,3356393,252867
direct_loans,2015-2016,loan_direct__unsubsidized_graduate_disbursements,5441,4952,489,26632658753.0,24912462993.0,1720195760.0
direct_loans,2016-2017,loan_direct__subsidized_recipients,5339,4870,469,5762709,5543593,219116
direct_loans,2016-2017,loan_direct__subsidized_loans_originated_n,5339,4870,469,6513890,6259489,254401
direct_loans,2016-2017,loan_direct__subsidized_loans_originated_amt,5339,4870,469,21668950009.0,20773408180.0,895541829.0
direct_loans,2016-2017,loan_direct__subsidized_disbursements_n,5339,4870,469,12434051,11896731,537320
direct_loans,2016-2017,loan_direct__subsidized_disbursements,5339,4870,469,21653374526.0,20758948422.0,894426104.0
direct_loans,2016-2017,loan_direct__unsubsidized_recipients,5339,4870,469,,,
direct_loans,2016-2017,loan_direct__unsubsidized_loans_originated_n,5339,4870,469,,,
direct_loans,2016-2017,loan_direct__unsubsidized_loans_originated_amt,5339,4870,469,,,
direct_loans,2016-2017,loan_direct__unsubsidized_disbursements_n,5339,4870,469,,,
direct_loans,2016-2017,loan_direct__unsubsidized_disbursements,5339,4870,469,,,
direct_loans,2016-2017,loan_direct__plus_recipients,5339,4870,469,,,
direct_loans,2016-2017,loan_direct__plus_loans_originated_n,5339,4870,469,,,
direct_loans,2016-2017,loan_direct__plus_loans_originated_amt,5339,4870,469,,,
direct_loans,2016-2017,loan_direct__plus_disbursements_n,5339,4870,469,,,
direct_loans,2016-2017,loan_direct__plus_disbursements,5339,4870,469,,,
direct_loans,2016-2017,loan_direct__grad_plus_recipients,5339,4870,469,404454,376287,28167
direct_loans,2016-2017,loan_direct__grad_plus_loans_originated_n,5339,4870,469,575122,537112,38010
direct_loans,2016-2017,loan_direct__grad_plus_loans_originated_amt,5339,4870,469,9647639863.0,8667573171.0,980066692.0
direct_loans,2016-2017,loan_direct__grad_plus_disbursements_n,5339,4870,469,1058741,985949,72792
direct_loans,2016-2017,loan_direct__grad_plus_disbursements,5339,4870,469,9645335408.0,8665317046.0,980018362.0
direct_loans,2016-2017,loan_direct__parent_plus_recipients,5339,4870,469,855601,815612,39989
direct_loans,2016-2017,loan_direct__parent_plus_loans_originated_n,5339,4870,469,982688,934467,48221
direct_loans,2016-2017,loan_direct__parent_plus_loans_originated_amt,5339,4870,469,12569788229.0,11875337815.0,694450414.0
direct_loans,2016-2017,loan_direct__parent_plus_disbursements_n,5339,4870,469,1829691,1738585,91106
direct_loans,2016-2017,loan_direct__parent_plus_disbursements,5339,4870,469,12567249387.0,11872865854.0,694383533.0
direct_loans,2016-2017,loan_direct__subsidized_undergraduate_recipients,5339,4870,469,,,
direct_loans,2016-2017,loan_direct__subsidized_undergraduate_loans_originated_n,5339,4870,469,,,
direct_loans,2016-2017,loan_direct__subsidized_undergraduate_loans_originated_amt,5339,4870,469,,,
direct_loans,2016-2017,loan_direct__subsidized_undergraduate_disbursements_n,5339,4870,469,,,
direct_loans,2016-2017,loan_direct__subsidized_undergraduate_disbursements,5339,4870,469,,,
direct_loans,2016-2017,loan_direct__subsidized_graduate_recipients,5339,4870,469,,,
direct_loans,2016-2017,loan_direct__subsidized_graduate_loans_originated_n,5339,4870,469,,,
direct_loans,2016-2017,loan_direct__subsidized_graduate_loans_originated_amt,5339,4870,469,,,
direct_loans,2016-2017,loan_direct__subsidized_graduate_disbursements_n,5339,4870,469,,,
direct_loans,2016-2017,loan_direct__subsidized_graduate_disbursements,5339,4870,469,,,
direct_loans,2016-2017,loan_direct__unsubsidized_undergraduate_recipients,5339,4870,469,5640806,5415416,225390
direct_loans,2016-2017,loan_direct__unsubsidized_undergraduate_loans_originated_n,5339,4870,469,6552080,6287849,264231
direct_loans,2016-2017,loan_direct__unsubsidized_undergraduate_loans_originated_amt,5339,4870,469,22911901752.0,21918343073.0,993558679.0
direct_loans,2016-2017,loan_direct__unsubsidized_undergraduate_disbursements_n,5339,4870,469,12580908,12018031,562877
direct_loans,2016-2017,loan_direct__unsubsidized_undergraduate_disbursements,5339,4870,469,22892223206.0,21900121360.0,992101846.0
direct_loans,2016-2017,loan_direct__unsubsidized_graduate_recipients,5339,4870,469,1455830,1368018,87812
direct_loans,2016-2017,loan_direct__unsubsidized_graduate_loans_originated_n,5339,4870,469,1907671,1794891,112780
direct_loans,2016-2017,loan_direct__unsubsidized_graduate_loans_originated_amt,5339,4870,469,27041076276.0,25404810174.0,1636266102.0
direct_loans,2016-2017,loan_direct__unsubsidized_graduate_disbursements_n,5339,4870,469,3646755,3399349,247406
direct_loans,2016-2017,loan_direct__unsubsidized_graduate_disbursements,5339,4870,469,27025284075.0,25390286556.0,1634997519.0
direct_loans,2017-2018,loan_direct__subsidized_recipients,5249,4780,469,5531282,5300764,230518
direct_loans,2017-2018,loan_direct__subsidized_loans_originated_n,5249,4780,469,6232467,5966927,265540
direct_loans,2017-2018,loan_direct__subsidized_loans_originated_amt,5249,4780,469,20910311694.0,19966040882.0,944270812.0
direct_loans,2017-2018,loan_direct__subsidized_disbursements_n,5249,4780,469,11858375,11302802,555573
direct_loans,2017-2018,loan_direct__subsidized_disbursements,5249,4780,469,20907200615.0,19964091344.0,943109271.0
direct_loans,2017-2018,loan_direct__unsubsidized_recipients,5249,4780,469,,,
direct_loans,2017-2018,loan_direct__unsubsidized_loans_originated_n,5249,4780,469,,,
direct_loans,2017-2018,loan_direct__unsubsidized_loans_originated_amt,5249,4780,469,,,
direct_loans,2017-2018,loan_direct__unsubsidized_disbursements_n,5249,4780,469,,,
direct_loans,2017-2018,loan_direct__unsubsidized_disbursements,5249,4780,469,,,
direct_loans,2017-2018,loan_direct__plus_recipients,5249,4780,469,,,
direct_loans,2017-2018,loan_direct__plus_loans_originated_n,5249,4780,469,,,
direct_loans,2017-2018,loan_direct__plus_loans_originated_amt,5249,4780,469,,,
direct_loans,2017-2018,loan_direct__plus_disbursements_n,5249,4780,469,,,
direct_loans,2017-2018,loan_direct__plus_disbursements,5249,4780,469,,,
direct_loans,2017-2018,loan_direct__grad_plus_recipients,5249,4780,469,417247,388518,28729
direct_loans,2017-2018,loan_direct__grad_plus_loans_originated_n,5249,4780,469,597296,556981,40315
direct_loans,2017-2018,loan_direct__grad_plus_loans_originated_amt,5249,4780,469,10294965765.0,9261768231.0,1033197534.0
direct_loans,2017-2018,loan_direct__grad_plus_disbursements_n,5249,4780,469,1099552,1020854,78698
direct_loans,2017-2018,loan_direct__grad_plus_disbursements,5249,4780,469,10294544039.0,9261346505.0,1033197534.0
direct_loans,2017-2018,loan_direct__parent_plus_recipients,5249,4780,469,838794,797691,41103
direct_loans,2017-2018,loan_direct__parent_plus_loans_originated_n,5249,4780,469,964173,914830,49343
direct_loans,2017-2018,loan_direct__parent_plus_loans_originated_amt,5249,4780,469,12747564294.0,12016297560.0,731266734.0
direct_loans,2017-2018,loan_direct__parent_plus_disbursements_n,5249,4780,469,1786544,1693780,92764
direct_loans,2017-2018,loan_direct__parent_plus_disbursements,5249,4780,469,12747251228.0,12016040213.0,731211015.0
direct_loans,2017-2018,loan_direct__subsidized_undergraduate_recipients,5249,4780,469,,,
direct_loans,2017-2018,loan_direct__subsidized_undergraduate_loans_originated_n,5249,4780,469,,,
direct_loans,2017-2018,loan_direct__subsidized_undergraduate_loans_originated_amt,5249,4780,469,,,
direct_loans,2017-2018,loan_direct__subsidized_undergraduate_disbursements_n,5249,4780,469,,,
direct_loans,2017-2018,loan_direct__subsidized_undergraduate_disbursements,5249,4780,469,,,
direct_loans,2017-2018,loan_direct__subsidized_graduate_recipients,5249,4780,469,,,
direct_loans,2017-2018,loan_direct__subsidized_graduate_loans_originated_n,5249,4780,469,,,
direct_loans,2017-2018,loan_direct__subsidized_graduate_loans_originated_amt,5249,4780,469,,,
direct_loans,2017-2018,loan_direct__subsidized_graduate_disbursements_n,5249,4780,469,,,
direct_loans,2017-2018,loan_direct__subsidized_graduate_disbursements,5249,4780,469,,,
direct_loans,2017-2018,loan_direct__unsubsidized_undergraduate_recipients,5249,4780,469,5401356,5165162,236194
direct_loans,2017-2018,loan_direct__unsubsidized_undergraduate_loans_originated_n,5249,4780,469,6244444,5969621,274823
direct_loans,2017-2018,loan_direct__unsubsidized_undergraduate_loans_originated_amt,5249,4780,469,21655109342.0,20621459571.0,1033649771.0
direct_loans,2017-2018,loan_direct__unsubsidized_undergraduate_disbursements_n,5249,4780,469,11960893,11380406,580487
direct_loans,2017-2018,loan_direct__unsubsidized_undergraduate_disbursements,5249,4780,469,21650768114.0,20618517156.0,1032250958.0
direct_loans,2017-2018,loan_direct__unsubsidized_graduate_recipients,5249,4780,469,1457215,1366735,90480
direct_loans,2017-2018,loan_direct__unsubsidized_graduate_loans_originated_n,5249,4780,469,1889521,1774273,115248
direct_loans,2017-2018,loan_direct__unsubsidized_graduate_loans_originated_amt,5249,4780,469,27123632588.0,25462155501.0,1661477087.0
direct_loans,2017-2018,loan_direct__unsubsidized_graduate_disbursements_n,5249,4780,469,3573343,3316978,256365
direct_loans,2017-2018,loan_direct__unsubsidized_graduate_disbursements,5249,4780,469,27119734187.0,25459730198.0,1660003989.0
direct_loans,2018-2019,loan_direct__subsidized_recipients,5150,4689,461,5230922,4997523,233399
direct_loans,2018-2019,loan_direct__subsidized_loans_originated_n,5150,4689,461,5881466,5613338,268128
direct_loans,2018-2019,loan_direct__subsidized_loans_originated_amt,5150,4689,461,19821131904.0,18879504173.0,941627731.0
direct_loans,2018-2019,loan_direct__subsidized_disbursements_n,5150,4689,461,11174975,10598003,576972
direct_loans,2018-2019,loan_direct__subsidized_disbursements,5150,4689,461,19815898430.0,18875404923.0,940493507.0
direct_loans,2018-2019,loan_direct__unsubsidized_recipients,5150,4689,461,,,
direct_loans,2018-2019,loan_direct__unsubsidized_loans_originated_n,5150,4689,461,,,
direct_loans,2018-2019,loan_direct__unsubsidized_loans_originated_amt,5150,4689,461,,,
direct_loans,2018-2019,loan_direct__unsubsidized_disbursements_n,5150,4689,461,,,
direct_loans,2018-2019,loan_direct__unsubsidized_disbursements,5150,4689,461,,,
direct_loans,2018-2019,loan_direct__plus_recipients,5150,4689,461,,,
direct_loans,2018-2019,loan_direct__plus_loans_originated_n,5150,4689,461,,,
direct_loans,2018-2019,loan_direct__plus_loans_originated_amt,5150,4689,461,,,
direct_loans,2018-2019,loan_direct__plus_disbursements_n,5150,4689,461,,,
direct_loans,2018-2019,loan_direct__plus_disbursements,5150,4689,461,,,
direct_loans,2018-2019,loan_direct__grad_plus_recipients,5150,4689,461,424795,395996,28799
direct_loans,2018-2019,loan_direct__grad_plus_loans_originated_n,5150,4689,461,610237,570618,39619
direct_loans,2018-2019,loan_direct__grad_plus_loans_originated_amt,5150,4689,461,10741172880.0,9693170261.0,1048002619.0
direct_loans,2018-2019,loan_direct__grad_plus_disbursements_n,5150,4689,461,1114258,1041057,73201
direct_loans,2018-2019,loan_direct__grad_plus_disbursements,5150,4689,461,10739031016.0,9691104389.0,1047926627.0
direct_loans,2018-2019,loan_direct__parent_plus_recipients,5150,4689,461,809464,770668,38796
direct_loans,2018-2019,loan_direct__parent_plus_loans_originated_n,5150,4689,461,935725,889429,46296
direct_loans,2018-2019,loan_direct__parent_plus_loans_originated_amt,5150,4689,461,12789039534.0,12077058938.0,711980596.0
direct_loans,2018-2019,loan_direct__parent_plus_disbursements_n,5150,4689,461,1726750,1640144,86606
direct_loans,2018-2019,loan_direct__parent_plus_disbursements,5150,4689,461,12788645695.0,12076764506.0,711881189.0
direct_loans,2018-2019,loan_direct__subsidized_undergraduate_recipients,5150,4689,461,,,
direct_loans,2018-2019,loan_direct__subsidized_undergraduate_loans_originated_n,5150,4689,461,,,
direct_loans,2018-2019,loan_direct__subsidized_undergraduate_loans_originated_amt,5150,4689,461,,,
direct_loans,2018-2019,loan_direct__subsidized_undergraduate_disbursements_n,5150,4689,461,,,
direct_loans,2018-2019,loan_direct__subsidized_undergraduate_disbursements,5150,4689,461,,,
direct_loans,2018-2019,loan_direct__subsidized_graduate_recipients,5150,4689,461,,,
direct_loans,2018-2019,loan_direct__subsidized_graduate_loans_originated_n,5150,4689,461,,,
direct_loans,2018-2019,loan_direct__subsidized_graduate_loans_originated_amt,5150,4689,461,,,
direct_loans,2018-2019,loan_direct__subsidized_graduate_disbursements_n,5150,4689,461,,,
direct_loans,2018-2019,loan_direct__subsidized_graduate_disbursements,5150,4689,461,,,
direct_loans,2018-2019,loan_direct__unsubsidized_undergraduate_recipients,5150,4689,461,5161460,4921943,239517
direct_loans,2018-2019,loan_direct__unsubsidized_undergraduate_loans_originated_n,5150,4689,461,5936562,5658891,277671
direct_loans,2018-2019,loan_direct__unsubsidized_undergraduate_loans_originated_amt,5150,4689,461,20695583221.0,19638369399.0,1057213822.0
direct_loans,2018-2019,loan_direct__unsubsidized_undergraduate_disbursements_n,5150,4689,461,11379826,10776745,603081
direct_loans,2018-2019,loan_direct__unsubsidized_undergraduate_disbursements,5150,4689,461,20687991176.0,19632279962.0,1055711214.0
direct_loans,2018-2019,loan_direct__unsubsidized_graduate_recipients,5150,4689,461,1461254,1372834,88420
direct_loans,2018-2019,loan_direct__unsubsidized_graduate_loans_originated_n,5150,4689,461,1891408,1775384,116024
direct_loans,2018-2019,loan_direct__unsubsidized_graduate_loans_originated_amt,5150,4689,461,27243697774.0,25636093953.0,1607603821.0
direct_loans,2018-2019,loan_direct__unsubsidized_graduate_disbursements_n,5150,4689,461,3582239,3327554,254685
direct_loans,2018-2019,loan_direct__unsubsidized_graduate_disbursements,5150,4689,461,27230757504.0,25624725520.0,1606031984.0
direct_loans,2019-2020,loan_direct__subsidized_recipients,5056,4605,451,4943725,4720800,222925
direct_loans,2019-2020,loan_direct__subsidized_loans_originated_n,5056,4605,451,5568098,5305437,262661
direct_loans,2019-2020,loan_direct__subsidized_loans_originated_amt,5056,4605,451,18844675996.0,17940894285.0,903781711.0
direct_loans,2019-2020,loan_direct__subsidized_disbursements_n,5056,4605,451,10663399,10092362,571037
direct_loans,2019-2020,loan_direct__subsidized_disbursements,5056,4605,451,18841808460.0,17938803818.0,903004642.0
direct_loans,2019-2020,loan_direct__unsubsidized_recipients,5056,4605,451,,,
direct_loans,2019-2020,loan_direct__unsubsidized_loans_originated_n,5056,4605,451,,,
direct_loans,2019-2020,loan_direct__unsubsidized_loans_originated_amt,5056,4605,451,,,
direct_loans,2019-2020,loan_direct__unsubsidized_disbursements_n,5056,4605,451,,,
direct_loans,2019-2020,loan_direct__unsubsidized_disbursements,5056,4605,451,,,
direct_loans,2019-2020,loan_direct__plus_recipients,5056,4605,451,,,
direct_loans,2019-2020,loan_direct__plus_loans_originated_n,5056,4605,451,,,
direct_loans,2019-2020,loan_direct__plus_loans_originated_amt,5056,4605,451,,,
direct_loans,2019-2020,loan_direct__plus_disbursements_n,5056,4605,451,,,
direct_loans,2019-2020,loan_direct__plus_disbursements,5056,4605,451,,,
direct_loans,2019-2020,loan_direct__grad_plus_recipients,5056,4605,451,426521,397715,28806
direct_loans,2019-2020,loan_direct__grad_plus_loans_originated_n,5056,4605,451,616664,574131,42533
direct_loans,2019-2020,loan_direct__grad_plus_loans_originated_amt,5056,4605,451,11217535244.0,10050781309.0,1166753935.0
direct_loans,2019-2020,loan_direct__grad_plus_disbursements_n,5056,4605,451,1117725,1042347,75378
direct_loans,2019-2020,loan_direct__grad_plus_disbursements,5056,4605,451,11216418252.0,10049674694.0,1166743558.0
direct_loans,2019-2020,loan_direct__parent_plus_recipients,5056,4605,451,755150,719711,35439
direct_loans,2019-2020,loan_direct__parent_plus_loans_originated_n,5056,4605,451,864313,822243,42070
direct_loans,2019-2020,loan_direct__parent_plus_loans_originated_amt,5056,4605,451,12353088004.0,11676977991.0,676110013.0
direct_loans,2019-2020,loan_direct__parent_plus_disbursements_n,5056,4605,451,1595021,1516504,78517
direct_loans,2019-2020,loan_direct__parent_plus_disbursements,5056,4605,451,12352813739.0,11676735531.0,676078208.0
direct_loans,2019-2020,loan_direct__subsidized_undergraduate_recipients,5056,4605,451,,,
direct_loans,2019-2020,loan_direct__subsidized_undergraduate_loans_originated_n,5056,4605,451,,,
direct_loans,2019-2020,loan_direct__subsidized_undergraduate_loans_originated_amt,5056,4605,451,,,
direct_loans,2019-2020,loan_direct__subsidized_undergraduate_disbursements_n,5056,4605,451,,,
direct_loans,2019-2020,loan_direct__subsidized_undergraduate_disbursements,5056,4605,451,,,
direct_loans,2019-2020,loan_direct__subsidized_graduate_recipients,5056,4605,451,,,
direct_loans,2019-2020,loan_direct__subsidized_graduate_loans_originated_n,5056,4605,451,,,
direct_loans,2019-2020,loan_direct__subsidized_graduate_loans_originated_amt,5056,4605,451,,,
direct_loans,2019-2020,loan_direct__subsidized_graduate_disbursements_n,5056,4605,451,,,
direct_loans,2019-2020,loan_direct__subsidized_graduate_disbursements,5056,4605,451,,,
direct_loans,2019-2020,loan_direct__unsubsidized_undergraduate_recipients,5056,4605,451,4969688,4737709,231979
direct_loans,2019-2020,loan_direct__unsubsidized_undergraduate_loans_originated_n,5056,4605,451,5711394,5438731,272663
direct_loans,2019-2020,loan_direct__unsubsidized_undergraduate_loans_originated_amt,5056,4605,451,20323360221.0,19281558393.0,1041801828.0
direct_loans,2019-2020,loan_direct__unsubsidized_undergraduate_disbursements_n,5056,4605,451,11036679,10437713,598966
direct_loans,2019-2020,loan_direct__unsubsidized_undergraduate_disbursements,5056,4605,451,20318771296.0,19278190417.0,1040580879.0
direct_loans,2019-2020,loan_direct__unsubsidized_graduate_recipients,5056,4605,451,1444892,1358799,86093
direct_loans,2019-2020,loan_direct__unsubsidized_graduate_loans_originated_n,5056,4605,451,1878638,1762315,116323
direct_loans,2019-2020,loan_direct__unsubsidized_graduate_loans_originated_amt,5056,4605,451,27304237646.0,25727306869.0,1576930777.0
direct_loans,2019-2020,loan_direct__unsubsidized_graduate_disbursements_n,5056,4605,451,3555390,3304967,250423
direct_loans,2019-2020,loan_direct__unsubsidized_graduate_disbursements,5056,4605,451,27299580759.0,25724365991.0,1575214768.0
direct_loans,2020-2021,loan_direct__subsidized_recipients,5006,4564,442,4371740,4157975,213765
direct_loans,2020-2021,loan_direct__subsidized_loans_originated_n,5006,4564,442,4917842,4662105,255737
direct_loans,2020-2021,loan_direct__subsidized_loans_originated_amt,5006,4564,442,16567126672.0,15698722561.0,868404111.0
direct_loans,2020-2021,loan_direct__subsidized_disbursements_n,5006,4564,442,9350244,8804369,545875
direct_loans,2020-2021,loan_direct__subsidized_disbursements,5006,4564,442,16557357410.0,15690397260.0,866960150.0
direct_loans,2020-2021,loan_direct__unsubsidized_recipients,5006,4564,442,,,
direct_loans,2020-2021,loan_direct__unsubsidized_loans_originated_n,5006,4564,442,,,
direct_loans,2020-2021,loan_direct__unsubsidized_loans_originated_amt,5006,4564,442,,,
direct_loans,2020-2021,loan_direct__unsubsidized_disbursements_n,5006,4564,442,,,
direct_loans,2020-2021,loan_direct__unsubsidized_disbursements,5006,4564,442,,,
direct_loans,2020-2021,loan_direct__plus_recipients,5006,4564,442,,,
direct_loans,2020-2021,loan_direct__plus_loans_originated_n,5006,4564,442,,,
direct_loans,2020-2021,loan_direct__plus_loans_originated_amt,5006,4564,442,,,
direct_loans,2020-2021,loan_direct__plus_disbursements_n,5006,4564,442,,,
direct_loans,2020-2021,loan_direct__plus_disbursements,5006,4564,442,,,
direct_loans,2020-2021,loan_direct__grad_plus_recipients,5006,4564,442,434017,404009,30008
direct_loans,2020-2021,loan_direct__grad_plus_loans_originated_n,5006,4564,442,609575,567395,42180
direct_loans,2020-2021,loan_direct__grad_plus_loans_originated_amt,5006,4564,442,11754085221.0,10533426880.0,1220658341.0
direct_loans,2020-2021,loan_direct__grad_plus_disbursements_n,5006,4564,442,1114498,1040332,74166
direct_loans,2020-2021,loan_direct__grad_plus_disbursements,5006,4564,442,11753121878.0,10532498411.0,1220623467.0
direct_loans,2020-2021,loan_direct__parent_plus_recipients,5006,4564,442,606760,574469,32291
direct_loans,2020-2021,loan_direct__parent_plus_loans_originated_n,5006,4564,442,692414,654206,38208
direct_loans,2020-2021,loan_direct__parent_plus_loans_originated_amt,5006,4564,442,10042938419.0,9409188003.0,633750416.0
direct_loans,2020-2021,loan_direct__parent_plus_disbursements_n,5006,4564,442,1261871,1193376,68495
direct_loans,2020-2021,loan_direct__parent_plus_disbursements,5006,4564,442,10042614977.0,9408883531.0,633731446.0
direct_loans,2020-2021,loan_direct__subsidized_undergraduate_recipients,5006,4564,442,,,
direct_loans,2020-2021,loan_direct__subsidized_undergraduate_loans_originated_n,5006,4564,442,,,
direct_loans,2020-2021,loan_direct__subsidized_undergraduate_loans_originated_amt,5006,4564,442,,,
direct_loans,2020-2021,loan_direct__subsidized_undergraduate_disbursements_n,5006,4564,442,,,
direct_loans,2020-2021,loan_direct__subsidized_undergraduate_disbursements,5006,4564,442,,,
direct_loans,2020-2021,loan_direct__subsidized_graduate_recipients,5006,4564,442,,,
direct_loans,2020-2021,loan_direct__subsidized_graduate_loans_originated_n,5006,4564,442,,,
direct_loans,2020-2021,loan_direct__subsidized_graduate_loans_originated_amt,5006,4564,442,,,
direct_loans,2020-2021,loan_direct__subsidized_graduate_disbursements_n,5006,4564,442,,,
direct_loans,2020-2021,loan_direct__subsidized_graduate_disbursements,5006,4564,442,,,
direct_loans,2020-2021,loan_direct__unsubsidized_undergraduate_recipients,5006,4564,442,4528310,4300373,227937
direct_loans,2020-2021,loan_direct__unsubsidized_undergraduate_loans_originated_n,5006,4564,442,5166612,4898268,268344
direct_loans,2020-2021,loan_direct__unsubsidized_undergraduate_loans_originated_amt,5006,4564,442,18753755848.0,17732408090.0,1021347758.0
direct_loans,2020-2021,loan_direct__unsubsidized_undergraduate_disbursements_n,5006,4564,442,9907753,9328983,578770
direct_loans,2020-2021,loan_direct__unsubsidized_undergraduate_disbursements,5006,4564,442,18742199200.0,17722913269.0,1019285931.0
direct_loans,2020-2021,loan_direct__unsubsidized_graduate_recipients,5006,4564,442,1460176,1372479,87697
direct_loans,2020-2021,loan_direct__unsubsidized_graduate_loans_originated_n,5006,4564,442,1878421,1762690,115731
direct_loans,2020-2021,loan_direct__unsubsidized_graduate_loans_originated_amt,5006,4564,442,27586233962.0,26026686939.0,1559547023.0
direct_loans,2020-2021,loan_direct__unsubsidized_graduate_disbursements_n,5006,4564,442,3548092,3301329,246763
direct_loans,2020-2021,loan_direct__unsubsidized_graduate_disbursements,5006,4564,442,27579267119.0,26021616478.0,1557650641.0
direct_loans,2021-2022,loan_direct__subsidized_recipients,4958,4510,448,4171819,4004032,167787
direct_loans,2021-2022,loan_direct__subsidized_loans_originated_n,4958,4510,448,4699345,4495878,203467
direct_loans,2021-2022,loan_direct__subsidized_loans_originated_amt,4958,4510,448,15712718439.0,15030806255.0,681912184.0
direct_loans,2021-2022,loan_direct__subsidized_disbursements_n,4958,4510,448,8936632,8502610,434022
direct_loans,2021-2022,loan_direct__subsidized_disbursements,4958,4510,448,15706446598.0,15025493641.0,680952957.0
direct_loans,2021-2022,loan_direct__unsubsidized_recipients,4958,4510,448,,,
direct_loans,2021-2022,loan_direct__unsubsidized_loans_originated_n,4958,4510,448,,,
direct_loans,2021-2022,loan_direct__unsubsidized_loans_originated_amt,4958,4510,448,,,
direct_loans,2021-2022,loan_direct__unsubsidized_disbursements_n,4958,4510,448,,,
direct_loans,2021-2022,loan_direct__unsubsidized_disbursements,4958,4510,448,,,
direct_loans,2021-2022,loan_direct__plus_recipients,4958,4510,448,,,
direct_loans,2021-2022,loan_direct__plus_loans_originated_n,4958,4510,448,,,
direct_loans,2021-2022,loan_direct__plus_loans_originated_amt,4958,4510,448,,,
direct_loans,2021-2022,loan_direct__plus_disbursements_n,4958,4510,448,,,
direct_loans,2021-2022,loan_direct__plus_disbursements,4958,4510,448,,,
direct_loans,2021-2022,loan_direct__grad_plus_recipients,4958,4510,448,445392,415197,30195
direct_loans,2021-2022,loan_direct__grad_plus_loans_originated_n,4958,4510,448,633764,590218,43546
direct_loans,2021-2022,loan_direct__grad_plus_loans_originated_amt,4958,4510,448,12530241569.0,11257475649.0,1272765920.0
direct_loans,2021-2022,loan_direct__grad_plus_disbursements_n,4958,4510,448,1150974,1075609,75365
direct_loans,2021-2022,loan_direct__grad_plus_disbursements,4958,4510,448,12528879265.0,11256208378.0,1272670887.0
direct_loans,2021-2022,loan_direct__parent_plus_recipients,4958,4510,448,590282,565278,25004
direct_loans,2021-2022,loan_direct__parent_plus_loans_originated_n,4958,4510,448,677538,648138,29400
direct_loans,2021-2022,loan_direct__parent_plus_loans_originated_amt,4958,4510,448,10441375304.0,9937535944.0,503839360.0
direct_loans,2021-2022,loan_direct__parent_plus_disbursements_n,4958,4510,448,1237985,1184398,53587
direct_loans,2021-2022,loan_direct__parent_plus_disbursements,4958,4510,448,10440795814.0,9936991867.0,503803947.0
direct_loans,2021-2022,loan_direct__subsidized_undergraduate_recipients,4958,4510,448,,,
direct_loans,2021-2022,loan_direct__subsidized_undergraduate_loans_originated_n,4958,4510,448,,,
direct_loans,2021-2022,loan_direct__subsidized_undergraduate_loans_originated_amt,4958,4510,448,,,
direct_loans,2021-2022,loan_direct__subsidized_undergraduate_disbursements_n,4958,4510,448,,,
direct_loans,2021-2022,loan_direct__subsidized_undergraduate_disbursements,4958,4510,448,,,
direct_loans,2021-2022,loan_direct__subsidized_graduate_recipients,4958,4510,448,,,
direct_loans,2021-2022,loan_direct__subsidized_graduate_loans_originated_n,4958,4510,448,,,
direct_loans,2021-2022,loan_direct__subsidized_graduate_loans_originated_amt,4958,4510,448,,,
direct_loans,2021-2022,loan_direct__subsidized_graduate_disbursements_n,4958,4510,448,,,
direct_loans,2021-2022,loan_direct__subsidized_graduate_disbursements,4958,4510,448,,,
direct_loans,2021-2022,loan_direct__unsubsidized_undergraduate_recipients,4958,4510,448,4284598,4104238,180360
direct_loans,2021-2022,loan_direct__unsubsidized_undergraduate_loans_originated_n,4958,4510,448,4857465,4642966,214499
direct_loans,2021-2022,loan_direct__unsubsidized_undergraduate_loans_originated_amt,4958,4510,448,17437515967.0,16611957430.0,825558537.0
direct_loans,2021-2022,loan_direct__unsubsidized_undergraduate_disbursements_n,4958,4510,448,9322281,8860948,461333
direct_loans,2021-2022,loan_direct__unsubsidized_undergraduate_disbursements,4958,4510,448,17429619284.0,16605442496.0,824176788.0
direct_loans,2021-2022,loan_direct__unsubsidized_graduate_recipients,4958,4510,448,1410110,1326391,83719
direct_loans,2021-2022,loan_direct__unsubsidized_graduate_loans_originated_n,4958,4510,448,1796336,1685817,110519
direct_loans,2021-2022,loan_direct__unsubsidized_graduate_loans_originated_amt,4958,4510,448,26878807561.0,25392166004.0,1486641557.0
direct_loans,2021-2022,loan_direct__unsubsidized_graduate_disbursements_n,4958,4510,448,3409025,3174249,234776
direct_loans,2021-2022,loan_direct__unsubsidized_graduate_disbursements,4958,4510,448,26871653925.0,25386916390.0,1484737535.0
direct_loans,2022-2023,loan_direct__subsidized_recipients,4891,4459,432,4116763,3916224,200539
direct_loans,2022-2023,loan_direct__subsidized_loans_originated_n,4891,4459,432,4640834,4405074,235760
direct_loans,2022-2023,loan_direct__subsidized_loans_originated_amt,4891,4459,432,15437708898.0,14636071854.0,801637044.0
direct_loans,2022-2023,loan_direct__subsidized_disbursements_n,4891,4459,432,8904090,8410737,493353
direct_loans,2022-2023,loan_direct__subsidized_disbursements,4891,4459,432,15430895605.0,14630160104.0,800735501.0
direct_loans,2022-2023,loan_direct__unsubsidized_recipients,4891,4459,432,,,
direct_loans,2022-2023,loan_direct__unsubsidized_loans_originated_n,4891,4459,432,,,
direct_loans,2022-2023,loan_direct__unsubsidized_loans_originated_amt,4891,4459,432,,,
direct_loans,2022-2023,loan_direct__unsubsidized_disbursements_n,4891,4459,432,,,
direct_loans,2022-2023,loan_direct__unsubsidized_disbursements,4891,4459,432,,,
direct_loans,2022-2023,loan_direct__plus_recipients,4891,4459,432,,,
direct_loans,2022-2023,loan_direct__plus_loans_originated_n,4891,4459,432,,,
direct_loans,2022-2023,loan_direct__plus_loans_originated_amt,4891,4459,432,,,
direct_loans,2022-2023,loan_direct__plus_disbursements_n,4891,4459,432,,,
direct_loans,2022-2023,loan_direct__plus_disbursements,4891,4459,432,,,
direct_loans,2022-2023,loan_direct__grad_plus_recipients,4891,4459,432,447195,416868,30327
direct_loans,2022-2023,loan_direct__grad_plus_loans_originated_n,4891,4459,432,645399,600909,44490
direct_loans,2022-2023,loan_direct__grad_plus_loans_originated_amt,4891,4459,432,13277851179.0,11979614092.0,1298237087.0
direct_loans,2022-2023,loan_direct__grad_plus_disbursements_n,4891,4459,432,1170373,1094893,75480
direct_loans,2022-2023,loan_direct__grad_plus_disbursements,4891,4459,432,13274288583.0,11978496809.0,1295791774.0
direct_loans,2022-2023,loan_direct__parent_plus_recipients,4891,4459,432,609781,576478,33303
direct_loans,2022-2023,loan_direct__parent_plus_loans_originated_n,4891,4459,432,709036,668747,40289
direct_loans,2022-2023,loan_direct__parent_plus_loans_originated_amt,4891,4459,432,11259437603.0,10545497334.0,713940269.0
direct_loans,2022-2023,loan_direct__parent_plus_disbursements_n,4891,4459,432,1295935,1224539,71396
direct_loans,2022-2023,loan_direct__parent_plus_disbursements,4891,4459,432,11257858047.0,10543932278.0,713925769.0
direct_loans,2022-2023,loan_direct__subsidized_undergraduate_recipients,4891,4459,432,,,
direct_loans,2022-2023,loan_direct__subsidized_undergraduate_loans_originated_n,4891,4459,432,,,
direct_loans,2022-2023,loan_direct__subsidized_undergraduate_loans_originated_amt,4891,4459,432,,,
direct_loans,2022-2023,loan_direct__subsidized_undergraduate_disbursements_n,4891,4459,432,,,
direct_loans,2022-2023,loan_direct__subsidized_undergraduate_disbursements,4891,4459,432,,,
direct_loans,2022-2023,loan_direct__subsidized_graduate_recipients,4891,4459,432,,,
direct_loans,2022-2023,loan_direct__subsidized_graduate_loans_originated_n,4891,4459,432,,,
direct_loans,2022-2023,loan_direct__subsidized_graduate_loans_originated_amt,4891,4459,432,,,
direct_loans,2022-2023,loan_direct__subsidized_graduate_disbursements_n,4891,4459,432,,,
direct_loans,2022-2023,loan_direct__subsidized_graduate_disbursements,4891,4459,432,,,
direct_loans,2022-2023,loan_direct__unsubsidized_undergraduate_recipients,4891,4459,432,4288124,4067228,220896
direct_loans,2022-2023,loan_direct__unsubsidized_undergraduate_loans_originated_n,4891,4459,432,4866358,4610892,255466
direct_loans,2022-2023,loan_direct__unsubsidized_undergraduate_loans_originated_amt,4891,4459,432,17730641106.0,16763227334.0,967413772.0
direct_loans,2022-2023,loan_direct__unsubsidized_undergraduate_disbursements_n,4891,4459,432,9412673,8875056,537617
direct_loans,2022-2023,loan_direct__unsubsidized_undergraduate_disbursements,4891,4459,432,17721978828.0,16755775054.0,966203774.0
direct_loans,2022-2023,loan_direct__unsubsidized_graduate_recipients,4891,4459,432,1356349,1270500,85849
direct_loans,2022-2023,loan_direct__unsubsidized_graduate_loans_originated_n,4891,4459,432,1708874,1596174,112700
direct_loans,2022-2023,loan_direct__unsubsidized_graduate_loans_originated_amt,4891,4459,432,26065157145.0,24541834885.0,1523322260.0
direct_loans,2022-2023,loan_direct__unsubsidized_graduate_disbursements_n,4891,4459,432,3257952,3017551,240401
direct_loans,2022-2023,loan_direct__unsubsidized_graduate_disbursements,4891,4459,432,26059381750.0,24538575840.0,1520805910.0
direct_loans,2023-2024,loan_direct__subsidized_recipients,4816,4406,410,4163467,3969329,194138
direct_loans,2023-2024,loan_direct__subsidized_loans_originated_n,4816,4406,410,4689410,4461212,228198
direct_loans,2023-2024,loan_direct__subsidized_loans_originated_amt,4816,4406,410,15666466731.0,14891833911.0,774632820.0
direct_loans,2023-2024,loan_direct__subsidized_disbursements_n,4816,4406,410,8989383,8504153,485230
direct_loans,2023-2024,loan_direct__subsidized_disbursements,4816,4406,410,15655621214.0,14881541459.0,774079755.0
direct_loans,2023-2024,loan_direct__unsubsidized_recipients,4816,4406,410,,,
direct_loans,2023-2024,loan_direct__unsubsidized_loans_originated_n,4816,4406,410,,,
direct_loans,2023-2024,loan_direct__unsubsidized_loans_originated_amt,4816,4406,410,,,
direct_loans,2023-2024,loan_direct__unsubsidized_disbursements_n,4816,4406,410,,,
direct_loans,2023-2024,loan_direct__unsubsidized_disbursements,4816,4406,410,,,
direct_loans,2023-2024,loan_direct__plus_recipients,4816,4406,410,,,
direct_loans,2023-2024,loan_direct__plus_loans_originated_n,4816,4406,410,,,
direct_loans,2023-2024,loan_direct__plus_loans_originated_amt,4816,4406,410,,,
direct_loans,2023-2024,loan_direct__plus_disbursements_n,4816,4406,410,,,
direct_loans,2023-2024,loan_direct__plus_disbursements,4816,4406,410,,,
direct_loans,2023-2024,loan_direct__grad_plus_recipients,4816,4406,410,444774,415903,28871
direct_loans,2023-2024,loan_direct__grad_plus_loans_originated_n,4816,4406,410,647001,604428,42573
direct_loans,2023-2024,loan_direct__grad_plus_loans_originated_amt,4816,4406,410,14124287138.0,12757071179.0,1367215959.0
direct_loans,2023-2024,loan_direct__grad_plus_disbursements_n,4816,4406,410,1159694,1086876,72818
direct_loans,2023-2024,loan_direct__grad_plus_disbursements,4816,4406,410,14120049963.0,12754138847.0,1365911116.0
direct_loans,2023-2024,loan_direct__parent_plus_recipients,4816,4406,410,612902,581031,31871
direct_loans,2023-2024,loan_direct__parent_plus_loans_originated_n,4816,4406,410,716118,677339,38779
direct_loans,2023-2024,loan_direct__parent_plus_loans_originated_amt,4816,4406,410,12094822045.0,11352523108.0,742298937.0
direct_loans,2023-2024,loan_direct__parent_plus_disbursements_n,4816,4406,410,1302225,1234067,68158
direct_loans,2023-2024,loan_direct__parent_plus_disbursements,4816,4406,410,12093213712.0,11350924386.0,742289326.0
direct_loans,2023-2024,loan_direct__subsidized_undergraduate_recipients,4816,4406,410,,,
direct_loans,2023-2024,loan_direct__subsidized_undergraduate_loans_originated_n,4816,4406,410,,,
direct_loans,2023-2024,loan_direct__subsidized_undergraduate_loans_originated_amt,4816,4406,410,,,
direct_loans,2023-2024,loan_direct__subsidized_undergraduate_disbursements_n,4816,4406,410,,,
direct_loans,2023-2024,loan_direct__subsidized_undergraduate_disbursements,4816,4406,410,,,
direct_loans,2023-2024,loan_direct__subsidized_graduate_recipients,4816,4406,410,,,
direct_loans,2023-2024,loan_direct__subsidized_graduate_loans_originated_n,4816,4406,410,,,
direct_loans,2023-2024,loan_direct__subsidized_graduate_loans_originated_amt,4816,4406,410,,,
direct_loans,2023-2024,loan_direct__subsidized_graduate_disbursements_n,4816,4406,410,,,
direct_loans,2023-2024,loan_direct__subsidized_graduate_disbursements,4816,4406,410,,,
direct_loans,2023-2024,loan_direct__unsubsidized_undergraduate_recipients,4816,4406,410,4262274,4050563,211711
direct_loans,2023-2024,loan_direct__unsubsidized_undergraduate_loans_originated_n,4816,4406,410,4836480,4589893,246587
direct_loans,2023-2024,loan_direct__unsubsidized_undergraduate_loans_originated_amt,4816,4406,410,17643743465.0,16696160524.0,947582941.0
direct_loans,2023-2024,loan_direct__unsubsidized_undergraduate_disbursements_n,4816,4406,410,9351780,8824974,526806
direct_loans,2023-2024,loan_direct__unsubsidized_undergraduate_disbursements,4816,4406,410,17631412779.0,16684733944.0,946678835.0
direct_loans,2023-2024,loan_direct__unsubsidized_graduate_recipients,4816,4406,410,1355182,1270656,84526
direct_loans,2023-2024,loan_direct__unsubsidized_graduate_loans_originated_n,4816,4406,410,1699603,1588293,111310
direct_loans,2023-2024,loan_direct__unsubsidized_graduate_loans_originated_amt,4816,4406,410,26197123083.0,24662669639.0,1534453444.0
direct_loans,2023-2024,loan_direct__unsubsidized_graduate_disbursements_n,4816,4406,410,3264151,3024642,239509
direct_loans,2023-2024,loan_direct__unsubsidized_graduate_disbursements,4816,4406,410,26183715982.0,24651023447.0,1532692535.0
direct_loans,2024-2025,loan_direct__subsidized_recipients,4721,4330,391,4087852,3896006,191846
direct_loans,2024-2025,loan_direct__subsidized_loans_originated_n,4721,4330,391,4649194,4420994,228200
direct_loans,2024-2025,loan_direct__subsidized_loans_originated_amt,4721,4330,391,15756640066.0,14958446838.0,798193228.0
direct_loans,2024-2025,loan_direct__subsidized_disbursements_n,4721,4330,391,9367289,8875689,491600
direct_loans,2024-2025,loan_direct__subsidized_disbursements,4721,4330,391,15439056834.0,14646440001.0,792616833.0
direct_loans,2024-2025,loan_direct__unsubsidized_recipients,4721,4330,391,,,
direct_loans,2024-2025,loan_direct__unsubsidized_loans_originated_n,4721,4330,391,,,
direct_loans,2024-2025,loan_direct__unsubsidized_loans_originated_amt,4721,4330,391,,,
direct_loans,2024-2025,loan_direct__unsubsidized_disbursements_n,4721,4330,391,,,
direct_loans,2024-2025,loan_direct__unsubsidized_disbursements,4721,4330,391,,,
direct_loans,2024-2025,loan_direct__plus_recipients,4721,4330,391,,,
direct_loans,2024-2025,loan_direct__plus_loans_originated_n,4721,4330,391,,,
direct_loans,2024-2025,loan_direct__plus_loans_originated_amt,4721,4330,391,,,
direct_loans,2024-2025,loan_direct__plus_disbursements_n,4721,4330,391,,,
direct_loans,2024-2025,loan_direct__plus_disbursements,4721,4330,391,,,
direct_loans,2024-2025,loan_direct__grad_plus_recipients,4721,4330,391,458281,428676,29605
direct_loans,2024-2025,loan_direct__grad_plus_loans_originated_n,4721,4330,391,671376,625533,45843
direct_loans,2024-2025,loan_direct__grad_plus_loans_originated_amt,4721,4330,391,15680512974.0,14186508201.0,1494004773.0
direct_loans,2024-2025,loan_direct__grad_plus_disbursements_n,4721,4330,391,1177642,1102877,74765
direct_loans,2024-2025,loan_direct__grad_plus_disbursements,4721,4330,391,15143467049.0,13681646054.0,1461820995.0
direct_loans,2024-2025,loan_direct__parent_plus_recipients,4721,4330,391,596698,563108,33590
direct_loans,2024-2025,loan_direct__parent_plus_loans_originated_n,4721,4330,391,697551,656898,40653
direct_loans,2024-2025,loan_direct__parent_plus_loans_originated_amt,4721,4330,391,12487307703.0,11654828357.0,832479346.0
direct_loans,2024-2025,loan_direct__parent_plus_disbursements_n,4721,4330,391,1275271,1203262,72009
direct_loans,2024-2025,loan_direct__parent_plus_disbursements,4721,4330,391,12429792478.0,11598505061.0,831287417.0
direct_loans,2024-2025,loan_direct__subsidized_undergraduate_recipients,4721,4330,391,,,
direct_loans,2024-2025,loan_direct__subsidized_undergraduate_loans_originated_n,4721,4330,391,,,
direct_loans,2024-2025,loan_direct__subsidized_undergraduate_loans_originated_amt,4721,4330,391,,,
direct_loans,2024-2025,loan_direct__subsidized_undergraduate_disbursements_n,4721,4330,391,,,
direct_loans,2024-2025,loan_direct__subsidized_undergraduate_disbursements,4721,4330,391,,,
direct_loans,2024-2025,loan_direct__subsidized_graduate_recipients,4721,4330,391,,,
direct_loans,2024-2025,loan_direct__subsidized_graduate_loans_originated_n,4721,4330,391,,,
direct_loans,2024-2025,loan_direct__subsidized_graduate_loans_originated_amt,4721,4330,391,,,
direct_loans,2024-2025,loan_direct__subsidized_graduate_disbursements_n,4721,4330,391,,,
direct_loans,2024-2025,loan_direct__subsidized_graduate_disbursements,4721,4330,391,,,
direct_loans,2024-2025,loan_direct__unsubsidized_undergraduate_recipients,4721,4330,391,4310556,4093486,217070
direct_loans,2024-2025,loan_direct__unsubsidized_undergraduate_loans_originated_n,4721,4330,391,4948996,4694381,254615
direct_loans,2024-2025,loan_direct__unsubsidized_undergraduate_loans_originated_amt,4721,4330,391,18983401126.0,17951247695.0,1032153431.0
direct_loans,2024-2025,loan_direct__unsubsidized_undergraduate_disbursements_n,4721,4330,391,9933567,9388136,545431
direct_loans,2024-2025,loan_direct__unsubsidized_undergraduate_disbursements,4721,4330,391,18562561341.0,17538695353.0,1023865988.0
direct_loans,2024-2025,loan_direct__unsubsidized_graduate_recipients,4721,4330,391,1372757,1284040,88717
direct_loans,2024-2025,loan_direct__unsubsidized_graduate_loans_originated_n,4721,4330,391,1718747,1599174,119573
direct_loans,2024-2025,loan_direct__unsubsidized_graduate_loans_originated_amt,4721,4330,391,27509755340.0,25850688266.0,1659067074.0
direct_loans,2024-2025,loan_direct__unsubsidized_graduate_disbursements_n,4721,4330,391,3324358,3074757,249601
direct_loans,2024-2025,loan_direct__unsubsidized_graduate_disbursements,4721,4330,391,26574413757.0,24955311763.0,1619101994.0
ffel,1999-2000,loan_ffel__subsidized_recipients,4366,3799,567,2778013,2750100,27913
ffel,1999-2000,loan_ffel__subsidized_loans_originated_n,4366,3799,567,3178313,3147529,30784
ffel,1999-2000,loan_ffel__subsidized_loans_originated_amt,4366,3799,567,11447526680.0,11283074083.0,164452597.0
ffel,1999-2000,loan_ffel__subsidized_disbursements_n,4366,3799,567,5723997,5675622,48375
ffel,1999-2000,loan_ffel__subsidized_disbursements,4366,3799,567,10809818535.0,10648540461.0,161278074.0
ffel,1999-2000,loan_ffel__unsubsidized_recipients,4366,3799,567,1800463,1782894,17569
ffel,1999-2000,loan_ffel__unsubsidized_loans_originated_n,4366,3799,567,2114582,2093634,20948
ffel,1999-2000,loan_ffel__unsubsidized_loans_originated_amt,4366,3799,567,9009915642.0,8856732604.0,153183038.0
ffel,1999-2000,loan_ffel__unsubsidized_disbursements_n,4366,3799,567,3770488,3738119,32369
ffel,1999-2000,loan_ffel__unsubsidized_disbursements,4366,3799,567,8467130060.0,8317100593.0,150029467.0
ffel,1999-2000,loan_ffel__plus_recipients,4366,3799,567,293732,293099,633
ffel,1999-2000,loan_ffel__plus_loans_originated_n,4366,3799,567,322396,321728,668
ffel,1999-2000,loan_ffel__plus_loans_originated_amt,4366,3799,567,2283072244.0,2277889916.0,5182328.0
ffel,1999-2000,loan_ffel__plus_disbursements_n,4366,3799,567,575404,574465,939
ffel,1999-2000,loan_ffel__plus_disbursements,4366,3799,567,2164790988.0,2159842388.0,4948600.0
ffel,1999-2000,loan_ffel__grad_plus_recipients,4366,3799,567,,,
ffel,1999-2000,loan_ffel__grad_plus_loans_originated_n,4366,3799,567,,,
ffel,1999-2000,loan_ffel__grad_plus_loans_originated_amt,4366,3799,567,,,
ffel,1999-2000,loan_ffel__grad_plus_disbursements_n,4366,3799,567,,,
ffel,1999-2000,loan_ffel__grad_plus_disbursements,4366,3799,567,,,
ffel,1999-2000,loan_ffel__parent_plus_recipients,4366,3799,567,,,
ffel,1999-2000,loan_ffel__parent_plus_loans_originated_n,4366,3799,567,,,
ffel,1999-2000,loan_ffel__parent_plus_loans_originated_amt,4366,3799,567,,,
ffel,1999-2000,loan_ffel__parent_plus_disbursements_n,4366,3799,567,,,
ffel,1999-2000,loan_ffel__parent_plus_disbursements,4366,3799,567,,,
ffel,2000-2001,loan_ffel__subsidized_recipients,4397,3799,598,2896936,2663523,233413
ffel,2000-2001,loan_ffel__subsidized_loans_originated_n,4397,3799,598,3346418,3079704,266714
ffel,2000-2001,loan_ffel__subsidized_loans_originated_amt,4397,3799,598,12013390404.0,10924329168.0,1089061236.0
ffel,2000-2001,loan_ffel__subsidized_disbursements_n,4397,3799,598,6035681,5577890,457791
ffel,2000-2001,loan_ffel__subsidized_disbursements,4397,3799,598,11323023177.0,10300093861.0,1022929316.0
ffel,2000-2001,loan_ffel__unsubsidized_recipients,4397,3799,598,1978783,1802492,176291
ffel,2000-2001,loan_ffel__unsubsidized_loans_originated_n,4397,3799,598,2332081,2127091,204990
ffel,2000-2001,loan_ffel__unsubsidized_loans_originated_amt,4397,3799,598,10068106656.0,9072944521.0,995162135.0
ffel,2000-2001,loan_ffel__unsubsidized_disbursements_n,4397,3799,598,4172668,3822060,350608
ffel,2000-2001,loan_ffel__unsubsidized_disbursements,4397,3799,598,9436218190.0,8509079363.0,927138827.0
ffel,2000-2001,loan_ffel__plus_recipients,4397,3799,598,318437,298830,19607
ffel,2000-2001,loan_ffel__plus_loans_originated_n,4397,3799,598,351480,330294,21186
ffel,2000-2001,loan_ffel__plus_loans_originated_amt,4397,3799,598,2653894290.0,2495047441.0,158846849.0
ffel,2000-2001,loan_ffel__plus_disbursements_n,4397,3799,598,645185,607557,37628
ffel,2000-2001,loan_ffel__plus_disbursements,4397,3799,598,2518472741.0,2367615107.0,150857634.0
ffel,2000-2001,loan_ffel__grad_plus_recipients,4397,3799,598,,,
ffel,2000-2001,loan_ffel__grad_plus_loans_originated_n,4397,3799,598,,,
ffel,2000-2001,loan_ffel__grad_plus_loans_originated_amt,4397,3799,598,,,
ffel,2000-2001,loan_ffel__grad_plus_disbursements_n,4397,3799,598,,,
ffel,2000-2001,loan_ffel__grad_plus_disbursements,4397,3799,598,,,
ffel,2000-2001,loan_ffel__parent_plus_recipients,4397,3799,598,,,
ffel,2000-2001,loan_ffel__parent_plus_loans_originated_n,4397,3799,598,,,
ffel,2000-2001,loan_ffel__parent_plus_loans_originated_amt,4397,3799,598,,,
ffel,2000-2001,loan_ffel__parent_plus_disbursements_n,4397,3799,598,,,
ffel,2000-2001,loan_ffel__parent_plus_disbursements,4397,3799,598,,,
ffel,2001-2002,loan_ffel__subsidized_recipients,4418,3829,589,3167010,2891552,275458
ffel,2001-2002,loan_ffel__subsidized_loans_originated_n,4418,3829,589,3685720,3367077,318643
ffel,2001-2002,loan_ffel__subsidized_loans_originated_amt,4418,3829,589,13114944953.0,11813586526.0,1301358427.0
ffel,2001-2002,loan_ffel__subsidized_disbursements_n,4418,3829,589,6643805,6089365,554440
ffel,2001-2002,loan_ffel__subsidized_disbursements,4418,3829,589,12328378467.0,11119905759.0,1208472708.0
ffel,2001-2002,loan_ffel__unsubsidized_recipients,4418,3829,589,2257521,2036010,221511
ffel,2001-2002,loan_ffel__unsubsidized_loans_originated_n,4418,3829,589,2689493,2429079,260414
ffel,2001-2002,loan_ffel__unsubsidized_loans_originated_amt,4418,3829,589,11568182705.0,10281000132.0,1287182573.0
ffel,2001-2002,loan_ffel__unsubsidized_disbursements_n,4418,3829,589,4800271,4345748,454523
ffel,2001-2002,loan_ffel__unsubsidized_disbursements,4418,3829,589,10817076496.0,9629850176.0,1187226320.0
ffel,2001-2002,loan_ffel__plus_recipients,4418,3829,589,340574,318379,22195
ffel,2001-2002,loan_ffel__plus_loans_originated_n,4418,3829,589,379545,355206,24339
ffel,2001-2002,loan_ffel__plus_loans_originated_amt,4418,3829,589,3012308213.0,2826882433.0,185425780.0
ffel,2001-2002,loan_ffel__plus_disbursements_n,4418,3829,589,708365,663861,44504
ffel,2001-2002,loan_ffel__plus_disbursements,4418,3829,589,2861137147.0,2685176885.0,175960262.0
ffel,2001-2002,loan_ffel__grad_plus_recipients,4418,3829,589,,,
ffel,2001-2002,loan_ffel__grad_plus_loans_originated_n,4418,3829,589,,,
ffel,2001-2002,loan_ffel__grad_plus_loans_originated_amt,4418,3829,589,,,
ffel,2001-2002,loan_ffel__grad_plus_disbursements_n,4418,3829,589,,,
ffel,2001-2002,loan_ffel__grad_plus_disbursements,4418,3829,589,,,
ffel,2001-2002,loan_ffel__parent_plus_recipients,4418,3829,589,,,
ffel,2001-2002,loan_ffel__parent_plus_loans_originated_n,4418,3829,589,,,
ffel,2001-2002,loan_ffel__parent_plus_loans_originated_amt,4418,3829,589,,,
ffel,2001-2002,loan_ffel__parent_plus_disbursements_n,4418,3829,589,,,
ffel,2001-2002,loan_ffel__parent_plus_disbursements,4418,3829,589,,,
ffel,2002-2003,loan_ffel__subsidized_recipients,4448,3875,573,3604237,3249062,355175
ffel,2002-2003,loan_ffel__subsidized_loans_originated_n,4448,3875,573,4223153,3805307,417846
ffel,2002-2003,loan_ffel__subsidized_loans_originated_amt,4448,3875,573,15145043644.0,13460324973.0,1684718671.0
ffel,2002-2003,loan_ffel__subsidized_disbursements_n,4448,3875,573,7826230,7097177,729053
ffel,2002-2003,loan_ffel__subsidized_disbursements,4448,3875,573,14187815874.0,12635548225.0,1552267649.0
ffel,2002-2003,loan_ffel__unsubsidized_recipients,4448,3875,573,2608519,2325072,283447
ffel,2002-2003,loan_ffel__unsubsidized_loans_originated_n,4448,3875,573,3142774,2804070,338704
ffel,2002-2003,loan_ffel__unsubsidized_loans_originated_amt,4448,3875,573,13815522726.0,12133446774.0,1682075952.0
ffel,2002-2003,loan_ffel__unsubsidized_disbursements_n,4448,3875,573,5779564,5188773,590791
ffel,2002-2003,loan_ffel__unsubsidized_disbursements,4448,3875,573,12868051780.0,11327819456.0,1540232324.0
ffel,2002-2003,loan_ffel__plus_recipients,4448,3875,573,373107,346951,26156
ffel,2002-2003,loan_ffel__plus_loans_originated_n,4448,3875,573,419474,389531,29943
ffel,2002-2003,loan_ffel__plus_loans_originated_amt,4448,3875,573,3532105487.0,3306230429.0,225875058.0
ffel,2002-2003,loan_ffel__plus_disbursements_n,4448,3875,573,791186,737529,53657
ffel,2002-2003,loan_ffel__plus_disbursements,4448,3875,573,3361184844.0,3145774615.0,215410229.0
ffel,2002-2003,loan_ffel__grad_plus_recipients,4448,3875,573,,,
ffel,2002-2003,loan_ffel__grad_plus_loans_originated_n,4448,3875,573,,,
ffel,2002-2003,loan_ffel__grad_plus_loans_originated_amt,4448,3875,573,,,
ffel,2002-2003,loan_ffel__grad_plus_disbursements_n,4448,3875,573,,,
ffel,2002-2003,loan_ffel__grad_plus_disbursements,4448,3875,573,,,
ffel,2002-2003,loan_ffel__parent_plus_recipients,4448,3875,573,,,
ffel,2002-2003,loan_ffel__parent_plus_loans_originated_n,4448,3875,573,,,
ffel,2002-2003,loan_ffel__parent_plus_loans_originated_amt,4448,3875,573,,,
ffel,2002-2003,loan_ffel__parent_plus_disbursements_n,4448,3875,573,,,
ffel,2002-2003,loan_ffel__parent_plus_disbursements,4448,3875,573,,,
ffel,2003-2004,loan_ffel__subsidized_recipients,4498,3889,609,4137915,3714031,423884
ffel,2003-2004,loan_ffel__subsidized_loans_originated_n,4498,3889,609,4829654,4322363,507291
ffel,2003-2004,loan_ffel__subsidized_loans_originated_amt,4498,3889,609,17587953429.0,15535629083.0,2052324346.0
ffel,2003-2004,loan_ffel__subsidized_disbursements_n,4498,3889,609,9123570,8224527,899043
ffel,2003-2004,loan_ffel__subsidized_disbursements,4498,3889,609,16425499758.0,14549711763.0,1875787995.0
ffel,2003-2004,loan_ffel__unsubsidized_recipients,4498,3889,609,3041993,2691251,350742
ffel,2003-2004,loan_ffel__unsubsidized_loans_originated_n,4498,3889,609,3660616,3232237,428379
ffel,2003-2004,loan_ffel__unsubsidized_loans_originated_amt,4498,3889,609,16403776485.0,14270670528.0,2133105957.0
ffel,2003-2004,loan_ffel__unsubsidized_disbursements_n,4498,3889,609,6868050,6107195,760855
ffel,2003-2004,loan_ffel__unsubsidized_disbursements,4498,3889,609,15218510576.0,13284583195.0,1933927381.0
ffel,2003-2004,loan_ffel__plus_recipients,4498,3889,609,457300,423862,33438
ffel,2003-2004,loan_ffel__plus_loans_originated_n,4498,3889,609,516702,477944,38758
ffel,2003-2004,loan_ffel__plus_loans_originated_amt,4498,3889,609,4662805407.0,4341622038.0,321183369.0
ffel,2003-2004,loan_ffel__plus_disbursements_n,4498,3889,609,983794,912634,71160
ffel,2003-2004,loan_ffel__plus_disbursements,4498,3889,609,4443073266.0,4139193515.0,303879751.0
ffel,2003-2004,loan_ffel__grad_plus_recipients,4498,3889,609,,,
ffel,2003-2004,loan_ffel__grad_plus_loans_originated_n,4498,3889,609,,,
ffel,2003-2004,loan_ffel__grad_plus_loans_originated_amt,4498,3889,609,,,
ffel,2003-2004,loan_ffel__grad_plus_disbursements_n,4498,3889,609,,,
ffel,2003-2004,loan_ffel__grad_plus_disbursements,4498,3889,609,,,
ffel,2003-2004,loan_ffel__parent_plus_recipients,4498,3889,609,,,
ffel,2003-2004,loan_ffel__parent_plus_loans_originated_n,4498,3889,609,,,
ffel,2003-2004,loan_ffel__parent_plus_loans_originated_amt,4498,3889,609,,,
ffel,2003-2004,loan_ffel__parent_plus_disbursements_n,4498,3889,609,,,
ffel,2003-2004,loan_ffel__parent_plus_disbursements,4498,3889,609,,,
ffel,2004-2005,loan_ffel__subsidized_recipients,4515,3908,607,4545810,4071126,474684
ffel,2004-2005,loan_ffel__subsidized_loans_originated_n,4515,3908,607,5288593,4721712,566881
ffel,2004-2005,loan_ffel__subsidized_loans_originated_amt,4515,3908,607,19572122115.0,17189844961.0,2382277154.0
ffel,2004-2005,loan_ffel__subsidized_disbursements_n,4515,3908,607,9988519,8964553,1023966
ffel,2004-2005,loan_ffel__subsidized_disbursements,4515,3908,607,18206300946.0,16029677209.0,2176623737.0
ffel,2004-2005,loan_ffel__unsubsidized_recipients,4515,3908,607,3398105,2994795,403310
ffel,2004-2005,loan_ffel__unsubsidized_loans_originated_n,4515,3908,607,4075070,3584623,490447
ffel,2004-2005,loan_ffel__unsubsidized_loans_originated_amt,4515,3908,607,18807568020.0,16265422645.0,2542145375.0
ffel,2004-2005,loan_ffel__unsubsidized_disbursements_n,4515,3908,607,7676930,6782432,894498
ffel,2004-2005,loan_ffel__unsubsidized_disbursements,4515,3908,607,17377041797.0,15067430447.0,2309611350.0
ffel,2004-2005,loan_ffel__plus_recipients,4515,3908,607,515017,474876,40141
ffel,2004-2005,loan_ffel__plus_loans_originated_n,4515,3908,607,589611,542917,46694
ffel,2004-2005,loan_ffel__plus_loans_originated_amt,4515,3908,607,5660988155.0,5205549431.0,455438724.0
ffel,2004-2005,loan_ffel__plus_disbursements_n,4515,3908,607,1122397,1036821,85576
ffel,2004-2005,loan_ffel__plus_disbursements,4515,3908,607,5374352774.0,4943331943.0,431020831.0
ffel,2004-2005,loan_ffel__grad_plus_recipients,4515,3908,607,,,
ffel,2004-2005,loan_ffel__grad_plus_loans_originated_n,4515,3908,607,,,
ffel,2004-2005,loan_ffel__grad_plus_loans_originated_amt,4515,3908,607,,,
ffel,2004-2005,loan_ffel__grad_plus_disbursements_n,4515,3908,607,,,
ffel,2004-2005,loan_ffel__grad_plus_disbursements,4515,3908,607,,,
ffel,2004-2005,loan_ffel__parent_plus_recipients,4515,3908,607,,,
ffel,2004-2005,loan_ffel__parent_plus_loans_originated_n,4515,3908,607,,,
ffel,2004-2005,loan_ffel__parent_plus_loans_originated_amt,4515,3908,607,,,
ffel,2004-2005,loan_ffel__parent_plus_disbursements_n,4515,3908,607,,,
ffel,2004-2005,loan_ffel__parent_plus_disbursements,4515,3908,607,,,
ffel,2005-2006,loan_ffel__subsidized_recipients,4578,3962,616,4717960,4163383,554577
ffel,2005-2006,loan_ffel__subsidized_loans_originated_n,4578,3962,616,5482434,4818328,664106
ffel,2005-2006,loan_ffel__subsidized_loans_originated_amt,4578,3962,616,20464865482.0,17651437135.0,2813428347.0
ffel,2005-2006,loan_ffel__subsidized_disbursements_n,4578,3962,616,10278065,9058429,1219636
ffel,2005-2006,loan_ffel__subsidized_disbursements,4578,3962,616,18965035039.0,16399130411.0,2565904628.0
ffel,2005-2006,loan_ffel__unsubsidized_recipients,4578,3962,616,3666446,3195443,471003
ffel,2005-2006,loan_ffel__unsubsidized_loans_originated_n,4578,3962,616,4391887,3811370,580517
ffel,2005-2006,loan_ffel__unsubsidized_loans_originated_amt,4578,3962,616,20607797582.0,17529691455.0,3078106127.0
ffel,2005-2006,loan_ffel__unsubsidized_disbursements_n,4578,3962,616,8229666,7151515,1078151
ffel,2005-2006,loan_ffel__unsubsidized_disbursements,4578,3962,616,18958464237.0,16162400188.0,2796064049.0
ffel,2005-2006,loan_ffel__plus_recipients,4578,3962,616,542992,499919,43073
ffel,2005-2006,loan_ffel__plus_loans_originated_n,4578,3962,616,620769,571238,49531
ffel,2005-2006,loan_ffel__plus_loans_originated_amt,4578,3962,616,6386899606.0,5853538169.0,533361437.0
ffel,2005-2006,loan_ffel__plus_disbursements_n,4578,3962,616,1181064,1090011,91053
ffel,2005-2006,loan_ffel__plus_disbursements,4578,3962,616,6053522622.0,5550478057.0,503044565.0
ffel,2005-2006,loan_ffel__grad_plus_recipients,4578,3962,616,5431,5042,389
ffel,2005-2006,loan_ffel__grad_plus_loans_originated_n,4578,3962,616,6261,5860,401
ffel,2005-2006,loan_ffel__grad_plus_loans_originated_amt,4578,3962,616,72319886.0,67779156.0,4540730.0
ffel,2005-2006,loan_ffel__grad_plus_disbursements_n,4578,3962,616,10971,10469,502
ffel,2005-2006,loan_ffel__grad_plus_disbursements,4578,3962,616,69458072.0,65001164.0,4456908.0
ffel,2005-2006,loan_ffel__parent_plus_recipients,4578,3962,616,,,
ffel,2005-2006,loan_ffel__parent_plus_loans_originated_n,4578,3962,616,,,
ffel,2005-2006,loan_ffel__parent_plus_loans_originated_amt,4578,3962,616,,,
ffel,2005-2006,loan_ffel__parent_plus_disbursements_n,4578,3962,616,,,
ffel,2005-2006,loan_ffel__parent_plus_disbursements,4578,3962,616,,,
ffel,2006-2007,loan_ffel__subsidized_recipients,4617,4019,598,4951114,4303501,647613
ffel,2006-2007,loan_ffel__subsidized_loans_originated_n,4617,4019,598,5923694,5088661,835033
ffel,2006-2007,loan_ffel__subsidized_loans_originated_amt,4617,4019,598,21813012642.0,18609253410.0,3203759232.0
ffel,2006-2007,loan_ffel__subsidized_disbursements_n,4617,4019,598,10644513,9185237,1459276
ffel,2006-2007,loan_ffel__subsidized_disbursements,4617,4019,598,20160783985.0,17271742579.0,2889041406.0
ffel,2006-2007,loan_ffel__unsubsidized_recipients,4617,4019,598,3842014,3293727,548287
ffel,2006-2007,loan_ffel__unsubsidized_loans_originated_n,4617,4019,598,4656112,3955353,700759
ffel,2006-2007,loan_ffel__unsubsidized_loans_originated_amt,4617,4019,598,22010933414.0,18524546324.0,3486387090.0
ffel,2006-2007,loan_ffel__unsubsidized_disbursements_n,4617,4019,598,8368308,7130874,1237434
ffel,2006-2007,loan_ffel__unsubsidized_disbursements,4617,4019,598,20181027166.0,17047477079.0,3133550087.0
ffel,2006-2007,loan_ffel__plus_recipients,4617,4019,598,,,
ffel,2006-2007,loan_ffel__plus_loans_originated_n,4617,4019,598,,,
ffel,2006-2007,loan_ffel__plus_loans_originated_amt,4617,4019,598,,,
ffel,2006-2007,loan_ffel__plus_disbursements_n,4617,4019,598,,,
ffel,2006-2007,loan_ffel__plus_disbursements,4617,4019,598,,,
ffel,2006-2007,loan_ffel__grad_plus_recipients,4617,4019,598,112686,97828,14858
ffel,2006-2007,loan_ffel__grad_plus_loans_originated_n,4617,4019,598,145972,128068,17904
ffel,2006-2007,loan_ffel__grad_plus_loans_originated_amt,4617,4019,598,1987281338.0,1677773566.0,309507772.0
ffel,2006-2007,loan_ffel__grad_plus_disbursements_n,4617,4019,598,262192,229312,32880
ffel,2006-2007,loan_ffel__grad_plus_disbursements,4617,4019,598,1897414920.0,1605689970.0,291724950.0
ffel,2006-2007,loan_ffel__parent_plus_recipients,4617,4019,598,526293,481452,44841
ffel,2006-2007,loan_ffel__parent_plus_loans_originated_n,4617,4019,598,602895,551423,51472
ffel,2006-2007,loan_ffel__parent_plus_loans_originated_amt,4617,4019,598,6454689139.0,5863407773.0,591281366.0
ffel,2006-2007,loan_ffel__parent_plus_disbursements_n,4617,4019,598,1110497,1017161,93336
ffel,2006-2007,loan_ffel__parent_plus_disbursements,4617,4019,598,6105962325.0,5550717362.0,555244963.0
ffel,2007-2008,loan_ffel__subsidized_recipients,4847,4224,623,5320492,4559817,760675
ffel,2007-2008,loan_ffel__subsidized_loans_originated_n,4847,4224,623,6229354,5303445,925909
ffel,2007-2008,loan_ffel__subsidized_loans_originated_amt,4847,4224,623,25529387235.0,21627684156.0,3901703079.0
ffel,2007-2008,loan_ffel__subsidized_disbursements_n,4847,4224,623,11199181,9594223,1604958
ffel,2007-2008,loan_ffel__subsidized_disbursements,4847,4224,623,23538614205.0,20020752485.0,3517861720.0
ffel,2007-2008,loan_ffel__unsubsidized_recipients,4847,4224,623,4111597,3468510,643087
ffel,2007-2008,loan_ffel__unsubsidized_loans_originated_n,4847,4224,623,5147456,4264646,882810
ffel,2007-2008,loan_ffel__unsubsidized_loans_originated_amt,4847,4224,623,25505397826.0,21118197584.0,4387200242.0
ffel,2007-2008,loan_ffel__unsubsidized_disbursements_n,4847,4224,623,9222231,7685341,1536890
ffel,2007-2008,loan_ffel__unsubsidized_disbursements,4847,4224,623,23428317249.0,19455139908.0,3973177341.0
ffel,2007-2008,loan_ffel__plus_recipients,4847,4224,623,,,
ffel,2007-2008,loan_ffel__plus_loans_originated_n,4847,4224,623,,,
ffel,2007-2008,loan_ffel__plus_loans_originated_amt,4847,4224,623,,,
ffel,2007-2008,loan_ffel__plus_disbursements_n,4847,4224,623,,,
ffel,2007-2008,loan_ffel__plus_disbursements,4847,4224,623,,,
ffel,2007-2008,loan_ffel__grad_plus_recipients,4847,4224,623,156309,133634,22675
ffel,2007-2008,loan_ffel__grad_plus_loans_originated_n,4847,4224,623,211163,182381,28782
ffel,2007-2008,loan_ffel__grad_plus_loans_originated_amt,4847,4224,623,2942197240.0,2454563669.0,487633571.0
ffel,2007-2008,loan_ffel__grad_plus_disbursements_n,4847,4224,623,379881,327363,52518
ffel,2007-2008,loan_ffel__grad_plus_disbursements,4847,4224,623,2802565230.0,2341735103.0,460830127.0
ffel,2007-2008,loan_ffel__parent_plus_recipients,4847,4224,623,489730,443977,45753
ffel,2007-2008,loan_ffel__parent_plus_loans_originated_n,4847,4224,623,559872,507225,52647
ffel,2007-2008,loan_ffel__parent_plus_loans_originated_amt,4847,4224,623,6097483264.0,5481873286.0,615609978.0
ffel,2007-2008,loan_ffel__parent_plus_disbursements_n,4847,4224,623,1024719,929907,94812
ffel,2007-2008,loan_ffel__parent_plus_disbursements,4847,4224,623,5781954093.0,5204294047.0,577660046.0
ffel,2008-2009,loan_ffel__subsidized_recipients,4543,3960,583,5526308,4644978,881330
ffel,2008-2009,loan_ffel__subsidized_loans_originated_n,4543,3960,583,6519106,5429436,1089670
ffel,2008-2009,loan_ffel__subsidized_loans_originated_amt,4543,3960,583,26052103568.0,21686640153.0,4365463415.0
ffel,2008-2009,loan_ffel__subsidized_disbursements_n,4543,3960,583,12060916,10169730,1891186
ffel,2008-2009,loan_ffel__subsidized_disbursements,4543,3960,583,24561603452.0,20541785328.0,4019818124.0
ffel,2008-2009,loan_ffel__unsubsidized_recipients,4543,3960,583,5186975,4355978,830997
ffel,2008-2009,loan_ffel__unsubsidized_loans_originated_n,4543,3960,583,6694872,5592650,1102222
ffel,2008-2009,loan_ffel__unsubsidized_loans_originated_amt,4543,3960,583,32748163962.0,26813822113.0,5934341849.0
ffel,2008-2009,loan_ffel__unsubsidized_disbursements_n,4543,3960,583,12420636,10485227,1935409
ffel,2008-2009,loan_ffel__unsubsidized_disbursements,4543,3960,583,30712749374.0,25272906455.0,5439842919.0
ffel,2008-2009,loan_ffel__plus_recipients,4543,3960,583,,,
ffel,2008-2009,loan_ffel__plus_loans_originated_n,4543,3960,583,,,
ffel,2008-2009,loan_ffel__plus_loans_originated_amt,4543,3960,583,,,
ffel,2008-2009,loan_ffel__plus_disbursements_n,4543,3960,583,,,
ffel,2008-2009,loan_ffel__plus_disbursements,4543,3960,583,,,
ffel,2008-2009,loan_ffel__grad_plus_recipients,4543,3960,583,182073,155068,27005
ffel,2008-2009,loan_ffel__grad_plus_loans_originated_n,4543,3960,583,254385,218809,35576
ffel,2008-2009,loan_ffel__grad_plus_loans_originated_amt,4543,3960,583,3641754364.0,3036749165.0,605005199.0
ffel,2008-2009,loan_ffel__grad_plus_disbursements_n,4543,3960,583,461287,399410,61877
ffel,2008-2009,loan_ffel__grad_plus_disbursements,4543,3960,583,3519866968.0,2940909078.0,578957890.0
ffel,2008-2009,loan_ffel__parent_plus_recipients,4543,3960,583,415279,374202,41077
ffel,2008-2009,loan_ffel__parent_plus_loans_originated_n,4543,3960,583,477115,428469,48646
ffel,2008-2009,loan_ffel__parent_plus_loans_originated_amt,4543,3960,583,5161135546.0,4601895131.0,559240415.0
ffel,2008-2009,loan_ffel__parent_plus_disbursements_n,4543,3960,583,892759,803463,89296
ffel,2008-2009,loan_ffel__parent_plus_disbursements,4543,3960,583,4960555789.0,4427101487.0,533454302.0
ffel,2009-2010,loan_ffel__subsidized_recipients,4188,3645,543,5125234,4405315,719919
ffel,2009-2010,loan_ffel__subsidized_loans_originated_n,4188,3645,543,5782471,4977437,805034
ffel,2009-2010,loan_ffel__subsidized_loans_originated_amt,4188,3645,543,23221819145.0,19803685979.0,3418133166.0
ffel,2009-2010,loan_ffel__subsidized_disbursements_n,4188,3645,543,10821552,9352643,1468909
ffel,2009-2010,loan_ffel__subsidized_disbursements,4188,3645,543,21962991475.0,18788706567.0,3174284908.0
ffel,2009-2010,loan_ffel__unsubsidized_recipients,4188,3645,543,4886470,4220955,665515
ffel,2009-2010,loan_ffel__unsubsidized_loans_originated_n,4188,3645,543,5933459,5149365,784094
ffel,2009-2010,loan_ffel__unsubsidized_loans_originated_amt,4188,3645,543,28913040100.0,24644221438.0,4268818662.0
ffel,2009-2010,loan_ffel__unsubsidized_disbursements_n,4188,3645,543,11160722,9705247,1455475
ffel,2009-2010,loan_ffel__unsubsidized_disbursements,4188,3645,543,27207763586.0,23238590397.0,3969173189.0
ffel,2009-2010,loan_ffel__plus_recipients,4188,3645,543,,,
ffel,2009-2010,loan_ffel__plus_loans_originated_n,4188,3645,543,,,
ffel,2009-2010,loan_ffel__plus_loans_originated_amt,4188,3645,543,,,
ffel,2009-2010,loan_ffel__plus_disbursements_n,4188,3645,543,,,
ffel,2009-2010,loan_ffel__plus_disbursements,4188,3645,543,,,
ffel,2009-2010,loan_ffel__grad_plus_recipients,4188,3645,543,178179,153887,24292
ffel,2009-2010,loan_ffel__grad_plus_loans_originated_n,4188,3645,543,243194,210263,32931
ffel,2009-2010,loan_ffel__grad_plus_loans_originated_amt,4188,3645,543,3739347952.0,3169678455.0,569669497.0
ffel,2009-2010,loan_ffel__grad_plus_disbursements_n,4188,3645,543,437332,380273,57059
ffel,2009-2010,loan_ffel__grad_plus_disbursements,4188,3645,543,3650192381.0,3095758647.0,554433734.0
ffel,2009-2010,loan_ffel__parent_plus_recipients,4188,3645,543,363582,333897,29685
ffel,2009-2010,loan_ffel__parent_plus_loans_originated_n,4188,3645,543,411851,378657,33194
ffel,2009-2010,loan_ffel__parent_plus_loans_originated_amt,4188,3645,543,4581724603.0,4205651683.0,376072920.0
ffel,2009-2010,loan_ffel__parent_plus_disbursements_n,4188,3645,543,772321,709150,63171
ffel,2009-2010,loan_ffel__parent_plus_disbursements,4188,3645,543,4421856239.0,4060098096.0,361758143.0
