family,award_year,record_disposition,record_origin,column,units,source_record_count,observed_amount_cells,unknown_amount_cells,known_source_dollar_sum
grants,1999-2000,excluded_annual_identity_unresolved,opeid_master,grant__pell_disbursements,nominal_usd,293,293,0,700138751.89
grants,1999-2000,excluded_annual_identity_unresolved,opeid_master,grant__acg_disbursements,nominal_usd,293,0,293,
grants,1999-2000,excluded_annual_identity_unresolved,opeid_master,grant__smart_disbursements,nominal_usd,293,0,293,
grants,1999-2000,excluded_annual_identity_unresolved,opeid_master,grant__teach_disbursements,nominal_usd,293,0,293,
grants,1999-2000,excluded_annual_identity_unresolved,opeid_master,grant__iasg_disbursements,nominal_usd,293,0,293,
grants,1999-2000,included_unique_family_record,opeid_master,grant__pell_disbursements,nominal_usd,4931,4931,0,6510014545.06
grants,1999-2000,included_unique_family_record,opeid_master,grant__acg_disbursements,nominal_usd,4931,0,4931,
grants,1999-2000,included_unique_family_record,opeid_master,grant__smart_disbursements,nominal_usd,4931,0,4931,
grants,1999-2000,included_unique_family_record,opeid_master,grant__teach_disbursements,nominal_usd,4931,0,4931,
grants,1999-2000,included_unique_family_record,opeid_master,grant__iasg_disbursements,nominal_usd,4931,0,4931,
grants,2000-2001,ambiguous_family_multiple_records,opeid_master,grant__pell_disbursements,nominal_usd,94,94,0,104334727.10000001
grants,2000-2001,ambiguous_family_multiple_records,opeid_master,grant__acg_disbursements,nominal_usd,94,0,94,
grants,2000-2001,ambiguous_family_multiple_records,opeid_master,grant__smart_disbursements,nominal_usd,94,0,94,
grants,2000-2001,ambiguous_family_multiple_records,opeid_master,grant__teach_disbursements,nominal_usd,94,0,94,
grants,2000-2001,ambiguous_family_multiple_records,opeid_master,grant__iasg_disbursements,nominal_usd,94,0,94,
grants,2000-2001,excluded_annual_identity_unresolved,opeid_master,grant__pell_disbursements,nominal_usd,206,206,0,1044197213.7499999
grants,2000-2001,excluded_annual_identity_unresolved,opeid_master,grant__acg_disbursements,nominal_usd,206,0,206,
grants,2000-2001,excluded_annual_identity_unresolved,opeid_master,grant__smart_disbursements,nominal_usd,206,0,206,
grants,2000-2001,excluded_annual_identity_unresolved,opeid_master,grant__teach_disbursements,nominal_usd,206,0,206,
grants,2000-2001,excluded_annual_identity_unresolved,opeid_master,grant__iasg_disbursements,nominal_usd,206,0,206,
grants,2000-2001,included_unique_family_record,opeid_master,grant__pell_disbursements,nominal_usd,4904,4904,0,6805446955.809999
grants,2000-2001,included_unique_family_record,opeid_master,grant__acg_disbursements,nominal_usd,4904,0,4904,
grants,2000-2001,included_unique_family_record,opeid_master,grant__smart_disbursements,nominal_usd,4904,0,4904,
grants,2000-2001,included_unique_family_record,opeid_master,grant__teach_disbursements,nominal_usd,4904,0,4904,
grants,2000-2001,included_unique_family_record,opeid_master,grant__iasg_disbursements,nominal_usd,4904,0,4904,
grants,2001-2002,ambiguous_family_multiple_records,opeid_master,grant__pell_disbursements,nominal_usd,33,33,0,66827192.300000004
grants,2001-2002,ambiguous_family_multiple_records,opeid_master,grant__acg_disbursements,nominal_usd,33,0,33,
grants,2001-2002,ambiguous_family_multiple_records,opeid_master,grant__smart_disbursements,nominal_usd,33,0,33,
grants,2001-2002,ambiguous_family_multiple_records,opeid_master,grant__teach_disbursements,nominal_usd,33,0,33,
grants,2001-2002,ambiguous_family_multiple_records,opeid_master,grant__iasg_disbursements,nominal_usd,33,0,33,
grants,2001-2002,excluded_annual_identity_unresolved,opeid_master,grant__pell_disbursements,nominal_usd,170,170,0,1315036268.6399999
grants,2001-2002,excluded_annual_identity_unresolved,opeid_master,grant__acg_disbursements,nominal_usd,170,0,170,
grants,2001-2002,excluded_annual_identity_unresolved,opeid_master,grant__smart_disbursements,nominal_usd,170,0,170,
grants,2001-2002,excluded_annual_identity_unresolved,opeid_master,grant__teach_disbursements,nominal_usd,170,0,170,
grants,2001-2002,excluded_annual_identity_unresolved,opeid_master,grant__iasg_disbursements,nominal_usd,170,0,170,
grants,2001-2002,included_unique_family_record,opeid_master,grant__pell_disbursements,nominal_usd,4982,4982,0,8593805317.240002
grants,2001-2002,included_unique_family_record,opeid_master,grant__acg_disbursements,nominal_usd,4982,0,4982,
grants,2001-2002,included_unique_family_record,opeid_master,grant__smart_disbursements,nominal_usd,4982,0,4982,
grants,2001-2002,included_unique_family_record,opeid_master,grant__teach_disbursements,nominal_usd,4982,0,4982,
grants,2001-2002,included_unique_family_record,opeid_master,grant__iasg_disbursements,nominal_usd,4982,0,4982,
grants,2002-2003,ambiguous_family_multiple_records,opeid_master,grant__pell_disbursements,nominal_usd,29,29,0,67325842.14
grants,2002-2003,ambiguous_family_multiple_records,opeid_master,grant__acg_disbursements,nominal_usd,29,0,29,
grants,2002-2003,ambiguous_family_multiple_records,opeid_master,grant__smart_disbursements,nominal_usd,29,0,29,
grants,2002-2003,ambiguous_family_multiple_records,opeid_master,grant__teach_disbursements,nominal_usd,29,0,29,
grants,2002-2003,ambiguous_family_multiple_records,opeid_master,grant__iasg_disbursements,nominal_usd,29,0,29,
grants,2002-2003,excluded_annual_identity_unresolved,opeid_master,grant__pell_disbursements,nominal_usd,164,164,0,1450510390.67
grants,2002-2003,excluded_annual_identity_unresolved,opeid_master,grant__acg_disbursements,nominal_usd,164,0,164,
grants,2002-2003,excluded_annual_identity_unresolved,opeid_master,grant__smart_disbursements,nominal_usd,164,0,164,
grants,2002-2003,excluded_annual_identity_unresolved,opeid_master,grant__teach_disbursements,nominal_usd,164,0,164,
grants,2002-2003,excluded_annual_identity_unresolved,opeid_master,grant__iasg_disbursements,nominal_usd,164,0,164,
grants,2002-2003,included_unique_family_record,opeid_master,grant__pell_disbursements,nominal_usd,4982,4982,0,10115821106.49
grants,2002-2003,included_unique_family_record,opeid_master,grant__acg_disbursements,nominal_usd,4982,0,4982,
grants,2002-2003,included_unique_family_record,opeid_master,grant__smart_disbursements,nominal_usd,4982,0,4982,
grants,2002-2003,included_unique_family_record,opeid_master,grant__teach_disbursements,nominal_usd,4982,0,4982,
grants,2002-2003,included_unique_family_record,opeid_master,grant__iasg_disbursements,nominal_usd,4982,0,4982,
grants,2003-2004,ambiguous_family_multiple_records,opeid_master,grant__pell_disbursements,nominal_usd,14,14,0,37220082.45
grants,2003-2004,ambiguous_family_multiple_records,opeid_master,grant__acg_disbursements,nominal_usd,14,0,14,
grants,2003-2004,ambiguous_family_multiple_records,opeid_master,grant__smart_disbursements,nominal_usd,14,0,14,
grants,2003-2004,ambiguous_family_multiple_records,opeid_master,grant__teach_disbursements,nominal_usd,14,0,14,
grants,2003-2004,ambiguous_family_multiple_records,opeid_master,grant__iasg_disbursements,nominal_usd,14,0,14,
grants,2003-2004,excluded_annual_identity_unresolved,opeid_master,grant__pell_disbursements,nominal_usd,218,218,0,1626790274.27
grants,2003-2004,excluded_annual_identity_unresolved,opeid_master,grant__acg_disbursements,nominal_usd,218,0,218,
grants,2003-2004,excluded_annual_identity_unresolved,opeid_master,grant__smart_disbursements,nominal_usd,218,0,218,
grants,2003-2004,excluded_annual_identity_unresolved,opeid_master,grant__teach_disbursements,nominal_usd,218,0,218,
grants,2003-2004,excluded_annual_identity_unresolved,opeid_master,grant__iasg_disbursements,nominal_usd,218,0,218,
grants,2003-2004,included_unique_family_record,opeid_master,grant__pell_disbursements,nominal_usd,4971,4971,0,11030878207.26
grants,2003-2004,included_unique_family_record,opeid_master,grant__acg_disbursements,nominal_usd,4971,0,4971,
grants,2003-2004,included_unique_family_record,opeid_master,grant__smart_disbursements,nominal_usd,4971,0,4971,
grants,2003-2004,included_unique_family_record,opeid_master,grant__teach_disbursements,nominal_usd,4971,0,4971,
grants,2003-2004,included_unique_family_record,opeid_master,grant__iasg_disbursements,nominal_usd,4971,0,4971,
grants,2004-2005,ambiguous_family_multiple_records,opeid_master,grant__pell_disbursements,nominal_usd,8,8,0,23386380.76
grants,2004-2005,ambiguous_family_multiple_records,opeid_master,grant__acg_disbursements,nominal_usd,8,0,8,
grants,2004-2005,ambiguous_family_multiple_records,opeid_master,grant__smart_disbursements,nominal_usd,8,0,8,
grants,2004-2005,ambiguous_family_multiple_records,opeid_master,grant__teach_disbursements,nominal_usd,8,0,8,
grants,2004-2005,ambiguous_family_multiple_records,opeid_master,grant__iasg_disbursements,nominal_usd,8,0,8,
grants,2004-2005,excluded_annual_identity_unresolved,opeid_master,grant__pell_disbursements,nominal_usd,227,227,0,1650615339.87
grants,2004-2005,excluded_annual_identity_unresolved,opeid_master,grant__acg_disbursements,nominal_usd,227,0,227,
grants,2004-2005,excluded_annual_identity_unresolved,opeid_master,grant__smart_disbursements,nominal_usd,227,0,227,
grants,2004-2005,excluded_annual_identity_unresolved,opeid_master,grant__teach_disbursements,nominal_usd,227,0,227,
grants,2004-2005,excluded_annual_identity_unresolved,opeid_master,grant__iasg_disbursements,nominal_usd,227,0,227,
grants,2004-2005,included_unique_family_record,opeid_master,grant__pell_disbursements,nominal_usd,4976,4976,0,11461584153.57
grants,2004-2005,included_unique_family_record,opeid_master,grant__acg_disbursements,nominal_usd,4976,0,4976,
grants,2004-2005,included_unique_family_record,opeid_master,grant__smart_disbursements,nominal_usd,4976,0,4976,
grants,2004-2005,included_unique_family_record,opeid_master,grant__teach_disbursements,nominal_usd,4976,0,4976,
grants,2004-2005,included_unique_family_record,opeid_master,grant__iasg_disbursements,nominal_usd,4976,0,4976,
grants,2005-2006,excluded_annual_identity_unresolved,opeid_master,grant__pell_disbursements,nominal_usd,217,217,0,1735030879.88
grants,2005-2006,excluded_annual_identity_unresolved,opeid_master,grant__acg_disbursements,nominal_usd,217,0,217,
grants,2005-2006,excluded_annual_identity_unresolved,opeid_master,grant__smart_disbursements,nominal_usd,217,0,217,
grants,2005-2006,excluded_annual_identity_unresolved,opeid_master,grant__teach_disbursements,nominal_usd,217,0,217,
grants,2005-2006,excluded_annual_identity_unresolved,opeid_master,grant__iasg_disbursements,nominal_usd,217,0,217,
grants,2005-2006,included_unique_family_record,opeid_master,grant__pell_disbursements,nominal_usd,5032,5032,0,10937428113.34
grants,2005-2006,included_unique_family_record,opeid_master,grant__acg_disbursements,nominal_usd,5032,0,5032,
grants,2005-2006,included_unique_family_record,opeid_master,grant__smart_disbursements,nominal_usd,5032,0,5032,
grants,2005-2006,included_unique_family_record,opeid_master,grant__teach_disbursements,nominal_usd,5032,0,5032,
grants,2005-2006,included_unique_family_record,opeid_master,grant__iasg_disbursements,nominal_usd,5032,0,5032,
grants,2006-2007,ambiguous_family_multiple_records,opeid_master,grant__pell_disbursements,nominal_usd,53,51,2,184634053.61
grants,2006-2007,ambiguous_family_multiple_records,opeid_master,grant__acg_disbursements,nominal_usd,53,46,7,1901246.0
grants,2006-2007,ambiguous_family_multiple_records,opeid_master,grant__smart_disbursements,nominal_usd,53,11,42,1186448.0
grants,2006-2007,ambiguous_family_multiple_records,opeid_master,grant__teach_disbursements,nominal_usd,53,0,53,
grants,2006-2007,ambiguous_family_multiple_records,opeid_master,grant__iasg_disbursements,nominal_usd,53,0,53,
grants,2006-2007,excluded_annual_identity_unresolved,opeid_master,grant__pell_disbursements,nominal_usd,200,199,1,1107778167.61
grants,2006-2007,excluded_annual_identity_unresolved,opeid_master,grant__acg_disbursements,nominal_usd,200,90,110,11075071.390000002
grants,2006-2007,excluded_annual_identity_unresolved,opeid_master,grant__smart_disbursements,nominal_usd,200,48,152,22626314.63
grants,2006-2007,excluded_annual_identity_unresolved,opeid_master,grant__teach_disbursements,nominal_usd,200,0,200,
grants,2006-2007,excluded_annual_identity_unresolved,opeid_master,grant__iasg_disbursements,nominal_usd,200,0,200,
grants,2006-2007,included_unique_family_record,opeid_master,grant__pell_disbursements,nominal_usd,5250,5250,0,11499505762.810001
grants,2006-2007,included_unique_family_record,opeid_master,grant__acg_disbursements,nominal_usd,5250,2689,2561,229375223.84999996
grants,2006-2007,included_unique_family_record,opeid_master,grant__smart_disbursements,nominal_usd,5250,1381,3869,181971944.98
grants,2006-2007,included_unique_family_record,opeid_master,grant__teach_disbursements,nominal_usd,5250,0,5250,
grants,2006-2007,included_unique_family_record,opeid_master,grant__iasg_disbursements,nominal_usd,5250,0,5250,
grants,2007-2008,ambiguous_family_multiple_records,opeid_master,grant__pell_disbursements,nominal_usd,50,50,0,172701244.5
grants,2007-2008,ambiguous_family_multiple_records,opeid_master,grant__acg_disbursements,nominal_usd,50,44,6,3018277.33
grants,2007-2008,ambiguous_family_multiple_records,opeid_master,grant__smart_disbursements,nominal_usd,50,8,42,1384199.32
grants,2007-2008,ambiguous_family_multiple_records,opeid_master,grant__teach_disbursements,nominal_usd,50,0,50,
grants,2007-2008,ambiguous_family_multiple_records,opeid_master,grant__iasg_disbursements,nominal_usd,50,0,50,
grants,2007-2008,excluded_annual_identity_unresolved,opeid_master,grant__pell_disbursements,nominal_usd,229,229,0,1410394379.9899998
grants,2007-2008,excluded_annual_identity_unresolved,opeid_master,grant__acg_disbursements,nominal_usd,229,100,129,15872529.26
grants,2007-2008,excluded_annual_identity_unresolved,opeid_master,grant__smart_disbursements,nominal_usd,229,56,173,20747792.06
grants,2007-2008,excluded_annual_identity_unresolved,opeid_master,grant__teach_disbursements,nominal_usd,229,0,229,
grants,2007-2008,excluded_annual_identity_unresolved,opeid_master,grant__iasg_disbursements,nominal_usd,229,0,229,
grants,2007-2008,included_unique_family_record,opeid_master,grant__pell_disbursements,nominal_usd,5226,5225,1,13091798658.47
grants,2007-2008,included_unique_family_record,opeid_master,grant__acg_disbursements,nominal_usd,5226,2833,2393,289936411.0300001
grants,2007-2008,included_unique_family_record,opeid_master,grant__smart_disbursements,nominal_usd,5226,1416,3810,182738173.39999998
grants,2007-2008,included_unique_family_record,opeid_master,grant__teach_disbursements,nominal_usd,5226,0,5226,
grants,2007-2008,included_unique_family_record,opeid_master,grant__iasg_disbursements,nominal_usd,5226,0,5226,
grants,2008-2009,ambiguous_family_multiple_records,opeid_master,grant__pell_disbursements,nominal_usd,62,57,5,278942870.37
grants,2008-2009,ambiguous_family_multiple_records,opeid_master,grant__acg_disbursements,nominal_usd,62,55,7,4521558.37
grants,2008-2009,ambiguous_family_multiple_records,opeid_master,grant__smart_disbursements,nominal_usd,62,9,53,1864788.44
grants,2008-2009,ambiguous_family_multiple_records,opeid_master,grant__teach_disbursements,nominal_usd,62,2,60,75500.0
grants,2008-2009,ambiguous_family_multiple_records,opeid_master,grant__iasg_disbursements,nominal_usd,62,0,62,
grants,2008-2009,excluded_annual_identity_unresolved,opeid_master,grant__pell_disbursements,nominal_usd,299,298,1,2042112021.6399999
grants,2008-2009,excluded_annual_identity_unresolved,opeid_master,grant__acg_disbursements,nominal_usd,299,142,157,20267292.330000006
grants,2008-2009,excluded_annual_identity_unresolved,opeid_master,grant__smart_disbursements,nominal_usd,299,84,215,23737717.03
grants,2008-2009,excluded_annual_identity_unresolved,opeid_master,grant__teach_disbursements,nominal_usd,299,13,286,1582144.5
grants,2008-2009,excluded_annual_identity_unresolved,opeid_master,grant__iasg_disbursements,nominal_usd,299,0,299,
grants,2008-2009,included_unique_family_record,opeid_master,grant__pell_disbursements,nominal_usd,5178,5172,6,15959909811.16
grants,2008-2009,included_unique_family_record,opeid_master,grant__acg_disbursements,nominal_usd,5178,2838,2340,314693876.46000004
grants,2008-2009,included_unique_family_record,opeid_master,grant__smart_disbursements,nominal_usd,5178,1387,3791,174215267.00999996
grants,2008-2009,included_unique_family_record,opeid_master,grant__teach_disbursements,nominal_usd,5178,486,4692,35672341.309999995
grants,2008-2009,included_unique_family_record,opeid_master,grant__iasg_disbursements,nominal_usd,5178,0,5178,
grants,2009-2010,ambiguous_family_multiple_records,opeid_master,grant__pell_disbursements,nominal_usd,55,54,1,432198873.07
grants,2009-2010,ambiguous_family_multiple_records,opeid_master,grant__acg_disbursements,nominal_usd,55,47,8,5994296.279999999
grants,2009-2010,ambiguous_family_multiple_records,opeid_master,grant__smart_disbursements,nominal_usd,55,7,48,2405169.14
grants,2009-2010,ambiguous_family_multiple_records,opeid_master,grant__teach_disbursements,nominal_usd,55,2,53,107500.0
grants,2009-2010,ambiguous_family_multiple_records,opeid_master,grant__iasg_disbursements,nominal_usd,55,0,55,
grants,2009-2010,excluded_annual_identity_unresolved,opeid_master,grant__pell_disbursements,nominal_usd,353,352,1,3537387196.8900003
grants,2009-2010,excluded_annual_identity_unresolved,opeid_master,grant__acg_disbursements,nominal_usd,353,174,179,30229924.709999993
grants,2009-2010,excluded_annual_identity_unresolved,opeid_master,grant__smart_disbursements,nominal_usd,353,87,266,40290373.21
grants,2009-2010,excluded_annual_identity_unresolved,opeid_master,grant__teach_disbursements,nominal_usd,353,22,331,3727088.0
grants,2009-2010,excluded_annual_identity_unresolved,opeid_master,grant__iasg_disbursements,nominal_usd,353,0,353,
grants,2009-2010,included_unique_family_record,opeid_master,grant__pell_disbursements,nominal_usd,5192,5186,6,25829203938.179996
grants,2009-2010,included_unique_family_record,opeid_master,grant__acg_disbursements,nominal_usd,5192,2905,2287,437223006.7199999
grants,2009-2010,included_unique_family_record,opeid_master,grant__smart_disbursements,nominal_usd,5192,1400,3792,312856151.15
grants,2009-2010,included_unique_family_record,opeid_master,grant__teach_disbursements,nominal_usd,5192,706,4486,92045091.39
grants,2009-2010,included_unique_family_record,opeid_master,grant__iasg_disbursements,nominal_usd,5192,0,5192,
grants,2009-2010,included_unique_family_record,verified_quarantine_unitid_only,grant__pell_disbursements,nominal_usd,16,16,0,151082578.97
grants,2009-2010,included_unique_family_record,verified_quarantine_unitid_only,grant__acg_disbursements,nominal_usd,16,16,0,5834476.12
grants,2009-2010,included_unique_family_record,verified_quarantine_unitid_only,grant__smart_disbursements,nominal_usd,16,16,0,3796378.75
grants,2009-2010,included_unique_family_record,verified_quarantine_unitid_only,grant__teach_disbursements,nominal_usd,16,0,16,
grants,2009-2010,included_unique_family_record,verified_quarantine_unitid_only,grant__iasg_disbursements,nominal_usd,16,0,16,
grants,2010-2011,excluded_annual_identity_unresolved,opeid_master,grant__pell_disbursements,nominal_usd,257,257,0,4230501197.37
grants,2010-2011,excluded_annual_identity_unresolved,opeid_master,grant__acg_disbursements,nominal_usd,257,257,0,39274651.47
grants,2010-2011,excluded_annual_identity_unresolved,opeid_master,grant__smart_disbursements,nominal_usd,257,257,0,52254436.54
grants,2010-2011,excluded_annual_identity_unresolved,opeid_master,grant__teach_disbursements,nominal_usd,257,257,0,4241090.41
grants,2010-2011,excluded_annual_identity_unresolved,opeid_master,grant__iasg_disbursements,nominal_usd,257,257,0,11100.0
grants,2010-2011,included_unique_family_record,opeid_master,grant__pell_disbursements,nominal_usd,5272,5272,0,31339473583.29
grants,2010-2011,included_unique_family_record,opeid_master,grant__acg_disbursements,nominal_usd,5272,5272,0,513873296.57
grants,2010-2011,included_unique_family_record,opeid_master,grant__smart_disbursements,nominal_usd,5272,5272,0,380077305.71
grants,2010-2011,included_unique_family_record,opeid_master,grant__teach_disbursements,nominal_usd,5272,5272,0,117197730.8
grants,2010-2011,included_unique_family_record,opeid_master,grant__iasg_disbursements,nominal_usd,5272,5272,0,157945.0
grants,2011-2012,excluded_annual_identity_unresolved,opeid_master,grant__pell_disbursements,nominal_usd,118,118,0,1128024516.21
grants,2011-2012,excluded_annual_identity_unresolved,opeid_master,grant__acg_disbursements,nominal_usd,118,0,118,
grants,2011-2012,excluded_annual_identity_unresolved,opeid_master,grant__smart_disbursements,nominal_usd,118,0,118,
grants,2011-2012,excluded_annual_identity_unresolved,opeid_master,grant__teach_disbursements,nominal_usd,118,118,0,2416037.14
grants,2011-2012,excluded_annual_identity_unresolved,opeid_master,grant__iasg_disbursements,nominal_usd,118,118,0,13182.0
grants,2011-2012,included_unique_family_record,opeid_master,grant__pell_disbursements,nominal_usd,5369,5369,0,32370652277.369995
grants,2011-2012,included_unique_family_record,opeid_master,grant__acg_disbursements,nominal_usd,5369,0,5369,
grants,2011-2012,included_unique_family_record,opeid_master,grant__smart_disbursements,nominal_usd,5369,0,5369,
grants,2011-2012,included_unique_family_record,opeid_master,grant__teach_disbursements,nominal_usd,5369,5369,0,117621469.15
grants,2011-2012,included_unique_family_record,opeid_master,grant__iasg_disbursements,nominal_usd,5369,5369,0,163440.46
grants,2012-2013,excluded_annual_identity_unresolved,opeid_master,grant__pell_disbursements,nominal_usd,97,97,0,982959741.6700001
grants,2012-2013,excluded_annual_identity_unresolved,opeid_master,grant__acg_disbursements,nominal_usd,97,0,97,
grants,2012-2013,excluded_annual_identity_unresolved,opeid_master,grant__smart_disbursements,nominal_usd,97,0,97,
grants,2012-2013,excluded_annual_identity_unresolved,opeid_master,grant__teach_disbursements,nominal_usd,97,97,0,2105768.0
grants,2012-2013,excluded_annual_identity_unresolved,opeid_master,grant__iasg_disbursements,nominal_usd,97,97,0,11050.0
grants,2012-2013,included_unique_family_record,opeid_master,grant__pell_disbursements,nominal_usd,5378,5378,0,31064013081.89
grants,2012-2013,included_unique_family_record,opeid_master,grant__acg_disbursements,nominal_usd,5378,0,5378,
grants,2012-2013,included_unique_family_record,opeid_master,grant__smart_disbursements,nominal_usd,5378,0,5378,
grants,2012-2013,included_unique_family_record,opeid_master,grant__teach_disbursements,nominal_usd,5378,5378,0,107703331.49000001
grants,2012-2013,included_unique_family_record,opeid_master,grant__iasg_disbursements,nominal_usd,5378,5378,0,216344.0
grants,2013-2014,excluded_annual_identity_unresolved,opeid_master,grant__pell_disbursements,nominal_usd,136,136,0,1391691268.58
grants,2013-2014,excluded_annual_identity_unresolved,opeid_master,grant__acg_disbursements,nominal_usd,136,0,136,
grants,2013-2014,excluded_annual_identity_unresolved,opeid_master,grant__smart_disbursements,nominal_usd,136,0,136,
grants,2013-2014,excluded_annual_identity_unresolved,opeid_master,grant__teach_disbursements,nominal_usd,136,136,0,2026610.0999999999
grants,2013-2014,excluded_annual_identity_unresolved,opeid_master,grant__iasg_disbursements,nominal_usd,136,136,0,10161.0
grants,2013-2014,included_unique_family_record,opeid_master,grant__pell_disbursements,nominal_usd,5345,5345,0,30076196721.820004
grants,2013-2014,included_unique_family_record,opeid_master,grant__acg_disbursements,nominal_usd,5345,0,5345,
grants,2013-2014,included_unique_family_record,opeid_master,grant__smart_disbursements,nominal_usd,5345,0,5345,
grants,2013-2014,included_unique_family_record,opeid_master,grant__teach_disbursements,nominal_usd,5345,5345,0,94486810.55
grants,2013-2014,included_unique_family_record,opeid_master,grant__iasg_disbursements,nominal_usd,5345,5345,0,291769.36
grants,2014-2015,excluded_annual_identity_unresolved,opeid_master,grant__pell_disbursements,nominal_usd,115,115,0,1724948433.29
grants,2014-2015,excluded_annual_identity_unresolved,opeid_master,grant__acg_disbursements,nominal_usd,115,0,115,
grants,2014-2015,excluded_annual_identity_unresolved,opeid_master,grant__smart_disbursements,nominal_usd,115,0,115,
grants,2014-2015,excluded_annual_identity_unresolved,opeid_master,grant__teach_disbursements,nominal_usd,115,115,0,1884397.85
grants,2014-2015,excluded_annual_identity_unresolved,opeid_master,grant__iasg_disbursements,nominal_usd,115,115,0,29245.48
grants,2014-2015,included_unique_family_record,opeid_master,grant__pell_disbursements,nominal_usd,5334,5334,0,28897093192.609997
grants,2014-2015,included_unique_family_record,opeid_master,grant__acg_disbursements,nominal_usd,5334,0,5334,
grants,2014-2015,included_unique_family_record,opeid_master,grant__smart_disbursements,nominal_usd,5334,0,5334,
grants,2014-2015,included_unique_family_record,opeid_master,grant__teach_disbursements,nominal_usd,5334,5334,0,92452735.55000001
grants,2014-2015,included_unique_family_record,opeid_master,grant__iasg_disbursements,nominal_usd,5334,5334,0,302117.30000000005
grants,2015-2016,excluded_annual_identity_unresolved,opeid_master,grant__pell_disbursements,nominal_usd,107,107,0,1040186785.95
grants,2015-2016,excluded_annual_identity_unresolved,opeid_master,grant__acg_disbursements,nominal_usd,107,0,107,
grants,2015-2016,excluded_annual_identity_unresolved,opeid_master,grant__smart_disbursements,nominal_usd,107,0,107,
grants,2015-2016,excluded_annual_identity_unresolved,opeid_master,grant__teach_disbursements,nominal_usd,107,107,0,1850048.5
grants,2015-2016,excluded_annual_identity_unresolved,opeid_master,grant__iasg_disbursements,nominal_usd,107,107,0,21441.86
grants,2015-2016,included_unique_family_record,opeid_master,grant__pell_disbursements,nominal_usd,5290,5290,0,27511452974.63
grants,2015-2016,included_unique_family_record,opeid_master,grant__acg_disbursements,nominal_usd,5290,0,5290,
grants,2015-2016,included_unique_family_record,opeid_master,grant__smart_disbursements,nominal_usd,5290,0,5290,
grants,2015-2016,included_unique_family_record,opeid_master,grant__teach_disbursements,nominal_usd,5290,5290,0,87560972.81
grants,2015-2016,included_unique_family_record,opeid_master,grant__iasg_disbursements,nominal_usd,5290,5290,0,350474.83
grants,2016-2017,excluded_annual_identity_unresolved,opeid_master,grant__pell_disbursements,nominal_usd,92,92,0,744461004.44
grants,2016-2017,excluded_annual_identity_unresolved,opeid_master,grant__acg_disbursements,nominal_usd,92,0,92,
grants,2016-2017,excluded_annual_identity_unresolved,opeid_master,grant__smart_disbursements,nominal_usd,92,0,92,
grants,2016-2017,excluded_annual_identity_unresolved,opeid_master,grant__teach_disbursements,nominal_usd,92,92,0,2046682.0
grants,2016-2017,excluded_annual_identity_unresolved,opeid_master,grant__iasg_disbursements,nominal_usd,92,92,0,18291.43
grants,2016-2017,included_unique_family_record,opeid_master,grant__pell_disbursements,nominal_usd,5218,5218,0,26141256476.469997
grants,2016-2017,included_unique_family_record,opeid_master,grant__acg_disbursements,nominal_usd,5218,0,5218,
grants,2016-2017,included_unique_family_record,opeid_master,grant__smart_disbursements,nominal_usd,5218,0,5218,
grants,2016-2017,included_unique_family_record,opeid_master,grant__teach_disbursements,nominal_usd,5218,5218,0,84618057.32999998
grants,2016-2017,included_unique_family_record,opeid_master,grant__iasg_disbursements,nominal_usd,5218,5218,0,354185.14
grants,2017-2018,excluded_annual_identity_unresolved,opeid_master,grant__pell_disbursements,nominal_usd,94,94,0,868571607.1599998
grants,2017-2018,excluded_annual_identity_unresolved,opeid_master,grant__acg_disbursements,nominal_usd,94,0,94,
grants,2017-2018,excluded_annual_identity_unresolved,opeid_master,grant__smart_disbursements,nominal_usd,94,0,94,
grants,2017-2018,excluded_annual_identity_unresolved,opeid_master,grant__teach_disbursements,nominal_usd,94,13,81,2328624.5
grants,2017-2018,excluded_annual_identity_unresolved,opeid_master,grant__iasg_disbursements,nominal_usd,94,2,92,28934.96
grants,2017-2018,included_unique_family_record,opeid_master,grant__pell_disbursements,nominal_usd,5118,5114,4,27801932536.21
grants,2017-2018,included_unique_family_record,opeid_master,grant__acg_disbursements,nominal_usd,5118,0,5118,
grants,2017-2018,included_unique_family_record,opeid_master,grant__smart_disbursements,nominal_usd,5118,0,5118,
grants,2017-2018,included_unique_family_record,opeid_master,grant__teach_disbursements,nominal_usd,5118,737,4381,84124444.09
grants,2017-2018,included_unique_family_record,opeid_master,grant__iasg_disbursements,nominal_usd,5118,57,5061,320007.4800000001
grants,2018-2019,excluded_annual_identity_unresolved,opeid_master,grant__pell_disbursements,nominal_usd,96,96,0,911941956.47
grants,2018-2019,excluded_annual_identity_unresolved,opeid_master,grant__acg_disbursements,nominal_usd,96,0,96,
grants,2018-2019,excluded_annual_identity_unresolved,opeid_master,grant__smart_disbursements,nominal_usd,96,0,96,
grants,2018-2019,excluded_annual_identity_unresolved,opeid_master,grant__teach_disbursements,nominal_usd,96,16,80,2056181.51
grants,2018-2019,excluded_annual_identity_unresolved,opeid_master,grant__iasg_disbursements,nominal_usd,96,3,93,20640.629999999997
grants,2018-2019,included_unique_family_record,opeid_master,grant__pell_disbursements,nominal_usd,5022,5018,4,27493678277.7
grants,2018-2019,included_unique_family_record,opeid_master,grant__acg_disbursements,nominal_usd,5022,0,5022,
grants,2018-2019,included_unique_family_record,opeid_master,grant__smart_disbursements,nominal_usd,5022,0,5022,
grants,2018-2019,included_unique_family_record,opeid_master,grant__teach_disbursements,nominal_usd,5022,721,4301,78730848.2
grants,2018-2019,included_unique_family_record,opeid_master,grant__iasg_disbursements,nominal_usd,5022,62,4960,395392.2999999999
grants,2019-2020,excluded_annual_identity_unresolved,opeid_master,grant__pell_disbursements,nominal_usd,77,76,1,890236167.0300001
grants,2019-2020,excluded_annual_identity_unresolved,opeid_master,grant__acg_disbursements,nominal_usd,77,0,77,
grants,2019-2020,excluded_annual_identity_unresolved,opeid_master,grant__smart_disbursements,nominal_usd,77,0,77,
grants,2019-2020,excluded_annual_identity_unresolved,opeid_master,grant__teach_disbursements,nominal_usd,77,16,61,1892881.0
grants,2019-2020,excluded_annual_identity_unresolved,opeid_master,grant__iasg_disbursements,nominal_usd,77,2,75,6536.95
grants,2019-2020,included_unique_family_record,opeid_master,grant__pell_disbursements,nominal_usd,4952,4948,4,27528038236.4
grants,2019-2020,included_unique_family_record,opeid_master,grant__acg_disbursements,nominal_usd,4952,0,4952,
grants,2019-2020,included_unique_family_record,opeid_master,grant__smart_disbursements,nominal_usd,4952,0,4952,
grants,2019-2020,included_unique_family_record,opeid_master,grant__teach_disbursements,nominal_usd,4952,725,4227,78179901.45
grants,2019-2020,included_unique_family_record,opeid_master,grant__iasg_disbursements,nominal_usd,4952,72,4880,473374.75999999995
grants,2020-2021,excluded_annual_identity_unresolved,opeid_master,grant__pell_disbursements,nominal_usd,60,60,0,923623704.22
grants,2020-2021,excluded_annual_identity_unresolved,opeid_master,grant__acg_disbursements,nominal_usd,60,0,60,
grants,2020-2021,excluded_annual_identity_unresolved,opeid_master,grant__smart_disbursements,nominal_usd,60,0,60,
grants,2020-2021,excluded_annual_identity_unresolved,opeid_master,grant__teach_disbursements,nominal_usd,60,17,43,1675585.73
grants,2020-2021,excluded_annual_identity_unresolved,opeid_master,grant__iasg_disbursements,nominal_usd,60,3,57,25245.0
grants,2020-2021,included_unique_family_record,opeid_master,grant__pell_disbursements,nominal_usd,4892,4886,6,25530113456.339996
grants,2020-2021,included_unique_family_record,opeid_master,grant__acg_disbursements,nominal_usd,4892,0,4892,
grants,2020-2021,included_unique_family_record,opeid_master,grant__smart_disbursements,nominal_usd,4892,0,4892,
grants,2020-2021,included_unique_family_record,opeid_master,grant__teach_disbursements,nominal_usd,4892,716,4176,73892441.88
grants,2020-2021,included_unique_family_record,opeid_master,grant__iasg_disbursements,nominal_usd,4892,89,4803,541036.9600000002
grants,2021-2022,excluded_annual_identity_unresolved,opeid_master,grant__pell_disbursements,nominal_usd,57,57,0,783909792.79
grants,2021-2022,excluded_annual_identity_unresolved,opeid_master,grant__acg_disbursements,nominal_usd,57,0,57,
grants,2021-2022,excluded_annual_identity_unresolved,opeid_master,grant__smart_disbursements,nominal_usd,57,0,57,
grants,2021-2022,excluded_annual_identity_unresolved,opeid_master,grant__teach_disbursements,nominal_usd,57,16,41,1312681.5
grants,2021-2022,excluded_annual_identity_unresolved,opeid_master,grant__iasg_disbursements,nominal_usd,57,3,54,33682.0
grants,2021-2022,included_unique_family_record,opeid_master,grant__pell_disbursements,nominal_usd,4826,4820,6,25070588998.589996
grants,2021-2022,included_unique_family_record,opeid_master,grant__acg_disbursements,nominal_usd,4826,0,4826,
grants,2021-2022,included_unique_family_record,opeid_master,grant__smart_disbursements,nominal_usd,4826,0,4826,
grants,2021-2022,included_unique_family_record,opeid_master,grant__teach_disbursements,nominal_usd,4826,685,4141,68698017.75000001
grants,2021-2022,included_unique_family_record,opeid_master,grant__iasg_disbursements,nominal_usd,4826,74,4752,502369.2899999998
grants,2022-2023,excluded_annual_identity_unresolved,opeid_master,grant__pell_disbursements,nominal_usd,65,65,0,940111625.6
grants,2022-2023,excluded_annual_identity_unresolved,opeid_master,grant__acg_disbursements,nominal_usd,65,0,65,
grants,2022-2023,excluded_annual_identity_unresolved,opeid_master,grant__smart_disbursements,nominal_usd,65,0,65,
grants,2022-2023,excluded_annual_identity_unresolved,opeid_master,grant__teach_disbursements,nominal_usd,65,16,49,1614684.0
grants,2022-2023,excluded_annual_identity_unresolved,opeid_master,grant__iasg_disbursements,nominal_usd,65,7,58,48758.99
grants,2022-2023,included_unique_family_record,opeid_master,grant__pell_disbursements,nominal_usd,4778,4773,5,26270415392.69
grants,2022-2023,included_unique_family_record,opeid_master,grant__acg_disbursements,nominal_usd,4778,0,4778,
grants,2022-2023,included_unique_family_record,opeid_master,grant__smart_disbursements,nominal_usd,4778,0,4778,
grants,2022-2023,included_unique_family_record,opeid_master,grant__teach_disbursements,nominal_usd,4778,700,4078,66805159.73
grants,2022-2023,included_unique_family_record,opeid_master,grant__iasg_disbursements,nominal_usd,4778,79,4699,619900.0699999998
grants,2023-2024,excluded_annual_identity_unresolved,opeid_master,grant__pell_disbursements,nominal_usd,52,52,0,1048211674.78
grants,2023-2024,excluded_annual_identity_unresolved,opeid_master,grant__acg_disbursements,nominal_usd,52,0,52,
grants,2023-2024,excluded_annual_identity_unresolved,opeid_master,grant__smart_disbursements,nominal_usd,52,0,52,
grants,2023-2024,excluded_annual_identity_unresolved,opeid_master,grant__teach_disbursements,nominal_usd,52,14,38,1349365.0
grants,2023-2024,excluded_annual_identity_unresolved,opeid_master,grant__iasg_disbursements,nominal_usd,52,5,47,59271.49
grants,2023-2024,included_unique_family_record,opeid_master,grant__pell_disbursements,nominal_usd,4728,4722,6,30415375693.65
grants,2023-2024,included_unique_family_record,opeid_master,grant__acg_disbursements,nominal_usd,4728,0,4728,
grants,2023-2024,included_unique_family_record,opeid_master,grant__smart_disbursements,nominal_usd,4728,0,4728,
grants,2023-2024,included_unique_family_record,opeid_master,grant__teach_disbursements,nominal_usd,4728,712,4016,70995927.74
grants,2023-2024,included_unique_family_record,opeid_master,grant__iasg_disbursements,nominal_usd,4728,84,4644,701431.3699999998
grants,2024-2025,excluded_annual_identity_unresolved,opeid_master,grant__pell_disbursements,nominal_usd,57,57,0,1324788690.46
grants,2024-2025,excluded_annual_identity_unresolved,opeid_master,grant__acg_disbursements,nominal_usd,57,0,57,
grants,2024-2025,excluded_annual_identity_unresolved,opeid_master,grant__smart_disbursements,nominal_usd,57,0,57,
grants,2024-2025,excluded_annual_identity_unresolved,opeid_master,grant__teach_disbursements,nominal_usd,57,17,40,1042317.5
grants,2024-2025,excluded_annual_identity_unresolved,opeid_master,grant__iasg_disbursements,nominal_usd,57,0,57,
grants,2024-2025,included_unique_family_record,opeid_master,grant__pell_disbursements,nominal_usd,4656,4650,6,37586359805.64
grants,2024-2025,included_unique_family_record,opeid_master,grant__acg_disbursements,nominal_usd,4656,0,4656,
grants,2024-2025,included_unique_family_record,opeid_master,grant__smart_disbursements,nominal_usd,4656,0,4656,
grants,2024-2025,included_unique_family_record,opeid_master,grant__teach_disbursements,nominal_usd,4656,696,3960,70431488.74
grants,2024-2025,included_unique_family_record,opeid_master,grant__iasg_disbursements,nominal_usd,4656,0,4656,
grants,1999-2000,quarantined_identity_unresolved,raw_source_quarantine,grant__pell_disbursements,nominal_usd,4,4,0,1679214.56
grants,1999-2000,quarantined_identity_unresolved,raw_source_quarantine,grant__acg_disbursements,nominal_usd,4,0,4,
grants,1999-2000,quarantined_identity_unresolved,raw_source_quarantine,grant__smart_disbursements,nominal_usd,4,0,4,
grants,1999-2000,quarantined_identity_unresolved,raw_source_quarantine,grant__teach_disbursements,nominal_usd,4,0,4,
grants,1999-2000,quarantined_identity_unresolved,raw_source_quarantine,grant__iasg_disbursements,nominal_usd,4,0,4,
grants,2000-2001,quarantined_identity_unresolved,raw_source_quarantine,grant__pell_disbursements,nominal_usd,4,4,0,2025765.59
grants,2000-2001,quarantined_identity_unresolved,raw_source_quarantine,grant__acg_disbursements,nominal_usd,4,0,4,
grants,2000-2001,quarantined_identity_unresolved,raw_source_quarantine,grant__smart_disbursements,nominal_usd,4,0,4,
grants,2000-2001,quarantined_identity_unresolved,raw_source_quarantine,grant__teach_disbursements,nominal_usd,4,0,4,
grants,2000-2001,quarantined_identity_unresolved,raw_source_quarantine,grant__iasg_disbursements,nominal_usd,4,0,4,
grants,2001-2002,quarantined_identity_unresolved,raw_source_quarantine,grant__pell_disbursements,nominal_usd,4,4,0,2183571.51
grants,2001-2002,quarantined_identity_unresolved,raw_source_quarantine,grant__acg_disbursements,nominal_usd,4,0,4,
grants,2001-2002,quarantined_identity_unresolved,raw_source_quarantine,grant__smart_disbursements,nominal_usd,4,0,4,
grants,2001-2002,quarantined_identity_unresolved,raw_source_quarantine,grant__teach_disbursements,nominal_usd,4,0,4,
grants,2001-2002,quarantined_identity_unresolved,raw_source_quarantine,grant__iasg_disbursements,nominal_usd,4,0,4,
grants,2002-2003,quarantined_identity_unresolved,raw_source_quarantine,grant__pell_disbursements,nominal_usd,3,3,0,1941745.17
grants,2002-2003,quarantined_identity_unresolved,raw_source_quarantine,grant__acg_disbursements,nominal_usd,3,0,3,
grants,2002-2003,quarantined_identity_unresolved,raw_source_quarantine,grant__smart_disbursements,nominal_usd,3,0,3,
grants,2002-2003,quarantined_identity_unresolved,raw_source_quarantine,grant__teach_disbursements,nominal_usd,3,0,3,
grants,2002-2003,quarantined_identity_unresolved,raw_source_quarantine,grant__iasg_disbursements,nominal_usd,3,0,3,
grants,2003-2004,quarantined_identity_unresolved,raw_source_quarantine,grant__pell_disbursements,nominal_usd,1,1,0,1185469
grants,2003-2004,quarantined_identity_unresolved,raw_source_quarantine,grant__acg_disbursements,nominal_usd,1,0,1,
grants,2003-2004,quarantined_identity_unresolved,raw_source_quarantine,grant__smart_disbursements,nominal_usd,1,0,1,
grants,2003-2004,quarantined_identity_unresolved,raw_source_quarantine,grant__teach_disbursements,nominal_usd,1,0,1,
grants,2003-2004,quarantined_identity_unresolved,raw_source_quarantine,grant__iasg_disbursements,nominal_usd,1,0,1,
campus_based,2001-2002,excluded_annual_identity_unresolved,opeid_master,campus__fws_disbursements,nominal_usd,137,137,0,77985895.0
campus_based,2001-2002,excluded_annual_identity_unresolved,opeid_master,campus__perkins_disbursements_amt,nominal_usd,137,137,0,87712257.0
campus_based,2001-2002,excluded_annual_identity_unresolved,opeid_master,campus__fseog_disbursements,nominal_usd,137,137,0,80519960.0
campus_based,2001-2002,included_unique_family_record,opeid_master,campus__fws_disbursements,nominal_usd,3901,3901,0,839824012.0
campus_based,2001-2002,included_unique_family_record,opeid_master,campus__perkins_disbursements_amt,nominal_usd,3901,3901,0,1013233621.0
campus_based,2001-2002,included_unique_family_record,opeid_master,campus__fseog_disbursements,nominal_usd,3901,3901,0,794428675.0
campus_based,2002-2003,excluded_annual_identity_unresolved,opeid_master,campus__fws_disbursements,nominal_usd,121,121,0,73157738.0
campus_based,2002-2003,excluded_annual_identity_unresolved,opeid_master,campus__perkins_disbursements_amt,nominal_usd,121,121,0,88009328.0
campus_based,2002-2003,excluded_annual_identity_unresolved,opeid_master,campus__fseog_disbursements,nominal_usd,121,121,0,75866536.0
campus_based,2002-2003,included_unique_family_record,opeid_master,campus__fws_disbursements,nominal_usd,3914,3914,0,867224200.0
campus_based,2002-2003,included_unique_family_record,opeid_master,campus__perkins_disbursements_amt,nominal_usd,3914,3914,0,1057553997.0
campus_based,2002-2003,included_unique_family_record,opeid_master,campus__fseog_disbursements,nominal_usd,3914,3914,0,831652431.0
campus_based,2003-2004,excluded_annual_identity_unresolved,opeid_master,campus__fws_disbursements,nominal_usd,147,147,0,76595517.0
campus_based,2003-2004,excluded_annual_identity_unresolved,opeid_master,campus__perkins_disbursements_amt,nominal_usd,147,147,0,91467342.0
campus_based,2003-2004,excluded_annual_identity_unresolved,opeid_master,campus__fseog_disbursements,nominal_usd,147,147,0,95347896.0
campus_based,2003-2004,included_unique_family_record,opeid_master,campus__fws_disbursements,nominal_usd,3920,3920,0,954672554.0
campus_based,2003-2004,included_unique_family_record,opeid_master,campus__perkins_disbursements_amt,nominal_usd,3920,3920,0,1147692326.0
campus_based,2003-2004,included_unique_family_record,opeid_master,campus__fseog_disbursements,nominal_usd,3920,3920,0,913071102.0
campus_based,2004-2005,ambiguous_family_multiple_records,opeid_master,campus__fws_disbursements,nominal_usd,2,2,0,10969487.0
campus_based,2004-2005,ambiguous_family_multiple_records,opeid_master,campus__perkins_disbursements_amt,nominal_usd,2,2,0,9251104.0
campus_based,2004-2005,ambiguous_family_multiple_records,opeid_master,campus__fseog_disbursements,nominal_usd,2,2,0,7176000.0
campus_based,2004-2005,excluded_annual_identity_unresolved,opeid_master,campus__fws_disbursements,nominal_usd,148,148,0,82245839.0
campus_based,2004-2005,excluded_annual_identity_unresolved,opeid_master,campus__perkins_disbursements_amt,nominal_usd,148,148,0,113281013.0
campus_based,2004-2005,excluded_annual_identity_unresolved,opeid_master,campus__fseog_disbursements,nominal_usd,148,148,0,90914681.0
campus_based,2004-2005,included_unique_family_record,opeid_master,campus__fws_disbursements,nominal_usd,3921,3921,0,1002930230.0
campus_based,2004-2005,included_unique_family_record,opeid_master,campus__perkins_disbursements_amt,nominal_usd,3921,3921,0,1337530901.0
campus_based,2004-2005,included_unique_family_record,opeid_master,campus__fseog_disbursements,nominal_usd,3921,3921,0,936450544.0
campus_based,2005-2006,ambiguous_family_multiple_records,opeid_master,campus__fws_disbursements,nominal_usd,2,2,0,11595290.0
campus_based,2005-2006,ambiguous_family_multiple_records,opeid_master,campus__perkins_disbursements_amt,nominal_usd,2,2,0,11448481.0
campus_based,2005-2006,ambiguous_family_multiple_records,opeid_master,campus__fseog_disbursements,nominal_usd,2,2,0,7216761.0
campus_based,2005-2006,excluded_annual_identity_unresolved,opeid_master,campus__fws_disbursements,nominal_usd,132,132,0,87454940.0
campus_based,2005-2006,excluded_annual_identity_unresolved,opeid_master,campus__perkins_disbursements_amt,nominal_usd,132,132,0,135257259.0
campus_based,2005-2006,excluded_annual_identity_unresolved,opeid_master,campus__fseog_disbursements,nominal_usd,132,132,0,100999472.0
campus_based,2005-2006,included_unique_family_record,opeid_master,campus__fws_disbursements,nominal_usd,3930,3930,0,1008195881.0
campus_based,2005-2006,included_unique_family_record,opeid_master,campus__perkins_disbursements_amt,nominal_usd,3930,3930,0,1492063833.0
campus_based,2005-2006,included_unique_family_record,opeid_master,campus__fseog_disbursements,nominal_usd,3930,3930,0,957360940.0
campus_based,2006-2007,ambiguous_family_multiple_records,opeid_master,campus__fws_disbursements,nominal_usd,2,2,0,9499443.0
campus_based,2006-2007,ambiguous_family_multiple_records,opeid_master,campus__perkins_disbursements_amt,nominal_usd,2,2,0,13210395.0
campus_based,2006-2007,ambiguous_family_multiple_records,opeid_master,campus__fseog_disbursements,nominal_usd,2,2,0,7312115.0
campus_based,2006-2007,excluded_annual_identity_unresolved,opeid_master,campus__fws_disbursements,nominal_usd,107,107,0,81788150.0
campus_based,2006-2007,excluded_annual_identity_unresolved,opeid_master,campus__perkins_disbursements_amt,nominal_usd,107,107,0,131771925.0
campus_based,2006-2007,excluded_annual_identity_unresolved,opeid_master,campus__fseog_disbursements,nominal_usd,107,107,0,105621056.0
campus_based,2006-2007,included_unique_family_record,opeid_master,campus__fws_disbursements,nominal_usd,3833,3833,0,951133084.0
campus_based,2006-2007,included_unique_family_record,opeid_master,campus__perkins_disbursements_amt,nominal_usd,3833,3833,0,1473195637.0
campus_based,2006-2007,included_unique_family_record,opeid_master,campus__fseog_disbursements,nominal_usd,3833,3833,0,967754018.0
campus_based,2007-2008,ambiguous_family_multiple_records,opeid_master,campus__fws_disbursements,nominal_usd,2,2,0,9768780.0
campus_based,2007-2008,ambiguous_family_multiple_records,opeid_master,campus__perkins_disbursements_amt,nominal_usd,2,2,0,11978132.0
campus_based,2007-2008,ambiguous_family_multiple_records,opeid_master,campus__fseog_disbursements,nominal_usd,2,2,0,5708095.0
campus_based,2007-2008,excluded_annual_identity_unresolved,opeid_master,campus__fws_disbursements,nominal_usd,116,116,0,84981290.0
campus_based,2007-2008,excluded_annual_identity_unresolved,opeid_master,campus__perkins_disbursements_amt,nominal_usd,116,116,0,120533710.0
campus_based,2007-2008,excluded_annual_identity_unresolved,opeid_master,campus__fseog_disbursements,nominal_usd,116,116,0,112921990.0
campus_based,2007-2008,included_unique_family_record,opeid_master,campus__fws_disbursements,nominal_usd,3845,3845,0,968338268.0
campus_based,2007-2008,included_unique_family_record,opeid_master,campus__perkins_disbursements_amt,nominal_usd,3845,3845,0,1250928238.0
campus_based,2007-2008,included_unique_family_record,opeid_master,campus__fseog_disbursements,nominal_usd,3845,3845,0,949420340.0
campus_based,2008-2009,ambiguous_family_multiple_records,opeid_master,campus__fws_disbursements,nominal_usd,2,2,0,9776592.0
campus_based,2008-2009,ambiguous_family_multiple_records,opeid_master,campus__perkins_disbursements_amt,nominal_usd,2,2,0,10226099.0
campus_based,2008-2009,ambiguous_family_multiple_records,opeid_master,campus__fseog_disbursements,nominal_usd,2,2,0,5743674.0
campus_based,2008-2009,excluded_annual_identity_unresolved,opeid_master,campus__fws_disbursements,nominal_usd,113,113,0,84867393.0
campus_based,2008-2009,excluded_annual_identity_unresolved,opeid_master,campus__perkins_disbursements_amt,nominal_usd,113,113,0,73365452.0
campus_based,2008-2009,excluded_annual_identity_unresolved,opeid_master,campus__fseog_disbursements,nominal_usd,113,113,0,96861308.0
campus_based,2008-2009,included_unique_family_record,opeid_master,campus__fws_disbursements,nominal_usd,3810,3810,0,1018544521.0
campus_based,2008-2009,included_unique_family_record,opeid_master,campus__perkins_disbursements_amt,nominal_usd,3810,3810,0,877538007.0
campus_based,2008-2009,included_unique_family_record,opeid_master,campus__fseog_disbursements,nominal_usd,3810,3810,0,936675691.0
campus_based,2009-2010,excluded_annual_identity_unresolved,opeid_master,campus__fws_disbursements,nominal_usd,124,114,10,88527852.0
campus_based,2009-2010,excluded_annual_identity_unresolved,opeid_master,campus__perkins_disbursements_amt,nominal_usd,124,114,10,58256728.0
campus_based,2009-2010,excluded_annual_identity_unresolved,opeid_master,campus__fseog_disbursements,nominal_usd,124,114,10,95672936.0
campus_based,2009-2010,included_unique_family_record,opeid_master,campus__fws_disbursements,nominal_usd,3846,3801,45,1157535404.0
campus_based,2009-2010,included_unique_family_record,opeid_master,campus__perkins_disbursements_amt,nominal_usd,3846,3801,45,757891589.0
campus_based,2009-2010,included_unique_family_record,opeid_master,campus__fseog_disbursements,nominal_usd,3846,3801,45,970754179.0
campus_based,2010-2011,excluded_annual_identity_unresolved,opeid_master,campus__fws_disbursements,nominal_usd,145,145,0,94207259.0
campus_based,2010-2011,excluded_annual_identity_unresolved,opeid_master,campus__perkins_disbursements_amt,nominal_usd,145,145,0,60197057.0
campus_based,2010-2011,excluded_annual_identity_unresolved,opeid_master,campus__fseog_disbursements,nominal_usd,145,145,0,101709669.0
campus_based,2010-2011,included_unique_family_record,opeid_master,campus__fws_disbursements,nominal_usd,3941,3941,0,1104034513.0
campus_based,2010-2011,included_unique_family_record,opeid_master,campus__perkins_disbursements_amt,nominal_usd,3941,3941,0,796597502.0
campus_based,2010-2011,included_unique_family_record,opeid_master,campus__fseog_disbursements,nominal_usd,3941,3941,0,910816789.0
campus_based,2011-2012,excluded_annual_identity_unresolved,opeid_master,campus__fws_disbursements,nominal_usd,53,53,0,43763701.0
campus_based,2011-2012,excluded_annual_identity_unresolved,opeid_master,campus__perkins_disbursements_amt,nominal_usd,53,53,0,29221857.0
campus_based,2011-2012,excluded_annual_identity_unresolved,opeid_master,campus__fseog_disbursements,nominal_usd,53,53,0,45955138.0
campus_based,2011-2012,included_unique_family_record,opeid_master,campus__fws_disbursements,nominal_usd,4008,4008,0,1132141037.0
campus_based,2011-2012,included_unique_family_record,opeid_master,campus__perkins_disbursements_amt,nominal_usd,4008,4008,0,919291084.0
campus_based,2011-2012,included_unique_family_record,opeid_master,campus__fseog_disbursements,nominal_usd,4008,4008,0,921462777.0
campus_based,2012-2013,excluded_annual_identity_unresolved,opeid_master,campus__fws_disbursements,nominal_usd,61,61,0,45229945.0
campus_based,2012-2013,excluded_annual_identity_unresolved,opeid_master,campus__perkins_disbursements_amt,nominal_usd,61,61,0,38346751.0
campus_based,2012-2013,excluded_annual_identity_unresolved,opeid_master,campus__fseog_disbursements,nominal_usd,61,61,0,47346004.0
campus_based,2012-2013,included_unique_family_record,opeid_master,campus__fws_disbursements,nominal_usd,3985,3985,0,1115823877.0
campus_based,2012-2013,included_unique_family_record,opeid_master,campus__perkins_disbursements_amt,nominal_usd,3985,3985,0,972292938.0
campus_based,2012-2013,included_unique_family_record,opeid_master,campus__fseog_disbursements,nominal_usd,3985,3985,0,930335022.0
campus_based,2013-2014,excluded_annual_identity_unresolved,opeid_master,campus__fws_disbursements,nominal_usd,67,67,0,57186117.0
campus_based,2013-2014,excluded_annual_identity_unresolved,opeid_master,campus__perkins_disbursements_amt,nominal_usd,67,67,0,60948669.0
campus_based,2013-2014,excluded_annual_identity_unresolved,opeid_master,campus__fseog_disbursements,nominal_usd,67,67,0,58035185.0
campus_based,2013-2014,included_unique_family_record,opeid_master,campus__fws_disbursements,nominal_usd,3943,3943,0,1064646273.0
campus_based,2013-2014,included_unique_family_record,opeid_master,campus__perkins_disbursements_amt,nominal_usd,3943,3943,0,1110404217.0
campus_based,2013-2014,included_unique_family_record,opeid_master,campus__fseog_disbursements,nominal_usd,3943,3943,0,866765347.0
campus_based,2014-2015,excluded_annual_identity_unresolved,opeid_master,campus__fws_disbursements,nominal_usd,82,82,0,46321276.0
campus_based,2014-2015,excluded_annual_identity_unresolved,opeid_master,campus__perkins_disbursements_amt,nominal_usd,82,82,0,51113157.0
campus_based,2014-2015,excluded_annual_identity_unresolved,opeid_master,campus__fseog_disbursements,nominal_usd,82,82,0,67840539.0
campus_based,2014-2015,included_unique_family_record,opeid_master,campus__fws_disbursements,nominal_usd,3931,3931,0,1053948010.0
campus_based,2014-2015,included_unique_family_record,opeid_master,campus__perkins_disbursements_amt,nominal_usd,3931,3931,0,1109260955.0
campus_based,2014-2015,included_unique_family_record,opeid_master,campus__fseog_disbursements,nominal_usd,3931,3931,0,914851189.0
campus_based,2015-2016,excluded_annual_identity_unresolved,opeid_master,campus__fws_disbursements,nominal_usd,68,68,0,50975167.0
campus_based,2015-2016,excluded_annual_identity_unresolved,opeid_master,campus__perkins_disbursements_amt,nominal_usd,68,68,0,46796780.0
campus_based,2015-2016,excluded_annual_identity_unresolved,opeid_master,campus__fseog_disbursements,nominal_usd,68,68,0,55604625.0
campus_based,2015-2016,included_unique_family_record,opeid_master,campus__fws_disbursements,nominal_usd,3879,3879,0,1045105274.0
campus_based,2015-2016,included_unique_family_record,opeid_master,campus__perkins_disbursements_amt,nominal_usd,3879,3879,0,998516349.0
campus_based,2015-2016,included_unique_family_record,opeid_master,campus__fseog_disbursements,nominal_usd,3879,3879,0,937270253.0
campus_based,2016-2017,excluded_annual_identity_unresolved,opeid_master,campus__fws_disbursements,nominal_usd,63,63,0,43337629.0
campus_based,2016-2017,excluded_annual_identity_unresolved,opeid_master,campus__perkins_disbursements_amt,nominal_usd,63,63,0,31242541.0
campus_based,2016-2017,excluded_annual_identity_unresolved,opeid_master,campus__fseog_disbursements,nominal_usd,63,63,0,51693398.0
campus_based,2016-2017,included_unique_family_record,opeid_master,campus__fws_disbursements,nominal_usd,3805,3805,0,1042214971.0
campus_based,2016-2017,included_unique_family_record,opeid_master,campus__perkins_disbursements_amt,nominal_usd,3805,3805,0,855025879.0
campus_based,2016-2017,included_unique_family_record,opeid_master,campus__fseog_disbursements,nominal_usd,3805,3805,0,935351798.0
campus_based,2017-2018,excluded_annual_identity_unresolved,opeid_master,campus__fws_disbursements,nominal_usd,42,42,0,44012197.0
campus_based,2017-2018,excluded_annual_identity_unresolved,opeid_master,campus__perkins_disbursements_amt,nominal_usd,42,42,0,27694871.0
campus_based,2017-2018,excluded_annual_identity_unresolved,opeid_master,campus__fseog_disbursements,nominal_usd,42,42,0,61608143.0
campus_based,2017-2018,included_unique_family_record,opeid_master,campus__fws_disbursements,nominal_usd,3636,3636,0,1055161697.0
campus_based,2017-2018,included_unique_family_record,opeid_master,campus__perkins_disbursements_amt,nominal_usd,3636,3636,0,602893144.0
campus_based,2017-2018,included_unique_family_record,opeid_master,campus__fseog_disbursements,nominal_usd,3636,3636,0,946037409.0
campus_based,2018-2019,excluded_annual_identity_unresolved,opeid_master,campus__fws_disbursements,nominal_usd,55,55,0,49079223.0
campus_based,2018-2019,excluded_annual_identity_unresolved,opeid_master,campus__perkins_disbursements_amt,nominal_usd,55,55,0,0.0
campus_based,2018-2019,excluded_annual_identity_unresolved,opeid_master,campus__fseog_disbursements,nominal_usd,55,55,0,62077699.0
campus_based,2018-2019,included_unique_family_record,opeid_master,campus__fws_disbursements,nominal_usd,3652,3642,10,1102394811.0
campus_based,2018-2019,included_unique_family_record,opeid_master,campus__perkins_disbursements_amt,nominal_usd,3652,3642,10,0.0
campus_based,2018-2019,included_unique_family_record,opeid_master,campus__fseog_disbursements,nominal_usd,3652,3642,10,1072587909.0
campus_based,2019-2020,excluded_annual_identity_unresolved,opeid_master,campus__fws_disbursements,nominal_usd,41,41,0,48767230.0
campus_based,2019-2020,excluded_annual_identity_unresolved,opeid_master,campus__perkins_disbursements_amt,nominal_usd,41,0,41,
campus_based,2019-2020,excluded_annual_identity_unresolved,opeid_master,campus__fseog_disbursements,nominal_usd,41,41,0,63656191.0
campus_based,2019-2020,included_unique_family_record,opeid_master,campus__fws_disbursements,nominal_usd,3566,3559,7,1077758851.0
campus_based,2019-2020,included_unique_family_record,opeid_master,campus__perkins_disbursements_amt,nominal_usd,3566,0,3566,
campus_based,2019-2020,included_unique_family_record,opeid_master,campus__fseog_disbursements,nominal_usd,3566,3559,7,1130606881.0
campus_based,2020-2021,excluded_annual_identity_unresolved,opeid_master,campus__fws_disbursements,nominal_usd,46,46,0,29849765.0
campus_based,2020-2021,excluded_annual_identity_unresolved,opeid_master,campus__perkins_disbursements_amt,nominal_usd,46,0,46,
campus_based,2020-2021,excluded_annual_identity_unresolved,opeid_master,campus__fseog_disbursements,nominal_usd,46,46,0,82843704.0
campus_based,2020-2021,included_unique_family_record,opeid_master,campus__fws_disbursements,nominal_usd,3543,3537,6,673448010.0
campus_based,2020-2021,included_unique_family_record,opeid_master,campus__perkins_disbursements_amt,nominal_usd,3543,0,3543,
campus_based,2020-2021,included_unique_family_record,opeid_master,campus__fseog_disbursements,nominal_usd,3543,3537,6,1368291891.0
campus_based,2021-2022,excluded_annual_identity_unresolved,opeid_master,campus__fws_disbursements,nominal_usd,44,43,1,34197810.0
campus_based,2021-2022,excluded_annual_identity_unresolved,opeid_master,campus__perkins_disbursements_amt,nominal_usd,44,0,44,
campus_based,2021-2022,excluded_annual_identity_unresolved,opeid_master,campus__fseog_disbursements,nominal_usd,44,44,0,78670675.0
campus_based,2021-2022,included_unique_family_record,opeid_master,campus__fws_disbursements,nominal_usd,3536,3206,330,819487626.0
campus_based,2021-2022,included_unique_family_record,opeid_master,campus__perkins_disbursements_amt,nominal_usd,3536,0,3536,
campus_based,2021-2022,included_unique_family_record,opeid_master,campus__fseog_disbursements,nominal_usd,3536,3484,52,1367611558.0
campus_based,2022-2023,excluded_annual_identity_unresolved,opeid_master,campus__fws_disbursements,nominal_usd,48,46,2,42506115.0
campus_based,2022-2023,excluded_annual_identity_unresolved,opeid_master,campus__perkins_disbursements_amt,nominal_usd,48,0,48,
campus_based,2022-2023,excluded_annual_identity_unresolved,opeid_master,campus__fseog_disbursements,nominal_usd,48,48,0,85994433.0
campus_based,2022-2023,included_unique_family_record,opeid_master,campus__fws_disbursements,nominal_usd,3503,3181,322,899600372.0
campus_based,2022-2023,included_unique_family_record,opeid_master,campus__perkins_disbursements_amt,nominal_usd,3503,0,3503,
campus_based,2022-2023,included_unique_family_record,opeid_master,campus__fseog_disbursements,nominal_usd,3503,3430,73,1308402604.0
campus_based,2023-2024,excluded_annual_identity_unresolved,opeid_master,campus__fws_disbursements,nominal_usd,39,38,1,41081577.0
campus_based,2023-2024,excluded_annual_identity_unresolved,opeid_master,campus__perkins_disbursements_amt,nominal_usd,39,0,39,
campus_based,2023-2024,excluded_annual_identity_unresolved,opeid_master,campus__fseog_disbursements,nominal_usd,39,39,0,69343106.0
campus_based,2023-2024,included_unique_family_record,opeid_master,campus__fws_disbursements,nominal_usd,3181,2877,304,910768150.0
campus_based,2023-2024,included_unique_family_record,opeid_master,campus__perkins_disbursements_amt,nominal_usd,3181,0,3181,
campus_based,2023-2024,included_unique_family_record,opeid_master,campus__fseog_disbursements,nominal_usd,3181,3078,103,1037023416.0
campus_based,2001-2002,quarantined_identity_unresolved,raw_source_quarantine,campus__fws_disbursements,nominal_usd,2,2,0,0
campus_based,2001-2002,quarantined_identity_unresolved,raw_source_quarantine,campus__perkins_disbursements_amt,nominal_usd,2,2,0,0
campus_based,2001-2002,quarantined_identity_unresolved,raw_source_quarantine,campus__fseog_disbursements,nominal_usd,2,2,0,0
campus_based,2002-2003,quarantined_identity_unresolved,raw_source_quarantine,campus__fws_disbursements,nominal_usd,2,2,0,0
campus_based,2002-2003,quarantined_identity_unresolved,raw_source_quarantine,campus__perkins_disbursements_amt,nominal_usd,2,2,0,0
campus_based,2002-2003,quarantined_identity_unresolved,raw_source_quarantine,campus__fseog_disbursements,nominal_usd,2,2,0,0
campus_based,2003-2004,quarantined_identity_unresolved,raw_source_quarantine,campus__fws_disbursements,nominal_usd,4,4,0,0
campus_based,2003-2004,quarantined_identity_unresolved,raw_source_quarantine,campus__perkins_disbursements_amt,nominal_usd,4,4,0,0
campus_based,2003-2004,quarantined_identity_unresolved,raw_source_quarantine,campus__fseog_disbursements,nominal_usd,4,4,0,0
campus_based,2004-2005,quarantined_identity_unresolved,raw_source_quarantine,campus__fws_disbursements,nominal_usd,6,6,0,0
campus_based,2004-2005,quarantined_identity_unresolved,raw_source_quarantine,campus__perkins_disbursements_amt,nominal_usd,6,6,0,0
campus_based,2004-2005,quarantined_identity_unresolved,raw_source_quarantine,campus__fseog_disbursements,nominal_usd,6,6,0,0
campus_based,2005-2006,quarantined_identity_unresolved,raw_source_quarantine,campus__fws_disbursements,nominal_usd,7,7,0,0
campus_based,2005-2006,quarantined_identity_unresolved,raw_source_quarantine,campus__perkins_disbursements_amt,nominal_usd,7,7,0,0
campus_based,2005-2006,quarantined_identity_unresolved,raw_source_quarantine,campus__fseog_disbursements,nominal_usd,7,7,0,0
direct_loans,1999-2000,excluded_annual_identity_unresolved,opeid_master,loan_direct__subsidized_loans_originated_amt,nominal_usd,46,46,0,127273224.0
direct_loans,1999-2000,excluded_annual_identity_unresolved,opeid_master,loan_direct__subsidized_disbursements,nominal_usd,46,46,0,120592599.0
direct_loans,1999-2000,excluded_annual_identity_unresolved,opeid_master,loan_direct__unsubsidized_loans_originated_amt,nominal_usd,46,46,0,56676171.0
direct_loans,1999-2000,excluded_annual_identity_unresolved,opeid_master,loan_direct__unsubsidized_disbursements,nominal_usd,46,46,0,53328797.0
direct_loans,1999-2000,excluded_annual_identity_unresolved,opeid_master,loan_direct__plus_loans_originated_amt,nominal_usd,46,46,0,9180515.0
direct_loans,1999-2000,excluded_annual_identity_unresolved,opeid_master,loan_direct__plus_disbursements,nominal_usd,46,46,0,8832678.0
direct_loans,1999-2000,excluded_annual_identity_unresolved,opeid_master,loan_direct__grad_plus_loans_originated_amt,nominal_usd,46,0,46,
direct_loans,1999-2000,excluded_annual_identity_unresolved,opeid_master,loan_direct__grad_plus_disbursements,nominal_usd,46,0,46,
direct_loans,1999-2000,excluded_annual_identity_unresolved,opeid_master,loan_direct__parent_plus_loans_originated_amt,nominal_usd,46,0,46,
direct_loans,1999-2000,excluded_annual_identity_unresolved,opeid_master,loan_direct__parent_plus_disbursements,nominal_usd,46,0,46,
direct_loans,1999-2000,excluded_annual_identity_unresolved,opeid_master,loan_direct__subsidized_undergraduate_loans_originated_amt,nominal_usd,46,0,46,
direct_loans,1999-2000,excluded_annual_identity_unresolved,opeid_master,loan_direct__subsidized_undergraduate_disbursements,nominal_usd,46,0,46,
direct_loans,1999-2000,excluded_annual_identity_unresolved,opeid_master,loan_direct__subsidized_graduate_loans_originated_amt,nominal_usd,46,0,46,
direct_loans,1999-2000,excluded_annual_identity_unresolved,opeid_master,loan_direct__subsidized_graduate_disbursements,nominal_usd,46,0,46,
direct_loans,1999-2000,excluded_annual_identity_unresolved,opeid_master,loan_direct__unsubsidized_undergraduate_loans_originated_amt,nominal_usd,46,0,46,
direct_loans,1999-2000,excluded_annual_identity_unresolved,opeid_master,loan_direct__unsubsidized_undergraduate_disbursements,nominal_usd,46,0,46,
direct_loans,1999-2000,excluded_annual_identity_unresolved,opeid_master,loan_direct__unsubsidized_graduate_loans_originated_amt,nominal_usd,46,0,46,
direct_loans,1999-2000,excluded_annual_identity_unresolved,opeid_master,loan_direct__unsubsidized_graduate_disbursements,nominal_usd,46,0,46,
direct_loans,1999-2000,included_unique_family_record,opeid_master,loan_direct__subsidized_loans_originated_amt,nominal_usd,1195,1195,0,5527604001.0
direct_loans,1999-2000,included_unique_family_record,opeid_master,loan_direct__subsidized_disbursements,nominal_usd,1195,1195,0,5218938596.0
direct_loans,1999-2000,included_unique_family_record,opeid_master,loan_direct__unsubsidized_loans_originated_amt,nominal_usd,1195,1195,0,3851997922.0
direct_loans,1999-2000,included_unique_family_record,opeid_master,loan_direct__unsubsidized_disbursements,nominal_usd,1195,1195,0,3622479601.0
direct_loans,1999-2000,included_unique_family_record,opeid_master,loan_direct__plus_loans_originated_amt,nominal_usd,1195,1195,0,1168186685.0
direct_loans,1999-2000,included_unique_family_record,opeid_master,loan_direct__plus_disbursements,nominal_usd,1195,1195,0,1116961630.0
direct_loans,1999-2000,included_unique_family_record,opeid_master,loan_direct__grad_plus_loans_originated_amt,nominal_usd,1195,0,1195,
direct_loans,1999-2000,included_unique_family_record,opeid_master,loan_direct__grad_plus_disbursements,nominal_usd,1195,0,1195,
direct_loans,1999-2000,included_unique_family_record,opeid_master,loan_direct__parent_plus_loans_originated_amt,nominal_usd,1195,0,1195,
direct_loans,1999-2000,included_unique_family_record,opeid_master,loan_direct__parent_plus_disbursements,nominal_usd,1195,0,1195,
direct_loans,1999-2000,included_unique_family_record,opeid_master,loan_direct__subsidized_undergraduate_loans_originated_amt,nominal_usd,1195,0,1195,
direct_loans,1999-2000,included_unique_family_record,opeid_master,loan_direct__subsidized_undergraduate_disbursements,nominal_usd,1195,0,1195,
direct_loans,1999-2000,included_unique_family_record,opeid_master,loan_direct__subsidized_graduate_loans_originated_amt,nominal_usd,1195,0,1195,
direct_loans,1999-2000,included_unique_family_record,opeid_master,loan_direct__subsidized_graduate_disbursements,nominal_usd,1195,0,1195,
direct_loans,1999-2000,included_unique_family_record,opeid_master,loan_direct__unsubsidized_undergraduate_loans_originated_amt,nominal_usd,1195,0,1195,
direct_loans,1999-2000,included_unique_family_record,opeid_master,loan_direct__unsubsidized_undergraduate_disbursements,nominal_usd,1195,0,1195,
direct_loans,1999-2000,included_unique_family_record,opeid_master,loan_direct__unsubsidized_graduate_loans_originated_amt,nominal_usd,1195,0,1195,
direct_loans,1999-2000,included_unique_family_record,opeid_master,loan_direct__unsubsidized_graduate_disbursements,nominal_usd,1195,0,1195,
direct_loans,2000-2001,excluded_annual_identity_unresolved,opeid_master,loan_direct__subsidized_loans_originated_amt,nominal_usd,59,59,0,422229146.0
direct_loans,2000-2001,excluded_annual_identity_unresolved,opeid_master,loan_direct__subsidized_disbursements,nominal_usd,59,59,0,397624470.0
direct_loans,2000-2001,excluded_annual_identity_unresolved,opeid_master,loan_direct__unsubsidized_loans_originated_amt,nominal_usd,59,59,0,262335365.0
direct_loans,2000-2001,excluded_annual_identity_unresolved,opeid_master,loan_direct__unsubsidized_disbursements,nominal_usd,59,59,0,245838008.0
direct_loans,2000-2001,excluded_annual_identity_unresolved,opeid_master,loan_direct__plus_loans_originated_amt,nominal_usd,59,59,0,63248150.0
direct_loans,2000-2001,excluded_annual_identity_unresolved,opeid_master,loan_direct__plus_disbursements,nominal_usd,59,59,0,59486190.0
direct_loans,2000-2001,excluded_annual_identity_unresolved,opeid_master,loan_direct__grad_plus_loans_originated_amt,nominal_usd,59,0,59,
direct_loans,2000-2001,excluded_annual_identity_unresolved,opeid_master,loan_direct__grad_plus_disbursements,nominal_usd,59,0,59,
direct_loans,2000-2001,excluded_annual_identity_unresolved,opeid_master,loan_direct__parent_plus_loans_originated_amt,nominal_usd,59,0,59,
direct_loans,2000-2001,excluded_annual_identity_unresolved,opeid_master,loan_direct__parent_plus_disbursements,nominal_usd,59,0,59,
direct_loans,2000-2001,excluded_annual_identity_unresolved,opeid_master,loan_direct__subsidized_undergraduate_loans_originated_amt,nominal_usd,59,0,59,
direct_loans,2000-2001,excluded_annual_identity_unresolved,opeid_master,loan_direct__subsidized_undergraduate_disbursements,nominal_usd,59,0,59,
direct_loans,2000-2001,excluded_annual_identity_unresolved,opeid_master,loan_direct__subsidized_graduate_loans_originated_amt,nominal_usd,59,0,59,
direct_loans,2000-2001,excluded_annual_identity_unresolved,opeid_master,loan_direct__subsidized_graduate_disbursements,nominal_usd,59,0,59,
direct_loans,2000-2001,excluded_annual_identity_unresolved,opeid_master,loan_direct__unsubsidized_undergraduate_loans_originated_amt,nominal_usd,59,0,59,
direct_loans,2000-2001,excluded_annual_identity_unresolved,opeid_master,loan_direct__unsubsidized_undergraduate_disbursements,nominal_usd,59,0,59,
direct_loans,2000-2001,excluded_annual_identity_unresolved,opeid_master,loan_direct__unsubsidized_graduate_loans_originated_amt,nominal_usd,59,0,59,
direct_loans,2000-2001,excluded_annual_identity_unresolved,opeid_master,loan_direct__unsubsidized_graduate_disbursements,nominal_usd,59,0,59,
direct_loans,2000-2001,included_unique_family_record,opeid_master,loan_direct__subsidized_loans_originated_amt,nominal_usd,1145,1145,0,4930259197.0
direct_loans,2000-2001,included_unique_family_record,opeid_master,loan_direct__subsidized_disbursements,nominal_usd,1145,1145,0,4653992159.0
direct_loans,2000-2001,included_unique_family_record,opeid_master,loan_direct__unsubsidized_loans_originated_amt,nominal_usd,1145,1145,0,3644579319.0
direct_loans,2000-2001,included_unique_family_record,opeid_master,loan_direct__unsubsidized_disbursements,nominal_usd,1145,1145,0,3419544483.0
direct_loans,2000-2001,included_unique_family_record,opeid_master,loan_direct__plus_loans_originated_amt,nominal_usd,1145,1145,0,1181501864.0
direct_loans,2000-2001,included_unique_family_record,opeid_master,loan_direct__plus_disbursements,nominal_usd,1145,1145,0,1121716121.0
direct_loans,2000-2001,included_unique_family_record,opeid_master,loan_direct__grad_plus_loans_originated_amt,nominal_usd,1145,0,1145,
direct_loans,2000-2001,included_unique_family_record,opeid_master,loan_direct__grad_plus_disbursements,nominal_usd,1145,0,1145,
direct_loans,2000-2001,included_unique_family_record,opeid_master,loan_direct__parent_plus_loans_originated_amt,nominal_usd,1145,0,1145,
direct_loans,2000-2001,included_unique_family_record,opeid_master,loan_direct__parent_plus_disbursements,nominal_usd,1145,0,1145,
direct_loans,2000-2001,included_unique_family_record,opeid_master,loan_direct__subsidized_undergraduate_loans_originated_amt,nominal_usd,1145,0,1145,
direct_loans,2000-2001,included_unique_family_record,opeid_master,loan_direct__subsidized_undergraduate_disbursements,nominal_usd,1145,0,1145,
direct_loans,2000-2001,included_unique_family_record,opeid_master,loan_direct__subsidized_graduate_loans_originated_amt,nominal_usd,1145,0,1145,
direct_loans,2000-2001,included_unique_family_record,opeid_master,loan_direct__subsidized_graduate_disbursements,nominal_usd,1145,0,1145,
direct_loans,2000-2001,included_unique_family_record,opeid_master,loan_direct__unsubsidized_undergraduate_loans_originated_amt,nominal_usd,1145,0,1145,
direct_loans,2000-2001,included_unique_family_record,opeid_master,loan_direct__unsubsidized_undergraduate_disbursements,nominal_usd,1145,0,1145,
direct_loans,2000-2001,included_unique_family_record,opeid_master,loan_direct__unsubsidized_graduate_loans_originated_amt,nominal_usd,1145,0,1145,
direct_loans,2000-2001,included_unique_family_record,opeid_master,loan_direct__unsubsidized_graduate_disbursements,nominal_usd,1145,0,1145,
direct_loans,2001-2002,excluded_annual_identity_unresolved,opeid_master,loan_direct__subsidized_loans_originated_amt,nominal_usd,46,46,0,461708324.0
direct_loans,2001-2002,excluded_annual_identity_unresolved,opeid_master,loan_direct__subsidized_disbursements,nominal_usd,46,46,0,437276516.0
direct_loans,2001-2002,excluded_annual_identity_unresolved,opeid_master,loan_direct__unsubsidized_loans_originated_amt,nominal_usd,46,46,0,296177254.0
direct_loans,2001-2002,excluded_annual_identity_unresolved,opeid_master,loan_direct__unsubsidized_disbursements,nominal_usd,46,46,0,280088877.0
direct_loans,2001-2002,excluded_annual_identity_unresolved,opeid_master,loan_direct__plus_loans_originated_amt,nominal_usd,46,46,0,71957455.0
direct_loans,2001-2002,excluded_annual_identity_unresolved,opeid_master,loan_direct__plus_disbursements,nominal_usd,46,46,0,68793310.0
direct_loans,2001-2002,excluded_annual_identity_unresolved,opeid_master,loan_direct__grad_plus_loans_originated_amt,nominal_usd,46,0,46,
direct_loans,2001-2002,excluded_annual_identity_unresolved,opeid_master,loan_direct__grad_plus_disbursements,nominal_usd,46,0,46,
direct_loans,2001-2002,excluded_annual_identity_unresolved,opeid_master,loan_direct__parent_plus_loans_originated_amt,nominal_usd,46,0,46,
direct_loans,2001-2002,excluded_annual_identity_unresolved,opeid_master,loan_direct__parent_plus_disbursements,nominal_usd,46,0,46,
direct_loans,2001-2002,excluded_annual_identity_unresolved,opeid_master,loan_direct__subsidized_undergraduate_loans_originated_amt,nominal_usd,46,0,46,
direct_loans,2001-2002,excluded_annual_identity_unresolved,opeid_master,loan_direct__subsidized_undergraduate_disbursements,nominal_usd,46,0,46,
direct_loans,2001-2002,excluded_annual_identity_unresolved,opeid_master,loan_direct__subsidized_graduate_loans_originated_amt,nominal_usd,46,0,46,
direct_loans,2001-2002,excluded_annual_identity_unresolved,opeid_master,loan_direct__subsidized_graduate_disbursements,nominal_usd,46,0,46,
direct_loans,2001-2002,excluded_annual_identity_unresolved,opeid_master,loan_direct__unsubsidized_undergraduate_loans_originated_amt,nominal_usd,46,0,46,
direct_loans,2001-2002,excluded_annual_identity_unresolved,opeid_master,loan_direct__unsubsidized_undergraduate_disbursements,nominal_usd,46,0,46,
direct_loans,2001-2002,excluded_annual_identity_unresolved,opeid_master,loan_direct__unsubsidized_graduate_loans_originated_amt,nominal_usd,46,0,46,
direct_loans,2001-2002,excluded_annual_identity_unresolved,opeid_master,loan_direct__unsubsidized_graduate_disbursements,nominal_usd,46,0,46,
direct_loans,2001-2002,included_unique_family_record,opeid_master,loan_direct__subsidized_loans_originated_amt,nominal_usd,1108,1108,0,4900900347.0
direct_loans,2001-2002,included_unique_family_record,opeid_master,loan_direct__subsidized_disbursements,nominal_usd,1108,1108,0,4710123629.0
direct_loans,2001-2002,included_unique_family_record,opeid_master,loan_direct__unsubsidized_loans_originated_amt,nominal_usd,1108,1108,0,3861528471.0
direct_loans,2001-2002,included_unique_family_record,opeid_master,loan_direct__unsubsidized_disbursements,nominal_usd,1108,1108,0,3684954075.0
direct_loans,2001-2002,included_unique_family_record,opeid_master,loan_direct__plus_loans_originated_amt,nominal_usd,1108,1108,0,1241928892.0
direct_loans,2001-2002,included_unique_family_record,opeid_master,loan_direct__plus_disbursements,nominal_usd,1108,1108,0,1199733314.0
direct_loans,2001-2002,included_unique_family_record,opeid_master,loan_direct__grad_plus_loans_originated_amt,nominal_usd,1108,0,1108,
direct_loans,2001-2002,included_unique_family_record,opeid_master,loan_direct__grad_plus_disbursements,nominal_usd,1108,0,1108,
direct_loans,2001-2002,included_unique_family_record,opeid_master,loan_direct__parent_plus_loans_originated_amt,nominal_usd,1108,0,1108,
direct_loans,2001-2002,included_unique_family_record,opeid_master,loan_direct__parent_plus_disbursements,nominal_usd,1108,0,1108,
direct_loans,2001-2002,included_unique_family_record,opeid_master,loan_direct__subsidized_undergraduate_loans_originated_amt,nominal_usd,1108,0,1108,
direct_loans,2001-2002,included_unique_family_record,opeid_master,loan_direct__subsidized_undergraduate_disbursements,nominal_usd,1108,0,1108,
direct_loans,2001-2002,included_unique_family_record,opeid_master,loan_direct__subsidized_graduate_loans_originated_amt,nominal_usd,1108,0,1108,
direct_loans,2001-2002,included_unique_family_record,opeid_master,loan_direct__subsidized_graduate_disbursements,nominal_usd,1108,0,1108,
direct_loans,2001-2002,included_unique_family_record,opeid_master,loan_direct__unsubsidized_undergraduate_loans_originated_amt,nominal_usd,1108,0,1108,
direct_loans,2001-2002,included_unique_family_record,opeid_master,loan_direct__unsubsidized_undergraduate_disbursements,nominal_usd,1108,0,1108,
direct_loans,2001-2002,included_unique_family_record,opeid_master,loan_direct__unsubsidized_graduate_loans_originated_amt,nominal_usd,1108,0,1108,
direct_loans,2001-2002,included_unique_family_record,opeid_master,loan_direct__unsubsidized_graduate_disbursements,nominal_usd,1108,0,1108,
direct_loans,2002-2003,excluded_annual_identity_unresolved,opeid_master,loan_direct__subsidized_loans_originated_amt,nominal_usd,34,34,0,364251298.0
direct_loans,2002-2003,excluded_annual_identity_unresolved,opeid_master,loan_direct__subsidized_disbursements,nominal_usd,34,34,0,338288095.0
direct_loans,2002-2003,excluded_annual_identity_unresolved,opeid_master,loan_direct__unsubsidized_loans_originated_amt,nominal_usd,34,34,0,246979889.0
direct_loans,2002-2003,excluded_annual_identity_unresolved,opeid_master,loan_direct__unsubsidized_disbursements,nominal_usd,34,34,0,227370432.0
direct_loans,2002-2003,excluded_annual_identity_unresolved,opeid_master,loan_direct__plus_loans_originated_amt,nominal_usd,34,34,0,79019618.0
direct_loans,2002-2003,excluded_annual_identity_unresolved,opeid_master,loan_direct__plus_disbursements,nominal_usd,34,34,0,74579813.0
direct_loans,2002-2003,excluded_annual_identity_unresolved,opeid_master,loan_direct__grad_plus_loans_originated_amt,nominal_usd,34,0,34,
direct_loans,2002-2003,excluded_annual_identity_unresolved,opeid_master,loan_direct__grad_plus_disbursements,nominal_usd,34,0,34,
direct_loans,2002-2003,excluded_annual_identity_unresolved,opeid_master,loan_direct__parent_plus_loans_originated_amt,nominal_usd,34,0,34,
direct_loans,2002-2003,excluded_annual_identity_unresolved,opeid_master,loan_direct__parent_plus_disbursements,nominal_usd,34,0,34,
direct_loans,2002-2003,excluded_annual_identity_unresolved,opeid_master,loan_direct__subsidized_undergraduate_loans_originated_amt,nominal_usd,34,0,34,
direct_loans,2002-2003,excluded_annual_identity_unresolved,opeid_master,loan_direct__subsidized_undergraduate_disbursements,nominal_usd,34,0,34,
direct_loans,2002-2003,excluded_annual_identity_unresolved,opeid_master,loan_direct__subsidized_graduate_loans_originated_amt,nominal_usd,34,0,34,
direct_loans,2002-2003,excluded_annual_identity_unresolved,opeid_master,loan_direct__subsidized_graduate_disbursements,nominal_usd,34,0,34,
direct_loans,2002-2003,excluded_annual_identity_unresolved,opeid_master,loan_direct__unsubsidized_undergraduate_loans_originated_amt,nominal_usd,34,0,34,
direct_loans,2002-2003,excluded_annual_identity_unresolved,opeid_master,loan_direct__unsubsidized_undergraduate_disbursements,nominal_usd,34,0,34,
direct_loans,2002-2003,excluded_annual_identity_unresolved,opeid_master,loan_direct__unsubsidized_graduate_loans_originated_amt,nominal_usd,34,0,34,
direct_loans,2002-2003,excluded_annual_identity_unresolved,opeid_master,loan_direct__unsubsidized_graduate_disbursements,nominal_usd,34,0,34,
direct_loans,2002-2003,included_unique_family_record,opeid_master,loan_direct__subsidized_loans_originated_amt,nominal_usd,1080,1080,0,5582343174.0
direct_loans,2002-2003,included_unique_family_record,opeid_master,loan_direct__subsidized_disbursements,nominal_usd,1080,1080,0,5205285473.0
direct_loans,2002-2003,included_unique_family_record,opeid_master,loan_direct__unsubsidized_loans_originated_amt,nominal_usd,1080,1080,0,4483915306.0
direct_loans,2002-2003,included_unique_family_record,opeid_master,loan_direct__unsubsidized_disbursements,nominal_usd,1080,1080,0,4138895763.0
direct_loans,2002-2003,included_unique_family_record,opeid_master,loan_direct__plus_loans_originated_amt,nominal_usd,1080,1080,0,1561086812.0
direct_loans,2002-2003,included_unique_family_record,opeid_master,loan_direct__plus_disbursements,nominal_usd,1080,1080,0,1470920450.0
direct_loans,2002-2003,included_unique_family_record,opeid_master,loan_direct__grad_plus_loans_originated_amt,nominal_usd,1080,0,1080,
direct_loans,2002-2003,included_unique_family_record,opeid_master,loan_direct__grad_plus_disbursements,nominal_usd,1080,0,1080,
direct_loans,2002-2003,included_unique_family_record,opeid_master,loan_direct__parent_plus_loans_originated_amt,nominal_usd,1080,0,1080,
direct_loans,2002-2003,included_unique_family_record,opeid_master,loan_direct__parent_plus_disbursements,nominal_usd,1080,0,1080,
direct_loans,2002-2003,included_unique_family_record,opeid_master,loan_direct__subsidized_undergraduate_loans_originated_amt,nominal_usd,1080,0,1080,
direct_loans,2002-2003,included_unique_family_record,opeid_master,loan_direct__subsidized_undergraduate_disbursements,nominal_usd,1080,0,1080,
direct_loans,2002-2003,included_unique_family_record,opeid_master,loan_direct__subsidized_graduate_loans_originated_amt,nominal_usd,1080,0,1080,
direct_loans,2002-2003,included_unique_family_record,opeid_master,loan_direct__subsidized_graduate_disbursements,nominal_usd,1080,0,1080,
direct_loans,2002-2003,included_unique_family_record,opeid_master,loan_direct__unsubsidized_undergraduate_loans_originated_amt,nominal_usd,1080,0,1080,
direct_loans,2002-2003,included_unique_family_record,opeid_master,loan_direct__unsubsidized_undergraduate_disbursements,nominal_usd,1080,0,1080,
direct_loans,2002-2003,included_unique_family_record,opeid_master,loan_direct__unsubsidized_graduate_loans_originated_amt,nominal_usd,1080,0,1080,
direct_loans,2002-2003,included_unique_family_record,opeid_master,loan_direct__unsubsidized_graduate_disbursements,nominal_usd,1080,0,1080,
direct_loans,2003-2004,excluded_annual_identity_unresolved,opeid_master,loan_direct__subsidized_loans_originated_amt,nominal_usd,44,44,0,378718045.0
direct_loans,2003-2004,excluded_annual_identity_unresolved,opeid_master,loan_direct__subsidized_disbursements,nominal_usd,44,44,0,351797495.0
direct_loans,2003-2004,excluded_annual_identity_unresolved,opeid_master,loan_direct__unsubsidized_loans_originated_amt,nominal_usd,44,44,0,267133253.0
direct_loans,2003-2004,excluded_annual_identity_unresolved,opeid_master,loan_direct__unsubsidized_disbursements,nominal_usd,44,44,0,245519916.0
direct_loans,2003-2004,excluded_annual_identity_unresolved,opeid_master,loan_direct__plus_loans_originated_amt,nominal_usd,44,44,0,111259436.0
direct_loans,2003-2004,excluded_annual_identity_unresolved,opeid_master,loan_direct__plus_disbursements,nominal_usd,44,44,0,105427488.0
direct_loans,2003-2004,excluded_annual_identity_unresolved,opeid_master,loan_direct__grad_plus_loans_originated_amt,nominal_usd,44,0,44,
direct_loans,2003-2004,excluded_annual_identity_unresolved,opeid_master,loan_direct__grad_plus_disbursements,nominal_usd,44,0,44,
direct_loans,2003-2004,excluded_annual_identity_unresolved,opeid_master,loan_direct__parent_plus_loans_originated_amt,nominal_usd,44,0,44,
direct_loans,2003-2004,excluded_annual_identity_unresolved,opeid_master,loan_direct__parent_plus_disbursements,nominal_usd,44,0,44,
direct_loans,2003-2004,excluded_annual_identity_unresolved,opeid_master,loan_direct__subsidized_undergraduate_loans_originated_amt,nominal_usd,44,0,44,
direct_loans,2003-2004,excluded_annual_identity_unresolved,opeid_master,loan_direct__subsidized_undergraduate_disbursements,nominal_usd,44,0,44,
direct_loans,2003-2004,excluded_annual_identity_unresolved,opeid_master,loan_direct__subsidized_graduate_loans_originated_amt,nominal_usd,44,0,44,
direct_loans,2003-2004,excluded_annual_identity_unresolved,opeid_master,loan_direct__subsidized_graduate_disbursements,nominal_usd,44,0,44,
direct_loans,2003-2004,excluded_annual_identity_unresolved,opeid_master,loan_direct__unsubsidized_undergraduate_loans_originated_amt,nominal_usd,44,0,44,
direct_loans,2003-2004,excluded_annual_identity_unresolved,opeid_master,loan_direct__unsubsidized_undergraduate_disbursements,nominal_usd,44,0,44,
direct_loans,2003-2004,excluded_annual_identity_unresolved,opeid_master,loan_direct__unsubsidized_graduate_loans_originated_amt,nominal_usd,44,0,44,
direct_loans,2003-2004,excluded_annual_identity_unresolved,opeid_master,loan_direct__unsubsidized_graduate_disbursements,nominal_usd,44,0,44,
direct_loans,2003-2004,included_unique_family_record,opeid_master,loan_direct__subsidized_loans_originated_amt,nominal_usd,1042,1042,0,5683634674.0
direct_loans,2003-2004,included_unique_family_record,opeid_master,loan_direct__subsidized_disbursements,nominal_usd,1042,1042,0,5308816023.0
direct_loans,2003-2004,included_unique_family_record,opeid_master,loan_direct__unsubsidized_loans_originated_amt,nominal_usd,1042,1042,0,4532013393.0
direct_loans,2003-2004,included_unique_family_record,opeid_master,loan_direct__unsubsidized_disbursements,nominal_usd,1042,1042,0,4189413702.0
direct_loans,2003-2004,included_unique_family_record,opeid_master,loan_direct__plus_loans_originated_amt,nominal_usd,1042,1042,0,1802550663.0
direct_loans,2003-2004,included_unique_family_record,opeid_master,loan_direct__plus_disbursements,nominal_usd,1042,1042,0,1701639228.0
direct_loans,2003-2004,included_unique_family_record,opeid_master,loan_direct__grad_plus_loans_originated_amt,nominal_usd,1042,0,1042,
direct_loans,2003-2004,included_unique_family_record,opeid_master,loan_direct__grad_plus_disbursements,nominal_usd,1042,0,1042,
direct_loans,2003-2004,included_unique_family_record,opeid_master,loan_direct__parent_plus_loans_originated_amt,nominal_usd,1042,0,1042,
direct_loans,2003-2004,included_unique_family_record,opeid_master,loan_direct__parent_plus_disbursements,nominal_usd,1042,0,1042,
direct_loans,2003-2004,included_unique_family_record,opeid_master,loan_direct__subsidized_undergraduate_loans_originated_amt,nominal_usd,1042,0,1042,
direct_loans,2003-2004,included_unique_family_record,opeid_master,loan_direct__subsidized_undergraduate_disbursements,nominal_usd,1042,0,1042,
direct_loans,2003-2004,included_unique_family_record,opeid_master,loan_direct__subsidized_graduate_loans_originated_amt,nominal_usd,1042,0,1042,
direct_loans,2003-2004,included_unique_family_record,opeid_master,loan_direct__subsidized_graduate_disbursements,nominal_usd,1042,0,1042,
direct_loans,2003-2004,included_unique_family_record,opeid_master,loan_direct__unsubsidized_undergraduate_loans_originated_amt,nominal_usd,1042,0,1042,
direct_loans,2003-2004,included_unique_family_record,opeid_master,loan_direct__unsubsidized_undergraduate_disbursements,nominal_usd,1042,0,1042,
direct_loans,2003-2004,included_unique_family_record,opeid_master,loan_direct__unsubsidized_graduate_loans_originated_amt,nominal_usd,1042,0,1042,
direct_loans,2003-2004,included_unique_family_record,opeid_master,loan_direct__unsubsidized_graduate_disbursements,nominal_usd,1042,0,1042,
direct_loans,2004-2005,ambiguous_family_multiple_records,opeid_master,loan_direct__subsidized_loans_originated_amt,nominal_usd,2,2,0,8213924.0
direct_loans,2004-2005,ambiguous_family_multiple_records,opeid_master,loan_direct__subsidized_disbursements,nominal_usd,2,2,0,7617417.0
direct_loans,2004-2005,ambiguous_family_multiple_records,opeid_master,loan_direct__unsubsidized_loans_originated_amt,nominal_usd,2,2,0,6510783.0
direct_loans,2004-2005,ambiguous_family_multiple_records,opeid_master,loan_direct__unsubsidized_disbursements,nominal_usd,2,2,0,5998820.0
direct_loans,2004-2005,ambiguous_family_multiple_records,opeid_master,loan_direct__plus_loans_originated_amt,nominal_usd,2,2,0,511615.0
direct_loans,2004-2005,ambiguous_family_multiple_records,opeid_master,loan_direct__plus_disbursements,nominal_usd,2,2,0,482549.0
direct_loans,2004-2005,ambiguous_family_multiple_records,opeid_master,loan_direct__grad_plus_loans_originated_amt,nominal_usd,2,0,2,
direct_loans,2004-2005,ambiguous_family_multiple_records,opeid_master,loan_direct__grad_plus_disbursements,nominal_usd,2,0,2,
direct_loans,2004-2005,ambiguous_family_multiple_records,opeid_master,loan_direct__parent_plus_loans_originated_amt,nominal_usd,2,0,2,
direct_loans,2004-2005,ambiguous_family_multiple_records,opeid_master,loan_direct__parent_plus_disbursements,nominal_usd,2,0,2,
direct_loans,2004-2005,ambiguous_family_multiple_records,opeid_master,loan_direct__subsidized_undergraduate_loans_originated_amt,nominal_usd,2,0,2,
direct_loans,2004-2005,ambiguous_family_multiple_records,opeid_master,loan_direct__subsidized_undergraduate_disbursements,nominal_usd,2,0,2,
direct_loans,2004-2005,ambiguous_family_multiple_records,opeid_master,loan_direct__subsidized_graduate_loans_originated_amt,nominal_usd,2,0,2,
direct_loans,2004-2005,ambiguous_family_multiple_records,opeid_master,loan_direct__subsidized_graduate_disbursements,nominal_usd,2,0,2,
direct_loans,2004-2005,ambiguous_family_multiple_records,opeid_master,loan_direct__unsubsidized_undergraduate_loans_originated_amt,nominal_usd,2,0,2,
direct_loans,2004-2005,ambiguous_family_multiple_records,opeid_master,loan_direct__unsubsidized_undergraduate_disbursements,nominal_usd,2,0,2,
direct_loans,2004-2005,ambiguous_family_multiple_records,opeid_master,loan_direct__unsubsidized_graduate_loans_originated_amt,nominal_usd,2,0,2,
direct_loans,2004-2005,ambiguous_family_multiple_records,opeid_master,loan_direct__unsubsidized_graduate_disbursements,nominal_usd,2,0,2,
direct_loans,2004-2005,excluded_annual_identity_unresolved,opeid_master,loan_direct__subsidized_loans_originated_amt,nominal_usd,54,54,0,414043621.0
direct_loans,2004-2005,excluded_annual_identity_unresolved,opeid_master,loan_direct__subsidized_disbursements,nominal_usd,54,54,0,381050893.0
direct_loans,2004-2005,excluded_annual_identity_unresolved,opeid_master,loan_direct__unsubsidized_loans_originated_amt,nominal_usd,54,54,0,320753470.0
direct_loans,2004-2005,excluded_annual_identity_unresolved,opeid_master,loan_direct__unsubsidized_disbursements,nominal_usd,54,54,0,291149165.0
direct_loans,2004-2005,excluded_annual_identity_unresolved,opeid_master,loan_direct__plus_loans_originated_amt,nominal_usd,54,54,0,126043674.0
direct_loans,2004-2005,excluded_annual_identity_unresolved,opeid_master,loan_direct__plus_disbursements,nominal_usd,54,54,0,118707652.0
direct_loans,2004-2005,excluded_annual_identity_unresolved,opeid_master,loan_direct__grad_plus_loans_originated_amt,nominal_usd,54,0,54,
direct_loans,2004-2005,excluded_annual_identity_unresolved,opeid_master,loan_direct__grad_plus_disbursements,nominal_usd,54,0,54,
direct_loans,2004-2005,excluded_annual_identity_unresolved,opeid_master,loan_direct__parent_plus_loans_originated_amt,nominal_usd,54,0,54,
direct_loans,2004-2005,excluded_annual_identity_unresolved,opeid_master,loan_direct__parent_plus_disbursements,nominal_usd,54,0,54,
direct_loans,2004-2005,excluded_annual_identity_unresolved,opeid_master,loan_direct__subsidized_undergraduate_loans_originated_amt,nominal_usd,54,0,54,
direct_loans,2004-2005,excluded_annual_identity_unresolved,opeid_master,loan_direct__subsidized_undergraduate_disbursements,nominal_usd,54,0,54,
direct_loans,2004-2005,excluded_annual_identity_unresolved,opeid_master,loan_direct__subsidized_graduate_loans_originated_amt,nominal_usd,54,0,54,
direct_loans,2004-2005,excluded_annual_identity_unresolved,opeid_master,loan_direct__subsidized_graduate_disbursements,nominal_usd,54,0,54,
direct_loans,2004-2005,excluded_annual_identity_unresolved,opeid_master,loan_direct__unsubsidized_undergraduate_loans_originated_amt,nominal_usd,54,0,54,
direct_loans,2004-2005,excluded_annual_identity_unresolved,opeid_master,loan_direct__unsubsidized_undergraduate_disbursements,nominal_usd,54,0,54,
direct_loans,2004-2005,excluded_annual_identity_unresolved,opeid_master,loan_direct__unsubsidized_graduate_loans_originated_amt,nominal_usd,54,0,54,
direct_loans,2004-2005,excluded_annual_identity_unresolved,opeid_master,loan_direct__unsubsidized_graduate_disbursements,nominal_usd,54,0,54,
direct_loans,2004-2005,included_unique_family_record,opeid_master,loan_direct__subsidized_loans_originated_amt,nominal_usd,1026,1026,0,5619161192.0
direct_loans,2004-2005,included_unique_family_record,opeid_master,loan_direct__subsidized_disbursements,nominal_usd,1026,1026,0,5250481061.0
direct_loans,2004-2005,included_unique_family_record,opeid_master,loan_direct__unsubsidized_loans_originated_amt,nominal_usd,1026,1026,0,4562275093.0
direct_loans,2004-2005,included_unique_family_record,opeid_master,loan_direct__unsubsidized_disbursements,nominal_usd,1026,1026,0,4220493180.0
direct_loans,2004-2005,included_unique_family_record,opeid_master,loan_direct__plus_loans_originated_amt,nominal_usd,1026,1026,0,1987397567.0
direct_loans,2004-2005,included_unique_family_record,opeid_master,loan_direct__plus_disbursements,nominal_usd,1026,1026,0,1882053371.0
direct_loans,2004-2005,included_unique_family_record,opeid_master,loan_direct__grad_plus_loans_originated_amt,nominal_usd,1026,0,1026,
direct_loans,2004-2005,included_unique_family_record,opeid_master,loan_direct__grad_plus_disbursements,nominal_usd,1026,0,1026,
direct_loans,2004-2005,included_unique_family_record,opeid_master,loan_direct__parent_plus_loans_originated_amt,nominal_usd,1026,0,1026,
direct_loans,2004-2005,included_unique_family_record,opeid_master,loan_direct__parent_plus_disbursements,nominal_usd,1026,0,1026,
direct_loans,2004-2005,included_unique_family_record,opeid_master,loan_direct__subsidized_undergraduate_loans_originated_amt,nominal_usd,1026,0,1026,
direct_loans,2004-2005,included_unique_family_record,opeid_master,loan_direct__subsidized_undergraduate_disbursements,nominal_usd,1026,0,1026,
direct_loans,2004-2005,included_unique_family_record,opeid_master,loan_direct__subsidized_graduate_loans_originated_amt,nominal_usd,1026,0,1026,
direct_loans,2004-2005,included_unique_family_record,opeid_master,loan_direct__subsidized_graduate_disbursements,nominal_usd,1026,0,1026,
direct_loans,2004-2005,included_unique_family_record,opeid_master,loan_direct__unsubsidized_undergraduate_loans_originated_amt,nominal_usd,1026,0,1026,
direct_loans,2004-2005,included_unique_family_record,opeid_master,loan_direct__unsubsidized_undergraduate_disbursements,nominal_usd,1026,0,1026,
direct_loans,2004-2005,included_unique_family_record,opeid_master,loan_direct__unsubsidized_graduate_loans_originated_amt,nominal_usd,1026,0,1026,
direct_loans,2004-2005,included_unique_family_record,opeid_master,loan_direct__unsubsidized_graduate_disbursements,nominal_usd,1026,0,1026,
direct_loans,2005-2006,excluded_annual_identity_unresolved,opeid_master,loan_direct__subsidized_loans_originated_amt,nominal_usd,50,50,0,384345593.0
direct_loans,2005-2006,excluded_annual_identity_unresolved,opeid_master,loan_direct__subsidized_disbursements,nominal_usd,50,50,0,354805505.0
direct_loans,2005-2006,excluded_annual_identity_unresolved,opeid_master,loan_direct__unsubsidized_loans_originated_amt,nominal_usd,50,50,0,316107602.0
direct_loans,2005-2006,excluded_annual_identity_unresolved,opeid_master,loan_direct__unsubsidized_disbursements,nominal_usd,50,50,0,288516324.0
direct_loans,2005-2006,excluded_annual_identity_unresolved,opeid_master,loan_direct__plus_loans_originated_amt,nominal_usd,50,50,0,149350956.0
direct_loans,2005-2006,excluded_annual_identity_unresolved,opeid_master,loan_direct__plus_disbursements,nominal_usd,50,50,0,140261852.0
direct_loans,2005-2006,excluded_annual_identity_unresolved,opeid_master,loan_direct__grad_plus_loans_originated_amt,nominal_usd,50,50,0,6600.0
direct_loans,2005-2006,excluded_annual_identity_unresolved,opeid_master,loan_direct__grad_plus_disbursements,nominal_usd,50,50,0,6600.0
direct_loans,2005-2006,excluded_annual_identity_unresolved,opeid_master,loan_direct__parent_plus_loans_originated_amt,nominal_usd,50,0,50,
direct_loans,2005-2006,excluded_annual_identity_unresolved,opeid_master,loan_direct__parent_plus_disbursements,nominal_usd,50,0,50,
direct_loans,2005-2006,excluded_annual_identity_unresolved,opeid_master,loan_direct__subsidized_undergraduate_loans_originated_amt,nominal_usd,50,0,50,
direct_loans,2005-2006,excluded_annual_identity_unresolved,opeid_master,loan_direct__subsidized_undergraduate_disbursements,nominal_usd,50,0,50,
direct_loans,2005-2006,excluded_annual_identity_unresolved,opeid_master,loan_direct__subsidized_graduate_loans_originated_amt,nominal_usd,50,0,50,
direct_loans,2005-2006,excluded_annual_identity_unresolved,opeid_master,loan_direct__subsidized_graduate_disbursements,nominal_usd,50,0,50,
direct_loans,2005-2006,excluded_annual_identity_unresolved,opeid_master,loan_direct__unsubsidized_undergraduate_loans_originated_amt,nominal_usd,50,0,50,
direct_loans,2005-2006,excluded_annual_identity_unresolved,opeid_master,loan_direct__unsubsidized_undergraduate_disbursements,nominal_usd,50,0,50,
direct_loans,2005-2006,excluded_annual_identity_unresolved,opeid_master,loan_direct__unsubsidized_graduate_loans_originated_amt,nominal_usd,50,0,50,
direct_loans,2005-2006,excluded_annual_identity_unresolved,opeid_master,loan_direct__unsubsidized_graduate_disbursements,nominal_usd,50,0,50,
direct_loans,2005-2006,included_unique_family_record,opeid_master,loan_direct__subsidized_loans_originated_amt,nominal_usd,1027,1027,0,5510216917.0
direct_loans,2005-2006,included_unique_family_record,opeid_master,loan_direct__subsidized_disbursements,nominal_usd,1027,1027,0,5139118283.0
direct_loans,2005-2006,included_unique_family_record,opeid_master,loan_direct__unsubsidized_loans_originated_amt,nominal_usd,1027,1027,0,4734875934.0
direct_loans,2005-2006,included_unique_family_record,opeid_master,loan_direct__unsubsidized_disbursements,nominal_usd,1027,1027,0,4376878108.0
direct_loans,2005-2006,included_unique_family_record,opeid_master,loan_direct__plus_loans_originated_amt,nominal_usd,1027,1027,0,2140907746.0
direct_loans,2005-2006,included_unique_family_record,opeid_master,loan_direct__plus_disbursements,nominal_usd,1027,1027,0,2011460648.0
direct_loans,2005-2006,included_unique_family_record,opeid_master,loan_direct__grad_plus_loans_originated_amt,nominal_usd,1027,1027,0,7330264.0
direct_loans,2005-2006,included_unique_family_record,opeid_master,loan_direct__grad_plus_disbursements,nominal_usd,1027,1027,0,6618268.0
direct_loans,2005-2006,included_unique_family_record,opeid_master,loan_direct__parent_plus_loans_originated_amt,nominal_usd,1027,0,1027,
direct_loans,2005-2006,included_unique_family_record,opeid_master,loan_direct__parent_plus_disbursements,nominal_usd,1027,0,1027,
direct_loans,2005-2006,included_unique_family_record,opeid_master,loan_direct__subsidized_undergraduate_loans_originated_amt,nominal_usd,1027,0,1027,
direct_loans,2005-2006,included_unique_family_record,opeid_master,loan_direct__subsidized_undergraduate_disbursements,nominal_usd,1027,0,1027,
direct_loans,2005-2006,included_unique_family_record,opeid_master,loan_direct__subsidized_graduate_loans_originated_amt,nominal_usd,1027,0,1027,
direct_loans,2005-2006,included_unique_family_record,opeid_master,loan_direct__subsidized_graduate_disbursements,nominal_usd,1027,0,1027,
direct_loans,2005-2006,included_unique_family_record,opeid_master,loan_direct__unsubsidized_undergraduate_loans_originated_amt,nominal_usd,1027,0,1027,
direct_loans,2005-2006,included_unique_family_record,opeid_master,loan_direct__unsubsidized_undergraduate_disbursements,nominal_usd,1027,0,1027,
direct_loans,2005-2006,included_unique_family_record,opeid_master,loan_direct__unsubsidized_graduate_loans_originated_amt,nominal_usd,1027,0,1027,
direct_loans,2005-2006,included_unique_family_record,opeid_master,loan_direct__unsubsidized_graduate_disbursements,nominal_usd,1027,0,1027,
direct_loans,2006-2007,excluded_annual_identity_unresolved,opeid_master,loan_direct__subsidized_loans_originated_amt,nominal_usd,60,60,0,381943633.0
direct_loans,2006-2007,excluded_annual_identity_unresolved,opeid_master,loan_direct__subsidized_disbursements,nominal_usd,60,60,0,348189655.0
direct_loans,2006-2007,excluded_annual_identity_unresolved,opeid_master,loan_direct__unsubsidized_loans_originated_amt,nominal_usd,60,60,0,355428230.0
direct_loans,2006-2007,excluded_annual_identity_unresolved,opeid_master,loan_direct__unsubsidized_disbursements,nominal_usd,60,60,0,319116315.0
direct_loans,2006-2007,excluded_annual_identity_unresolved,opeid_master,loan_direct__plus_loans_originated_amt,nominal_usd,60,0,60,
direct_loans,2006-2007,excluded_annual_identity_unresolved,opeid_master,loan_direct__plus_disbursements,nominal_usd,60,0,60,
direct_loans,2006-2007,excluded_annual_identity_unresolved,opeid_master,loan_direct__grad_plus_loans_originated_amt,nominal_usd,60,60,0,7399686.0
direct_loans,2006-2007,excluded_annual_identity_unresolved,opeid_master,loan_direct__grad_plus_disbursements,nominal_usd,60,60,0,7093315.0
direct_loans,2006-2007,excluded_annual_identity_unresolved,opeid_master,loan_direct__parent_plus_loans_originated_amt,nominal_usd,60,60,0,154246917.0
direct_loans,2006-2007,excluded_annual_identity_unresolved,opeid_master,loan_direct__parent_plus_disbursements,nominal_usd,60,60,0,144380094.0
direct_loans,2006-2007,excluded_annual_identity_unresolved,opeid_master,loan_direct__subsidized_undergraduate_loans_originated_amt,nominal_usd,60,0,60,
direct_loans,2006-2007,excluded_annual_identity_unresolved,opeid_master,loan_direct__subsidized_undergraduate_disbursements,nominal_usd,60,0,60,
direct_loans,2006-2007,excluded_annual_identity_unresolved,opeid_master,loan_direct__subsidized_graduate_loans_originated_amt,nominal_usd,60,0,60,
direct_loans,2006-2007,excluded_annual_identity_unresolved,opeid_master,loan_direct__subsidized_graduate_disbursements,nominal_usd,60,0,60,
direct_loans,2006-2007,excluded_annual_identity_unresolved,opeid_master,loan_direct__unsubsidized_undergraduate_loans_originated_amt,nominal_usd,60,0,60,
direct_loans,2006-2007,excluded_annual_identity_unresolved,opeid_master,loan_direct__unsubsidized_undergraduate_disbursements,nominal_usd,60,0,60,
direct_loans,2006-2007,excluded_annual_identity_unresolved,opeid_master,loan_direct__unsubsidized_graduate_loans_originated_amt,nominal_usd,60,0,60,
direct_loans,2006-2007,excluded_annual_identity_unresolved,opeid_master,loan_direct__unsubsidized_graduate_disbursements,nominal_usd,60,0,60,
direct_loans,2006-2007,included_unique_family_record,opeid_master,loan_direct__subsidized_loans_originated_amt,nominal_usd,1026,1026,0,5262269590.0
direct_loans,2006-2007,included_unique_family_record,opeid_master,loan_direct__subsidized_disbursements,nominal_usd,1026,1026,0,4905031148.0
direct_loans,2006-2007,included_unique_family_record,opeid_master,loan_direct__unsubsidized_loans_originated_amt,nominal_usd,1026,1026,0,4515282800.0
direct_loans,2006-2007,included_unique_family_record,opeid_master,loan_direct__unsubsidized_disbursements,nominal_usd,1026,1026,0,4172419540.0
direct_loans,2006-2007,included_unique_family_record,opeid_master,loan_direct__plus_loans_originated_amt,nominal_usd,1026,0,1026,
direct_loans,2006-2007,included_unique_family_record,opeid_master,loan_direct__plus_disbursements,nominal_usd,1026,0,1026,
direct_loans,2006-2007,included_unique_family_record,opeid_master,loan_direct__grad_plus_loans_originated_amt,nominal_usd,1026,1026,0,222943562.0
direct_loans,2006-2007,included_unique_family_record,opeid_master,loan_direct__grad_plus_disbursements,nominal_usd,1026,1026,0,211816393.0
direct_loans,2006-2007,included_unique_family_record,opeid_master,loan_direct__parent_plus_loans_originated_amt,nominal_usd,1026,1026,0,1998034801.0
direct_loans,2006-2007,included_unique_family_record,opeid_master,loan_direct__parent_plus_disbursements,nominal_usd,1026,1026,0,1881963946.0
direct_loans,2006-2007,included_unique_family_record,opeid_master,loan_direct__subsidized_undergraduate_loans_originated_amt,nominal_usd,1026,0,1026,
direct_loans,2006-2007,included_unique_family_record,opeid_master,loan_direct__subsidized_undergraduate_disbursements,nominal_usd,1026,0,1026,
direct_loans,2006-2007,included_unique_family_record,opeid_master,loan_direct__subsidized_graduate_loans_originated_amt,nominal_usd,1026,0,1026,
direct_loans,2006-2007,included_unique_family_record,opeid_master,loan_direct__subsidized_graduate_disbursements,nominal_usd,1026,0,1026,
direct_loans,2006-2007,included_unique_family_record,opeid_master,loan_direct__unsubsidized_undergraduate_loans_originated_amt,nominal_usd,1026,0,1026,
direct_loans,2006-2007,included_unique_family_record,opeid_master,loan_direct__unsubsidized_undergraduate_disbursements,nominal_usd,1026,0,1026,
direct_loans,2006-2007,included_unique_family_record,opeid_master,loan_direct__unsubsidized_graduate_loans_originated_amt,nominal_usd,1026,0,1026,
direct_loans,2006-2007,included_unique_family_record,opeid_master,loan_direct__unsubsidized_graduate_disbursements,nominal_usd,1026,0,1026,
direct_loans,2007-2008,excluded_annual_identity_unresolved,opeid_master,loan_direct__subsidized_loans_originated_amt,nominal_usd,96,96,0,441037153.0
direct_loans,2007-2008,excluded_annual_identity_unresolved,opeid_master,loan_direct__subsidized_disbursements,nominal_usd,96,96,0,403786637.0
direct_loans,2007-2008,excluded_annual_identity_unresolved,opeid_master,loan_direct__unsubsidized_loans_originated_amt,nominal_usd,96,96,0,406288384.0
direct_loans,2007-2008,excluded_annual_identity_unresolved,opeid_master,loan_direct__unsubsidized_disbursements,nominal_usd,96,96,0,368062257.0
direct_loans,2007-2008,excluded_annual_identity_unresolved,opeid_master,loan_direct__plus_loans_originated_amt,nominal_usd,96,0,96,
direct_loans,2007-2008,excluded_annual_identity_unresolved,opeid_master,loan_direct__plus_disbursements,nominal_usd,96,0,96,
direct_loans,2007-2008,excluded_annual_identity_unresolved,opeid_master,loan_direct__grad_plus_loans_originated_amt,nominal_usd,96,96,0,12544031.0
direct_loans,2007-2008,excluded_annual_identity_unresolved,opeid_master,loan_direct__grad_plus_disbursements,nominal_usd,96,96,0,11945785.0
direct_loans,2007-2008,excluded_annual_identity_unresolved,opeid_master,loan_direct__parent_plus_loans_originated_amt,nominal_usd,96,96,0,152559003.0
direct_loans,2007-2008,excluded_annual_identity_unresolved,opeid_master,loan_direct__parent_plus_disbursements,nominal_usd,96,96,0,143467920.0
direct_loans,2007-2008,excluded_annual_identity_unresolved,opeid_master,loan_direct__subsidized_undergraduate_loans_originated_amt,nominal_usd,96,0,96,
direct_loans,2007-2008,excluded_annual_identity_unresolved,opeid_master,loan_direct__subsidized_undergraduate_disbursements,nominal_usd,96,0,96,
direct_loans,2007-2008,excluded_annual_identity_unresolved,opeid_master,loan_direct__subsidized_graduate_loans_originated_amt,nominal_usd,96,0,96,
direct_loans,2007-2008,excluded_annual_identity_unresolved,opeid_master,loan_direct__subsidized_graduate_disbursements,nominal_usd,96,0,96,
direct_loans,2007-2008,excluded_annual_identity_unresolved,opeid_master,loan_direct__unsubsidized_undergraduate_loans_originated_amt,nominal_usd,96,0,96,
direct_loans,2007-2008,excluded_annual_identity_unresolved,opeid_master,loan_direct__unsubsidized_undergraduate_disbursements,nominal_usd,96,0,96,
direct_loans,2007-2008,excluded_annual_identity_unresolved,opeid_master,loan_direct__unsubsidized_graduate_loans_originated_amt,nominal_usd,96,0,96,
direct_loans,2007-2008,excluded_annual_identity_unresolved,opeid_master,loan_direct__unsubsidized_graduate_disbursements,nominal_usd,96,0,96,
direct_loans,2007-2008,included_unique_family_record,opeid_master,loan_direct__subsidized_loans_originated_amt,nominal_usd,1285,1285,0,5922343407.0
direct_loans,2007-2008,included_unique_family_record,opeid_master,loan_direct__subsidized_disbursements,nominal_usd,1285,1285,0,5521748853.0
direct_loans,2007-2008,included_unique_family_record,opeid_master,loan_direct__unsubsidized_loans_originated_amt,nominal_usd,1285,1285,0,5103355201.0
direct_loans,2007-2008,included_unique_family_record,opeid_master,loan_direct__unsubsidized_disbursements,nominal_usd,1285,1285,0,4718907798.0
direct_loans,2007-2008,included_unique_family_record,opeid_master,loan_direct__plus_loans_originated_amt,nominal_usd,1285,0,1285,
direct_loans,2007-2008,included_unique_family_record,opeid_master,loan_direct__plus_disbursements,nominal_usd,1285,0,1285,
direct_loans,2007-2008,included_unique_family_record,opeid_master,loan_direct__grad_plus_loans_originated_amt,nominal_usd,1285,1285,0,383947478.0
direct_loans,2007-2008,included_unique_family_record,opeid_master,loan_direct__grad_plus_disbursements,nominal_usd,1285,1285,0,365843899.0
direct_loans,2007-2008,included_unique_family_record,opeid_master,loan_direct__parent_plus_loans_originated_amt,nominal_usd,1285,1285,0,1913245688.0
direct_loans,2007-2008,included_unique_family_record,opeid_master,loan_direct__parent_plus_disbursements,nominal_usd,1285,1285,0,1806627414.0
direct_loans,2007-2008,included_unique_family_record,opeid_master,loan_direct__subsidized_undergraduate_loans_originated_amt,nominal_usd,1285,0,1285,
direct_loans,2007-2008,included_unique_family_record,opeid_master,loan_direct__subsidized_undergraduate_disbursements,nominal_usd,1285,0,1285,
direct_loans,2007-2008,included_unique_family_record,opeid_master,loan_direct__subsidized_graduate_loans_originated_amt,nominal_usd,1285,0,1285,
direct_loans,2007-2008,included_unique_family_record,opeid_master,loan_direct__subsidized_graduate_disbursements,nominal_usd,1285,0,1285,
direct_loans,2007-2008,included_unique_family_record,opeid_master,loan_direct__unsubsidized_undergraduate_loans_originated_amt,nominal_usd,1285,0,1285,
direct_loans,2007-2008,included_unique_family_record,opeid_master,loan_direct__unsubsidized_undergraduate_disbursements,nominal_usd,1285,0,1285,
direct_loans,2007-2008,included_unique_family_record,opeid_master,loan_direct__unsubsidized_graduate_loans_originated_amt,nominal_usd,1285,0,1285,
direct_loans,2007-2008,included_unique_family_record,opeid_master,loan_direct__unsubsidized_graduate_disbursements,nominal_usd,1285,0,1285,
direct_loans,2008-2009,excluded_annual_identity_unresolved,opeid_master,loan_direct__subsidized_loans_originated_amt,nominal_usd,191,191,0,372709079.0
direct_loans,2008-2009,excluded_annual_identity_unresolved,opeid_master,loan_direct__subsidized_disbursements,nominal_usd,191,191,0,348679482.0
direct_loans,2008-2009,excluded_annual_identity_unresolved,opeid_master,loan_direct__unsubsidized_loans_originated_amt,nominal_usd,191,191,0,421006357.0
direct_loans,2008-2009,excluded_annual_identity_unresolved,opeid_master,loan_direct__unsubsidized_disbursements,nominal_usd,191,191,0,390259032.0
direct_loans,2008-2009,excluded_annual_identity_unresolved,opeid_master,loan_direct__plus_loans_originated_amt,nominal_usd,191,0,191,
direct_loans,2008-2009,excluded_annual_identity_unresolved,opeid_master,loan_direct__plus_disbursements,nominal_usd,191,0,191,
direct_loans,2008-2009,excluded_annual_identity_unresolved,opeid_master,loan_direct__grad_plus_loans_originated_amt,nominal_usd,191,191,0,21800427.0
direct_loans,2008-2009,excluded_annual_identity_unresolved,opeid_master,loan_direct__grad_plus_disbursements,nominal_usd,191,191,0,21017859.0
direct_loans,2008-2009,excluded_annual_identity_unresolved,opeid_master,loan_direct__parent_plus_loans_originated_amt,nominal_usd,191,191,0,172589593.0
direct_loans,2008-2009,excluded_annual_identity_unresolved,opeid_master,loan_direct__parent_plus_disbursements,nominal_usd,191,191,0,164125907.0
direct_loans,2008-2009,excluded_annual_identity_unresolved,opeid_master,loan_direct__subsidized_undergraduate_loans_originated_amt,nominal_usd,191,0,191,
direct_loans,2008-2009,excluded_annual_identity_unresolved,opeid_master,loan_direct__subsidized_undergraduate_disbursements,nominal_usd,191,0,191,
direct_loans,2008-2009,excluded_annual_identity_unresolved,opeid_master,loan_direct__subsidized_graduate_loans_originated_amt,nominal_usd,191,0,191,
direct_loans,2008-2009,excluded_annual_identity_unresolved,opeid_master,loan_direct__subsidized_graduate_disbursements,nominal_usd,191,0,191,
direct_loans,2008-2009,excluded_annual_identity_unresolved,opeid_master,loan_direct__unsubsidized_undergraduate_loans_originated_amt,nominal_usd,191,0,191,
direct_loans,2008-2009,excluded_annual_identity_unresolved,opeid_master,loan_direct__unsubsidized_undergraduate_disbursements,nominal_usd,191,0,191,
direct_loans,2008-2009,excluded_annual_identity_unresolved,opeid_master,loan_direct__unsubsidized_graduate_loans_originated_amt,nominal_usd,191,0,191,
direct_loans,2008-2009,excluded_annual_identity_unresolved,opeid_master,loan_direct__unsubsidized_graduate_disbursements,nominal_usd,191,0,191,
direct_loans,2008-2009,included_unique_family_record,opeid_master,loan_direct__subsidized_loans_originated_amt,nominal_usd,2172,2172,0,8576597522.0
direct_loans,2008-2009,included_unique_family_record,opeid_master,loan_direct__subsidized_disbursements,nominal_usd,2172,2172,0,8098793955.0
direct_loans,2008-2009,included_unique_family_record,opeid_master,loan_direct__unsubsidized_loans_originated_amt,nominal_usd,2172,2172,0,9769533196.0
direct_loans,2008-2009,included_unique_family_record,opeid_master,loan_direct__unsubsidized_disbursements,nominal_usd,2172,2172,0,9153312889.0
direct_loans,2008-2009,included_unique_family_record,opeid_master,loan_direct__plus_loans_originated_amt,nominal_usd,2172,0,2172,
direct_loans,2008-2009,included_unique_family_record,opeid_master,loan_direct__plus_disbursements,nominal_usd,2172,0,2172,
direct_loans,2008-2009,included_unique_family_record,opeid_master,loan_direct__grad_plus_loans_originated_amt,nominal_usd,2172,2172,0,813886901.0
direct_loans,2008-2009,included_unique_family_record,opeid_master,loan_direct__grad_plus_disbursements,nominal_usd,2172,2172,0,787668465.0
direct_loans,2008-2009,included_unique_family_record,opeid_master,loan_direct__parent_plus_loans_originated_amt,nominal_usd,2172,2172,0,2673201517.0
direct_loans,2008-2009,included_unique_family_record,opeid_master,loan_direct__parent_plus_disbursements,nominal_usd,2172,2172,0,2560675745.0
direct_loans,2008-2009,included_unique_family_record,opeid_master,loan_direct__subsidized_undergraduate_loans_originated_amt,nominal_usd,2172,0,2172,
direct_loans,2008-2009,included_unique_family_record,opeid_master,loan_direct__subsidized_undergraduate_disbursements,nominal_usd,2172,0,2172,
direct_loans,2008-2009,included_unique_family_record,opeid_master,loan_direct__subsidized_graduate_loans_originated_amt,nominal_usd,2172,0,2172,
direct_loans,2008-2009,included_unique_family_record,opeid_master,loan_direct__subsidized_graduate_disbursements,nominal_usd,2172,0,2172,
direct_loans,2008-2009,included_unique_family_record,opeid_master,loan_direct__unsubsidized_undergraduate_loans_originated_amt,nominal_usd,2172,0,2172,
direct_loans,2008-2009,included_unique_family_record,opeid_master,loan_direct__unsubsidized_undergraduate_disbursements,nominal_usd,2172,0,2172,
direct_loans,2008-2009,included_unique_family_record,opeid_master,loan_direct__unsubsidized_graduate_loans_originated_amt,nominal_usd,2172,0,2172,
direct_loans,2008-2009,included_unique_family_record,opeid_master,loan_direct__unsubsidized_graduate_disbursements,nominal_usd,2172,0,2172,
direct_loans,2009-2010,excluded_annual_identity_unresolved,opeid_master,loan_direct__subsidized_loans_originated_amt,nominal_usd,296,296,0,1634230766.0
direct_loans,2009-2010,excluded_annual_identity_unresolved,opeid_master,loan_direct__subsidized_disbursements,nominal_usd,296,296,0,1591183049.0
direct_loans,2009-2010,excluded_annual_identity_unresolved,opeid_master,loan_direct__unsubsidized_loans_originated_amt,nominal_usd,296,296,0,2133939026.0
direct_loans,2009-2010,excluded_annual_identity_unresolved,opeid_master,loan_direct__unsubsidized_disbursements,nominal_usd,296,296,0,2063157997.0
direct_loans,2009-2010,excluded_annual_identity_unresolved,opeid_master,loan_direct__plus_loans_originated_amt,nominal_usd,296,0,296,
direct_loans,2009-2010,excluded_annual_identity_unresolved,opeid_master,loan_direct__plus_disbursements,nominal_usd,296,0,296,
direct_loans,2009-2010,excluded_annual_identity_unresolved,opeid_master,loan_direct__grad_plus_loans_originated_amt,nominal_usd,296,296,0,138617562.0
direct_loans,2009-2010,excluded_annual_identity_unresolved,opeid_master,loan_direct__grad_plus_disbursements,nominal_usd,296,296,0,137233404.0
direct_loans,2009-2010,excluded_annual_identity_unresolved,opeid_master,loan_direct__parent_plus_loans_originated_amt,nominal_usd,296,296,0,342932360.0
direct_loans,2009-2010,excluded_annual_identity_unresolved,opeid_master,loan_direct__parent_plus_disbursements,nominal_usd,296,296,0,335050355.0
direct_loans,2009-2010,excluded_annual_identity_unresolved,opeid_master,loan_direct__subsidized_undergraduate_loans_originated_amt,nominal_usd,296,0,296,
direct_loans,2009-2010,excluded_annual_identity_unresolved,opeid_master,loan_direct__subsidized_undergraduate_disbursements,nominal_usd,296,0,296,
direct_loans,2009-2010,excluded_annual_identity_unresolved,opeid_master,loan_direct__subsidized_graduate_loans_originated_amt,nominal_usd,296,0,296,
direct_loans,2009-2010,excluded_annual_identity_unresolved,opeid_master,loan_direct__subsidized_graduate_disbursements,nominal_usd,296,0,296,
direct_loans,2009-2010,excluded_annual_identity_unresolved,opeid_master,loan_direct__unsubsidized_undergraduate_loans_originated_amt,nominal_usd,296,0,296,
direct_loans,2009-2010,excluded_annual_identity_unresolved,opeid_master,loan_direct__unsubsidized_undergraduate_disbursements,nominal_usd,296,0,296,
direct_loans,2009-2010,excluded_annual_identity_unresolved,opeid_master,loan_direct__unsubsidized_graduate_loans_originated_amt,nominal_usd,296,0,296,
direct_loans,2009-2010,excluded_annual_identity_unresolved,opeid_master,loan_direct__unsubsidized_graduate_disbursements,nominal_usd,296,0,296,
direct_loans,2009-2010,included_unique_family_record,opeid_master,loan_direct__subsidized_loans_originated_amt,nominal_usd,3964,3964,0,15120608354.0
direct_loans,2009-2010,included_unique_family_record,opeid_master,loan_direct__subsidized_disbursements,nominal_usd,3964,3964,0,14747087205.0
direct_loans,2009-2010,included_unique_family_record,opeid_master,loan_direct__unsubsidized_loans_originated_amt,nominal_usd,3964,3964,0,18115462541.0
direct_loans,2009-2010,included_unique_family_record,opeid_master,loan_direct__unsubsidized_disbursements,nominal_usd,3964,3964,0,17554243514.0
direct_loans,2009-2010,included_unique_family_record,opeid_master,loan_direct__plus_loans_originated_amt,nominal_usd,3964,0,3964,
direct_loans,2009-2010,included_unique_family_record,opeid_master,loan_direct__plus_disbursements,nominal_usd,3964,0,3964,
direct_loans,2009-2010,included_unique_family_record,opeid_master,loan_direct__grad_plus_loans_originated_amt,nominal_usd,3964,3964,0,1993798569.0
direct_loans,2009-2010,included_unique_family_record,opeid_master,loan_direct__grad_plus_disbursements,nominal_usd,3964,3964,0,1974484791.0
direct_loans,2009-2010,included_unique_family_record,opeid_master,loan_direct__parent_plus_loans_originated_amt,nominal_usd,3964,3964,0,4244408327.0
direct_loans,2009-2010,included_unique_family_record,opeid_master,loan_direct__parent_plus_disbursements,nominal_usd,3964,3964,0,4179497532.0
direct_loans,2009-2010,included_unique_family_record,opeid_master,loan_direct__subsidized_undergraduate_loans_originated_amt,nominal_usd,3964,0,3964,
direct_loans,2009-2010,included_unique_family_record,opeid_master,loan_direct__subsidized_undergraduate_disbursements,nominal_usd,3964,0,3964,
direct_loans,2009-2010,included_unique_family_record,opeid_master,loan_direct__subsidized_graduate_loans_originated_amt,nominal_usd,3964,0,3964,
direct_loans,2009-2010,included_unique_family_record,opeid_master,loan_direct__subsidized_graduate_disbursements,nominal_usd,3964,0,3964,
direct_loans,2009-2010,included_unique_family_record,opeid_master,loan_direct__unsubsidized_undergraduate_loans_originated_amt,nominal_usd,3964,0,3964,
direct_loans,2009-2010,included_unique_family_record,opeid_master,loan_direct__unsubsidized_undergraduate_disbursements,nominal_usd,3964,0,3964,
direct_loans,2009-2010,included_unique_family_record,opeid_master,loan_direct__unsubsidized_graduate_loans_originated_amt,nominal_usd,3964,0,3964,
direct_loans,2009-2010,included_unique_family_record,opeid_master,loan_direct__unsubsidized_graduate_disbursements,nominal_usd,3964,0,3964,
direct_loans,2010-2011,excluded_annual_identity_unresolved,opeid_master,loan_direct__subsidized_loans_originated_amt,nominal_usd,697,0,697,
direct_loans,2010-2011,excluded_annual_identity_unresolved,opeid_master,loan_direct__subsidized_disbursements,nominal_usd,697,0,697,
direct_loans,2010-2011,excluded_annual_identity_unresolved,opeid_master,loan_direct__unsubsidized_loans_originated_amt,nominal_usd,697,0,697,
direct_loans,2010-2011,excluded_annual_identity_unresolved,opeid_master,loan_direct__unsubsidized_disbursements,nominal_usd,697,0,697,
direct_loans,2010-2011,excluded_annual_identity_unresolved,opeid_master,loan_direct__plus_loans_originated_amt,nominal_usd,697,0,697,
direct_loans,2010-2011,excluded_annual_identity_unresolved,opeid_master,loan_direct__plus_disbursements,nominal_usd,697,0,697,
direct_loans,2010-2011,excluded_annual_identity_unresolved,opeid_master,loan_direct__grad_plus_loans_originated_amt,nominal_usd,697,697,0,800123210.0
direct_loans,2010-2011,excluded_annual_identity_unresolved,opeid_master,loan_direct__grad_plus_disbursements,nominal_usd,697,697,0,793790185.0
direct_loans,2010-2011,excluded_annual_identity_unresolved,opeid_master,loan_direct__parent_plus_loans_originated_amt,nominal_usd,697,697,0,995031885.0
direct_loans,2010-2011,excluded_annual_identity_unresolved,opeid_master,loan_direct__parent_plus_disbursements,nominal_usd,697,697,0,980724722.0
direct_loans,2010-2011,excluded_annual_identity_unresolved,opeid_master,loan_direct__subsidized_undergraduate_loans_originated_amt,nominal_usd,697,697,0,3841403925.0
direct_loans,2010-2011,excluded_annual_identity_unresolved,opeid_master,loan_direct__subsidized_undergraduate_disbursements,nominal_usd,697,697,0,3759964026.0
direct_loans,2010-2011,excluded_annual_identity_unresolved,opeid_master,loan_direct__subsidized_graduate_loans_originated_amt,nominal_usd,697,697,0,1687258939.0
direct_loans,2010-2011,excluded_annual_identity_unresolved,opeid_master,loan_direct__subsidized_graduate_disbursements,nominal_usd,697,697,0,1653559637.0
direct_loans,2010-2011,excluded_annual_identity_unresolved,opeid_master,loan_direct__unsubsidized_undergraduate_loans_originated_amt,nominal_usd,697,697,0,4604386562.0
direct_loans,2010-2011,excluded_annual_identity_unresolved,opeid_master,loan_direct__unsubsidized_undergraduate_disbursements,nominal_usd,697,697,0,4481892484.0
direct_loans,2010-2011,excluded_annual_identity_unresolved,opeid_master,loan_direct__unsubsidized_graduate_loans_originated_amt,nominal_usd,697,697,0,2211570338.0
direct_loans,2010-2011,excluded_annual_identity_unresolved,opeid_master,loan_direct__unsubsidized_graduate_disbursements,nominal_usd,697,697,0,2159263234.0
direct_loans,2010-2011,included_unique_family_record,opeid_master,loan_direct__subsidized_loans_originated_amt,nominal_usd,4964,0,4964,
direct_loans,2010-2011,included_unique_family_record,opeid_master,loan_direct__subsidized_disbursements,nominal_usd,4964,0,4964,
direct_loans,2010-2011,included_unique_family_record,opeid_master,loan_direct__unsubsidized_loans_originated_amt,nominal_usd,4964,0,4964,
direct_loans,2010-2011,included_unique_family_record,opeid_master,loan_direct__unsubsidized_disbursements,nominal_usd,4964,0,4964,
direct_loans,2010-2011,included_unique_family_record,opeid_master,loan_direct__plus_loans_originated_amt,nominal_usd,4964,0,4964,
direct_loans,2010-2011,included_unique_family_record,opeid_master,loan_direct__plus_disbursements,nominal_usd,4964,0,4964,
direct_loans,2010-2011,included_unique_family_record,opeid_master,loan_direct__grad_plus_loans_originated_amt,nominal_usd,4964,4964,0,6219178970.0
direct_loans,2010-2011,included_unique_family_record,opeid_master,loan_direct__grad_plus_disbursements,nominal_usd,4964,4964,0,6165485686.0
direct_loans,2010-2011,included_unique_family_record,opeid_master,loan_direct__parent_plus_loans_originated_amt,nominal_usd,4964,4964,0,9747916041.0
direct_loans,2010-2011,included_unique_family_record,opeid_master,loan_direct__parent_plus_disbursements,nominal_usd,4964,4964,0,9610717634.0
direct_loans,2010-2011,included_unique_family_record,opeid_master,loan_direct__subsidized_undergraduate_loans_originated_amt,nominal_usd,4964,4964,0,25798946672.0
direct_loans,2010-2011,included_unique_family_record,opeid_master,loan_direct__subsidized_undergraduate_disbursements,nominal_usd,4964,4964,0,25184741167.0
direct_loans,2010-2011,included_unique_family_record,opeid_master,loan_direct__subsidized_graduate_loans_originated_amt,nominal_usd,4964,4964,0,10111865931.0
direct_loans,2010-2011,included_unique_family_record,opeid_master,loan_direct__subsidized_graduate_disbursements,nominal_usd,4964,4964,0,10013187308.0
direct_loans,2010-2011,included_unique_family_record,opeid_master,loan_direct__unsubsidized_undergraduate_loans_originated_amt,nominal_usd,4964,4964,0,27044077764.0
direct_loans,2010-2011,included_unique_family_record,opeid_master,loan_direct__unsubsidized_undergraduate_disbursements,nominal_usd,4964,4964,0,26206905248.0
direct_loans,2010-2011,included_unique_family_record,opeid_master,loan_direct__unsubsidized_graduate_loans_originated_amt,nominal_usd,4964,4964,0,14525868824.0
direct_loans,2010-2011,included_unique_family_record,opeid_master,loan_direct__unsubsidized_graduate_disbursements,nominal_usd,4964,4964,0,14333286692.0
direct_loans,2011-2012,excluded_annual_identity_unresolved,opeid_master,loan_direct__subsidized_loans_originated_amt,nominal_usd,535,0,535,
direct_loans,2011-2012,excluded_annual_identity_unresolved,opeid_master,loan_direct__subsidized_disbursements,nominal_usd,535,0,535,
direct_loans,2011-2012,excluded_annual_identity_unresolved,opeid_master,loan_direct__unsubsidized_loans_originated_amt,nominal_usd,535,0,535,
direct_loans,2011-2012,excluded_annual_identity_unresolved,opeid_master,loan_direct__unsubsidized_disbursements,nominal_usd,535,0,535,
direct_loans,2011-2012,excluded_annual_identity_unresolved,opeid_master,loan_direct__plus_loans_originated_amt,nominal_usd,535,0,535,
direct_loans,2011-2012,excluded_annual_identity_unresolved,opeid_master,loan_direct__plus_disbursements,nominal_usd,535,0,535,
direct_loans,2011-2012,excluded_annual_identity_unresolved,opeid_master,loan_direct__grad_plus_loans_originated_amt,nominal_usd,535,535,0,676497762.0
direct_loans,2011-2012,excluded_annual_identity_unresolved,opeid_master,loan_direct__grad_plus_disbursements,nominal_usd,535,535,0,670670760.0
direct_loans,2011-2012,excluded_annual_identity_unresolved,opeid_master,loan_direct__parent_plus_loans_originated_amt,nominal_usd,535,535,0,476960483.0
direct_loans,2011-2012,excluded_annual_identity_unresolved,opeid_master,loan_direct__parent_plus_disbursements,nominal_usd,535,535,0,468921116.0
direct_loans,2011-2012,excluded_annual_identity_unresolved,opeid_master,loan_direct__subsidized_undergraduate_loans_originated_amt,nominal_usd,535,535,0,1172390470.0
direct_loans,2011-2012,excluded_annual_identity_unresolved,opeid_master,loan_direct__subsidized_undergraduate_disbursements,nominal_usd,535,535,0,1155394871.0
direct_loans,2011-2012,excluded_annual_identity_unresolved,opeid_master,loan_direct__subsidized_graduate_loans_originated_amt,nominal_usd,535,535,0,766612912.0
direct_loans,2011-2012,excluded_annual_identity_unresolved,opeid_master,loan_direct__subsidized_graduate_disbursements,nominal_usd,535,535,0,743183193.0
direct_loans,2011-2012,excluded_annual_identity_unresolved,opeid_master,loan_direct__unsubsidized_undergraduate_loans_originated_amt,nominal_usd,535,535,0,1441997373.0
direct_loans,2011-2012,excluded_annual_identity_unresolved,opeid_master,loan_direct__unsubsidized_undergraduate_disbursements,nominal_usd,535,535,0,1414589077.0
direct_loans,2011-2012,excluded_annual_identity_unresolved,opeid_master,loan_direct__unsubsidized_graduate_loans_originated_amt,nominal_usd,535,535,0,1007234773.0
direct_loans,2011-2012,excluded_annual_identity_unresolved,opeid_master,loan_direct__unsubsidized_graduate_disbursements,nominal_usd,535,535,0,975143184.0
direct_loans,2011-2012,included_unique_family_record,opeid_master,loan_direct__subsidized_loans_originated_amt,nominal_usd,5135,0,5135,
direct_loans,2011-2012,included_unique_family_record,opeid_master,loan_direct__subsidized_disbursements,nominal_usd,5135,0,5135,
direct_loans,2011-2012,included_unique_family_record,opeid_master,loan_direct__unsubsidized_loans_originated_amt,nominal_usd,5135,0,5135,
direct_loans,2011-2012,included_unique_family_record,opeid_master,loan_direct__unsubsidized_disbursements,nominal_usd,5135,0,5135,
direct_loans,2011-2012,included_unique_family_record,opeid_master,loan_direct__plus_loans_originated_amt,nominal_usd,5135,0,5135,
direct_loans,2011-2012,included_unique_family_record,opeid_master,loan_direct__plus_disbursements,nominal_usd,5135,0,5135,
direct_loans,2011-2012,included_unique_family_record,opeid_master,loan_direct__grad_plus_loans_originated_amt,nominal_usd,5135,5135,0,6879512141.0
direct_loans,2011-2012,included_unique_family_record,opeid_master,loan_direct__grad_plus_disbursements,nominal_usd,5135,5135,0,6808738078.0
direct_loans,2011-2012,included_unique_family_record,opeid_master,loan_direct__parent_plus_loans_originated_amt,nominal_usd,5135,5135,0,10789054541.0
direct_loans,2011-2012,included_unique_family_record,opeid_master,loan_direct__parent_plus_disbursements,nominal_usd,5135,5135,0,10607551292.0
direct_loans,2011-2012,included_unique_family_record,opeid_master,loan_direct__subsidized_undergraduate_loans_originated_amt,nominal_usd,5135,5135,0,28343841378.0
direct_loans,2011-2012,included_unique_family_record,opeid_master,loan_direct__subsidized_undergraduate_disbursements,nominal_usd,5135,5135,0,27817748595.0
direct_loans,2011-2012,included_unique_family_record,opeid_master,loan_direct__subsidized_graduate_loans_originated_amt,nominal_usd,5135,5135,0,10969094326.0
direct_loans,2011-2012,included_unique_family_record,opeid_master,loan_direct__subsidized_graduate_disbursements,nominal_usd,5135,5135,0,10858192170.0
direct_loans,2011-2012,included_unique_family_record,opeid_master,loan_direct__unsubsidized_undergraduate_loans_originated_amt,nominal_usd,5135,5135,0,29824272921.0
direct_loans,2011-2012,included_unique_family_record,opeid_master,loan_direct__unsubsidized_undergraduate_disbursements,nominal_usd,5135,5135,0,29077992855.0
direct_loans,2011-2012,included_unique_family_record,opeid_master,loan_direct__unsubsidized_graduate_loans_originated_amt,nominal_usd,5135,5135,0,15702140769.0
direct_loans,2011-2012,included_unique_family_record,opeid_master,loan_direct__unsubsidized_graduate_disbursements,nominal_usd,5135,5135,0,15489734247.0
direct_loans,2012-2013,excluded_annual_identity_unresolved,opeid_master,loan_direct__subsidized_loans_originated_amt,nominal_usd,509,509,0,1200731415.0
direct_loans,2012-2013,excluded_annual_identity_unresolved,opeid_master,loan_direct__subsidized_disbursements,nominal_usd,509,509,0,1184763454.0
direct_loans,2012-2013,excluded_annual_identity_unresolved,opeid_master,loan_direct__unsubsidized_loans_originated_amt,nominal_usd,509,0,509,
direct_loans,2012-2013,excluded_annual_identity_unresolved,opeid_master,loan_direct__unsubsidized_disbursements,nominal_usd,509,0,509,
direct_loans,2012-2013,excluded_annual_identity_unresolved,opeid_master,loan_direct__plus_loans_originated_amt,nominal_usd,509,0,509,
direct_loans,2012-2013,excluded_annual_identity_unresolved,opeid_master,loan_direct__plus_disbursements,nominal_usd,509,0,509,
direct_loans,2012-2013,excluded_annual_identity_unresolved,opeid_master,loan_direct__grad_plus_loans_originated_amt,nominal_usd,509,509,0,763253316.0
direct_loans,2012-2013,excluded_annual_identity_unresolved,opeid_master,loan_direct__grad_plus_disbursements,nominal_usd,509,509,0,755057699.0
direct_loans,2012-2013,excluded_annual_identity_unresolved,opeid_master,loan_direct__parent_plus_loans_originated_amt,nominal_usd,509,509,0,593003993.0
direct_loans,2012-2013,excluded_annual_identity_unresolved,opeid_master,loan_direct__parent_plus_disbursements,nominal_usd,509,509,0,582968533.0
direct_loans,2012-2013,excluded_annual_identity_unresolved,opeid_master,loan_direct__subsidized_undergraduate_loans_originated_amt,nominal_usd,509,0,509,
direct_loans,2012-2013,excluded_annual_identity_unresolved,opeid_master,loan_direct__subsidized_undergraduate_disbursements,nominal_usd,509,0,509,
direct_loans,2012-2013,excluded_annual_identity_unresolved,opeid_master,loan_direct__subsidized_graduate_loans_originated_amt,nominal_usd,509,0,509,
direct_loans,2012-2013,excluded_annual_identity_unresolved,opeid_master,loan_direct__subsidized_graduate_disbursements,nominal_usd,509,0,509,
direct_loans,2012-2013,excluded_annual_identity_unresolved,opeid_master,loan_direct__unsubsidized_undergraduate_loans_originated_amt,nominal_usd,509,509,0,1469601806.0
direct_loans,2012-2013,excluded_annual_identity_unresolved,opeid_master,loan_direct__unsubsidized_undergraduate_disbursements,nominal_usd,509,509,0,1439967273.0
direct_loans,2012-2013,excluded_annual_identity_unresolved,opeid_master,loan_direct__unsubsidized_graduate_loans_originated_amt,nominal_usd,509,509,0,1690675964.0
direct_loans,2012-2013,excluded_annual_identity_unresolved,opeid_master,loan_direct__unsubsidized_graduate_disbursements,nominal_usd,509,509,0,1660643899.0
direct_loans,2012-2013,included_unique_family_record,opeid_master,loan_direct__subsidized_loans_originated_amt,nominal_usd,5141,5141,0,27151833380.0
direct_loans,2012-2013,included_unique_family_record,opeid_master,loan_direct__subsidized_disbursements,nominal_usd,5141,5141,0,26615938241.0
direct_loans,2012-2013,included_unique_family_record,opeid_master,loan_direct__unsubsidized_loans_originated_amt,nominal_usd,5141,0,5141,
direct_loans,2012-2013,included_unique_family_record,opeid_master,loan_direct__unsubsidized_disbursements,nominal_usd,5141,0,5141,
direct_loans,2012-2013,included_unique_family_record,opeid_master,loan_direct__plus_loans_originated_amt,nominal_usd,5141,0,5141,
direct_loans,2012-2013,included_unique_family_record,opeid_master,loan_direct__plus_disbursements,nominal_usd,5141,0,5141,
direct_loans,2012-2013,included_unique_family_record,opeid_master,loan_direct__grad_plus_loans_originated_amt,nominal_usd,5141,5141,0,6935384044.0
direct_loans,2012-2013,included_unique_family_record,opeid_master,loan_direct__grad_plus_disbursements,nominal_usd,5141,5141,0,6848737707.0
direct_loans,2012-2013,included_unique_family_record,opeid_master,loan_direct__parent_plus_loans_originated_amt,nominal_usd,5141,5141,0,9428806045.0
direct_loans,2012-2013,included_unique_family_record,opeid_master,loan_direct__parent_plus_disbursements,nominal_usd,5141,5141,0,9238202130.0
direct_loans,2012-2013,included_unique_family_record,opeid_master,loan_direct__subsidized_undergraduate_loans_originated_amt,nominal_usd,5141,0,5141,
direct_loans,2012-2013,included_unique_family_record,opeid_master,loan_direct__subsidized_undergraduate_disbursements,nominal_usd,5141,0,5141,
direct_loans,2012-2013,included_unique_family_record,opeid_master,loan_direct__subsidized_graduate_loans_originated_amt,nominal_usd,5141,0,5141,
direct_loans,2012-2013,included_unique_family_record,opeid_master,loan_direct__subsidized_graduate_disbursements,nominal_usd,5141,0,5141,
direct_loans,2012-2013,included_unique_family_record,opeid_master,loan_direct__unsubsidized_undergraduate_loans_originated_amt,nominal_usd,5141,5141,0,28842839014.0
direct_loans,2012-2013,included_unique_family_record,opeid_master,loan_direct__unsubsidized_undergraduate_disbursements,nominal_usd,5141,5141,0,28079049030.0
direct_loans,2012-2013,included_unique_family_record,opeid_master,loan_direct__unsubsidized_graduate_loans_originated_amt,nominal_usd,5141,5141,0,25717516243.0
direct_loans,2012-2013,included_unique_family_record,opeid_master,loan_direct__unsubsidized_graduate_disbursements,nominal_usd,5141,5141,0,25314525955.0
direct_loans,2013-2014,excluded_annual_identity_unresolved,opeid_master,loan_direct__subsidized_loans_originated_amt,nominal_usd,516,516,0,1504241937.0
direct_loans,2013-2014,excluded_annual_identity_unresolved,opeid_master,loan_direct__subsidized_disbursements,nominal_usd,516,516,0,1493911668.0
direct_loans,2013-2014,excluded_annual_identity_unresolved,opeid_master,loan_direct__unsubsidized_loans_originated_amt,nominal_usd,516,0,516,
direct_loans,2013-2014,excluded_annual_identity_unresolved,opeid_master,loan_direct__unsubsidized_disbursements,nominal_usd,516,0,516,
direct_loans,2013-2014,excluded_annual_identity_unresolved,opeid_master,loan_direct__plus_loans_originated_amt,nominal_usd,516,0,516,
direct_loans,2013-2014,excluded_annual_identity_unresolved,opeid_master,loan_direct__plus_disbursements,nominal_usd,516,0,516,
direct_loans,2013-2014,excluded_annual_identity_unresolved,opeid_master,loan_direct__grad_plus_loans_originated_amt,nominal_usd,516,516,0,843510122.0
direct_loans,2013-2014,excluded_annual_identity_unresolved,opeid_master,loan_direct__grad_plus_disbursements,nominal_usd,516,516,0,841662422.0
direct_loans,2013-2014,excluded_annual_identity_unresolved,opeid_master,loan_direct__parent_plus_loans_originated_amt,nominal_usd,516,516,0,640173128.0
direct_loans,2013-2014,excluded_annual_identity_unresolved,opeid_master,loan_direct__parent_plus_disbursements,nominal_usd,516,516,0,638868973.0
direct_loans,2013-2014,excluded_annual_identity_unresolved,opeid_master,loan_direct__subsidized_undergraduate_loans_originated_amt,nominal_usd,516,0,516,
direct_loans,2013-2014,excluded_annual_identity_unresolved,opeid_master,loan_direct__subsidized_undergraduate_disbursements,nominal_usd,516,0,516,
direct_loans,2013-2014,excluded_annual_identity_unresolved,opeid_master,loan_direct__subsidized_graduate_loans_originated_amt,nominal_usd,516,0,516,
direct_loans,2013-2014,excluded_annual_identity_unresolved,opeid_master,loan_direct__subsidized_graduate_disbursements,nominal_usd,516,0,516,
direct_loans,2013-2014,excluded_annual_identity_unresolved,opeid_master,loan_direct__unsubsidized_undergraduate_loans_originated_amt,nominal_usd,516,516,0,1853578045.0
direct_loans,2013-2014,excluded_annual_identity_unresolved,opeid_master,loan_direct__unsubsidized_undergraduate_disbursements,nominal_usd,516,516,0,1836262554.0
direct_loans,2013-2014,excluded_annual_identity_unresolved,opeid_master,loan_direct__unsubsidized_graduate_loans_originated_amt,nominal_usd,516,516,0,1787995394.0
direct_loans,2013-2014,excluded_annual_identity_unresolved,opeid_master,loan_direct__unsubsidized_graduate_disbursements,nominal_usd,516,516,0,1782514905.0
direct_loans,2013-2014,included_unique_family_record,opeid_master,loan_direct__subsidized_loans_originated_amt,nominal_usd,5000,5000,0,25207538531.0
direct_loans,2013-2014,included_unique_family_record,opeid_master,loan_direct__subsidized_disbursements,nominal_usd,5000,5000,0,24948889781.0
direct_loans,2013-2014,included_unique_family_record,opeid_master,loan_direct__unsubsidized_loans_originated_amt,nominal_usd,5000,0,5000,
direct_loans,2013-2014,included_unique_family_record,opeid_master,loan_direct__unsubsidized_disbursements,nominal_usd,5000,0,5000,
direct_loans,2013-2014,included_unique_family_record,opeid_master,loan_direct__plus_loans_originated_amt,nominal_usd,5000,0,5000,
direct_loans,2013-2014,included_unique_family_record,opeid_master,loan_direct__plus_disbursements,nominal_usd,5000,0,5000,
direct_loans,2013-2014,included_unique_family_record,opeid_master,loan_direct__grad_plus_loans_originated_amt,nominal_usd,5000,5000,0,7292851107.0
direct_loans,2013-2014,included_unique_family_record,opeid_master,loan_direct__grad_plus_disbursements,nominal_usd,5000,5000,0,7266163579.0
direct_loans,2013-2014,included_unique_family_record,opeid_master,loan_direct__parent_plus_loans_originated_amt,nominal_usd,5000,5000,0,9683140457.0
direct_loans,2013-2014,included_unique_family_record,opeid_master,loan_direct__parent_plus_disbursements,nominal_usd,5000,5000,0,9644661892.0
direct_loans,2013-2014,included_unique_family_record,opeid_master,loan_direct__subsidized_undergraduate_loans_originated_amt,nominal_usd,5000,0,5000,
direct_loans,2013-2014,included_unique_family_record,opeid_master,loan_direct__subsidized_undergraduate_disbursements,nominal_usd,5000,0,5000,
direct_loans,2013-2014,included_unique_family_record,opeid_master,loan_direct__subsidized_graduate_loans_originated_amt,nominal_usd,5000,0,5000,
direct_loans,2013-2014,included_unique_family_record,opeid_master,loan_direct__subsidized_graduate_disbursements,nominal_usd,5000,0,5000,
direct_loans,2013-2014,included_unique_family_record,opeid_master,loan_direct__unsubsidized_undergraduate_loans_originated_amt,nominal_usd,5000,5000,0,26534599604.0
direct_loans,2013-2014,included_unique_family_record,opeid_master,loan_direct__unsubsidized_undergraduate_disbursements,nominal_usd,5000,5000,0,26172456975.0
direct_loans,2013-2014,included_unique_family_record,opeid_master,loan_direct__unsubsidized_graduate_loans_originated_amt,nominal_usd,5000,5000,0,25675253931.0
direct_loans,2013-2014,included_unique_family_record,opeid_master,loan_direct__unsubsidized_graduate_disbursements,nominal_usd,5000,5000,0,25533676930.0
direct_loans,2014-2015,excluded_annual_identity_unresolved,opeid_master,loan_direct__subsidized_loans_originated_amt,nominal_usd,487,487,0,1705722384.0
direct_loans,2014-2015,excluded_annual_identity_unresolved,opeid_master,loan_direct__subsidized_disbursements,nominal_usd,487,487,0,1702932799.0
direct_loans,2014-2015,excluded_annual_identity_unresolved,opeid_master,loan_direct__unsubsidized_loans_originated_amt,nominal_usd,487,0,487,
direct_loans,2014-2015,excluded_annual_identity_unresolved,opeid_master,loan_direct__unsubsidized_disbursements,nominal_usd,487,0,487,
direct_loans,2014-2015,excluded_annual_identity_unresolved,opeid_master,loan_direct__plus_loans_originated_amt,nominal_usd,487,0,487,
direct_loans,2014-2015,excluded_annual_identity_unresolved,opeid_master,loan_direct__plus_disbursements,nominal_usd,487,0,487,
direct_loans,2014-2015,excluded_annual_identity_unresolved,opeid_master,loan_direct__grad_plus_loans_originated_amt,nominal_usd,487,487,0,919009871.0
direct_loans,2014-2015,excluded_annual_identity_unresolved,opeid_master,loan_direct__grad_plus_disbursements,nominal_usd,487,487,0,916636309.0
direct_loans,2014-2015,excluded_annual_identity_unresolved,opeid_master,loan_direct__parent_plus_loans_originated_amt,nominal_usd,487,487,0,659227702.0
direct_loans,2014-2015,excluded_annual_identity_unresolved,opeid_master,loan_direct__parent_plus_disbursements,nominal_usd,487,487,0,658289934.0
direct_loans,2014-2015,excluded_annual_identity_unresolved,opeid_master,loan_direct__subsidized_undergraduate_loans_originated_amt,nominal_usd,487,0,487,
direct_loans,2014-2015,excluded_annual_identity_unresolved,opeid_master,loan_direct__subsidized_undergraduate_disbursements,nominal_usd,487,0,487,
direct_loans,2014-2015,excluded_annual_identity_unresolved,opeid_master,loan_direct__subsidized_graduate_loans_originated_amt,nominal_usd,487,0,487,
direct_loans,2014-2015,excluded_annual_identity_unresolved,opeid_master,loan_direct__subsidized_graduate_disbursements,nominal_usd,487,0,487,
direct_loans,2014-2015,excluded_annual_identity_unresolved,opeid_master,loan_direct__unsubsidized_undergraduate_loans_originated_amt,nominal_usd,487,487,0,2075620268.0
direct_loans,2014-2015,excluded_annual_identity_unresolved,opeid_master,loan_direct__unsubsidized_undergraduate_disbursements,nominal_usd,487,487,0,2071486117.0
direct_loans,2014-2015,excluded_annual_identity_unresolved,opeid_master,loan_direct__unsubsidized_graduate_loans_originated_amt,nominal_usd,487,487,0,2039860586.0
direct_loans,2014-2015,excluded_annual_identity_unresolved,opeid_master,loan_direct__unsubsidized_graduate_disbursements,nominal_usd,487,487,0,2037578693.0
direct_loans,2014-2015,included_unique_family_record,opeid_master,loan_direct__subsidized_loans_originated_amt,nominal_usd,4986,4986,0,23125118038.0
direct_loans,2014-2015,included_unique_family_record,opeid_master,loan_direct__subsidized_disbursements,nominal_usd,4986,4986,0,22958791207.0
direct_loans,2014-2015,included_unique_family_record,opeid_master,loan_direct__unsubsidized_loans_originated_amt,nominal_usd,4986,0,4986,
direct_loans,2014-2015,included_unique_family_record,opeid_master,loan_direct__unsubsidized_disbursements,nominal_usd,4986,0,4986,
direct_loans,2014-2015,included_unique_family_record,opeid_master,loan_direct__plus_loans_originated_amt,nominal_usd,4986,0,4986,
direct_loans,2014-2015,included_unique_family_record,opeid_master,loan_direct__plus_disbursements,nominal_usd,4986,0,4986,
direct_loans,2014-2015,included_unique_family_record,opeid_master,loan_direct__grad_plus_loans_originated_amt,nominal_usd,4986,4986,0,7461430053.0
direct_loans,2014-2015,included_unique_family_record,opeid_master,loan_direct__grad_plus_disbursements,nominal_usd,4986,4986,0,7434312981.0
direct_loans,2014-2015,included_unique_family_record,opeid_master,loan_direct__parent_plus_loans_originated_amt,nominal_usd,4986,4986,0,10091542138.0
direct_loans,2014-2015,included_unique_family_record,opeid_master,loan_direct__parent_plus_disbursements,nominal_usd,4986,4986,0,10058107486.0
direct_loans,2014-2015,included_unique_family_record,opeid_master,loan_direct__subsidized_undergraduate_loans_originated_amt,nominal_usd,4986,0,4986,
direct_loans,2014-2015,included_unique_family_record,opeid_master,loan_direct__subsidized_undergraduate_disbursements,nominal_usd,4986,0,4986,
direct_loans,2014-2015,included_unique_family_record,opeid_master,loan_direct__subsidized_graduate_loans_originated_amt,nominal_usd,4986,0,4986,
direct_loans,2014-2015,included_unique_family_record,opeid_master,loan_direct__subsidized_graduate_disbursements,nominal_usd,4986,0,4986,
direct_loans,2014-2015,included_unique_family_record,opeid_master,loan_direct__unsubsidized_undergraduate_loans_originated_amt,nominal_usd,4986,4986,0,24286101385.0
direct_loans,2014-2015,included_unique_family_record,opeid_master,loan_direct__unsubsidized_undergraduate_disbursements,nominal_usd,4986,4986,0,24070912357.0
direct_loans,2014-2015,included_unique_family_record,opeid_master,loan_direct__unsubsidized_graduate_loans_originated_amt,nominal_usd,4986,4986,0,24659539337.0
direct_loans,2014-2015,included_unique_family_record,opeid_master,loan_direct__unsubsidized_graduate_disbursements,nominal_usd,4986,4986,0,24548569353.0
direct_loans,2015-2016,excluded_annual_identity_unresolved,opeid_master,loan_direct__subsidized_loans_originated_amt,nominal_usd,489,489,0,1157039955.0
direct_loans,2015-2016,excluded_annual_identity_unresolved,opeid_master,loan_direct__subsidized_disbursements,nominal_usd,489,489,0,1156465295.0
direct_loans,2015-2016,excluded_annual_identity_unresolved,opeid_master,loan_direct__unsubsidized_loans_originated_amt,nominal_usd,489,0,489,
direct_loans,2015-2016,excluded_annual_identity_unresolved,opeid_master,loan_direct__unsubsidized_disbursements,nominal_usd,489,0,489,
direct_loans,2015-2016,excluded_annual_identity_unresolved,opeid_master,loan_direct__plus_loans_originated_amt,nominal_usd,489,0,489,
direct_loans,2015-2016,excluded_annual_identity_unresolved,opeid_master,loan_direct__plus_disbursements,nominal_usd,489,0,489,
direct_loans,2015-2016,excluded_annual_identity_unresolved,opeid_master,loan_direct__grad_plus_loans_originated_amt,nominal_usd,489,489,0,986468446.0
direct_loans,2015-2016,excluded_annual_identity_unresolved,opeid_master,loan_direct__grad_plus_disbursements,nominal_usd,489,489,0,986396252.0
direct_loans,2015-2016,excluded_annual_identity_unresolved,opeid_master,loan_direct__parent_plus_loans_originated_amt,nominal_usd,489,489,0,715559275.0
direct_loans,2015-2016,excluded_annual_identity_unresolved,opeid_master,loan_direct__parent_plus_disbursements,nominal_usd,489,489,0,715406435.0
direct_loans,2015-2016,excluded_annual_identity_unresolved,opeid_master,loan_direct__subsidized_undergraduate_loans_originated_amt,nominal_usd,489,0,489,
direct_loans,2015-2016,excluded_annual_identity_unresolved,opeid_master,loan_direct__subsidized_undergraduate_disbursements,nominal_usd,489,0,489,
direct_loans,2015-2016,excluded_annual_identity_unresolved,opeid_master,loan_direct__subsidized_graduate_loans_originated_amt,nominal_usd,489,0,489,
direct_loans,2015-2016,excluded_annual_identity_unresolved,opeid_master,loan_direct__subsidized_graduate_disbursements,nominal_usd,489,0,489,
direct_loans,2015-2016,excluded_annual_identity_unresolved,opeid_master,loan_direct__unsubsidized_undergraduate_loans_originated_amt,nominal_usd,489,489,0,1323460864.0
direct_loans,2015-2016,excluded_annual_identity_unresolved,opeid_master,loan_direct__unsubsidized_undergraduate_disbursements,nominal_usd,489,489,0,1322296063.0
direct_loans,2015-2016,excluded_annual_identity_unresolved,opeid_master,loan_direct__unsubsidized_graduate_loans_originated_amt,nominal_usd,489,489,0,1720447174.0
direct_loans,2015-2016,excluded_annual_identity_unresolved,opeid_master,loan_direct__unsubsidized_graduate_disbursements,nominal_usd,489,489,0,1720195760.0
direct_loans,2015-2016,included_unique_family_record,opeid_master,loan_direct__subsidized_loans_originated_amt,nominal_usd,4952,4952,0,21808844823.0
direct_loans,2015-2016,included_unique_family_record,opeid_master,loan_direct__subsidized_disbursements,nominal_usd,4952,4952,0,21798389010.0
direct_loans,2015-2016,included_unique_family_record,opeid_master,loan_direct__unsubsidized_loans_originated_amt,nominal_usd,4952,0,4952,
direct_loans,2015-2016,included_unique_family_record,opeid_master,loan_direct__unsubsidized_disbursements,nominal_usd,4952,0,4952,
direct_loans,2015-2016,included_unique_family_record,opeid_master,loan_direct__plus_loans_originated_amt,nominal_usd,4952,0,4952,
direct_loans,2015-2016,included_unique_family_record,opeid_master,loan_direct__plus_disbursements,nominal_usd,4952,0,4952,
direct_loans,2015-2016,included_unique_family_record,opeid_master,loan_direct__grad_plus_loans_originated_amt,nominal_usd,4952,4952,0,7857210678.0
direct_loans,2015-2016,included_unique_family_record,opeid_master,loan_direct__grad_plus_disbursements,nominal_usd,4952,4952,0,7856566796.0
direct_loans,2015-2016,included_unique_family_record,opeid_master,loan_direct__parent_plus_loans_originated_amt,nominal_usd,4952,4952,0,11247652629.0
direct_loans,2015-2016,included_unique_family_record,opeid_master,loan_direct__parent_plus_disbursements,nominal_usd,4952,4952,0,11246352934.0
direct_loans,2015-2016,included_unique_family_record,opeid_master,loan_direct__subsidized_undergraduate_loans_originated_amt,nominal_usd,4952,0,4952,
direct_loans,2015-2016,included_unique_family_record,opeid_master,loan_direct__subsidized_undergraduate_disbursements,nominal_usd,4952,0,4952,
direct_loans,2015-2016,included_unique_family_record,opeid_master,loan_direct__subsidized_graduate_loans_originated_amt,nominal_usd,4952,0,4952,
direct_loans,2015-2016,included_unique_family_record,opeid_master,loan_direct__subsidized_graduate_disbursements,nominal_usd,4952,0,4952,
direct_loans,2015-2016,included_unique_family_record,opeid_master,loan_direct__unsubsidized_undergraduate_loans_originated_amt,nominal_usd,4952,4952,0,22784469209.0
direct_loans,2015-2016,included_unique_family_record,opeid_master,loan_direct__unsubsidized_undergraduate_disbursements,nominal_usd,4952,4952,0,22768371896.0
direct_loans,2015-2016,included_unique_family_record,opeid_master,loan_direct__unsubsidized_graduate_loans_originated_amt,nominal_usd,4952,4952,0,24918165093.0
direct_loans,2015-2016,included_unique_family_record,opeid_master,loan_direct__unsubsidized_graduate_disbursements,nominal_usd,4952,4952,0,24912462993.0
direct_loans,2016-2017,excluded_annual_identity_unresolved,opeid_master,loan_direct__subsidized_loans_originated_amt,nominal_usd,469,469,0,895541829.0
direct_loans,2016-2017,excluded_annual_identity_unresolved,opeid_master,loan_direct__subsidized_disbursements,nominal_usd,469,469,0,894426104.0
direct_loans,2016-2017,excluded_annual_identity_unresolved,opeid_master,loan_direct__unsubsidized_loans_originated_amt,nominal_usd,469,0,469,
direct_loans,2016-2017,excluded_annual_identity_unresolved,opeid_master,loan_direct__unsubsidized_disbursements,nominal_usd,469,0,469,
direct_loans,2016-2017,excluded_annual_identity_unresolved,opeid_master,loan_direct__plus_loans_originated_amt,nominal_usd,469,0,469,
direct_loans,2016-2017,excluded_annual_identity_unresolved,opeid_master,loan_direct__plus_disbursements,nominal_usd,469,0,469,
direct_loans,2016-2017,excluded_annual_identity_unresolved,opeid_master,loan_direct__grad_plus_loans_originated_amt,nominal_usd,469,469,0,980066692.0
direct_loans,2016-2017,excluded_annual_identity_unresolved,opeid_master,loan_direct__grad_plus_disbursements,nominal_usd,469,469,0,980018362.0
direct_loans,2016-2017,excluded_annual_identity_unresolved,opeid_master,loan_direct__parent_plus_loans_originated_amt,nominal_usd,469,469,0,694450414.0
direct_loans,2016-2017,excluded_annual_identity_unresolved,opeid_master,loan_direct__parent_plus_disbursements,nominal_usd,469,469,0,694383533.0
direct_loans,2016-2017,excluded_annual_identity_unresolved,opeid_master,loan_direct__subsidized_undergraduate_loans_originated_amt,nominal_usd,469,0,469,
direct_loans,2016-2017,excluded_annual_identity_unresolved,opeid_master,loan_direct__subsidized_undergraduate_disbursements,nominal_usd,469,0,469,
direct_loans,2016-2017,excluded_annual_identity_unresolved,opeid_master,loan_direct__subsidized_graduate_loans_originated_amt,nominal_usd,469,0,469,
direct_loans,2016-2017,excluded_annual_identity_unresolved,opeid_master,loan_direct__subsidized_graduate_disbursements,nominal_usd,469,0,469,
direct_loans,2016-2017,excluded_annual_identity_unresolved,opeid_master,loan_direct__unsubsidized_undergraduate_loans_originated_amt,nominal_usd,469,469,0,993558679.0
direct_loans,2016-2017,excluded_annual_identity_unresolved,opeid_master,loan_direct__unsubsidized_undergraduate_disbursements,nominal_usd,469,469,0,992101846.0
direct_loans,2016-2017,excluded_annual_identity_unresolved,opeid_master,loan_direct__unsubsidized_graduate_loans_originated_amt,nominal_usd,469,469,0,1636266102.0
direct_loans,2016-2017,excluded_annual_identity_unresolved,opeid_master,loan_direct__unsubsidized_graduate_disbursements,nominal_usd,469,469,0,1634997519.0
direct_loans,2016-2017,included_unique_family_record,opeid_master,loan_direct__subsidized_loans_originated_amt,nominal_usd,4870,4870,0,20773408180.0
direct_loans,2016-2017,included_unique_family_record,opeid_master,loan_direct__subsidized_disbursements,nominal_usd,4870,4870,0,20758948422.0
direct_loans,2016-2017,included_unique_family_record,opeid_master,loan_direct__unsubsidized_loans_originated_amt,nominal_usd,4870,0,4870,
direct_loans,2016-2017,included_unique_family_record,opeid_master,loan_direct__unsubsidized_disbursements,nominal_usd,4870,0,4870,
direct_loans,2016-2017,included_unique_family_record,opeid_master,loan_direct__plus_loans_originated_amt,nominal_usd,4870,0,4870,
direct_loans,2016-2017,included_unique_family_record,opeid_master,loan_direct__plus_disbursements,nominal_usd,4870,0,4870,
direct_loans,2016-2017,included_unique_family_record,opeid_master,loan_direct__grad_plus_loans_originated_amt,nominal_usd,4870,4870,0,8667573171.0
direct_loans,2016-2017,included_unique_family_record,opeid_master,loan_direct__grad_plus_disbursements,nominal_usd,4870,4870,0,8665317046.0
direct_loans,2016-2017,included_unique_family_record,opeid_master,loan_direct__parent_plus_loans_originated_amt,nominal_usd,4870,4870,0,11875337815.0
direct_loans,2016-2017,included_unique_family_record,opeid_master,loan_direct__parent_plus_disbursements,nominal_usd,4870,4870,0,11872865854.0
direct_loans,2016-2017,included_unique_family_record,opeid_master,loan_direct__subsidized_undergraduate_loans_originated_amt,nominal_usd,4870,0,4870,
direct_loans,2016-2017,included_unique_family_record,opeid_master,loan_direct__subsidized_undergraduate_disbursements,nominal_usd,4870,0,4870,
direct_loans,2016-2017,included_unique_family_record,opeid_master,loan_direct__subsidized_graduate_loans_originated_amt,nominal_usd,4870,0,4870,
direct_loans,2016-2017,included_unique_family_record,opeid_master,loan_direct__subsidized_graduate_disbursements,nominal_usd,4870,0,4870,
direct_loans,2016-2017,included_unique_family_record,opeid_master,loan_direct__unsubsidized_undergraduate_loans_originated_amt,nominal_usd,4870,4870,0,21918343073.0
direct_loans,2016-2017,included_unique_family_record,opeid_master,loan_direct__unsubsidized_undergraduate_disbursements,nominal_usd,4870,4870,0,21900121360.0
direct_loans,2016-2017,included_unique_family_record,opeid_master,loan_direct__unsubsidized_graduate_loans_originated_amt,nominal_usd,4870,4870,0,25404810174.0
direct_loans,2016-2017,included_unique_family_record,opeid_master,loan_direct__unsubsidized_graduate_disbursements,nominal_usd,4870,4870,0,25390286556.0
direct_loans,2017-2018,excluded_annual_identity_unresolved,opeid_master,loan_direct__subsidized_loans_originated_amt,nominal_usd,469,352,117,944270812.0
direct_loans,2017-2018,excluded_annual_identity_unresolved,opeid_master,loan_direct__subsidized_disbursements,nominal_usd,469,352,117,943109271.0
direct_loans,2017-2018,excluded_annual_identity_unresolved,opeid_master,loan_direct__unsubsidized_loans_originated_amt,nominal_usd,469,0,469,
direct_loans,2017-2018,excluded_annual_identity_unresolved,opeid_master,loan_direct__unsubsidized_disbursements,nominal_usd,469,0,469,
direct_loans,2017-2018,excluded_annual_identity_unresolved,opeid_master,loan_direct__plus_loans_originated_amt,nominal_usd,469,0,469,
direct_loans,2017-2018,excluded_annual_identity_unresolved,opeid_master,loan_direct__plus_disbursements,nominal_usd,469,0,469,
direct_loans,2017-2018,excluded_annual_identity_unresolved,opeid_master,loan_direct__grad_plus_loans_originated_amt,nominal_usd,469,337,132,1033197534.0
direct_loans,2017-2018,excluded_annual_identity_unresolved,opeid_master,loan_direct__grad_plus_disbursements,nominal_usd,469,337,132,1033197534.0
direct_loans,2017-2018,excluded_annual_identity_unresolved,opeid_master,loan_direct__parent_plus_loans_originated_amt,nominal_usd,469,264,205,731266734.0
direct_loans,2017-2018,excluded_annual_identity_unresolved,opeid_master,loan_direct__parent_plus_disbursements,nominal_usd,469,264,205,731211015.0
direct_loans,2017-2018,excluded_annual_identity_unresolved,opeid_master,loan_direct__subsidized_undergraduate_loans_originated_amt,nominal_usd,469,0,469,
direct_loans,2017-2018,excluded_annual_identity_unresolved,opeid_master,loan_direct__subsidized_undergraduate_disbursements,nominal_usd,469,0,469,
direct_loans,2017-2018,excluded_annual_identity_unresolved,opeid_master,loan_direct__subsidized_graduate_loans_originated_amt,nominal_usd,469,0,469,
direct_loans,2017-2018,excluded_annual_identity_unresolved,opeid_master,loan_direct__subsidized_graduate_disbursements,nominal_usd,469,0,469,
direct_loans,2017-2018,excluded_annual_identity_unresolved,opeid_master,loan_direct__unsubsidized_undergraduate_loans_originated_amt,nominal_usd,469,359,110,1033649771.0
direct_loans,2017-2018,excluded_annual_identity_unresolved,opeid_master,loan_direct__unsubsidized_undergraduate_disbursements,nominal_usd,469,359,110,1032250958.0
direct_loans,2017-2018,excluded_annual_identity_unresolved,opeid_master,loan_direct__unsubsidized_graduate_loans_originated_amt,nominal_usd,469,372,97,1661477087.0
direct_loans,2017-2018,excluded_annual_identity_unresolved,opeid_master,loan_direct__unsubsidized_graduate_disbursements,nominal_usd,469,372,97,1660003989.0
direct_loans,2017-2018,included_unique_family_record,opeid_master,loan_direct__subsidized_loans_originated_amt,nominal_usd,4780,4528,252,19966040882.0
direct_loans,2017-2018,included_unique_family_record,opeid_master,loan_direct__subsidized_disbursements,nominal_usd,4780,4528,252,19964091344.0
direct_loans,2017-2018,included_unique_family_record,opeid_master,loan_direct__unsubsidized_loans_originated_amt,nominal_usd,4780,0,4780,
direct_loans,2017-2018,included_unique_family_record,opeid_master,loan_direct__unsubsidized_disbursements,nominal_usd,4780,0,4780,
direct_loans,2017-2018,included_unique_family_record,opeid_master,loan_direct__plus_loans_originated_amt,nominal_usd,4780,0,4780,
direct_loans,2017-2018,included_unique_family_record,opeid_master,loan_direct__plus_disbursements,nominal_usd,4780,0,4780,
direct_loans,2017-2018,included_unique_family_record,opeid_master,loan_direct__grad_plus_loans_originated_amt,nominal_usd,4780,1379,3401,9261768231.0
direct_loans,2017-2018,included_unique_family_record,opeid_master,loan_direct__grad_plus_disbursements,nominal_usd,4780,1379,3401,9261346505.0
direct_loans,2017-2018,included_unique_family_record,opeid_master,loan_direct__parent_plus_loans_originated_amt,nominal_usd,4780,3804,976,12016297560.0
direct_loans,2017-2018,included_unique_family_record,opeid_master,loan_direct__parent_plus_disbursements,nominal_usd,4780,3804,976,12016040213.0
direct_loans,2017-2018,included_unique_family_record,opeid_master,loan_direct__subsidized_undergraduate_loans_originated_amt,nominal_usd,4780,0,4780,
direct_loans,2017-2018,included_unique_family_record,opeid_master,loan_direct__subsidized_undergraduate_disbursements,nominal_usd,4780,0,4780,
direct_loans,2017-2018,included_unique_family_record,opeid_master,loan_direct__subsidized_graduate_loans_originated_amt,nominal_usd,4780,0,4780,
direct_loans,2017-2018,included_unique_family_record,opeid_master,loan_direct__subsidized_graduate_disbursements,nominal_usd,4780,0,4780,
direct_loans,2017-2018,included_unique_family_record,opeid_master,loan_direct__unsubsidized_undergraduate_loans_originated_amt,nominal_usd,4780,4548,232,20621459571.0
direct_loans,2017-2018,included_unique_family_record,opeid_master,loan_direct__unsubsidized_undergraduate_disbursements,nominal_usd,4780,4548,232,20618517156.0
direct_loans,2017-2018,included_unique_family_record,opeid_master,loan_direct__unsubsidized_graduate_loans_originated_amt,nominal_usd,4780,1756,3024,25462155501.0
direct_loans,2017-2018,included_unique_family_record,opeid_master,loan_direct__unsubsidized_graduate_disbursements,nominal_usd,4780,1756,3024,25459730198.0
direct_loans,2018-2019,excluded_annual_identity_unresolved,opeid_master,loan_direct__subsidized_loans_originated_amt,nominal_usd,461,342,119,941627731.0
direct_loans,2018-2019,excluded_annual_identity_unresolved,opeid_master,loan_direct__subsidized_disbursements,nominal_usd,461,342,119,940493507.0
direct_loans,2018-2019,excluded_annual_identity_unresolved,opeid_master,loan_direct__unsubsidized_loans_originated_amt,nominal_usd,461,0,461,
direct_loans,2018-2019,excluded_annual_identity_unresolved,opeid_master,loan_direct__unsubsidized_disbursements,nominal_usd,461,0,461,
direct_loans,2018-2019,excluded_annual_identity_unresolved,opeid_master,loan_direct__plus_loans_originated_amt,nominal_usd,461,0,461,
direct_loans,2018-2019,excluded_annual_identity_unresolved,opeid_master,loan_direct__plus_disbursements,nominal_usd,461,0,461,
direct_loans,2018-2019,excluded_annual_identity_unresolved,opeid_master,loan_direct__grad_plus_loans_originated_amt,nominal_usd,461,340,121,1048002619.0
direct_loans,2018-2019,excluded_annual_identity_unresolved,opeid_master,loan_direct__grad_plus_disbursements,nominal_usd,461,340,121,1047926627.0
direct_loans,2018-2019,excluded_annual_identity_unresolved,opeid_master,loan_direct__parent_plus_loans_originated_amt,nominal_usd,461,267,194,711980596.0
direct_loans,2018-2019,excluded_annual_identity_unresolved,opeid_master,loan_direct__parent_plus_disbursements,nominal_usd,461,267,194,711881189.0
direct_loans,2018-2019,excluded_annual_identity_unresolved,opeid_master,loan_direct__subsidized_undergraduate_loans_originated_amt,nominal_usd,461,0,461,
direct_loans,2018-2019,excluded_annual_identity_unresolved,opeid_master,loan_direct__subsidized_undergraduate_disbursements,nominal_usd,461,0,461,
direct_loans,2018-2019,excluded_annual_identity_unresolved,opeid_master,loan_direct__subsidized_graduate_loans_originated_amt,nominal_usd,461,0,461,
direct_loans,2018-2019,excluded_annual_identity_unresolved,opeid_master,loan_direct__subsidized_graduate_disbursements,nominal_usd,461,0,461,
direct_loans,2018-2019,excluded_annual_identity_unresolved,opeid_master,loan_direct__unsubsidized_undergraduate_loans_originated_amt,nominal_usd,461,348,113,1057213822.0
direct_loans,2018-2019,excluded_annual_identity_unresolved,opeid_master,loan_direct__unsubsidized_undergraduate_disbursements,nominal_usd,461,348,113,1055711214.0
direct_loans,2018-2019,excluded_annual_identity_unresolved,opeid_master,loan_direct__unsubsidized_graduate_loans_originated_amt,nominal_usd,461,377,84,1607603821.0
direct_loans,2018-2019,excluded_annual_identity_unresolved,opeid_master,loan_direct__unsubsidized_graduate_disbursements,nominal_usd,461,377,84,1606031984.0
direct_loans,2018-2019,included_unique_family_record,opeid_master,loan_direct__subsidized_loans_originated_amt,nominal_usd,4689,4443,246,18879504173.0
direct_loans,2018-2019,included_unique_family_record,opeid_master,loan_direct__subsidized_disbursements,nominal_usd,4689,4443,246,18875404923.0
direct_loans,2018-2019,included_unique_family_record,opeid_master,loan_direct__unsubsidized_loans_originated_amt,nominal_usd,4689,0,4689,
direct_loans,2018-2019,included_unique_family_record,opeid_master,loan_direct__unsubsidized_disbursements,nominal_usd,4689,0,4689,
direct_loans,2018-2019,included_unique_family_record,opeid_master,loan_direct__plus_loans_originated_amt,nominal_usd,4689,0,4689,
direct_loans,2018-2019,included_unique_family_record,opeid_master,loan_direct__plus_disbursements,nominal_usd,4689,0,4689,
direct_loans,2018-2019,included_unique_family_record,opeid_master,loan_direct__grad_plus_loans_originated_amt,nominal_usd,4689,1405,3284,9693170261.0
direct_loans,2018-2019,included_unique_family_record,opeid_master,loan_direct__grad_plus_disbursements,nominal_usd,4689,1405,3284,9691104389.0
direct_loans,2018-2019,included_unique_family_record,opeid_master,loan_direct__parent_plus_loans_originated_amt,nominal_usd,4689,3704,985,12077058938.0
direct_loans,2018-2019,included_unique_family_record,opeid_master,loan_direct__parent_plus_disbursements,nominal_usd,4689,3704,985,12076764506.0
direct_loans,2018-2019,included_unique_family_record,opeid_master,loan_direct__subsidized_undergraduate_loans_originated_amt,nominal_usd,4689,0,4689,
direct_loans,2018-2019,included_unique_family_record,opeid_master,loan_direct__subsidized_undergraduate_disbursements,nominal_usd,4689,0,4689,
direct_loans,2018-2019,included_unique_family_record,opeid_master,loan_direct__subsidized_graduate_loans_originated_amt,nominal_usd,4689,0,4689,
direct_loans,2018-2019,included_unique_family_record,opeid_master,loan_direct__subsidized_graduate_disbursements,nominal_usd,4689,0,4689,
direct_loans,2018-2019,included_unique_family_record,opeid_master,loan_direct__unsubsidized_undergraduate_loans_originated_amt,nominal_usd,4689,4464,225,19638369399.0
direct_loans,2018-2019,included_unique_family_record,opeid_master,loan_direct__unsubsidized_undergraduate_disbursements,nominal_usd,4689,4464,225,19632279962.0
direct_loans,2018-2019,included_unique_family_record,opeid_master,loan_direct__unsubsidized_graduate_loans_originated_amt,nominal_usd,4689,1746,2943,25636093953.0
direct_loans,2018-2019,included_unique_family_record,opeid_master,loan_direct__unsubsidized_graduate_disbursements,nominal_usd,4689,1746,2943,25624725520.0
direct_loans,2019-2020,excluded_annual_identity_unresolved,opeid_master,loan_direct__subsidized_loans_originated_amt,nominal_usd,451,332,119,903781711.0
direct_loans,2019-2020,excluded_annual_identity_unresolved,opeid_master,loan_direct__subsidized_disbursements,nominal_usd,451,332,119,903004642.0
direct_loans,2019-2020,excluded_annual_identity_unresolved,opeid_master,loan_direct__unsubsidized_loans_originated_amt,nominal_usd,451,0,451,
direct_loans,2019-2020,excluded_annual_identity_unresolved,opeid_master,loan_direct__unsubsidized_disbursements,nominal_usd,451,0,451,
direct_loans,2019-2020,excluded_annual_identity_unresolved,opeid_master,loan_direct__plus_loans_originated_amt,nominal_usd,451,0,451,
direct_loans,2019-2020,excluded_annual_identity_unresolved,opeid_master,loan_direct__plus_disbursements,nominal_usd,451,0,451,
direct_loans,2019-2020,excluded_annual_identity_unresolved,opeid_master,loan_direct__grad_plus_loans_originated_amt,nominal_usd,451,334,117,1166753935.0
direct_loans,2019-2020,excluded_annual_identity_unresolved,opeid_master,loan_direct__grad_plus_disbursements,nominal_usd,451,334,117,1166743558.0
direct_loans,2019-2020,excluded_annual_identity_unresolved,opeid_master,loan_direct__parent_plus_loans_originated_amt,nominal_usd,451,255,196,676110013.0
direct_loans,2019-2020,excluded_annual_identity_unresolved,opeid_master,loan_direct__parent_plus_disbursements,nominal_usd,451,255,196,676078208.0
direct_loans,2019-2020,excluded_annual_identity_unresolved,opeid_master,loan_direct__subsidized_undergraduate_loans_originated_amt,nominal_usd,451,0,451,
direct_loans,2019-2020,excluded_annual_identity_unresolved,opeid_master,loan_direct__subsidized_undergraduate_disbursements,nominal_usd,451,0,451,
direct_loans,2019-2020,excluded_annual_identity_unresolved,opeid_master,loan_direct__subsidized_graduate_loans_originated_amt,nominal_usd,451,0,451,
direct_loans,2019-2020,excluded_annual_identity_unresolved,opeid_master,loan_direct__subsidized_graduate_disbursements,nominal_usd,451,0,451,
direct_loans,2019-2020,excluded_annual_identity_unresolved,opeid_master,loan_direct__unsubsidized_undergraduate_loans_originated_amt,nominal_usd,451,337,114,1041801828.0
direct_loans,2019-2020,excluded_annual_identity_unresolved,opeid_master,loan_direct__unsubsidized_undergraduate_disbursements,nominal_usd,451,337,114,1040580879.0
direct_loans,2019-2020,excluded_annual_identity_unresolved,opeid_master,loan_direct__unsubsidized_graduate_loans_originated_amt,nominal_usd,451,371,80,1576930777.0
direct_loans,2019-2020,excluded_annual_identity_unresolved,opeid_master,loan_direct__unsubsidized_graduate_disbursements,nominal_usd,451,371,80,1575214768.0
direct_loans,2019-2020,included_unique_family_record,opeid_master,loan_direct__subsidized_loans_originated_amt,nominal_usd,4605,4360,245,17940894285.0
direct_loans,2019-2020,included_unique_family_record,opeid_master,loan_direct__subsidized_disbursements,nominal_usd,4605,4360,245,17938803818.0
direct_loans,2019-2020,included_unique_family_record,opeid_master,loan_direct__unsubsidized_loans_originated_amt,nominal_usd,4605,0,4605,
direct_loans,2019-2020,included_unique_family_record,opeid_master,loan_direct__unsubsidized_disbursements,nominal_usd,4605,0,4605,
direct_loans,2019-2020,included_unique_family_record,opeid_master,loan_direct__plus_loans_originated_amt,nominal_usd,4605,0,4605,
direct_loans,2019-2020,included_unique_family_record,opeid_master,loan_direct__plus_disbursements,nominal_usd,4605,0,4605,
direct_loans,2019-2020,included_unique_family_record,opeid_master,loan_direct__grad_plus_loans_originated_amt,nominal_usd,4605,1410,3195,10050781309.0
direct_loans,2019-2020,included_unique_family_record,opeid_master,loan_direct__grad_plus_disbursements,nominal_usd,4605,1410,3195,10049674694.0
direct_loans,2019-2020,included_unique_family_record,opeid_master,loan_direct__parent_plus_loans_originated_amt,nominal_usd,4605,3595,1010,11676977991.0
direct_loans,2019-2020,included_unique_family_record,opeid_master,loan_direct__parent_plus_disbursements,nominal_usd,4605,3595,1010,11676735531.0
direct_loans,2019-2020,included_unique_family_record,opeid_master,loan_direct__subsidized_undergraduate_loans_originated_amt,nominal_usd,4605,0,4605,
direct_loans,2019-2020,included_unique_family_record,opeid_master,loan_direct__subsidized_undergraduate_disbursements,nominal_usd,4605,0,4605,
direct_loans,2019-2020,included_unique_family_record,opeid_master,loan_direct__subsidized_graduate_loans_originated_amt,nominal_usd,4605,0,4605,
direct_loans,2019-2020,included_unique_family_record,opeid_master,loan_direct__subsidized_graduate_disbursements,nominal_usd,4605,0,4605,
direct_loans,2019-2020,included_unique_family_record,opeid_master,loan_direct__unsubsidized_undergraduate_loans_originated_amt,nominal_usd,4605,4397,208,19281558393.0
direct_loans,2019-2020,included_unique_family_record,opeid_master,loan_direct__unsubsidized_undergraduate_disbursements,nominal_usd,4605,4397,208,19278190417.0
direct_loans,2019-2020,included_unique_family_record,opeid_master,loan_direct__unsubsidized_graduate_loans_originated_amt,nominal_usd,4605,1753,2852,25727306869.0
direct_loans,2019-2020,included_unique_family_record,opeid_master,loan_direct__unsubsidized_graduate_disbursements,nominal_usd,4605,1753,2852,25724365991.0
direct_loans,2020-2021,excluded_annual_identity_unresolved,opeid_master,loan_direct__subsidized_loans_originated_amt,nominal_usd,442,323,119,868404111.0
direct_loans,2020-2021,excluded_annual_identity_unresolved,opeid_master,loan_direct__subsidized_disbursements,nominal_usd,442,323,119,866960150.0
direct_loans,2020-2021,excluded_annual_identity_unresolved,opeid_master,loan_direct__unsubsidized_loans_originated_amt,nominal_usd,442,0,442,
direct_loans,2020-2021,excluded_annual_identity_unresolved,opeid_master,loan_direct__unsubsidized_disbursements,nominal_usd,442,0,442,
direct_loans,2020-2021,excluded_annual_identity_unresolved,opeid_master,loan_direct__plus_loans_originated_amt,nominal_usd,442,0,442,
direct_loans,2020-2021,excluded_annual_identity_unresolved,opeid_master,loan_direct__plus_disbursements,nominal_usd,442,0,442,
direct_loans,2020-2021,excluded_annual_identity_unresolved,opeid_master,loan_direct__grad_plus_loans_originated_amt,nominal_usd,442,331,111,1220658341.0
direct_loans,2020-2021,excluded_annual_identity_unresolved,opeid_master,loan_direct__grad_plus_disbursements,nominal_usd,442,331,111,1220623467.0
direct_loans,2020-2021,excluded_annual_identity_unresolved,opeid_master,loan_direct__parent_plus_loans_originated_amt,nominal_usd,442,254,188,633750416.0
direct_loans,2020-2021,excluded_annual_identity_unresolved,opeid_master,loan_direct__parent_plus_disbursements,nominal_usd,442,254,188,633731446.0
direct_loans,2020-2021,excluded_annual_identity_unresolved,opeid_master,loan_direct__subsidized_undergraduate_loans_originated_amt,nominal_usd,442,0,442,
direct_loans,2020-2021,excluded_annual_identity_unresolved,opeid_master,loan_direct__subsidized_undergraduate_disbursements,nominal_usd,442,0,442,
direct_loans,2020-2021,excluded_annual_identity_unresolved,opeid_master,loan_direct__subsidized_graduate_loans_originated_amt,nominal_usd,442,0,442,
direct_loans,2020-2021,excluded_annual_identity_unresolved,opeid_master,loan_direct__subsidized_graduate_disbursements,nominal_usd,442,0,442,
direct_loans,2020-2021,excluded_annual_identity_unresolved,opeid_master,loan_direct__unsubsidized_undergraduate_loans_originated_amt,nominal_usd,442,336,106,1021347758.0
direct_loans,2020-2021,excluded_annual_identity_unresolved,opeid_master,loan_direct__unsubsidized_undergraduate_disbursements,nominal_usd,442,336,106,1019285931.0
direct_loans,2020-2021,excluded_annual_identity_unresolved,opeid_master,loan_direct__unsubsidized_graduate_loans_originated_amt,nominal_usd,442,373,69,1559547023.0
direct_loans,2020-2021,excluded_annual_identity_unresolved,opeid_master,loan_direct__unsubsidized_graduate_disbursements,nominal_usd,442,373,69,1557650641.0
direct_loans,2020-2021,included_unique_family_record,opeid_master,loan_direct__subsidized_loans_originated_amt,nominal_usd,4564,4316,248,15698722561.0
direct_loans,2020-2021,included_unique_family_record,opeid_master,loan_direct__subsidized_disbursements,nominal_usd,4564,4316,248,15690397260.0
direct_loans,2020-2021,included_unique_family_record,opeid_master,loan_direct__unsubsidized_loans_originated_amt,nominal_usd,4564,0,4564,
direct_loans,2020-2021,included_unique_family_record,opeid_master,loan_direct__unsubsidized_disbursements,nominal_usd,4564,0,4564,
direct_loans,2020-2021,included_unique_family_record,opeid_master,loan_direct__plus_loans_originated_amt,nominal_usd,4564,0,4564,
direct_loans,2020-2021,included_unique_family_record,opeid_master,loan_direct__plus_disbursements,nominal_usd,4564,0,4564,
direct_loans,2020-2021,included_unique_family_record,opeid_master,loan_direct__grad_plus_loans_originated_amt,nominal_usd,4564,1420,3144,10533426880.0
direct_loans,2020-2021,included_unique_family_record,opeid_master,loan_direct__grad_plus_disbursements,nominal_usd,4564,1420,3144,10532498411.0
direct_loans,2020-2021,included_unique_family_record,opeid_master,loan_direct__parent_plus_loans_originated_amt,nominal_usd,4564,3495,1069,9409188003.0
direct_loans,2020-2021,included_unique_family_record,opeid_master,loan_direct__parent_plus_disbursements,nominal_usd,4564,3495,1069,9408883531.0
direct_loans,2020-2021,included_unique_family_record,opeid_master,loan_direct__subsidized_undergraduate_loans_originated_amt,nominal_usd,4564,0,4564,
direct_loans,2020-2021,included_unique_family_record,opeid_master,loan_direct__subsidized_undergraduate_disbursements,nominal_usd,4564,0,4564,
direct_loans,2020-2021,included_unique_family_record,opeid_master,loan_direct__subsidized_graduate_loans_originated_amt,nominal_usd,4564,0,4564,
direct_loans,2020-2021,included_unique_family_record,opeid_master,loan_direct__subsidized_graduate_disbursements,nominal_usd,4564,0,4564,
direct_loans,2020-2021,included_unique_family_record,opeid_master,loan_direct__unsubsidized_undergraduate_loans_originated_amt,nominal_usd,4564,4336,228,17732408090.0
direct_loans,2020-2021,included_unique_family_record,opeid_master,loan_direct__unsubsidized_undergraduate_disbursements,nominal_usd,4564,4336,228,17722913269.0
direct_loans,2020-2021,included_unique_family_record,opeid_master,loan_direct__unsubsidized_graduate_loans_originated_amt,nominal_usd,4564,1762,2802,26026686939.0
direct_loans,2020-2021,included_unique_family_record,opeid_master,loan_direct__unsubsidized_graduate_disbursements,nominal_usd,4564,1762,2802,26021616478.0
direct_loans,2021-2022,excluded_annual_identity_unresolved,opeid_master,loan_direct__subsidized_loans_originated_amt,nominal_usd,448,335,113,681912184.0
direct_loans,2021-2022,excluded_annual_identity_unresolved,opeid_master,loan_direct__subsidized_disbursements,nominal_usd,448,335,113,680952957.0
direct_loans,2021-2022,excluded_annual_identity_unresolved,opeid_master,loan_direct__unsubsidized_loans_originated_amt,nominal_usd,448,0,448,
direct_loans,2021-2022,excluded_annual_identity_unresolved,opeid_master,loan_direct__unsubsidized_disbursements,nominal_usd,448,0,448,
direct_loans,2021-2022,excluded_annual_identity_unresolved,opeid_master,loan_direct__plus_loans_originated_amt,nominal_usd,448,0,448,
direct_loans,2021-2022,excluded_annual_identity_unresolved,opeid_master,loan_direct__plus_disbursements,nominal_usd,448,0,448,
direct_loans,2021-2022,excluded_annual_identity_unresolved,opeid_master,loan_direct__grad_plus_loans_originated_amt,nominal_usd,448,342,106,1272765920.0
direct_loans,2021-2022,excluded_annual_identity_unresolved,opeid_master,loan_direct__grad_plus_disbursements,nominal_usd,448,342,106,1272670887.0
direct_loans,2021-2022,excluded_annual_identity_unresolved,opeid_master,loan_direct__parent_plus_loans_originated_amt,nominal_usd,448,254,194,503839360.0
direct_loans,2021-2022,excluded_annual_identity_unresolved,opeid_master,loan_direct__parent_plus_disbursements,nominal_usd,448,254,194,503803947.0
direct_loans,2021-2022,excluded_annual_identity_unresolved,opeid_master,loan_direct__subsidized_undergraduate_loans_originated_amt,nominal_usd,448,0,448,
direct_loans,2021-2022,excluded_annual_identity_unresolved,opeid_master,loan_direct__subsidized_undergraduate_disbursements,nominal_usd,448,0,448,
direct_loans,2021-2022,excluded_annual_identity_unresolved,opeid_master,loan_direct__subsidized_graduate_loans_originated_amt,nominal_usd,448,0,448,
direct_loans,2021-2022,excluded_annual_identity_unresolved,opeid_master,loan_direct__subsidized_graduate_disbursements,nominal_usd,448,0,448,
direct_loans,2021-2022,excluded_annual_identity_unresolved,opeid_master,loan_direct__unsubsidized_undergraduate_loans_originated_amt,nominal_usd,448,335,113,825558537.0
direct_loans,2021-2022,excluded_annual_identity_unresolved,opeid_master,loan_direct__unsubsidized_undergraduate_disbursements,nominal_usd,448,335,113,824176788.0
direct_loans,2021-2022,excluded_annual_identity_unresolved,opeid_master,loan_direct__unsubsidized_graduate_loans_originated_amt,nominal_usd,448,375,73,1486641557.0
direct_loans,2021-2022,excluded_annual_identity_unresolved,opeid_master,loan_direct__unsubsidized_graduate_disbursements,nominal_usd,448,375,73,1484737535.0
direct_loans,2021-2022,included_unique_family_record,opeid_master,loan_direct__subsidized_loans_originated_amt,nominal_usd,4510,4269,241,15030806255.0
direct_loans,2021-2022,included_unique_family_record,opeid_master,loan_direct__subsidized_disbursements,nominal_usd,4510,4269,241,15025493641.0
direct_loans,2021-2022,included_unique_family_record,opeid_master,loan_direct__unsubsidized_loans_originated_amt,nominal_usd,4510,0,4510,
direct_loans,2021-2022,included_unique_family_record,opeid_master,loan_direct__unsubsidized_disbursements,nominal_usd,4510,0,4510,
direct_loans,2021-2022,included_unique_family_record,opeid_master,loan_direct__plus_loans_originated_amt,nominal_usd,4510,0,4510,
direct_loans,2021-2022,included_unique_family_record,opeid_master,loan_direct__plus_disbursements,nominal_usd,4510,0,4510,
direct_loans,2021-2022,included_unique_family_record,opeid_master,loan_direct__grad_plus_loans_originated_amt,nominal_usd,4510,1440,3070,11257475649.0
direct_loans,2021-2022,included_unique_family_record,opeid_master,loan_direct__grad_plus_disbursements,nominal_usd,4510,1440,3070,11256208378.0
direct_loans,2021-2022,included_unique_family_record,opeid_master,loan_direct__parent_plus_loans_originated_amt,nominal_usd,4510,3487,1023,9937535944.0
direct_loans,2021-2022,included_unique_family_record,opeid_master,loan_direct__parent_plus_disbursements,nominal_usd,4510,3487,1023,9936991867.0
direct_loans,2021-2022,included_unique_family_record,opeid_master,loan_direct__subsidized_undergraduate_loans_originated_amt,nominal_usd,4510,0,4510,
direct_loans,2021-2022,included_unique_family_record,opeid_master,loan_direct__subsidized_undergraduate_disbursements,nominal_usd,4510,0,4510,
direct_loans,2021-2022,included_unique_family_record,opeid_master,loan_direct__subsidized_graduate_loans_originated_amt,nominal_usd,4510,0,4510,
direct_loans,2021-2022,included_unique_family_record,opeid_master,loan_direct__subsidized_graduate_disbursements,nominal_usd,4510,0,4510,
direct_loans,2021-2022,included_unique_family_record,opeid_master,loan_direct__unsubsidized_undergraduate_loans_originated_amt,nominal_usd,4510,4292,218,16611957430.0
direct_loans,2021-2022,included_unique_family_record,opeid_master,loan_direct__unsubsidized_undergraduate_disbursements,nominal_usd,4510,4292,218,16605442496.0
direct_loans,2021-2022,included_unique_family_record,opeid_master,loan_direct__unsubsidized_graduate_loans_originated_amt,nominal_usd,4510,1762,2748,25392166004.0
direct_loans,2021-2022,included_unique_family_record,opeid_master,loan_direct__unsubsidized_graduate_disbursements,nominal_usd,4510,1762,2748,25386916390.0
direct_loans,2022-2023,excluded_annual_identity_unresolved,opeid_master,loan_direct__subsidized_loans_originated_amt,nominal_usd,432,324,108,801637044.0
direct_loans,2022-2023,excluded_annual_identity_unresolved,opeid_master,loan_direct__subsidized_disbursements,nominal_usd,432,324,108,800735501.0
direct_loans,2022-2023,excluded_annual_identity_unresolved,opeid_master,loan_direct__unsubsidized_loans_originated_amt,nominal_usd,432,0,432,
direct_loans,2022-2023,excluded_annual_identity_unresolved,opeid_master,loan_direct__unsubsidized_disbursements,nominal_usd,432,0,432,
direct_loans,2022-2023,excluded_annual_identity_unresolved,opeid_master,loan_direct__plus_loans_originated_amt,nominal_usd,432,0,432,
direct_loans,2022-2023,excluded_annual_identity_unresolved,opeid_master,loan_direct__plus_disbursements,nominal_usd,432,0,432,
direct_loans,2022-2023,excluded_annual_identity_unresolved,opeid_master,loan_direct__grad_plus_loans_originated_amt,nominal_usd,432,333,99,1298237087.0
direct_loans,2022-2023,excluded_annual_identity_unresolved,opeid_master,loan_direct__grad_plus_disbursements,nominal_usd,432,333,99,1295791774.0
direct_loans,2022-2023,excluded_annual_identity_unresolved,opeid_master,loan_direct__parent_plus_loans_originated_amt,nominal_usd,432,262,170,713940269.0
direct_loans,2022-2023,excluded_annual_identity_unresolved,opeid_master,loan_direct__parent_plus_disbursements,nominal_usd,432,262,170,713925769.0
direct_loans,2022-2023,excluded_annual_identity_unresolved,opeid_master,loan_direct__subsidized_undergraduate_loans_originated_amt,nominal_usd,432,0,432,
direct_loans,2022-2023,excluded_annual_identity_unresolved,opeid_master,loan_direct__subsidized_undergraduate_disbursements,nominal_usd,432,0,432,
direct_loans,2022-2023,excluded_annual_identity_unresolved,opeid_master,loan_direct__subsidized_graduate_loans_originated_amt,nominal_usd,432,0,432,
direct_loans,2022-2023,excluded_annual_identity_unresolved,opeid_master,loan_direct__subsidized_graduate_disbursements,nominal_usd,432,0,432,
direct_loans,2022-2023,excluded_annual_identity_unresolved,opeid_master,loan_direct__unsubsidized_undergraduate_loans_originated_amt,nominal_usd,432,327,105,967413772.0
direct_loans,2022-2023,excluded_annual_identity_unresolved,opeid_master,loan_direct__unsubsidized_undergraduate_disbursements,nominal_usd,432,327,105,966203774.0
direct_loans,2022-2023,excluded_annual_identity_unresolved,opeid_master,loan_direct__unsubsidized_graduate_loans_originated_amt,nominal_usd,432,364,68,1523322260.0
direct_loans,2022-2023,excluded_annual_identity_unresolved,opeid_master,loan_direct__unsubsidized_graduate_disbursements,nominal_usd,432,364,68,1520805910.0
direct_loans,2022-2023,included_unique_family_record,opeid_master,loan_direct__subsidized_loans_originated_amt,nominal_usd,4459,4221,238,14636071854.0
direct_loans,2022-2023,included_unique_family_record,opeid_master,loan_direct__subsidized_disbursements,nominal_usd,4459,4221,238,14630160104.0
direct_loans,2022-2023,included_unique_family_record,opeid_master,loan_direct__unsubsidized_loans_originated_amt,nominal_usd,4459,0,4459,
direct_loans,2022-2023,included_unique_family_record,opeid_master,loan_direct__unsubsidized_disbursements,nominal_usd,4459,0,4459,
direct_loans,2022-2023,included_unique_family_record,opeid_master,loan_direct__plus_loans_originated_amt,nominal_usd,4459,0,4459,
direct_loans,2022-2023,included_unique_family_record,opeid_master,loan_direct__plus_disbursements,nominal_usd,4459,0,4459,
direct_loans,2022-2023,included_unique_family_record,opeid_master,loan_direct__grad_plus_loans_originated_amt,nominal_usd,4459,1442,3017,11979614092.0
direct_loans,2022-2023,included_unique_family_record,opeid_master,loan_direct__grad_plus_disbursements,nominal_usd,4459,1442,3017,11978496809.0
direct_loans,2022-2023,included_unique_family_record,opeid_master,loan_direct__parent_plus_loans_originated_amt,nominal_usd,4459,3456,1003,10545497334.0
direct_loans,2022-2023,included_unique_family_record,opeid_master,loan_direct__parent_plus_disbursements,nominal_usd,4459,3456,1003,10543932278.0
direct_loans,2022-2023,included_unique_family_record,opeid_master,loan_direct__subsidized_undergraduate_loans_originated_amt,nominal_usd,4459,0,4459,
direct_loans,2022-2023,included_unique_family_record,opeid_master,loan_direct__subsidized_undergraduate_disbursements,nominal_usd,4459,0,4459,
direct_loans,2022-2023,included_unique_family_record,opeid_master,loan_direct__subsidized_graduate_loans_originated_amt,nominal_usd,4459,0,4459,
direct_loans,2022-2023,included_unique_family_record,opeid_master,loan_direct__subsidized_graduate_disbursements,nominal_usd,4459,0,4459,
direct_loans,2022-2023,included_unique_family_record,opeid_master,loan_direct__unsubsidized_undergraduate_loans_originated_amt,nominal_usd,4459,4245,214,16763227334.0
direct_loans,2022-2023,included_unique_family_record,opeid_master,loan_direct__unsubsidized_undergraduate_disbursements,nominal_usd,4459,4245,214,16755775054.0
direct_loans,2022-2023,included_unique_family_record,opeid_master,loan_direct__unsubsidized_graduate_loans_originated_amt,nominal_usd,4459,1773,2686,24541834885.0
direct_loans,2022-2023,included_unique_family_record,opeid_master,loan_direct__unsubsidized_graduate_disbursements,nominal_usd,4459,1773,2686,24538575840.0
direct_loans,2023-2024,excluded_annual_identity_unresolved,opeid_master,loan_direct__subsidized_loans_originated_amt,nominal_usd,410,306,104,774632820.0
direct_loans,2023-2024,excluded_annual_identity_unresolved,opeid_master,loan_direct__subsidized_disbursements,nominal_usd,410,306,104,774079755.0
direct_loans,2023-2024,excluded_annual_identity_unresolved,opeid_master,loan_direct__unsubsidized_loans_originated_amt,nominal_usd,410,0,410,
direct_loans,2023-2024,excluded_annual_identity_unresolved,opeid_master,loan_direct__unsubsidized_disbursements,nominal_usd,410,0,410,
direct_loans,2023-2024,excluded_annual_identity_unresolved,opeid_master,loan_direct__plus_loans_originated_amt,nominal_usd,410,0,410,
direct_loans,2023-2024,excluded_annual_identity_unresolved,opeid_master,loan_direct__plus_disbursements,nominal_usd,410,0,410,
direct_loans,2023-2024,excluded_annual_identity_unresolved,opeid_master,loan_direct__grad_plus_loans_originated_amt,nominal_usd,410,328,82,1367215959.0
direct_loans,2023-2024,excluded_annual_identity_unresolved,opeid_master,loan_direct__grad_plus_disbursements,nominal_usd,410,328,82,1365911116.0
direct_loans,2023-2024,excluded_annual_identity_unresolved,opeid_master,loan_direct__parent_plus_loans_originated_amt,nominal_usd,410,240,170,742298937.0
direct_loans,2023-2024,excluded_annual_identity_unresolved,opeid_master,loan_direct__parent_plus_disbursements,nominal_usd,410,240,170,742289326.0
direct_loans,2023-2024,excluded_annual_identity_unresolved,opeid_master,loan_direct__subsidized_undergraduate_loans_originated_amt,nominal_usd,410,0,410,
direct_loans,2023-2024,excluded_annual_identity_unresolved,opeid_master,loan_direct__subsidized_undergraduate_disbursements,nominal_usd,410,0,410,
direct_loans,2023-2024,excluded_annual_identity_unresolved,opeid_master,loan_direct__subsidized_graduate_loans_originated_amt,nominal_usd,410,0,410,
direct_loans,2023-2024,excluded_annual_identity_unresolved,opeid_master,loan_direct__subsidized_graduate_disbursements,nominal_usd,410,0,410,
direct_loans,2023-2024,excluded_annual_identity_unresolved,opeid_master,loan_direct__unsubsidized_undergraduate_loans_originated_amt,nominal_usd,410,305,105,947582941.0
direct_loans,2023-2024,excluded_annual_identity_unresolved,opeid_master,loan_direct__unsubsidized_undergraduate_disbursements,nominal_usd,410,305,105,946678835.0
direct_loans,2023-2024,excluded_annual_identity_unresolved,opeid_master,loan_direct__unsubsidized_graduate_loans_originated_amt,nominal_usd,410,358,52,1534453444.0
direct_loans,2023-2024,excluded_annual_identity_unresolved,opeid_master,loan_direct__unsubsidized_graduate_disbursements,nominal_usd,410,358,52,1532692535.0
direct_loans,2023-2024,included_unique_family_record,opeid_master,loan_direct__subsidized_loans_originated_amt,nominal_usd,4406,4169,237,14891833911.0
direct_loans,2023-2024,included_unique_family_record,opeid_master,loan_direct__subsidized_disbursements,nominal_usd,4406,4169,237,14881541459.0
direct_loans,2023-2024,included_unique_family_record,opeid_master,loan_direct__unsubsidized_loans_originated_amt,nominal_usd,4406,0,4406,
direct_loans,2023-2024,included_unique_family_record,opeid_master,loan_direct__unsubsidized_disbursements,nominal_usd,4406,0,4406,
direct_loans,2023-2024,included_unique_family_record,opeid_master,loan_direct__plus_loans_originated_amt,nominal_usd,4406,0,4406,
direct_loans,2023-2024,included_unique_family_record,opeid_master,loan_direct__plus_disbursements,nominal_usd,4406,0,4406,
direct_loans,2023-2024,included_unique_family_record,opeid_master,loan_direct__grad_plus_loans_originated_amt,nominal_usd,4406,1455,2951,12757071179.0
direct_loans,2023-2024,included_unique_family_record,opeid_master,loan_direct__grad_plus_disbursements,nominal_usd,4406,1455,2951,12754138847.0
direct_loans,2023-2024,included_unique_family_record,opeid_master,loan_direct__parent_plus_loans_originated_amt,nominal_usd,4406,3417,989,11352523108.0
direct_loans,2023-2024,included_unique_family_record,opeid_master,loan_direct__parent_plus_disbursements,nominal_usd,4406,3417,989,11350924386.0
direct_loans,2023-2024,included_unique_family_record,opeid_master,loan_direct__subsidized_undergraduate_loans_originated_amt,nominal_usd,4406,0,4406,
direct_loans,2023-2024,included_unique_family_record,opeid_master,loan_direct__subsidized_undergraduate_disbursements,nominal_usd,4406,0,4406,
direct_loans,2023-2024,included_unique_family_record,opeid_master,loan_direct__subsidized_graduate_loans_originated_amt,nominal_usd,4406,0,4406,
direct_loans,2023-2024,included_unique_family_record,opeid_master,loan_direct__subsidized_graduate_disbursements,nominal_usd,4406,0,4406,
direct_loans,2023-2024,included_unique_family_record,opeid_master,loan_direct__unsubsidized_undergraduate_loans_originated_amt,nominal_usd,4406,4200,206,16696160524.0
direct_loans,2023-2024,included_unique_family_record,opeid_master,loan_direct__unsubsidized_undergraduate_disbursements,nominal_usd,4406,4200,206,16684733944.0
direct_loans,2023-2024,included_unique_family_record,opeid_master,loan_direct__unsubsidized_graduate_loans_originated_amt,nominal_usd,4406,1767,2639,24662669639.0
direct_loans,2023-2024,included_unique_family_record,opeid_master,loan_direct__unsubsidized_graduate_disbursements,nominal_usd,4406,1767,2639,24651023447.0
direct_loans,2024-2025,excluded_annual_identity_unresolved,opeid_master,loan_direct__subsidized_loans_originated_amt,nominal_usd,391,289,102,798193228.0
direct_loans,2024-2025,excluded_annual_identity_unresolved,opeid_master,loan_direct__subsidized_disbursements,nominal_usd,391,289,102,792616833.0
direct_loans,2024-2025,excluded_annual_identity_unresolved,opeid_master,loan_direct__unsubsidized_loans_originated_amt,nominal_usd,391,0,391,
direct_loans,2024-2025,excluded_annual_identity_unresolved,opeid_master,loan_direct__unsubsidized_disbursements,nominal_usd,391,0,391,
direct_loans,2024-2025,excluded_annual_identity_unresolved,opeid_master,loan_direct__plus_loans_originated_amt,nominal_usd,391,0,391,
direct_loans,2024-2025,excluded_annual_identity_unresolved,opeid_master,loan_direct__plus_disbursements,nominal_usd,391,0,391,
direct_loans,2024-2025,excluded_annual_identity_unresolved,opeid_master,loan_direct__grad_plus_loans_originated_amt,nominal_usd,391,312,79,1494004773.0
direct_loans,2024-2025,excluded_annual_identity_unresolved,opeid_master,loan_direct__grad_plus_disbursements,nominal_usd,391,312,79,1461820995.0
direct_loans,2024-2025,excluded_annual_identity_unresolved,opeid_master,loan_direct__parent_plus_loans_originated_amt,nominal_usd,391,228,163,832479346.0
direct_loans,2024-2025,excluded_annual_identity_unresolved,opeid_master,loan_direct__parent_plus_disbursements,nominal_usd,391,228,163,831287417.0
direct_loans,2024-2025,excluded_annual_identity_unresolved,opeid_master,loan_direct__subsidized_undergraduate_loans_originated_amt,nominal_usd,391,0,391,
direct_loans,2024-2025,excluded_annual_identity_unresolved,opeid_master,loan_direct__subsidized_undergraduate_disbursements,nominal_usd,391,0,391,
direct_loans,2024-2025,excluded_annual_identity_unresolved,opeid_master,loan_direct__subsidized_graduate_loans_originated_amt,nominal_usd,391,0,391,
direct_loans,2024-2025,excluded_annual_identity_unresolved,opeid_master,loan_direct__subsidized_graduate_disbursements,nominal_usd,391,0,391,
direct_loans,2024-2025,excluded_annual_identity_unresolved,opeid_master,loan_direct__unsubsidized_undergraduate_loans_originated_amt,nominal_usd,391,290,101,1032153431.0
direct_loans,2024-2025,excluded_annual_identity_unresolved,opeid_master,loan_direct__unsubsidized_undergraduate_disbursements,nominal_usd,391,290,101,1023865988.0
direct_loans,2024-2025,excluded_annual_identity_unresolved,opeid_master,loan_direct__unsubsidized_graduate_loans_originated_amt,nominal_usd,391,340,51,1659067074.0
direct_loans,2024-2025,excluded_annual_identity_unresolved,opeid_master,loan_direct__unsubsidized_graduate_disbursements,nominal_usd,391,340,51,1619101994.0
direct_loans,2024-2025,included_unique_family_record,opeid_master,loan_direct__subsidized_loans_originated_amt,nominal_usd,4330,4099,231,14958446838.0
direct_loans,2024-2025,included_unique_family_record,opeid_master,loan_direct__subsidized_disbursements,nominal_usd,4330,4099,231,14646440001.0
direct_loans,2024-2025,included_unique_family_record,opeid_master,loan_direct__unsubsidized_loans_originated_amt,nominal_usd,4330,0,4330,
direct_loans,2024-2025,included_unique_family_record,opeid_master,loan_direct__unsubsidized_disbursements,nominal_usd,4330,0,4330,
direct_loans,2024-2025,included_unique_family_record,opeid_master,loan_direct__plus_loans_originated_amt,nominal_usd,4330,0,4330,
direct_loans,2024-2025,included_unique_family_record,opeid_master,loan_direct__plus_disbursements,nominal_usd,4330,0,4330,
direct_loans,2024-2025,included_unique_family_record,opeid_master,loan_direct__grad_plus_loans_originated_amt,nominal_usd,4330,1475,2855,14186508201.0
direct_loans,2024-2025,included_unique_family_record,opeid_master,loan_direct__grad_plus_disbursements,nominal_usd,4330,1475,2855,13681646054.0
direct_loans,2024-2025,included_unique_family_record,opeid_master,loan_direct__parent_plus_loans_originated_amt,nominal_usd,4330,3339,991,11654828357.0
direct_loans,2024-2025,included_unique_family_record,opeid_master,loan_direct__parent_plus_disbursements,nominal_usd,4330,3339,991,11598505061.0
direct_loans,2024-2025,included_unique_family_record,opeid_master,loan_direct__subsidized_undergraduate_loans_originated_amt,nominal_usd,4330,0,4330,
direct_loans,2024-2025,included_unique_family_record,opeid_master,loan_direct__subsidized_undergraduate_disbursements,nominal_usd,4330,0,4330,
direct_loans,2024-2025,included_unique_family_record,opeid_master,loan_direct__subsidized_graduate_loans_originated_amt,nominal_usd,4330,0,4330,
direct_loans,2024-2025,included_unique_family_record,opeid_master,loan_direct__subsidized_graduate_disbursements,nominal_usd,4330,0,4330,
direct_loans,2024-2025,included_unique_family_record,opeid_master,loan_direct__unsubsidized_undergraduate_loans_originated_amt,nominal_usd,4330,4124,206,17951247695.0
direct_loans,2024-2025,included_unique_family_record,opeid_master,loan_direct__unsubsidized_undergraduate_disbursements,nominal_usd,4330,4124,206,17538695353.0
direct_loans,2024-2025,included_unique_family_record,opeid_master,loan_direct__unsubsidized_graduate_loans_originated_amt,nominal_usd,4330,1751,2579,25850688266.0
direct_loans,2024-2025,included_unique_family_record,opeid_master,loan_direct__unsubsidized_graduate_disbursements,nominal_usd,4330,1751,2579,24955311763.0
ffel,1999-2000,excluded_annual_identity_unresolved,opeid_master,loan_ffel__subsidized_loans_originated_amt,nominal_usd,567,567,0,164452597.0
ffel,1999-2000,excluded_annual_identity_unresolved,opeid_master,loan_ffel__subsidized_disbursements,nominal_usd,567,567,0,161278074.0
ffel,1999-2000,excluded_annual_identity_unresolved,opeid_master,loan_ffel__unsubsidized_loans_originated_amt,nominal_usd,567,567,0,153183038.0
ffel,1999-2000,excluded_annual_identity_unresolved,opeid_master,loan_ffel__unsubsidized_disbursements,nominal_usd,567,567,0,150029467.0
ffel,1999-2000,excluded_annual_identity_unresolved,opeid_master,loan_ffel__plus_loans_originated_amt,nominal_usd,567,567,0,5182328.0
ffel,1999-2000,excluded_annual_identity_unresolved,opeid_master,loan_ffel__plus_disbursements,nominal_usd,567,567,0,4948600.0
ffel,1999-2000,excluded_annual_identity_unresolved,opeid_master,loan_ffel__grad_plus_loans_originated_amt,nominal_usd,567,0,567,
ffel,1999-2000,excluded_annual_identity_unresolved,opeid_master,loan_ffel__grad_plus_disbursements,nominal_usd,567,0,567,
ffel,1999-2000,excluded_annual_identity_unresolved,opeid_master,loan_ffel__parent_plus_loans_originated_amt,nominal_usd,567,0,567,
ffel,1999-2000,excluded_annual_identity_unresolved,opeid_master,loan_ffel__parent_plus_disbursements,nominal_usd,567,0,567,
ffel,1999-2000,included_unique_family_record,opeid_master,loan_ffel__subsidized_loans_originated_amt,nominal_usd,3799,3799,0,11283074083.0
ffel,1999-2000,included_unique_family_record,opeid_master,loan_ffel__subsidized_disbursements,nominal_usd,3799,3799,0,10648540461.0
ffel,1999-2000,included_unique_family_record,opeid_master,loan_ffel__unsubsidized_loans_originated_amt,nominal_usd,3799,3799,0,8856732604.0
ffel,1999-2000,included_unique_family_record,opeid_master,loan_ffel__unsubsidized_disbursements,nominal_usd,3799,3799,0,8317100593.0
ffel,1999-2000,included_unique_family_record,opeid_master,loan_ffel__plus_loans_originated_amt,nominal_usd,3799,3799,0,2277889916.0
ffel,1999-2000,included_unique_family_record,opeid_master,loan_ffel__plus_disbursements,nominal_usd,3799,3799,0,2159842388.0
ffel,1999-2000,included_unique_family_record,opeid_master,loan_ffel__grad_plus_loans_originated_amt,nominal_usd,3799,0,3799,
ffel,1999-2000,included_unique_family_record,opeid_master,loan_ffel__grad_plus_disbursements,nominal_usd,3799,0,3799,
ffel,1999-2000,included_unique_family_record,opeid_master,loan_ffel__parent_plus_loans_originated_amt,nominal_usd,3799,0,3799,
ffel,1999-2000,included_unique_family_record,opeid_master,loan_ffel__parent_plus_disbursements,nominal_usd,3799,0,3799,
ffel,2000-2001,ambiguous_family_multiple_records,opeid_master,loan_ffel__subsidized_loans_originated_amt,nominal_usd,2,2,0,3190177.0
ffel,2000-2001,ambiguous_family_multiple_records,opeid_master,loan_ffel__subsidized_disbursements,nominal_usd,2,2,0,3168502.0
ffel,2000-2001,ambiguous_family_multiple_records,opeid_master,loan_ffel__unsubsidized_loans_originated_amt,nominal_usd,2,2,0,4363341.0
ffel,2000-2001,ambiguous_family_multiple_records,opeid_master,loan_ffel__unsubsidized_disbursements,nominal_usd,2,2,0,4295279.0
ffel,2000-2001,ambiguous_family_multiple_records,opeid_master,loan_ffel__plus_loans_originated_amt,nominal_usd,2,2,0,0.0
ffel,2000-2001,ambiguous_family_multiple_records,opeid_master,loan_ffel__plus_disbursements,nominal_usd,2,2,0,0.0
ffel,2000-2001,ambiguous_family_multiple_records,opeid_master,loan_ffel__grad_plus_loans_originated_amt,nominal_usd,2,0,2,
ffel,2000-2001,ambiguous_family_multiple_records,opeid_master,loan_ffel__grad_plus_disbursements,nominal_usd,2,0,2,
ffel,2000-2001,ambiguous_family_multiple_records,opeid_master,loan_ffel__parent_plus_loans_originated_amt,nominal_usd,2,0,2,
ffel,2000-2001,ambiguous_family_multiple_records,opeid_master,loan_ffel__parent_plus_disbursements,nominal_usd,2,0,2,
ffel,2000-2001,excluded_annual_identity_unresolved,opeid_master,loan_ffel__subsidized_loans_originated_amt,nominal_usd,596,596,0,1085871059.0
ffel,2000-2001,excluded_annual_identity_unresolved,opeid_master,loan_ffel__subsidized_disbursements,nominal_usd,596,596,0,1019760814.0
ffel,2000-2001,excluded_annual_identity_unresolved,opeid_master,loan_ffel__unsubsidized_loans_originated_amt,nominal_usd,596,596,0,990798794.0
ffel,2000-2001,excluded_annual_identity_unresolved,opeid_master,loan_ffel__unsubsidized_disbursements,nominal_usd,596,596,0,922843548.0
ffel,2000-2001,excluded_annual_identity_unresolved,opeid_master,loan_ffel__plus_loans_originated_amt,nominal_usd,596,596,0,158846849.0
ffel,2000-2001,excluded_annual_identity_unresolved,opeid_master,loan_ffel__plus_disbursements,nominal_usd,596,596,0,150857634.0
ffel,2000-2001,excluded_annual_identity_unresolved,opeid_master,loan_ffel__grad_plus_loans_originated_amt,nominal_usd,596,0,596,
ffel,2000-2001,excluded_annual_identity_unresolved,opeid_master,loan_ffel__grad_plus_disbursements,nominal_usd,596,0,596,
ffel,2000-2001,excluded_annual_identity_unresolved,opeid_master,loan_ffel__parent_plus_loans_originated_amt,nominal_usd,596,0,596,
ffel,2000-2001,excluded_annual_identity_unresolved,opeid_master,loan_ffel__parent_plus_disbursements,nominal_usd,596,0,596,
ffel,2000-2001,included_unique_family_record,opeid_master,loan_ffel__subsidized_loans_originated_amt,nominal_usd,3799,3799,0,10924329168.0
ffel,2000-2001,included_unique_family_record,opeid_master,loan_ffel__subsidized_disbursements,nominal_usd,3799,3799,0,10300093861.0
ffel,2000-2001,included_unique_family_record,opeid_master,loan_ffel__unsubsidized_loans_originated_amt,nominal_usd,3799,3799,0,9072944521.0
ffel,2000-2001,included_unique_family_record,opeid_master,loan_ffel__unsubsidized_disbursements,nominal_usd,3799,3799,0,8509079363.0
ffel,2000-2001,included_unique_family_record,opeid_master,loan_ffel__plus_loans_originated_amt,nominal_usd,3799,3799,0,2495047441.0
ffel,2000-2001,included_unique_family_record,opeid_master,loan_ffel__plus_disbursements,nominal_usd,3799,3799,0,2367615107.0
ffel,2000-2001,included_unique_family_record,opeid_master,loan_ffel__grad_plus_loans_originated_amt,nominal_usd,3799,0,3799,
ffel,2000-2001,included_unique_family_record,opeid_master,loan_ffel__grad_plus_disbursements,nominal_usd,3799,0,3799,
ffel,2000-2001,included_unique_family_record,opeid_master,loan_ffel__parent_plus_loans_originated_amt,nominal_usd,3799,0,3799,
ffel,2000-2001,included_unique_family_record,opeid_master,loan_ffel__parent_plus_disbursements,nominal_usd,3799,0,3799,
ffel,2001-2002,ambiguous_family_multiple_records,opeid_master,loan_ffel__subsidized_loans_originated_amt,nominal_usd,2,2,0,3221190.0
ffel,2001-2002,ambiguous_family_multiple_records,opeid_master,loan_ffel__subsidized_disbursements,nominal_usd,2,2,0,3191525.0
ffel,2001-2002,ambiguous_family_multiple_records,opeid_master,loan_ffel__unsubsidized_loans_originated_amt,nominal_usd,2,2,0,4925489.0
ffel,2001-2002,ambiguous_family_multiple_records,opeid_master,loan_ffel__unsubsidized_disbursements,nominal_usd,2,2,0,4795201.0
ffel,2001-2002,ambiguous_family_multiple_records,opeid_master,loan_ffel__plus_loans_originated_amt,nominal_usd,2,2,0,0.0
ffel,2001-2002,ambiguous_family_multiple_records,opeid_master,loan_ffel__plus_disbursements,nominal_usd,2,2,0,0.0
ffel,2001-2002,ambiguous_family_multiple_records,opeid_master,loan_ffel__grad_plus_loans_originated_amt,nominal_usd,2,0,2,
ffel,2001-2002,ambiguous_family_multiple_records,opeid_master,loan_ffel__grad_plus_disbursements,nominal_usd,2,0,2,
ffel,2001-2002,ambiguous_family_multiple_records,opeid_master,loan_ffel__parent_plus_loans_originated_amt,nominal_usd,2,0,2,
ffel,2001-2002,ambiguous_family_multiple_records,opeid_master,loan_ffel__parent_plus_disbursements,nominal_usd,2,0,2,
ffel,2001-2002,excluded_annual_identity_unresolved,opeid_master,loan_ffel__subsidized_loans_originated_amt,nominal_usd,587,587,0,1298137237.0
ffel,2001-2002,excluded_annual_identity_unresolved,opeid_master,loan_ffel__subsidized_disbursements,nominal_usd,587,587,0,1205281183.0
ffel,2001-2002,excluded_annual_identity_unresolved,opeid_master,loan_ffel__unsubsidized_loans_originated_amt,nominal_usd,587,587,0,1282257084.0
ffel,2001-2002,excluded_annual_identity_unresolved,opeid_master,loan_ffel__unsubsidized_disbursements,nominal_usd,587,587,0,1182431119.0
ffel,2001-2002,excluded_annual_identity_unresolved,opeid_master,loan_ffel__plus_loans_originated_amt,nominal_usd,587,587,0,185425780.0
ffel,2001-2002,excluded_annual_identity_unresolved,opeid_master,loan_ffel__plus_disbursements,nominal_usd,587,587,0,175960262.0
ffel,2001-2002,excluded_annual_identity_unresolved,opeid_master,loan_ffel__grad_plus_loans_originated_amt,nominal_usd,587,0,587,
ffel,2001-2002,excluded_annual_identity_unresolved,opeid_master,loan_ffel__grad_plus_disbursements,nominal_usd,587,0,587,
ffel,2001-2002,excluded_annual_identity_unresolved,opeid_master,loan_ffel__parent_plus_loans_originated_amt,nominal_usd,587,0,587,
ffel,2001-2002,excluded_annual_identity_unresolved,opeid_master,loan_ffel__parent_plus_disbursements,nominal_usd,587,0,587,
ffel,2001-2002,included_unique_family_record,opeid_master,loan_ffel__subsidized_loans_originated_amt,nominal_usd,3829,3829,0,11813586526.0
ffel,2001-2002,included_unique_family_record,opeid_master,loan_ffel__subsidized_disbursements,nominal_usd,3829,3829,0,11119905759.0
ffel,2001-2002,included_unique_family_record,opeid_master,loan_ffel__unsubsidized_loans_originated_amt,nominal_usd,3829,3829,0,10281000132.0
ffel,2001-2002,included_unique_family_record,opeid_master,loan_ffel__unsubsidized_disbursements,nominal_usd,3829,3829,0,9629850176.0
ffel,2001-2002,included_unique_family_record,opeid_master,loan_ffel__plus_loans_originated_amt,nominal_usd,3829,3829,0,2826882433.0
ffel,2001-2002,included_unique_family_record,opeid_master,loan_ffel__plus_disbursements,nominal_usd,3829,3829,0,2685176885.0
ffel,2001-2002,included_unique_family_record,opeid_master,loan_ffel__grad_plus_loans_originated_amt,nominal_usd,3829,0,3829,
ffel,2001-2002,included_unique_family_record,opeid_master,loan_ffel__grad_plus_disbursements,nominal_usd,3829,0,3829,
ffel,2001-2002,included_unique_family_record,opeid_master,loan_ffel__parent_plus_loans_originated_amt,nominal_usd,3829,0,3829,
ffel,2001-2002,included_unique_family_record,opeid_master,loan_ffel__parent_plus_disbursements,nominal_usd,3829,0,3829,
ffel,2002-2003,ambiguous_family_multiple_records,opeid_master,loan_ffel__subsidized_loans_originated_amt,nominal_usd,2,2,0,3254727.0
ffel,2002-2003,ambiguous_family_multiple_records,opeid_master,loan_ffel__subsidized_disbursements,nominal_usd,2,2,0,3241977.0
ffel,2002-2003,ambiguous_family_multiple_records,opeid_master,loan_ffel__unsubsidized_loans_originated_amt,nominal_usd,2,2,0,5046120.0
ffel,2002-2003,ambiguous_family_multiple_records,opeid_master,loan_ffel__unsubsidized_disbursements,nominal_usd,2,2,0,4958689.0
ffel,2002-2003,ambiguous_family_multiple_records,opeid_master,loan_ffel__plus_loans_originated_amt,nominal_usd,2,2,0,0.0
ffel,2002-2003,ambiguous_family_multiple_records,opeid_master,loan_ffel__plus_disbursements,nominal_usd,2,2,0,0.0
ffel,2002-2003,ambiguous_family_multiple_records,opeid_master,loan_ffel__grad_plus_loans_originated_amt,nominal_usd,2,0,2,
ffel,2002-2003,ambiguous_family_multiple_records,opeid_master,loan_ffel__grad_plus_disbursements,nominal_usd,2,0,2,
ffel,2002-2003,ambiguous_family_multiple_records,opeid_master,loan_ffel__parent_plus_loans_originated_amt,nominal_usd,2,0,2,
ffel,2002-2003,ambiguous_family_multiple_records,opeid_master,loan_ffel__parent_plus_disbursements,nominal_usd,2,0,2,
ffel,2002-2003,excluded_annual_identity_unresolved,opeid_master,loan_ffel__subsidized_loans_originated_amt,nominal_usd,571,571,0,1681463944.0
ffel,2002-2003,excluded_annual_identity_unresolved,opeid_master,loan_ffel__subsidized_disbursements,nominal_usd,571,571,0,1549025672.0
ffel,2002-2003,excluded_annual_identity_unresolved,opeid_master,loan_ffel__unsubsidized_loans_originated_amt,nominal_usd,571,571,0,1677029832.0
ffel,2002-2003,excluded_annual_identity_unresolved,opeid_master,loan_ffel__unsubsidized_disbursements,nominal_usd,571,571,0,1535273635.0
ffel,2002-2003,excluded_annual_identity_unresolved,opeid_master,loan_ffel__plus_loans_originated_amt,nominal_usd,571,571,0,225875058.0
ffel,2002-2003,excluded_annual_identity_unresolved,opeid_master,loan_ffel__plus_disbursements,nominal_usd,571,571,0,215410229.0
ffel,2002-2003,excluded_annual_identity_unresolved,opeid_master,loan_ffel__grad_plus_loans_originated_amt,nominal_usd,571,0,571,
ffel,2002-2003,excluded_annual_identity_unresolved,opeid_master,loan_ffel__grad_plus_disbursements,nominal_usd,571,0,571,
ffel,2002-2003,excluded_annual_identity_unresolved,opeid_master,loan_ffel__parent_plus_loans_originated_amt,nominal_usd,571,0,571,
ffel,2002-2003,excluded_annual_identity_unresolved,opeid_master,loan_ffel__parent_plus_disbursements,nominal_usd,571,0,571,
ffel,2002-2003,included_unique_family_record,opeid_master,loan_ffel__subsidized_loans_originated_amt,nominal_usd,3875,3875,0,13460324973.0
ffel,2002-2003,included_unique_family_record,opeid_master,loan_ffel__subsidized_disbursements,nominal_usd,3875,3875,0,12635548225.0
ffel,2002-2003,included_unique_family_record,opeid_master,loan_ffel__unsubsidized_loans_originated_amt,nominal_usd,3875,3875,0,12133446774.0
ffel,2002-2003,included_unique_family_record,opeid_master,loan_ffel__unsubsidized_disbursements,nominal_usd,3875,3875,0,11327819456.0
ffel,2002-2003,included_unique_family_record,opeid_master,loan_ffel__plus_loans_originated_amt,nominal_usd,3875,3875,0,3306230429.0
ffel,2002-2003,included_unique_family_record,opeid_master,loan_ffel__plus_disbursements,nominal_usd,3875,3875,0,3145774615.0
ffel,2002-2003,included_unique_family_record,opeid_master,loan_ffel__grad_plus_loans_originated_amt,nominal_usd,3875,0,3875,
ffel,2002-2003,included_unique_family_record,opeid_master,loan_ffel__grad_plus_disbursements,nominal_usd,3875,0,3875,
ffel,2002-2003,included_unique_family_record,opeid_master,loan_ffel__parent_plus_loans_originated_amt,nominal_usd,3875,0,3875,
ffel,2002-2003,included_unique_family_record,opeid_master,loan_ffel__parent_plus_disbursements,nominal_usd,3875,0,3875,
ffel,2003-2004,ambiguous_family_multiple_records,opeid_master,loan_ffel__subsidized_loans_originated_amt,nominal_usd,2,2,0,3322617.0
ffel,2003-2004,ambiguous_family_multiple_records,opeid_master,loan_ffel__subsidized_disbursements,nominal_usd,2,2,0,3296267.0
ffel,2003-2004,ambiguous_family_multiple_records,opeid_master,loan_ffel__unsubsidized_loans_originated_amt,nominal_usd,2,2,0,6175330.0
ffel,2003-2004,ambiguous_family_multiple_records,opeid_master,loan_ffel__unsubsidized_disbursements,nominal_usd,2,2,0,6067679.0
ffel,2003-2004,ambiguous_family_multiple_records,opeid_master,loan_ffel__plus_loans_originated_amt,nominal_usd,2,2,0,0.0
ffel,2003-2004,ambiguous_family_multiple_records,opeid_master,loan_ffel__plus_disbursements,nominal_usd,2,2,0,0.0
ffel,2003-2004,ambiguous_family_multiple_records,opeid_master,loan_ffel__grad_plus_loans_originated_amt,nominal_usd,2,0,2,
ffel,2003-2004,ambiguous_family_multiple_records,opeid_master,loan_ffel__grad_plus_disbursements,nominal_usd,2,0,2,
ffel,2003-2004,ambiguous_family_multiple_records,opeid_master,loan_ffel__parent_plus_loans_originated_amt,nominal_usd,2,0,2,
ffel,2003-2004,ambiguous_family_multiple_records,opeid_master,loan_ffel__parent_plus_disbursements,nominal_usd,2,0,2,
ffel,2003-2004,excluded_annual_identity_unresolved,opeid_master,loan_ffel__subsidized_loans_originated_amt,nominal_usd,607,607,0,2049001729.0
ffel,2003-2004,excluded_annual_identity_unresolved,opeid_master,loan_ffel__subsidized_disbursements,nominal_usd,607,607,0,1872491728.0
ffel,2003-2004,excluded_annual_identity_unresolved,opeid_master,loan_ffel__unsubsidized_loans_originated_amt,nominal_usd,607,607,0,2126930627.0
ffel,2003-2004,excluded_annual_identity_unresolved,opeid_master,loan_ffel__unsubsidized_disbursements,nominal_usd,607,607,0,1927859702.0
ffel,2003-2004,excluded_annual_identity_unresolved,opeid_master,loan_ffel__plus_loans_originated_amt,nominal_usd,607,607,0,321183369.0
ffel,2003-2004,excluded_annual_identity_unresolved,opeid_master,loan_ffel__plus_disbursements,nominal_usd,607,607,0,303879751.0
ffel,2003-2004,excluded_annual_identity_unresolved,opeid_master,loan_ffel__grad_plus_loans_originated_amt,nominal_usd,607,0,607,
ffel,2003-2004,excluded_annual_identity_unresolved,opeid_master,loan_ffel__grad_plus_disbursements,nominal_usd,607,0,607,
ffel,2003-2004,excluded_annual_identity_unresolved,opeid_master,loan_ffel__parent_plus_loans_originated_amt,nominal_usd,607,0,607,
ffel,2003-2004,excluded_annual_identity_unresolved,opeid_master,loan_ffel__parent_plus_disbursements,nominal_usd,607,0,607,
ffel,2003-2004,included_unique_family_record,opeid_master,loan_ffel__subsidized_loans_originated_amt,nominal_usd,3889,3889,0,15535629083.0
ffel,2003-2004,included_unique_family_record,opeid_master,loan_ffel__subsidized_disbursements,nominal_usd,3889,3889,0,14549711763.0
ffel,2003-2004,included_unique_family_record,opeid_master,loan_ffel__unsubsidized_loans_originated_amt,nominal_usd,3889,3889,0,14270670528.0
ffel,2003-2004,included_unique_family_record,opeid_master,loan_ffel__unsubsidized_disbursements,nominal_usd,3889,3889,0,13284583195.0
ffel,2003-2004,included_unique_family_record,opeid_master,loan_ffel__plus_loans_originated_amt,nominal_usd,3889,3889,0,4341622038.0
ffel,2003-2004,included_unique_family_record,opeid_master,loan_ffel__plus_disbursements,nominal_usd,3889,3889,0,4139193515.0
ffel,2003-2004,included_unique_family_record,opeid_master,loan_ffel__grad_plus_loans_originated_amt,nominal_usd,3889,0,3889,
ffel,2003-2004,included_unique_family_record,opeid_master,loan_ffel__grad_plus_disbursements,nominal_usd,3889,0,3889,
ffel,2003-2004,included_unique_family_record,opeid_master,loan_ffel__parent_plus_loans_originated_amt,nominal_usd,3889,0,3889,
ffel,2003-2004,included_unique_family_record,opeid_master,loan_ffel__parent_plus_disbursements,nominal_usd,3889,0,3889,
ffel,2004-2005,ambiguous_family_multiple_records,opeid_master,loan_ffel__subsidized_loans_originated_amt,nominal_usd,4,4,0,115048821.0
ffel,2004-2005,ambiguous_family_multiple_records,opeid_master,loan_ffel__subsidized_disbursements,nominal_usd,4,4,0,110470471.0
ffel,2004-2005,ambiguous_family_multiple_records,opeid_master,loan_ffel__unsubsidized_loans_originated_amt,nominal_usd,4,4,0,139871302.0
ffel,2004-2005,ambiguous_family_multiple_records,opeid_master,loan_ffel__unsubsidized_disbursements,nominal_usd,4,4,0,133328987.0
ffel,2004-2005,ambiguous_family_multiple_records,opeid_master,loan_ffel__plus_loans_originated_amt,nominal_usd,4,4,0,90735356.0
ffel,2004-2005,ambiguous_family_multiple_records,opeid_master,loan_ffel__plus_disbursements,nominal_usd,4,4,0,87318184.0
ffel,2004-2005,ambiguous_family_multiple_records,opeid_master,loan_ffel__grad_plus_loans_originated_amt,nominal_usd,4,0,4,
ffel,2004-2005,ambiguous_family_multiple_records,opeid_master,loan_ffel__grad_plus_disbursements,nominal_usd,4,0,4,
ffel,2004-2005,ambiguous_family_multiple_records,opeid_master,loan_ffel__parent_plus_loans_originated_amt,nominal_usd,4,0,4,
ffel,2004-2005,ambiguous_family_multiple_records,opeid_master,loan_ffel__parent_plus_disbursements,nominal_usd,4,0,4,
ffel,2004-2005,excluded_annual_identity_unresolved,opeid_master,loan_ffel__subsidized_loans_originated_amt,nominal_usd,603,603,0,2267228333.0
ffel,2004-2005,excluded_annual_identity_unresolved,opeid_master,loan_ffel__subsidized_disbursements,nominal_usd,603,603,0,2066153266.0
ffel,2004-2005,excluded_annual_identity_unresolved,opeid_master,loan_ffel__unsubsidized_loans_originated_amt,nominal_usd,603,603,0,2402274073.0
ffel,2004-2005,excluded_annual_identity_unresolved,opeid_master,loan_ffel__unsubsidized_disbursements,nominal_usd,603,603,0,2176282363.0
ffel,2004-2005,excluded_annual_identity_unresolved,opeid_master,loan_ffel__plus_loans_originated_amt,nominal_usd,603,603,0,364703368.0
ffel,2004-2005,excluded_annual_identity_unresolved,opeid_master,loan_ffel__plus_disbursements,nominal_usd,603,603,0,343702647.0
ffel,2004-2005,excluded_annual_identity_unresolved,opeid_master,loan_ffel__grad_plus_loans_originated_amt,nominal_usd,603,0,603,
ffel,2004-2005,excluded_annual_identity_unresolved,opeid_master,loan_ffel__grad_plus_disbursements,nominal_usd,603,0,603,
ffel,2004-2005,excluded_annual_identity_unresolved,opeid_master,loan_ffel__parent_plus_loans_originated_amt,nominal_usd,603,0,603,
ffel,2004-2005,excluded_annual_identity_unresolved,opeid_master,loan_ffel__parent_plus_disbursements,nominal_usd,603,0,603,
ffel,2004-2005,included_unique_family_record,opeid_master,loan_ffel__subsidized_loans_originated_amt,nominal_usd,3908,3908,0,17189844961.0
ffel,2004-2005,included_unique_family_record,opeid_master,loan_ffel__subsidized_disbursements,nominal_usd,3908,3908,0,16029677209.0
ffel,2004-2005,included_unique_family_record,opeid_master,loan_ffel__unsubsidized_loans_originated_amt,nominal_usd,3908,3908,0,16265422645.0
ffel,2004-2005,included_unique_family_record,opeid_master,loan_ffel__unsubsidized_disbursements,nominal_usd,3908,3908,0,15067430447.0
ffel,2004-2005,included_unique_family_record,opeid_master,loan_ffel__plus_loans_originated_amt,nominal_usd,3908,3908,0,5205549431.0
ffel,2004-2005,included_unique_family_record,opeid_master,loan_ffel__plus_disbursements,nominal_usd,3908,3908,0,4943331943.0
ffel,2004-2005,included_unique_family_record,opeid_master,loan_ffel__grad_plus_loans_originated_amt,nominal_usd,3908,0,3908,
ffel,2004-2005,included_unique_family_record,opeid_master,loan_ffel__grad_plus_disbursements,nominal_usd,3908,0,3908,
ffel,2004-2005,included_unique_family_record,opeid_master,loan_ffel__parent_plus_loans_originated_amt,nominal_usd,3908,0,3908,
ffel,2004-2005,included_unique_family_record,opeid_master,loan_ffel__parent_plus_disbursements,nominal_usd,3908,0,3908,
ffel,2005-2006,ambiguous_family_multiple_records,opeid_master,loan_ffel__subsidized_loans_originated_amt,nominal_usd,4,4,0,115463436.0
ffel,2005-2006,ambiguous_family_multiple_records,opeid_master,loan_ffel__subsidized_disbursements,nominal_usd,4,4,0,110964507.0
ffel,2005-2006,ambiguous_family_multiple_records,opeid_master,loan_ffel__unsubsidized_loans_originated_amt,nominal_usd,4,4,0,142337856.0
ffel,2005-2006,ambiguous_family_multiple_records,opeid_master,loan_ffel__unsubsidized_disbursements,nominal_usd,4,4,0,136120316.0
ffel,2005-2006,ambiguous_family_multiple_records,opeid_master,loan_ffel__plus_loans_originated_amt,nominal_usd,4,4,0,106970052.0
ffel,2005-2006,ambiguous_family_multiple_records,opeid_master,loan_ffel__plus_disbursements,nominal_usd,4,4,0,101589799.0
ffel,2005-2006,ambiguous_family_multiple_records,opeid_master,loan_ffel__grad_plus_loans_originated_amt,nominal_usd,4,4,0,8880.0
ffel,2005-2006,ambiguous_family_multiple_records,opeid_master,loan_ffel__grad_plus_disbursements,nominal_usd,4,4,0,8880.0
ffel,2005-2006,ambiguous_family_multiple_records,opeid_master,loan_ffel__parent_plus_loans_originated_amt,nominal_usd,4,0,4,
ffel,2005-2006,ambiguous_family_multiple_records,opeid_master,loan_ffel__parent_plus_disbursements,nominal_usd,4,0,4,
ffel,2005-2006,excluded_annual_identity_unresolved,opeid_master,loan_ffel__subsidized_loans_originated_amt,nominal_usd,612,612,0,2697964911.0
ffel,2005-2006,excluded_annual_identity_unresolved,opeid_master,loan_ffel__subsidized_disbursements,nominal_usd,612,612,0,2454940121.0
ffel,2005-2006,excluded_annual_identity_unresolved,opeid_master,loan_ffel__unsubsidized_loans_originated_amt,nominal_usd,612,612,0,2935768271.0
ffel,2005-2006,excluded_annual_identity_unresolved,opeid_master,loan_ffel__unsubsidized_disbursements,nominal_usd,612,612,0,2659943733.0
ffel,2005-2006,excluded_annual_identity_unresolved,opeid_master,loan_ffel__plus_loans_originated_amt,nominal_usd,612,612,0,426391385.0
ffel,2005-2006,excluded_annual_identity_unresolved,opeid_master,loan_ffel__plus_disbursements,nominal_usd,612,612,0,401454766.0
ffel,2005-2006,excluded_annual_identity_unresolved,opeid_master,loan_ffel__grad_plus_loans_originated_amt,nominal_usd,612,612,0,4531850.0
ffel,2005-2006,excluded_annual_identity_unresolved,opeid_master,loan_ffel__grad_plus_disbursements,nominal_usd,612,612,0,4448028.0
ffel,2005-2006,excluded_annual_identity_unresolved,opeid_master,loan_ffel__parent_plus_loans_originated_amt,nominal_usd,612,0,612,
ffel,2005-2006,excluded_annual_identity_unresolved,opeid_master,loan_ffel__parent_plus_disbursements,nominal_usd,612,0,612,
ffel,2005-2006,included_unique_family_record,opeid_master,loan_ffel__subsidized_loans_originated_amt,nominal_usd,3962,3962,0,17651437135.0
ffel,2005-2006,included_unique_family_record,opeid_master,loan_ffel__subsidized_disbursements,nominal_usd,3962,3962,0,16399130411.0
ffel,2005-2006,included_unique_family_record,opeid_master,loan_ffel__unsubsidized_loans_originated_amt,nominal_usd,3962,3962,0,17529691455.0
ffel,2005-2006,included_unique_family_record,opeid_master,loan_ffel__unsubsidized_disbursements,nominal_usd,3962,3962,0,16162400188.0
ffel,2005-2006,included_unique_family_record,opeid_master,loan_ffel__plus_loans_originated_amt,nominal_usd,3962,3962,0,5853538169.0
ffel,2005-2006,included_unique_family_record,opeid_master,loan_ffel__plus_disbursements,nominal_usd,3962,3962,0,5550478057.0
ffel,2005-2006,included_unique_family_record,opeid_master,loan_ffel__grad_plus_loans_originated_amt,nominal_usd,3962,3962,0,67779156.0
ffel,2005-2006,included_unique_family_record,opeid_master,loan_ffel__grad_plus_disbursements,nominal_usd,3962,3962,0,65001164.0
ffel,2005-2006,included_unique_family_record,opeid_master,loan_ffel__parent_plus_loans_originated_amt,nominal_usd,3962,0,3962,
ffel,2005-2006,included_unique_family_record,opeid_master,loan_ffel__parent_plus_disbursements,nominal_usd,3962,0,3962,
ffel,2006-2007,ambiguous_family_multiple_records,opeid_master,loan_ffel__subsidized_loans_originated_amt,nominal_usd,4,4,0,115682429.0
ffel,2006-2007,ambiguous_family_multiple_records,opeid_master,loan_ffel__subsidized_disbursements,nominal_usd,4,4,0,110851566.0
ffel,2006-2007,ambiguous_family_multiple_records,opeid_master,loan_ffel__unsubsidized_loans_originated_amt,nominal_usd,4,4,0,142591763.0
ffel,2006-2007,ambiguous_family_multiple_records,opeid_master,loan_ffel__unsubsidized_disbursements,nominal_usd,4,4,0,135511318.0
ffel,2006-2007,ambiguous_family_multiple_records,opeid_master,loan_ffel__plus_loans_originated_amt,nominal_usd,4,0,4,
ffel,2006-2007,ambiguous_family_multiple_records,opeid_master,loan_ffel__plus_disbursements,nominal_usd,4,0,4,
ffel,2006-2007,ambiguous_family_multiple_records,opeid_master,loan_ffel__grad_plus_loans_originated_amt,nominal_usd,4,4,0,14986965.0
ffel,2006-2007,ambiguous_family_multiple_records,opeid_master,loan_ffel__grad_plus_disbursements,nominal_usd,4,4,0,14577220.0
ffel,2006-2007,ambiguous_family_multiple_records,opeid_master,loan_ffel__parent_plus_loans_originated_amt,nominal_usd,4,4,0,100008784.0
ffel,2006-2007,ambiguous_family_multiple_records,opeid_master,loan_ffel__parent_plus_disbursements,nominal_usd,4,4,0,95217597.0
ffel,2006-2007,excluded_annual_identity_unresolved,opeid_master,loan_ffel__subsidized_loans_originated_amt,nominal_usd,594,594,0,3088076803.0
ffel,2006-2007,excluded_annual_identity_unresolved,opeid_master,loan_ffel__subsidized_disbursements,nominal_usd,594,594,0,2778189840.0
ffel,2006-2007,excluded_annual_identity_unresolved,opeid_master,loan_ffel__unsubsidized_loans_originated_amt,nominal_usd,594,594,0,3343795327.0
ffel,2006-2007,excluded_annual_identity_unresolved,opeid_master,loan_ffel__unsubsidized_disbursements,nominal_usd,594,594,0,2998038769.0
ffel,2006-2007,excluded_annual_identity_unresolved,opeid_master,loan_ffel__plus_loans_originated_amt,nominal_usd,594,0,594,
ffel,2006-2007,excluded_annual_identity_unresolved,opeid_master,loan_ffel__plus_disbursements,nominal_usd,594,0,594,
ffel,2006-2007,excluded_annual_identity_unresolved,opeid_master,loan_ffel__grad_plus_loans_originated_amt,nominal_usd,594,594,0,294520807.0
ffel,2006-2007,excluded_annual_identity_unresolved,opeid_master,loan_ffel__grad_plus_disbursements,nominal_usd,594,594,0,277147730.0
ffel,2006-2007,excluded_annual_identity_unresolved,opeid_master,loan_ffel__parent_plus_loans_originated_amt,nominal_usd,594,594,0,491272582.0
ffel,2006-2007,excluded_annual_identity_unresolved,opeid_master,loan_ffel__parent_plus_disbursements,nominal_usd,594,594,0,460027366.0
ffel,2006-2007,included_unique_family_record,opeid_master,loan_ffel__subsidized_loans_originated_amt,nominal_usd,4019,4019,0,18609253410.0
ffel,2006-2007,included_unique_family_record,opeid_master,loan_ffel__subsidized_disbursements,nominal_usd,4019,4019,0,17271742579.0
ffel,2006-2007,included_unique_family_record,opeid_master,loan_ffel__unsubsidized_loans_originated_amt,nominal_usd,4019,4019,0,18524546324.0
ffel,2006-2007,included_unique_family_record,opeid_master,loan_ffel__unsubsidized_disbursements,nominal_usd,4019,4019,0,17047477079.0
ffel,2006-2007,included_unique_family_record,opeid_master,loan_ffel__plus_loans_originated_amt,nominal_usd,4019,0,4019,
ffel,2006-2007,included_unique_family_record,opeid_master,loan_ffel__plus_disbursements,nominal_usd,4019,0,4019,
ffel,2006-2007,included_unique_family_record,opeid_master,loan_ffel__grad_plus_loans_originated_amt,nominal_usd,4019,4019,0,1677773566.0
ffel,2006-2007,included_unique_family_record,opeid_master,loan_ffel__grad_plus_disbursements,nominal_usd,4019,4019,0,1605689970.0
ffel,2006-2007,included_unique_family_record,opeid_master,loan_ffel__parent_plus_loans_originated_amt,nominal_usd,4019,4019,0,5863407773.0
ffel,2006-2007,included_unique_family_record,opeid_master,loan_ffel__parent_plus_disbursements,nominal_usd,4019,4019,0,5550717362.0
ffel,2007-2008,ambiguous_family_multiple_records,opeid_master,loan_ffel__subsidized_loans_originated_amt,nominal_usd,4,4,0,123698151.0
ffel,2007-2008,ambiguous_family_multiple_records,opeid_master,loan_ffel__subsidized_disbursements,nominal_usd,4,4,0,118546334.0
ffel,2007-2008,ambiguous_family_multiple_records,opeid_master,loan_ffel__unsubsidized_loans_originated_amt,nominal_usd,4,4,0,164968038.0
ffel,2007-2008,ambiguous_family_multiple_records,opeid_master,loan_ffel__unsubsidized_disbursements,nominal_usd,4,4,0,156031327.0
ffel,2007-2008,ambiguous_family_multiple_records,opeid_master,loan_ffel__plus_loans_originated_amt,nominal_usd,4,0,4,
ffel,2007-2008,ambiguous_family_multiple_records,opeid_master,loan_ffel__plus_disbursements,nominal_usd,4,0,4,
ffel,2007-2008,ambiguous_family_multiple_records,opeid_master,loan_ffel__grad_plus_loans_originated_amt,nominal_usd,4,4,0,57781983.0
ffel,2007-2008,ambiguous_family_multiple_records,opeid_master,loan_ffel__grad_plus_disbursements,nominal_usd,4,4,0,55229059.0
ffel,2007-2008,ambiguous_family_multiple_records,opeid_master,loan_ffel__parent_plus_loans_originated_amt,nominal_usd,4,4,0,92367661.0
ffel,2007-2008,ambiguous_family_multiple_records,opeid_master,loan_ffel__parent_plus_disbursements,nominal_usd,4,4,0,87904217.0
ffel,2007-2008,excluded_annual_identity_unresolved,opeid_master,loan_ffel__subsidized_loans_originated_amt,nominal_usd,619,619,0,3778004928.0
ffel,2007-2008,excluded_annual_identity_unresolved,opeid_master,loan_ffel__subsidized_disbursements,nominal_usd,619,619,0,3399315386.0
ffel,2007-2008,excluded_annual_identity_unresolved,opeid_master,loan_ffel__unsubsidized_loans_originated_amt,nominal_usd,619,619,0,4222232204.0
ffel,2007-2008,excluded_annual_identity_unresolved,opeid_master,loan_ffel__unsubsidized_disbursements,nominal_usd,619,619,0,3817146014.0
ffel,2007-2008,excluded_annual_identity_unresolved,opeid_master,loan_ffel__plus_loans_originated_amt,nominal_usd,619,0,619,
ffel,2007-2008,excluded_annual_identity_unresolved,opeid_master,loan_ffel__plus_disbursements,nominal_usd,619,0,619,
ffel,2007-2008,excluded_annual_identity_unresolved,opeid_master,loan_ffel__grad_plus_loans_originated_amt,nominal_usd,619,619,0,429851588.0
ffel,2007-2008,excluded_annual_identity_unresolved,opeid_master,loan_ffel__grad_plus_disbursements,nominal_usd,619,619,0,405601068.0
ffel,2007-2008,excluded_annual_identity_unresolved,opeid_master,loan_ffel__parent_plus_loans_originated_amt,nominal_usd,619,619,0,523242317.0
ffel,2007-2008,excluded_annual_identity_unresolved,opeid_master,loan_ffel__parent_plus_disbursements,nominal_usd,619,619,0,489755829.0
ffel,2007-2008,included_unique_family_record,opeid_master,loan_ffel__subsidized_loans_originated_amt,nominal_usd,4224,4224,0,21627684156.0
ffel,2007-2008,included_unique_family_record,opeid_master,loan_ffel__subsidized_disbursements,nominal_usd,4224,4224,0,20020752485.0
ffel,2007-2008,included_unique_family_record,opeid_master,loan_ffel__unsubsidized_loans_originated_amt,nominal_usd,4224,4224,0,21118197584.0
ffel,2007-2008,included_unique_family_record,opeid_master,loan_ffel__unsubsidized_disbursements,nominal_usd,4224,4224,0,19455139908.0
ffel,2007-2008,included_unique_family_record,opeid_master,loan_ffel__plus_loans_originated_amt,nominal_usd,4224,0,4224,
ffel,2007-2008,included_unique_family_record,opeid_master,loan_ffel__plus_disbursements,nominal_usd,4224,0,4224,
ffel,2007-2008,included_unique_family_record,opeid_master,loan_ffel__grad_plus_loans_originated_amt,nominal_usd,4224,4224,0,2454563669.0
ffel,2007-2008,included_unique_family_record,opeid_master,loan_ffel__grad_plus_disbursements,nominal_usd,4224,4224,0,2341735103.0
ffel,2007-2008,included_unique_family_record,opeid_master,loan_ffel__parent_plus_loans_originated_amt,nominal_usd,4224,4224,0,5481873286.0
ffel,2007-2008,included_unique_family_record,opeid_master,loan_ffel__parent_plus_disbursements,nominal_usd,4224,4224,0,5204294047.0
ffel,2008-2009,ambiguous_family_multiple_records,opeid_master,loan_ffel__subsidized_loans_originated_amt,nominal_usd,4,4,0,122893062.0
ffel,2008-2009,ambiguous_family_multiple_records,opeid_master,loan_ffel__subsidized_disbursements,nominal_usd,4,4,0,118532160.0
ffel,2008-2009,ambiguous_family_multiple_records,opeid_master,loan_ffel__unsubsidized_loans_originated_amt,nominal_usd,4,4,0,178829588.0
ffel,2008-2009,ambiguous_family_multiple_records,opeid_master,loan_ffel__unsubsidized_disbursements,nominal_usd,4,4,0,170890460.0
ffel,2008-2009,ambiguous_family_multiple_records,opeid_master,loan_ffel__plus_loans_originated_amt,nominal_usd,4,0,4,
ffel,2008-2009,ambiguous_family_multiple_records,opeid_master,loan_ffel__plus_disbursements,nominal_usd,4,0,4,
ffel,2008-2009,ambiguous_family_multiple_records,opeid_master,loan_ffel__grad_plus_loans_originated_amt,nominal_usd,4,4,0,117402593.0
ffel,2008-2009,ambiguous_family_multiple_records,opeid_master,loan_ffel__grad_plus_disbursements,nominal_usd,4,4,0,106985420.0
ffel,2008-2009,ambiguous_family_multiple_records,opeid_master,loan_ffel__parent_plus_loans_originated_amt,nominal_usd,4,4,0,87993601.0
ffel,2008-2009,ambiguous_family_multiple_records,opeid_master,loan_ffel__parent_plus_disbursements,nominal_usd,4,4,0,83994078.0
ffel,2008-2009,excluded_annual_identity_unresolved,opeid_master,loan_ffel__subsidized_loans_originated_amt,nominal_usd,579,579,0,4242570353.0
ffel,2008-2009,excluded_annual_identity_unresolved,opeid_master,loan_ffel__subsidized_disbursements,nominal_usd,579,579,0,3901285964.0
ffel,2008-2009,excluded_annual_identity_unresolved,opeid_master,loan_ffel__unsubsidized_loans_originated_amt,nominal_usd,579,579,0,5755512261.0
ffel,2008-2009,excluded_annual_identity_unresolved,opeid_master,loan_ffel__unsubsidized_disbursements,nominal_usd,579,579,0,5268952459.0
ffel,2008-2009,excluded_annual_identity_unresolved,opeid_master,loan_ffel__plus_loans_originated_amt,nominal_usd,579,0,579,
ffel,2008-2009,excluded_annual_identity_unresolved,opeid_master,loan_ffel__plus_disbursements,nominal_usd,579,0,579,
ffel,2008-2009,excluded_annual_identity_unresolved,opeid_master,loan_ffel__grad_plus_loans_originated_amt,nominal_usd,579,579,0,487602606.0
ffel,2008-2009,excluded_annual_identity_unresolved,opeid_master,loan_ffel__grad_plus_disbursements,nominal_usd,579,579,0,471972470.0
ffel,2008-2009,excluded_annual_identity_unresolved,opeid_master,loan_ffel__parent_plus_loans_originated_amt,nominal_usd,579,579,0,471246814.0
ffel,2008-2009,excluded_annual_identity_unresolved,opeid_master,loan_ffel__parent_plus_disbursements,nominal_usd,579,579,0,449460224.0
ffel,2008-2009,included_unique_family_record,opeid_master,loan_ffel__subsidized_loans_originated_amt,nominal_usd,3960,3960,0,21686640153.0
ffel,2008-2009,included_unique_family_record,opeid_master,loan_ffel__subsidized_disbursements,nominal_usd,3960,3960,0,20541785328.0
ffel,2008-2009,included_unique_family_record,opeid_master,loan_ffel__unsubsidized_loans_originated_amt,nominal_usd,3960,3960,0,26813822113.0
ffel,2008-2009,included_unique_family_record,opeid_master,loan_ffel__unsubsidized_disbursements,nominal_usd,3960,3960,0,25272906455.0
ffel,2008-2009,included_unique_family_record,opeid_master,loan_ffel__plus_loans_originated_amt,nominal_usd,3960,0,3960,
ffel,2008-2009,included_unique_family_record,opeid_master,loan_ffel__plus_disbursements,nominal_usd,3960,0,3960,
ffel,2008-2009,included_unique_family_record,opeid_master,loan_ffel__grad_plus_loans_originated_amt,nominal_usd,3960,3960,0,3036749165.0
ffel,2008-2009,included_unique_family_record,opeid_master,loan_ffel__grad_plus_disbursements,nominal_usd,3960,3960,0,2940909078.0
ffel,2008-2009,included_unique_family_record,opeid_master,loan_ffel__parent_plus_loans_originated_amt,nominal_usd,3960,3960,0,4601895131.0
ffel,2008-2009,included_unique_family_record,opeid_master,loan_ffel__parent_plus_disbursements,nominal_usd,3960,3960,0,4427101487.0
ffel,2009-2010,excluded_annual_identity_unresolved,opeid_master,loan_ffel__subsidized_loans_originated_amt,nominal_usd,543,543,0,3418133166.0
ffel,2009-2010,excluded_annual_identity_unresolved,opeid_master,loan_ffel__subsidized_disbursements,nominal_usd,543,543,0,3174284908.0
ffel,2009-2010,excluded_annual_identity_unresolved,opeid_master,loan_ffel__unsubsidized_loans_originated_amt,nominal_usd,543,543,0,4268818662.0
ffel,2009-2010,excluded_annual_identity_unresolved,opeid_master,loan_ffel__unsubsidized_disbursements,nominal_usd,543,543,0,3969173189.0
ffel,2009-2010,excluded_annual_identity_unresolved,opeid_master,loan_ffel__plus_loans_originated_amt,nominal_usd,543,0,543,
ffel,2009-2010,excluded_annual_identity_unresolved,opeid_master,loan_ffel__plus_disbursements,nominal_usd,543,0,543,
ffel,2009-2010,excluded_annual_identity_unresolved,opeid_master,loan_ffel__grad_plus_loans_originated_amt,nominal_usd,543,543,0,569669497.0
ffel,2009-2010,excluded_annual_identity_unresolved,opeid_master,loan_ffel__grad_plus_disbursements,nominal_usd,543,543,0,554433734.0
ffel,2009-2010,excluded_annual_identity_unresolved,opeid_master,loan_ffel__parent_plus_loans_originated_amt,nominal_usd,543,543,0,376072920.0
ffel,2009-2010,excluded_annual_identity_unresolved,opeid_master,loan_ffel__parent_plus_disbursements,nominal_usd,543,543,0,361758143.0
ffel,2009-2010,included_unique_family_record,opeid_master,loan_ffel__subsidized_loans_originated_amt,nominal_usd,3645,3645,0,19803685979.0
ffel,2009-2010,included_unique_family_record,opeid_master,loan_ffel__subsidized_disbursements,nominal_usd,3645,3645,0,18788706567.0
ffel,2009-2010,included_unique_family_record,opeid_master,loan_ffel__unsubsidized_loans_originated_amt,nominal_usd,3645,3645,0,24644221438.0
ffel,2009-2010,included_unique_family_record,opeid_master,loan_ffel__unsubsidized_disbursements,nominal_usd,3645,3645,0,23238590397.0
ffel,2009-2010,included_unique_family_record,opeid_master,loan_ffel__plus_loans_originated_amt,nominal_usd,3645,0,3645,
ffel,2009-2010,included_unique_family_record,opeid_master,loan_ffel__plus_disbursements,nominal_usd,3645,0,3645,
ffel,2009-2010,included_unique_family_record,opeid_master,loan_ffel__grad_plus_loans_originated_amt,nominal_usd,3645,3645,0,3169678455.0
ffel,2009-2010,included_unique_family_record,opeid_master,loan_ffel__grad_plus_disbursements,nominal_usd,3645,3645,0,3095758647.0
ffel,2009-2010,included_unique_family_record,opeid_master,loan_ffel__parent_plus_loans_originated_amt,nominal_usd,3645,3645,0,4205651683.0
ffel,2009-2010,included_unique_family_record,opeid_master,loan_ffel__parent_plus_disbursements,nominal_usd,3645,3645,0,4060098096.0
