portable_name,canonical_name,variable_label
unitid,unitid,UNITID
award_year,award_year,Award year
award_year_start,award_year_start,Award year start
award_year_end,award_year_end,Award year end
grant__opeid8,grant__opeid8,Grant: OPEID8
grant__raw_opeid,grant__raw_opeid,Grant: Raw opeid
grant_source_identity_ff600db87e,grant__source_identity_resolution,Grant: Source identity resolution
grant__source_record_present,grant__source_record_present,Grant: Source record present
grant__source_filename,grant__source_filename,Grant: Source filename
grant__source_sheet,grant__source_sheet,Grant: Source sheet
grant__source_excel_row,grant__source_excel_row,Grant: Source excel row
grant__school,grant__school,Grant: School
grant__state,grant__state,Grant: State
grant__school_type,grant__school_type,Grant: School type
grant__pell_recipients,grant__pell_recipients,Grant: Pell recipients
grant__pell_recipients__status,grant__pell_recipients__status,Grant: Pell recipients status
grant_pell_recips_raw_be71b6397c,grant__pell_recipients__raw_token,Grant: Pell recipients raw token
grant_pell_recips_lb_d9ed2d6c4d,grant__pell_recipients__lower_bound,Grant: Pell recipients lower bound
grant_pell_recips_ub_fb5e100506,grant__pell_recipients__upper_bound,Grant: Pell recipients upper bound
grant__pell_disbursements,grant__pell_disbursements,Grant: Pell disbursements
grant_pell_disb_statu_dd269944c5,grant__pell_disbursements__status,Grant: Pell disbursements status
grant_pell_disb_raw_t_106464ad06,grant__pell_disbursements__raw_token,Grant: Pell disbursements raw token
grant_pell_disb_lb_cee283516d,grant__pell_disbursements__lower_bound,Grant: Pell disbursements lower bound
grant_pell_disb_ub_b2de192e84,grant__pell_disbursements__upper_bound,Grant: Pell disbursements upper bound
grant__raw_zip_code,grant__raw_zip_code,Grant: Raw zip code
grant__zip_code,grant__zip_code,Grant: Zip code
grant__acg_recipients,grant__acg_recipients,Grant: ACG recipients
grant__acg_recipients__status,grant__acg_recipients__status,Grant: ACG recipients status
grant__acg_recipients__raw_token,grant__acg_recipients__raw_token,Grant: ACG recipients raw token
grant_acg_recips_lb_65c289621e,grant__acg_recipients__lower_bound,Grant: ACG recipients lower bound
grant_acg_recips_ub_5bc9693856,grant__acg_recipients__upper_bound,Grant: ACG recipients upper bound
grant__acg_disbursements,grant__acg_disbursements,Grant: ACG disbursements
grant__acg_disbursements__status,grant__acg_disbursements__status,Grant: ACG disbursements status
grant_acg_disb_raw_to_f32d3d4a50,grant__acg_disbursements__raw_token,Grant: ACG disbursements raw token
grant_acg_disb_lb_6cf8cb57b0,grant__acg_disbursements__lower_bound,Grant: ACG disbursements lower bound
grant_acg_disb_ub_9383c4b790,grant__acg_disbursements__upper_bound,Grant: ACG disbursements upper bound
grant__smart_recipients,grant__smart_recipients,Grant: SMART recipients
grant__smart_recipients__status,grant__smart_recipients__status,Grant: SMART recipients status
grant_smart_recips_ra_7e573f02d7,grant__smart_recipients__raw_token,Grant: SMART recipients raw token
grant_smart_recips_lb_dff6010e02,grant__smart_recipients__lower_bound,Grant: SMART recipients lower bound
grant_smart_recips_ub_35de943310,grant__smart_recipients__upper_bound,Grant: SMART recipients upper bound
grant__smart_disbursements,grant__smart_disbursements,Grant: SMART disbursements
grant_smart_disb_stat_bd061f0d96,grant__smart_disbursements__status,Grant: SMART disbursements status
grant_smart_disb_raw__cdb501b3ba,grant__smart_disbursements__raw_token,Grant: SMART disbursements raw token
grant_smart_disb_lb_3232537425,grant__smart_disbursements__lower_bound,Grant: SMART disbursements lower bound
grant_smart_disb_ub_d4f41c7714,grant__smart_disbursements__upper_bound,Grant: SMART disbursements upper bound
grant__teach_recipients,grant__teach_recipients,Grant: TEACH recipients
grant__teach_recipients__status,grant__teach_recipients__status,Grant: TEACH recipients status
grant_teach_recips_ra_ea2502d329,grant__teach_recipients__raw_token,Grant: TEACH recipients raw token
grant_teach_recips_lb_4815cba2af,grant__teach_recipients__lower_bound,Grant: TEACH recipients lower bound
grant_teach_recips_ub_0dbc3b97ee,grant__teach_recipients__upper_bound,Grant: TEACH recipients upper bound
grant__teach_disbursements,grant__teach_disbursements,Grant: TEACH disbursements
grant_teach_disb_stat_47b91085e5,grant__teach_disbursements__status,Grant: TEACH disbursements status
grant_teach_disb_raw__70d9fee95a,grant__teach_disbursements__raw_token,Grant: TEACH disbursements raw token
grant_teach_disb_lb_4c8f339a12,grant__teach_disbursements__lower_bound,Grant: TEACH disbursements lower bound
grant_teach_disb_ub_6367211e92,grant__teach_disbursements__upper_bound,Grant: TEACH disbursements upper bound
grant__iasg_recipients,grant__iasg_recipients,Grant: IASG recipients
grant__iasg_recipients__status,grant__iasg_recipients__status,Grant: IASG recipients status
grant_iasg_recips_raw_8dc46b31e3,grant__iasg_recipients__raw_token,Grant: IASG recipients raw token
grant_iasg_recips_lb_3686374560,grant__iasg_recipients__lower_bound,Grant: IASG recipients lower bound
grant_iasg_recips_ub_8abae2389f,grant__iasg_recipients__upper_bound,Grant: IASG recipients upper bound
grant__iasg_disbursements,grant__iasg_disbursements,Grant: IASG disbursements
grant_iasg_disb_statu_c99a9ad4ab,grant__iasg_disbursements__status,Grant: IASG disbursements status
grant_iasg_disb_raw_t_65d9d31ce3,grant__iasg_disbursements__raw_token,Grant: IASG disbursements raw token
grant_iasg_disb_lb_2d8b4627d4,grant__iasg_disbursements__lower_bound,Grant: IASG disbursements lower bound
grant_iasg_disb_ub_5d13393b9f,grant__iasg_disbursements__upper_bound,Grant: IASG disbursements upper bound
grant__source_report_present,grant__source_report_present,Grant: Source report present
grant_fsa_school_revi_9d880c02b4,grant__fsa_school__review_required,Grant: FSA school review required
grant_fsa_state_revie_caad7fb8af,grant__fsa_state__review_required,Grant: FSA state review required
grant_fsa_zip_code_re_385fba09af,grant__fsa_zip_code__review_required,Grant: FSA zip code review required
grant_fsa_school_type_1f0bb0981e,grant__fsa_school_type__review_required,Grant: FSA school type review required
grant_fsa_descriptor__20cb95e914,grant__fsa_descriptor_review_required,Grant: FSA descriptor review required
grant__ipeds_anchor,grant__ipeds_anchor,Grant: IPEDS anchor
grant__ipeds_year,grant__ipeds_year,Grant: IPEDS year
grant__ipeds_match_status,grant__ipeds_match_status,Grant: IPEDS match status
grant__ipeds_match_method,grant__ipeds_match_method,Grant: IPEDS match method
grant_ipeds_exact_can_976b43df36,grant__ipeds_exact_candidate_count,Grant: IPEDS exact candidate count
grant__ipeds_unitid_start,grant__ipeds_unitid_start,Grant: IPEDS UNITID start
grant__ipeds_unitid_end,grant__ipeds_unitid_end,Grant: IPEDS UNITID end
grant_ipeds_start_can_ea18ba6da6,grant__ipeds_start_candidate_count,Grant: IPEDS start candidate count
grant__ipeds_end_candidate_count,grant__ipeds_end_candidate_count,Grant: IPEDS end candidate count
grant__ipeds_anchor_sensitivity,grant__ipeds_anchor_sensitivity,Grant: IPEDS anchor sensitivity
grant__ipeds_scope_root,grant__ipeds_scope_root,Grant: IPEDS scope root
grant_ipeds_root_unit_6e1cc7059d,grant__ipeds_root_unitid_count_start,Grant: IPEDS root UNITID count start
grant_ipeds_root_unit_6ee8485c07,grant__ipeds_root_unitid_count_end,Grant: IPEDS root UNITID count end
grant__fsa_root_opeid_count,grant__fsa_root_opeid_count,Grant: FSA root opeid count
grant_ipeds_opeid_lif_c46fd77dc2,grant__ipeds_opeid_lifetime_unitid_count,Grant: IPEDS opeid lifetime UNITID count
grant_ipeds_unitid_li_4b6feade0c,grant__ipeds_unitid_lifetime_opeid_count,Grant: IPEDS UNITID lifetime opeid count
grant__ipeds_strict_eligible,grant__ipeds_strict_eligible,Grant: IPEDS strict eligible
grant_ipeds_strict_ex_9e61f3132d,grant__ipeds_strict_exclusion_reasons,Grant: IPEDS strict exclusion reasons
grant__ipeds_reporting_scope,grant__ipeds_reporting_scope,Grant: IPEDS reporting scope
grant__ipeds_instnm,grant__ipeds_instnm,Grant: IPEDS instnm
grant__ipeds_stabbr,grant__ipeds_stabbr,Grant: IPEDS stabbr
grant__ipeds_city,grant__ipeds_city,Grant: IPEDS city
grant__ipeds_zip,grant__ipeds_zip,Grant: IPEDS zip
grant__ipeds_opeflag,grant__ipeds_opeflag,Grant: IPEDS opeflag
grant__ipeds_sector,grant__ipeds_sector,Grant: IPEDS sector
grant__ipeds_cyactive,grant__ipeds_cyactive,Grant: IPEDS cyactive
grant__ipeds_act,grant__ipeds_act,Grant: IPEDS act
grant__ipeds_newid,grant__ipeds_newid,Grant: IPEDS newid
grant__ipeds_deathyr,grant__ipeds_deathyr,Grant: IPEDS deathyr
grant__ipeds_closedat,grant__ipeds_closedat,Grant: IPEDS closedat
grant__ipeds_postsec,grant__ipeds_postsec,Grant: IPEDS postsec
grant__ipeds_pseflag,grant__ipeds_pseflag,Grant: IPEDS pseflag
grant__ipeds_pset4flg,grant__ipeds_pset4flg,Grant: IPEDS pset4flg
grant__ipeds_rptmth,grant__ipeds_rptmth,Grant: IPEDS rptmth
grant__ipeds_f1systyp,grant__ipeds_f1systyp,Grant: IPEDS f1systyp
grant__ipeds_f1sysnam,grant__ipeds_f1sysnam,Grant: IPEDS f1sysnam
grant__ipeds_f1syscod,grant__ipeds_f1syscod,Grant: IPEDS f1syscod
grant__prch_ic,grant__prch_ic,Grant: Prch ic
grant__idx_ic,grant__idx_ic,Grant: Idx ic
grant__ipeds_source_path,grant__ipeds_source_path,Grant: IPEDS source path
grant__ipeds_source_sha256,grant__ipeds_source_sha256,Grant: IPEDS source sha256
grant__ipeds_source_member,grant__ipeds_source_member,Grant: IPEDS source member
grant__prch_c,grant__prch_c,Grant: Prch c
grant__idx_c,grant__idx_c,Grant: Idx c
grant__prch_ef,grant__prch_ef,Grant: Prch ef
grant__idx_ef,grant__idx_ef,Grant: Idx ef
grant__prch_f,grant__prch_f,Grant: Prch f
grant__idx_f,grant__idx_f,Grant: Idx f
grant__prch_sfa,grant__prch_sfa,Grant: Prch sfa
grant__idx_sfa,grant__idx_sfa,Grant: Idx sfa
grant__prch_gr,grant__prch_gr,Grant: Prch gr
grant__idx_gr,grant__idx_gr,Grant: Idx gr
grant__prch_sa,grant__prch_sa,Grant: Prch sa
grant__idx_sa,grant__idx_sa,Grant: Idx sa
grant__prch_s,grant__prch_s,Grant: Prch s
grant__idx_s,grant__idx_s,Grant: Idx s
grant__prch_eap,grant__prch_eap,Grant: Prch eap
grant__idx_eap,grant__idx_eap,Grant: Idx eap
grant__prch_hr,grant__prch_hr,Grant: Prch hr
grant__idx_hr,grant__idx_hr,Grant: Idx hr
grant__prch_e12,grant__prch_e12,Grant: Prch e12
grant__idx_e12,grant__idx_e12,Grant: Idx e12
grant__prch_gr2,grant__prch_gr2,Grant: Prch gr2
grant__idx_gr2,grant__idx_gr2,Grant: Idx gr2
grant__prch_al,grant__prch_al,Grant: Prch al
grant__idx_al,grant__idx_al,Grant: Idx al
grant__prch_om,grant__prch_om,Grant: Prch om
grant__idx_om,grant__idx_om,Grant: Idx om
grant__prchtp_f,grant__prchtp_f,Grant: Prchtp f
grant__prch_adm,grant__prch_adm,Grant: Prch adm
grant__idx_adm,grant__idx_adm,Grant: Idx adm
grant__prch_cos,grant__prch_cos,Grant: Prch cos
grant__idx_cos,grant__idx_cos,Grant: Idx cos
grant__ipeds_directory_unitid,grant__ipeds_directory_unitid,Grant: IPEDS directory UNITID
grant_ipeds_directory_15ecfec453,grant__ipeds_directory_match_status,Grant: IPEDS directory match status
grant__ipeds_geography_class,grant__ipeds_geography_class,Grant: IPEDS geography class
grant__ipeds_crosswalk_available,grant__ipeds_crosswalk_available,Grant: IPEDS crosswalk available
grant_ipeds_crosswalk_351100db7f,grant__ipeds_crosswalk_site_unitids_json,Grant: IPEDS crosswalk site unitids json
grant_ipeds_crosswalk_68777a39f6,grant__ipeds_crosswalk_parent_unitids_json,Grant: IPEDS crosswalk parent unitids json
grant_ipeds_directory_bf284e44c4,grant__ipeds_directory_candidate_unitids_json,Grant: IPEDS directory candidate unitids json
grant_ipeds_crosswalk_dc7df9d98a,grant__ipeds_crosswalk_anchor_sensitivity,Grant: IPEDS crosswalk anchor sensitivity
grant__fsa_source_identity_kind,grant__fsa_source_identity_kind,Grant: FSA source identity kind
grant_ipeds_candidate_8c1cc4d975,grant__ipeds_candidate_unitid_before_descriptor_review,Grant: IPEDS candidate UNITID before descriptor review
grant__ipeds_candidate_instnm,grant__ipeds_candidate_instnm,Grant: IPEDS candidate instnm
grant__ipeds_candidate_stabbr,grant__ipeds_candidate_stabbr,Grant: IPEDS candidate stabbr
grant_ipeds_identity__9a4c6dd793,grant__ipeds_identity_geography_conflict,Grant: IPEDS identity geography conflict
grant_ipeds_fsa_hd_st_079356c4b3,grant__ipeds_fsa_hd_state_conflict,Grant: IPEDS FSA hd state conflict
grant_ipeds_fsa_hd_na_8973806560,grant__ipeds_fsa_hd_name_similarity,Grant: IPEDS FSA hd name similarity
grant_ipeds_fsa_hd_na_ff77785b54,grant__ipeds_fsa_hd_name_review_required,Grant: IPEDS FSA hd name review required
grant__ipeds_resolution_status,grant__ipeds_resolution_status,Grant: IPEDS resolution status
grant_ipeds_annual_id_07d89d6242,grant__ipeds_annual_identity_eligible,Grant: IPEDS annual identity eligible
grant_ipeds_identity__4ce5af069f,grant__ipeds_identity_is_administrative,Grant: IPEDS identity is administrative
grant__ipeds_title_iv_status,grant__ipeds_title_iv_status,Grant: IPEDS title iv status
grant__ipeds_activity_code,grant__ipeds_activity_code,Grant: IPEDS activity code
grant_ipeds_current_y_7a4a8a3eeb,grant__ipeds_current_year_active_code,Grant: IPEDS current year active code
grant__ipeds_closed_with_data,grant__ipeds_closed_with_data,Grant: IPEDS closed with data
grant_ipeds_identity__04493c90e4,grant__ipeds_identity_uses_historical_relation,Grant: IPEDS identity uses historical relation
grant_ipeds_identity__d0463e9383,grant__ipeds_identity_strict_contemporaneous,Grant: IPEDS identity strict contemporaneous
grant__ipeds_scope_alignment,grant__ipeds_scope_alignment,Grant: IPEDS scope alignment
grant_ipeds_has_other_938319426e,grant__ipeds_has_other_parent_unitid,Grant: IPEDS has other parent UNITID
grant_ipeds_component_49c6ae00b5,grant__ipeds_component_scope_review_required,Grant: IPEDS component scope review required
grant__ipeds_finance_scope,grant__ipeds_finance_scope,Grant: IPEDS finance scope
grant_ipeds_finance_p_bed618ae25,grant__ipeds_finance_parent_reference_missing,Grant: IPEDS finance parent reference missing
grant__ipeds_student_aid_scope,grant__ipeds_student_aid_scope,Grant: IPEDS student aid scope
grant_ipeds_student_a_c49b19bdc6,grant__ipeds_student_aid_parent_reference_missing,Grant: IPEDS student aid parent reference missing
grant_ipeds_fall_enro_2cdccd99fa,grant__ipeds_fall_enrollment_scope,Grant: IPEDS fall enrollment scope
grant_ipeds_fall_enro_f903d0e4a2,grant__ipeds_fall_enrollment_parent_reference_missing,Grant: IPEDS fall enrollment parent reference missing
grant__ipeds_completions_scope,grant__ipeds_completions_scope,Grant: IPEDS completions scope
grant_ipeds_completio_5718b64c1c,grant__ipeds_completions_parent_reference_missing,Grant: IPEDS completions parent reference missing
grant_ipeds_twelve_mo_ee12b7da3d,grant__ipeds_twelve_month_enrollment_scope,Grant: IPEDS twelve month enrollment scope
grant_ipeds_twelve_mo_99c928421b,grant__ipeds_twelve_month_enrollment_parent_reference_missing,Grant: IPEDS twelve month enrollment parent reference missing
grant__cw_source_row,grant__cw_source_row,Grant: Crosswalk source row
grant__cw_source_path,grant__cw_source_path,Grant: Crosswalk source path
grant__cw_source_sha256,grant__cw_source_sha256,Grant: Crosswalk source sha256
grant__cw_preliminary,grant__cw_preliminary,Grant: Crosswalk preliminary
grant__cw_source_code,grant__cw_source_code,Grant: Crosswalk source code
grant__cw_source_method,grant__cw_source_method,Grant: Crosswalk source method
grant__cw_ipeds_reporting_code,grant__cw_ipeds_reporting_code,Grant: Crosswalk IPEDS reporting code
grant__cw_parent_opeid8,grant__cw_parent_opeid8,Grant: Crosswalk parent OPEID8
grant__cw_site_candidate_count,grant__cw_site_candidate_count,Grant: Crosswalk site candidate count
grant__cw_primary_unitid,grant__cw_primary_unitid,Grant: Crosswalk primary UNITID
grant_cw_additional_c_bb578120a4,grant__cw_additional_candidate_count,Grant: Crosswalk additional candidate count
grant__cw_parent_candidate_count,grant__cw_parent_candidate_count,Grant: Crosswalk parent candidate count
grant__cw_has_additional_match,grant__cw_has_additional_match,Grant: Crosswalk has additional match
grant__cw_multiple_site_unitids,grant__cw_multiple_site_unitids,Grant: Crosswalk multiple site unitids
grant_cw_relation_par_b14bf0b533,grant__cw_relation_parse_complete,Grant: Crosswalk relation parse complete
grant__cw_site_parse_complete,grant__cw_site_parse_complete,Grant: Crosswalk site parse complete
grant__cw_parse_issues_json,grant__cw_parse_issues_json,Grant: Crosswalk parse issues json
grant_cw_site_parent__282f7127bd,grant__cw_site_parent_unitids_differ,Grant: Crosswalk site parent unitids differ
grant__cw_official_no_match,grant__cw_official_no_match,Grant: Crosswalk official no match
grant__cw_has_change_notes,grant__cw_has_change_notes,Grant: Crosswalk has change notes
grant__cw_has_prior_id_notes,grant__cw_has_prior_id_notes,Grant: Crosswalk has prior id notes
grant__cw_raw_OPEID,grant__cw_raw_OPEID,Grant: Crosswalk raw OPEID
grant__cw_raw_IPEDSMatch,grant__cw_raw_IPEDSMatch,Grant: Crosswalk raw IPEDSMatch
grant__cw_raw_AddMatch,grant__cw_raw_AddMatch,Grant: Crosswalk raw AddMatch
grant__cw_raw_Source,grant__cw_raw_Source,Grant: Crosswalk raw Source
grant__cw_raw_PEPSSchname,grant__cw_raw_PEPSSchname,Grant: Crosswalk raw PEPSSchname
grant__cw_raw_PEPSLocname,grant__cw_raw_PEPSLocname,Grant: Crosswalk raw PEPSLocname
grant__cw_raw_PEPSEligCert,grant__cw_raw_PEPSEligCert,Grant: Crosswalk raw PEPSEligCert
grant__cw_raw_IPEDSInstnm,grant__cw_raw_IPEDSInstnm,Grant: Crosswalk raw IPEDSInstnm
grant__cw_raw_IPEDSPSET4FLG,grant__cw_raw_IPEDSPSET4FLG,Grant: Crosswalk raw IPEDSPSET4FLG
grant__cw_raw_f1sysnam,grant__cw_raw_f1sysnam,Grant: Crosswalk raw f1sysnam
grant__cw_raw_IPEDSrpt,grant__cw_raw_IPEDSrpt,Grant: Crosswalk raw IPEDSrpt
grant__cw_raw_OPEIDMain,grant__cw_raw_OPEIDMain,Grant: Crosswalk raw OPEIDMain
grant__cw_raw_IPEDSMain,grant__cw_raw_IPEDSMain,Grant: Crosswalk raw IPEDSMain
grant__cw_raw_PY_UNITID,grant__cw_raw_PY_UNITID,Grant: Crosswalk raw PY UNITID
grant__cw_raw_PYNotes,grant__cw_raw_PYNotes,Grant: Crosswalk raw PYNotes
grant__cw_raw_PY_OPEID,grant__cw_raw_PY_OPEID,Grant: Crosswalk raw PY OPEID
grant__cw_raw_COA1,grant__cw_raw_COA1,Grant: Crosswalk raw COA1
grant__cw_raw_COA2,grant__cw_raw_COA2,Grant: Crosswalk raw COA2
grant__cw_raw_COA3,grant__cw_raw_COA3,Grant: Crosswalk raw COA3
grant__cw_raw_COA4,grant__cw_raw_COA4,Grant: Crosswalk raw COA4
grant__cw_raw_COA5,grant__cw_raw_COA5,Grant: Crosswalk raw COA5
grant__cw_duplicate_opeid_rows,grant__cw_duplicate_opeid_rows,Grant: Crosswalk duplicate opeid rows
grant_source_identity_f17093024f,grant__source_identity_evidence_json,Grant: Source identity evidence json
grant__source_sha256,grant__source_sha256,Grant: Source sha256
grant_unitid_source_r_df0e4dbea1,grant__unitid_source_record_count,Grant: UNITID source record count
grant__unitid_record_status,grant__unitid_record_status,Grant: UNITID record status
grant__unitid_aid_scope_note,grant__unitid_aid_scope_note,Grant: UNITID aid scope note
campus__opeid8,campus__opeid8,Campus-based: OPEID8
campus__raw_opeid,campus__raw_opeid,Campus-based: Raw opeid
campus_source_identit_d6181cd035,campus__source_identity_resolution,Campus-based: Source identity resolution
campus__source_record_present,campus__source_record_present,Campus-based: Source record present
campus__source_filename,campus__source_filename,Campus-based: Source filename
campus__source_sheet,campus__source_sheet,Campus-based: Source sheet
campus__source_excel_row,campus__source_excel_row,Campus-based: Source excel row
campus__school,campus__school,Campus-based: School
campus__state,campus__state,Campus-based: State
campus__raw_zip_code,campus__raw_zip_code,Campus-based: Raw zip code
campus__zip_code,campus__zip_code,Campus-based: Zip code
campus__school_type,campus__school_type,Campus-based: School type
campus__fws_recipients,campus__fws_recipients,Campus-based: FWS recipients
campus__fws_recipients__status,campus__fws_recipients__status,Campus-based: FWS recipients status
campus_fws_recips_raw_9c3dfe48ae,campus__fws_recipients__raw_token,Campus-based: FWS recipients raw token
campus_fws_recips_lb_fa74a9b17d,campus__fws_recipients__lower_bound,Campus-based: FWS recipients lower bound
campus_fws_recips_ub_286d06cbaf,campus__fws_recipients__upper_bound,Campus-based: FWS recipients upper bound
campus__fws_federal_award,campus__fws_federal_award,Campus-based: FWS federal award
campus_fws_federal_aw_f2d7aeaf16,campus__fws_federal_award__status,Campus-based: FWS federal award status
campus_fws_federal_aw_583eeb790a,campus__fws_federal_award__raw_token,Campus-based: FWS federal award raw token
campus_fws_federal_aw_1fdc737b74,campus__fws_federal_award__lower_bound,Campus-based: FWS federal award lower bound
campus_fws_federal_aw_57bc845c6b,campus__fws_federal_award__upper_bound,Campus-based: FWS federal award upper bound
campus__fws_disbursements,campus__fws_disbursements,Campus-based: FWS disbursements
campus_fws_disb_statu_98da5f5e9a,campus__fws_disbursements__status,Campus-based: FWS disbursements status
campus_fws_disb_raw_t_b35efa4e36,campus__fws_disbursements__raw_token,Campus-based: FWS disbursements raw token
campus_fws_disb_lb_e43b811e53,campus__fws_disbursements__lower_bound,Campus-based: FWS disbursements lower bound
campus_fws_disb_ub_0d5009848f,campus__fws_disbursements__upper_bound,Campus-based: FWS disbursements upper bound
campus__perkins_recipients,campus__perkins_recipients,Campus-based: Perkins recipients
campus_perkins_recips_8248831f37,campus__perkins_recipients__status,Campus-based: Perkins recipients status
campus_perkins_recips_0c1fe1882f,campus__perkins_recipients__raw_token,Campus-based: Perkins recipients raw token
campus_perkins_recips_37e565293c,campus__perkins_recipients__lower_bound,Campus-based: Perkins recipients lower bound
campus_perkins_recips_fa76f8f5d1,campus__perkins_recipients__upper_bound,Campus-based: Perkins recipients upper bound
campus__perkins_federal_award,campus__perkins_federal_award,Campus-based: Perkins federal award
campus_perkins_federa_1cc79eba00,campus__perkins_federal_award__status,Campus-based: Perkins federal award status
campus_perkins_federa_be39ff9892,campus__perkins_federal_award__raw_token,Campus-based: Perkins federal award raw token
campus_perkins_federa_317660170f,campus__perkins_federal_award__lower_bound,Campus-based: Perkins federal award lower bound
campus_perkins_federa_efd978be20,campus__perkins_federal_award__upper_bound,Campus-based: Perkins federal award upper bound
campus_perkins_disb_a_278efb96c1,campus__perkins_disbursements_amt,Campus-based: Perkins disbursements amount
campus_perkins_disb_a_c48914939b,campus__perkins_disbursements_amt__status,Campus-based: Perkins disbursements amount status
campus_perkins_disb_a_dbdba9ae78,campus__perkins_disbursements_amt__raw_token,Campus-based: Perkins disbursements amount raw token
campus_perkins_disb_a_f9f851b985,campus__perkins_disbursements_amt__lower_bound,Campus-based: Perkins disbursements amount lower bound
campus_perkins_disb_a_ae990b86f8,campus__perkins_disbursements_amt__upper_bound,Campus-based: Perkins disbursements amount upper bound
campus__fseog_recipients,campus__fseog_recipients,Campus-based: FSEOG recipients
campus__fseog_recipients__status,campus__fseog_recipients__status,Campus-based: FSEOG recipients status
campus_fseog_recips_r_d9dc7bd91b,campus__fseog_recipients__raw_token,Campus-based: FSEOG recipients raw token
campus_fseog_recips_l_fb92a59969,campus__fseog_recipients__lower_bound,Campus-based: FSEOG recipients lower bound
campus_fseog_recips_u_e7ad4df9ca,campus__fseog_recipients__upper_bound,Campus-based: FSEOG recipients upper bound
campus__fseog_federal_award,campus__fseog_federal_award,Campus-based: FSEOG federal award
campus_fseog_federal__274963caa4,campus__fseog_federal_award__status,Campus-based: FSEOG federal award status
campus_fseog_federal__655546c258,campus__fseog_federal_award__raw_token,Campus-based: FSEOG federal award raw token
campus_fseog_federal__311b0aea8f,campus__fseog_federal_award__lower_bound,Campus-based: FSEOG federal award lower bound
campus_fseog_federal__c4a41b9397,campus__fseog_federal_award__upper_bound,Campus-based: FSEOG federal award upper bound
campus__fseog_disbursements,campus__fseog_disbursements,Campus-based: FSEOG disbursements
campus_fseog_disb_sta_3b147016c2,campus__fseog_disbursements__status,Campus-based: FSEOG disbursements status
campus_fseog_disb_raw_44be642425,campus__fseog_disbursements__raw_token,Campus-based: FSEOG disbursements raw token
campus_fseog_disb_lb_c0a35f4d6b,campus__fseog_disbursements__lower_bound,Campus-based: FSEOG disbursements lower bound
campus_fseog_disb_ub_7d90b602ba,campus__fseog_disbursements__upper_bound,Campus-based: FSEOG disbursements upper bound
campus__source_report_present,campus__source_report_present,Campus-based: Source report present
campus_fsa_school_rev_565c723c6d,campus__fsa_school__review_required,Campus-based: FSA school review required
campus_fsa_state_revi_e330cd1863,campus__fsa_state__review_required,Campus-based: FSA state review required
campus_fsa_zip_code_r_76a0afa75e,campus__fsa_zip_code__review_required,Campus-based: FSA zip code review required
campus_fsa_school_typ_631864e615,campus__fsa_school_type__review_required,Campus-based: FSA school type review required
campus_fsa_descriptor_555199d288,campus__fsa_descriptor_review_required,Campus-based: FSA descriptor review required
campus__ipeds_anchor,campus__ipeds_anchor,Campus-based: IPEDS anchor
campus__ipeds_year,campus__ipeds_year,Campus-based: IPEDS year
campus__ipeds_match_status,campus__ipeds_match_status,Campus-based: IPEDS match status
campus__ipeds_match_method,campus__ipeds_match_method,Campus-based: IPEDS match method
campus_ipeds_exact_ca_3d54579c9b,campus__ipeds_exact_candidate_count,Campus-based: IPEDS exact candidate count
campus__ipeds_unitid_start,campus__ipeds_unitid_start,Campus-based: IPEDS UNITID start
campus__ipeds_unitid_end,campus__ipeds_unitid_end,Campus-based: IPEDS UNITID end
campus_ipeds_start_ca_49cec7d057,campus__ipeds_start_candidate_count,Campus-based: IPEDS start candidate count
campus_ipeds_end_cand_9875723217,campus__ipeds_end_candidate_count,Campus-based: IPEDS end candidate count
campus__ipeds_anchor_sensitivity,campus__ipeds_anchor_sensitivity,Campus-based: IPEDS anchor sensitivity
campus__ipeds_scope_root,campus__ipeds_scope_root,Campus-based: IPEDS scope root
campus_ipeds_root_uni_b0d10b482d,campus__ipeds_root_unitid_count_start,Campus-based: IPEDS root UNITID count start
campus_ipeds_root_uni_197eb51a92,campus__ipeds_root_unitid_count_end,Campus-based: IPEDS root UNITID count end
campus__fsa_root_opeid_count,campus__fsa_root_opeid_count,Campus-based: FSA root opeid count
campus_ipeds_opeid_li_821f6c37d3,campus__ipeds_opeid_lifetime_unitid_count,Campus-based: IPEDS opeid lifetime UNITID count
campus_ipeds_unitid_l_90157ea649,campus__ipeds_unitid_lifetime_opeid_count,Campus-based: IPEDS UNITID lifetime opeid count
campus__ipeds_strict_eligible,campus__ipeds_strict_eligible,Campus-based: IPEDS strict eligible
campus_ipeds_strict_e_76abe923e9,campus__ipeds_strict_exclusion_reasons,Campus-based: IPEDS strict exclusion reasons
campus__ipeds_reporting_scope,campus__ipeds_reporting_scope,Campus-based: IPEDS reporting scope
campus__ipeds_instnm,campus__ipeds_instnm,Campus-based: IPEDS instnm
campus__ipeds_stabbr,campus__ipeds_stabbr,Campus-based: IPEDS stabbr
campus__ipeds_city,campus__ipeds_city,Campus-based: IPEDS city
campus__ipeds_zip,campus__ipeds_zip,Campus-based: IPEDS zip
campus__ipeds_opeflag,campus__ipeds_opeflag,Campus-based: IPEDS opeflag
campus__ipeds_sector,campus__ipeds_sector,Campus-based: IPEDS sector
campus__ipeds_cyactive,campus__ipeds_cyactive,Campus-based: IPEDS cyactive
campus__ipeds_act,campus__ipeds_act,Campus-based: IPEDS act
campus__ipeds_newid,campus__ipeds_newid,Campus-based: IPEDS newid
campus__ipeds_deathyr,campus__ipeds_deathyr,Campus-based: IPEDS deathyr
campus__ipeds_closedat,campus__ipeds_closedat,Campus-based: IPEDS closedat
campus__ipeds_postsec,campus__ipeds_postsec,Campus-based: IPEDS postsec
campus__ipeds_pseflag,campus__ipeds_pseflag,Campus-based: IPEDS pseflag
campus__ipeds_pset4flg,campus__ipeds_pset4flg,Campus-based: IPEDS pset4flg
campus__ipeds_rptmth,campus__ipeds_rptmth,Campus-based: IPEDS rptmth
campus__ipeds_f1systyp,campus__ipeds_f1systyp,Campus-based: IPEDS f1systyp
campus__ipeds_f1sysnam,campus__ipeds_f1sysnam,Campus-based: IPEDS f1sysnam
campus__ipeds_f1syscod,campus__ipeds_f1syscod,Campus-based: IPEDS f1syscod
campus__prch_ic,campus__prch_ic,Campus-based: Prch ic
campus__idx_ic,campus__idx_ic,Campus-based: Idx ic
campus__ipeds_source_path,campus__ipeds_source_path,Campus-based: IPEDS source path
campus__ipeds_source_sha256,campus__ipeds_source_sha256,Campus-based: IPEDS source sha256
campus__ipeds_source_member,campus__ipeds_source_member,Campus-based: IPEDS source member
campus__prch_c,campus__prch_c,Campus-based: Prch c
campus__idx_c,campus__idx_c,Campus-based: Idx c
campus__prch_ef,campus__prch_ef,Campus-based: Prch ef
campus__idx_ef,campus__idx_ef,Campus-based: Idx ef
campus__prch_f,campus__prch_f,Campus-based: Prch f
campus__idx_f,campus__idx_f,Campus-based: Idx f
campus__prch_sfa,campus__prch_sfa,Campus-based: Prch sfa
campus__idx_sfa,campus__idx_sfa,Campus-based: Idx sfa
campus__prch_gr,campus__prch_gr,Campus-based: Prch gr
campus__idx_gr,campus__idx_gr,Campus-based: Idx gr
campus__prch_sa,campus__prch_sa,Campus-based: Prch sa
campus__idx_sa,campus__idx_sa,Campus-based: Idx sa
campus__prch_s,campus__prch_s,Campus-based: Prch s
campus__idx_s,campus__idx_s,Campus-based: Idx s
campus__prch_eap,campus__prch_eap,Campus-based: Prch eap
campus__idx_eap,campus__idx_eap,Campus-based: Idx eap
campus__prch_hr,campus__prch_hr,Campus-based: Prch hr
campus__idx_hr,campus__idx_hr,Campus-based: Idx hr
campus__prch_e12,campus__prch_e12,Campus-based: Prch e12
campus__idx_e12,campus__idx_e12,Campus-based: Idx e12
campus__prch_gr2,campus__prch_gr2,Campus-based: Prch gr2
campus__idx_gr2,campus__idx_gr2,Campus-based: Idx gr2
campus__prch_al,campus__prch_al,Campus-based: Prch al
campus__idx_al,campus__idx_al,Campus-based: Idx al
campus__prch_om,campus__prch_om,Campus-based: Prch om
campus__idx_om,campus__idx_om,Campus-based: Idx om
campus__prchtp_f,campus__prchtp_f,Campus-based: Prchtp f
campus__prch_adm,campus__prch_adm,Campus-based: Prch adm
campus__idx_adm,campus__idx_adm,Campus-based: Idx adm
campus__prch_cos,campus__prch_cos,Campus-based: Prch cos
campus__idx_cos,campus__idx_cos,Campus-based: Idx cos
campus__ipeds_directory_unitid,campus__ipeds_directory_unitid,Campus-based: IPEDS directory UNITID
campus_ipeds_director_7994d19f72,campus__ipeds_directory_match_status,Campus-based: IPEDS directory match status
campus__ipeds_geography_class,campus__ipeds_geography_class,Campus-based: IPEDS geography class
campus_ipeds_crosswal_51a644ecde,campus__ipeds_crosswalk_available,Campus-based: IPEDS crosswalk available
campus_ipeds_crosswal_a91e633d0b,campus__ipeds_crosswalk_site_unitids_json,Campus-based: IPEDS crosswalk site unitids json
campus_ipeds_crosswal_55544472af,campus__ipeds_crosswalk_parent_unitids_json,Campus-based: IPEDS crosswalk parent unitids json
campus_ipeds_director_ca8b275ff5,campus__ipeds_directory_candidate_unitids_json,Campus-based: IPEDS directory candidate unitids json
campus_ipeds_crosswal_7b3ab48590,campus__ipeds_crosswalk_anchor_sensitivity,Campus-based: IPEDS crosswalk anchor sensitivity
campus__fsa_source_identity_kind,campus__fsa_source_identity_kind,Campus-based: FSA source identity kind
campus_ipeds_candidat_975bae290c,campus__ipeds_candidate_unitid_before_descriptor_review,Campus-based: IPEDS candidate UNITID before descriptor review
campus__ipeds_candidate_instnm,campus__ipeds_candidate_instnm,Campus-based: IPEDS candidate instnm
campus__ipeds_candidate_stabbr,campus__ipeds_candidate_stabbr,Campus-based: IPEDS candidate stabbr
campus_ipeds_identity_6623bf16c0,campus__ipeds_identity_geography_conflict,Campus-based: IPEDS identity geography conflict
campus_ipeds_fsa_hd_s_11a3c9ac6c,campus__ipeds_fsa_hd_state_conflict,Campus-based: IPEDS FSA hd state conflict
campus_ipeds_fsa_hd_n_2cb26218d0,campus__ipeds_fsa_hd_name_similarity,Campus-based: IPEDS FSA hd name similarity
campus_ipeds_fsa_hd_n_6ecf7d81ba,campus__ipeds_fsa_hd_name_review_required,Campus-based: IPEDS FSA hd name review required
campus__ipeds_resolution_status,campus__ipeds_resolution_status,Campus-based: IPEDS resolution status
campus_ipeds_annual_i_6394d121b3,campus__ipeds_annual_identity_eligible,Campus-based: IPEDS annual identity eligible
campus_ipeds_identity_7c97892789,campus__ipeds_identity_is_administrative,Campus-based: IPEDS identity is administrative
campus__ipeds_title_iv_status,campus__ipeds_title_iv_status,Campus-based: IPEDS title iv status
campus__ipeds_activity_code,campus__ipeds_activity_code,Campus-based: IPEDS activity code
campus_ipeds_current__50f9ae25cc,campus__ipeds_current_year_active_code,Campus-based: IPEDS current year active code
campus__ipeds_closed_with_data,campus__ipeds_closed_with_data,Campus-based: IPEDS closed with data
campus_ipeds_identity_5e8798951c,campus__ipeds_identity_uses_historical_relation,Campus-based: IPEDS identity uses historical relation
campus_ipeds_identity_0a6883680f,campus__ipeds_identity_strict_contemporaneous,Campus-based: IPEDS identity strict contemporaneous
campus__ipeds_scope_alignment,campus__ipeds_scope_alignment,Campus-based: IPEDS scope alignment
campus_ipeds_has_othe_9ad3bf6fa1,campus__ipeds_has_other_parent_unitid,Campus-based: IPEDS has other parent UNITID
campus_ipeds_componen_c9d5d9e87d,campus__ipeds_component_scope_review_required,Campus-based: IPEDS component scope review required
campus__ipeds_finance_scope,campus__ipeds_finance_scope,Campus-based: IPEDS finance scope
campus_ipeds_finance__6121ef2abc,campus__ipeds_finance_parent_reference_missing,Campus-based: IPEDS finance parent reference missing
campus__ipeds_student_aid_scope,campus__ipeds_student_aid_scope,Campus-based: IPEDS student aid scope
campus_ipeds_student__788f377ddc,campus__ipeds_student_aid_parent_reference_missing,Campus-based: IPEDS student aid parent reference missing
campus_ipeds_fall_enr_feca6b1117,campus__ipeds_fall_enrollment_scope,Campus-based: IPEDS fall enrollment scope
campus_ipeds_fall_enr_826e244f6f,campus__ipeds_fall_enrollment_parent_reference_missing,Campus-based: IPEDS fall enrollment parent reference missing
campus__ipeds_completions_scope,campus__ipeds_completions_scope,Campus-based: IPEDS completions scope
campus_ipeds_completi_e87fa3346f,campus__ipeds_completions_parent_reference_missing,Campus-based: IPEDS completions parent reference missing
campus_ipeds_twelve_m_040426e710,campus__ipeds_twelve_month_enrollment_scope,Campus-based: IPEDS twelve month enrollment scope
campus_ipeds_twelve_m_64b298b959,campus__ipeds_twelve_month_enrollment_parent_reference_missing,Campus-based: IPEDS twelve month enrollment parent reference missing
campus__cw_source_row,campus__cw_source_row,Campus-based: Crosswalk source row
campus__cw_source_path,campus__cw_source_path,Campus-based: Crosswalk source path
campus__cw_source_sha256,campus__cw_source_sha256,Campus-based: Crosswalk source sha256
campus__cw_preliminary,campus__cw_preliminary,Campus-based: Crosswalk preliminary
campus__cw_source_code,campus__cw_source_code,Campus-based: Crosswalk source code
campus__cw_source_method,campus__cw_source_method,Campus-based: Crosswalk source method
campus__cw_ipeds_reporting_code,campus__cw_ipeds_reporting_code,Campus-based: Crosswalk IPEDS reporting code
campus__cw_parent_opeid8,campus__cw_parent_opeid8,Campus-based: Crosswalk parent OPEID8
campus__cw_site_candidate_count,campus__cw_site_candidate_count,Campus-based: Crosswalk site candidate count
campus__cw_primary_unitid,campus__cw_primary_unitid,Campus-based: Crosswalk primary UNITID
campus_cw_additional__6ea85de805,campus__cw_additional_candidate_count,Campus-based: Crosswalk additional candidate count
campus_cw_parent_cand_1668875dda,campus__cw_parent_candidate_count,Campus-based: Crosswalk parent candidate count
campus__cw_has_additional_match,campus__cw_has_additional_match,Campus-based: Crosswalk has additional match
campus__cw_multiple_site_unitids,campus__cw_multiple_site_unitids,Campus-based: Crosswalk multiple site unitids
campus_cw_relation_pa_55a8896450,campus__cw_relation_parse_complete,Campus-based: Crosswalk relation parse complete
campus__cw_site_parse_complete,campus__cw_site_parse_complete,Campus-based: Crosswalk site parse complete
campus__cw_parse_issues_json,campus__cw_parse_issues_json,Campus-based: Crosswalk parse issues json
campus_cw_site_parent_abc8c69125,campus__cw_site_parent_unitids_differ,Campus-based: Crosswalk site parent unitids differ
campus__cw_official_no_match,campus__cw_official_no_match,Campus-based: Crosswalk official no match
campus__cw_has_change_notes,campus__cw_has_change_notes,Campus-based: Crosswalk has change notes
campus__cw_has_prior_id_notes,campus__cw_has_prior_id_notes,Campus-based: Crosswalk has prior id notes
campus__cw_raw_OPEID,campus__cw_raw_OPEID,Campus-based: Crosswalk raw OPEID
campus__cw_raw_IPEDSMatch,campus__cw_raw_IPEDSMatch,Campus-based: Crosswalk raw IPEDSMatch
campus__cw_raw_AddMatch,campus__cw_raw_AddMatch,Campus-based: Crosswalk raw AddMatch
campus__cw_raw_Source,campus__cw_raw_Source,Campus-based: Crosswalk raw Source
campus__cw_raw_PEPSSchname,campus__cw_raw_PEPSSchname,Campus-based: Crosswalk raw PEPSSchname
campus__cw_raw_PEPSLocname,campus__cw_raw_PEPSLocname,Campus-based: Crosswalk raw PEPSLocname
campus__cw_raw_PEPSEligCert,campus__cw_raw_PEPSEligCert,Campus-based: Crosswalk raw PEPSEligCert
campus__cw_raw_IPEDSInstnm,campus__cw_raw_IPEDSInstnm,Campus-based: Crosswalk raw IPEDSInstnm
campus__cw_raw_IPEDSPSET4FLG,campus__cw_raw_IPEDSPSET4FLG,Campus-based: Crosswalk raw IPEDSPSET4FLG
campus__cw_raw_f1sysnam,campus__cw_raw_f1sysnam,Campus-based: Crosswalk raw f1sysnam
campus__cw_raw_IPEDSrpt,campus__cw_raw_IPEDSrpt,Campus-based: Crosswalk raw IPEDSrpt
campus__cw_raw_OPEIDMain,campus__cw_raw_OPEIDMain,Campus-based: Crosswalk raw OPEIDMain
campus__cw_raw_IPEDSMain,campus__cw_raw_IPEDSMain,Campus-based: Crosswalk raw IPEDSMain
campus__cw_raw_PY_UNITID,campus__cw_raw_PY_UNITID,Campus-based: Crosswalk raw PY UNITID
campus__cw_raw_PYNotes,campus__cw_raw_PYNotes,Campus-based: Crosswalk raw PYNotes
campus__cw_raw_PY_OPEID,campus__cw_raw_PY_OPEID,Campus-based: Crosswalk raw PY OPEID
campus__cw_raw_COA1,campus__cw_raw_COA1,Campus-based: Crosswalk raw COA1
campus__cw_raw_COA2,campus__cw_raw_COA2,Campus-based: Crosswalk raw COA2
campus__cw_raw_COA3,campus__cw_raw_COA3,Campus-based: Crosswalk raw COA3
campus__cw_raw_COA4,campus__cw_raw_COA4,Campus-based: Crosswalk raw COA4
campus__cw_raw_COA5,campus__cw_raw_COA5,Campus-based: Crosswalk raw COA5
campus__cw_duplicate_opeid_rows,campus__cw_duplicate_opeid_rows,Campus-based: Crosswalk duplicate opeid rows
campus_unitid_source__b3f8f25bba,campus__unitid_source_record_count,Campus-based: UNITID source record count
campus__unitid_record_status,campus__unitid_record_status,Campus-based: UNITID record status
campus__unitid_aid_scope_note,campus__unitid_aid_scope_note,Campus-based: UNITID aid scope note
loan_direct__opeid8,loan_direct__opeid8,Direct Loan: OPEID8
loan_direct__raw_opeid,loan_direct__raw_opeid,Direct Loan: Raw opeid
dl_source_identity_re_613a3c247c,loan_direct__source_identity_resolution,Direct Loan: Source identity resolution
dl_source_record_pres_d395989936,loan_direct__source_record_present,Direct Loan: Source record present
loan_direct__source_filename,loan_direct__source_filename,Direct Loan: Source filename
loan_direct__source_sheet,loan_direct__source_sheet,Direct Loan: Source sheet
loan_direct__source_excel_row,loan_direct__source_excel_row,Direct Loan: Source excel row
loan_direct__school,loan_direct__school,Direct Loan: School
loan_direct__state,loan_direct__state,Direct Loan: State
loan_direct__raw_zip_code,loan_direct__raw_zip_code,Direct Loan: Raw zip code
loan_direct__zip_code,loan_direct__zip_code,Direct Loan: Zip code
loan_direct__school_type,loan_direct__school_type,Direct Loan: School type
dl_sub_recips_fc103e6e8e,loan_direct__subsidized_recipients,Direct Loan: Subsidized recipients
dl_sub_recips_status_0d1a096e0e,loan_direct__subsidized_recipients__status,Direct Loan: Subsidized recipients status
dl_sub_recips_raw_tok_3198562bde,loan_direct__subsidized_recipients__raw_token,Direct Loan: Subsidized recipients raw token
dl_sub_recips_lb_2959869332,loan_direct__subsidized_recipients__lower_bound,Direct Loan: Subsidized recipients lower bound
dl_sub_recips_ub_756a14511c,loan_direct__subsidized_recipients__upper_bound,Direct Loan: Subsidized recipients upper bound
dl_sub_loans_originat_ddea31d0fb,loan_direct__subsidized_loans_originated_n,Direct Loan: Subsidized loans originated count
dl_sub_loans_originat_300b783b40,loan_direct__subsidized_loans_originated_n__status,Direct Loan: Subsidized loans originated count status
dl_sub_loans_originat_eade189749,loan_direct__subsidized_loans_originated_n__raw_token,Direct Loan: Subsidized loans originated count raw token
dl_sub_loans_originat_c52b8394ec,loan_direct__subsidized_loans_originated_n__lower_bound,Direct Loan: Subsidized loans originated count lower bound
dl_sub_loans_originat_c3170cce46,loan_direct__subsidized_loans_originated_n__upper_bound,Direct Loan: Subsidized loans originated count upper bound
dl_sub_loans_originat_c20d1fb72d,loan_direct__subsidized_loans_originated_amt,Direct Loan: Subsidized loans originated amount
dl_sub_loans_originat_4dd5094cc9,loan_direct__subsidized_loans_originated_amt__status,Direct Loan: Subsidized loans originated amount status
dl_sub_loans_originat_c9385c653c,loan_direct__subsidized_loans_originated_amt__raw_token,Direct Loan: Subsidized loans originated amount raw token
dl_sub_loans_originat_fdd63d09ab,loan_direct__subsidized_loans_originated_amt__lower_bound,Direct Loan: Subsidized loans originated amount lower bound
dl_sub_loans_originat_64da2c8fb9,loan_direct__subsidized_loans_originated_amt__upper_bound,Direct Loan: Subsidized loans originated amount upper bound
dl_sub_disb_n_0664a09d34,loan_direct__subsidized_disbursements_n,Direct Loan: Subsidized disbursements count
dl_sub_disb_n_status_94176df0c6,loan_direct__subsidized_disbursements_n__status,Direct Loan: Subsidized disbursements count status
dl_sub_disb_n_raw_tok_5b8423730b,loan_direct__subsidized_disbursements_n__raw_token,Direct Loan: Subsidized disbursements count raw token
dl_sub_disb_n_lb_112606c443,loan_direct__subsidized_disbursements_n__lower_bound,Direct Loan: Subsidized disbursements count lower bound
dl_sub_disb_n_ub_b59761be23,loan_direct__subsidized_disbursements_n__upper_bound,Direct Loan: Subsidized disbursements count upper bound
dl_sub_disb_678caadda8,loan_direct__subsidized_disbursements,Direct Loan: Subsidized disbursements
dl_sub_disb_status_83e49ffaba,loan_direct__subsidized_disbursements__status,Direct Loan: Subsidized disbursements status
dl_sub_disb_raw_token_6b815284b6,loan_direct__subsidized_disbursements__raw_token,Direct Loan: Subsidized disbursements raw token
dl_sub_disb_lb_3027fb9d70,loan_direct__subsidized_disbursements__lower_bound,Direct Loan: Subsidized disbursements lower bound
dl_sub_disb_ub_dc348cc4a6,loan_direct__subsidized_disbursements__upper_bound,Direct Loan: Subsidized disbursements upper bound
dl_unsub_recips_4c5a9e2f60,loan_direct__unsubsidized_recipients,Direct Loan: Unsubsidized recipients
dl_unsub_recips_statu_22cc4f1ed5,loan_direct__unsubsidized_recipients__status,Direct Loan: Unsubsidized recipients status
dl_unsub_recips_raw_t_6a692c8df1,loan_direct__unsubsidized_recipients__raw_token,Direct Loan: Unsubsidized recipients raw token
dl_unsub_recips_lb_5015591d50,loan_direct__unsubsidized_recipients__lower_bound,Direct Loan: Unsubsidized recipients lower bound
dl_unsub_recips_ub_f057b2f293,loan_direct__unsubsidized_recipients__upper_bound,Direct Loan: Unsubsidized recipients upper bound
dl_unsub_loans_origin_b638c3f3aa,loan_direct__unsubsidized_loans_originated_n,Direct Loan: Unsubsidized loans originated count
dl_unsub_loans_origin_eadd643499,loan_direct__unsubsidized_loans_originated_n__status,Direct Loan: Unsubsidized loans originated count status
dl_unsub_loans_origin_d37826842f,loan_direct__unsubsidized_loans_originated_n__raw_token,Direct Loan: Unsubsidized loans originated count raw token
dl_unsub_loans_origin_3ea82c39f7,loan_direct__unsubsidized_loans_originated_n__lower_bound,Direct Loan: Unsubsidized loans originated count lower bound
dl_unsub_loans_origin_24252cf6ee,loan_direct__unsubsidized_loans_originated_n__upper_bound,Direct Loan: Unsubsidized loans originated count upper bound
dl_unsub_loans_origin_6ac3f6cdfc,loan_direct__unsubsidized_loans_originated_amt,Direct Loan: Unsubsidized loans originated amount
dl_unsub_loans_origin_fe154665e2,loan_direct__unsubsidized_loans_originated_amt__status,Direct Loan: Unsubsidized loans originated amount status
dl_unsub_loans_origin_2e24ad714a,loan_direct__unsubsidized_loans_originated_amt__raw_token,Direct Loan: Unsubsidized loans originated amount raw token
dl_unsub_loans_origin_3b4d20c617,loan_direct__unsubsidized_loans_originated_amt__lower_bound,Direct Loan: Unsubsidized loans originated amount lower bound
dl_unsub_loans_origin_86a94e4f14,loan_direct__unsubsidized_loans_originated_amt__upper_bound,Direct Loan: Unsubsidized loans originated amount upper bound
dl_unsub_disb_n_51867c0c37,loan_direct__unsubsidized_disbursements_n,Direct Loan: Unsubsidized disbursements count
dl_unsub_disb_n_statu_aeb78ea539,loan_direct__unsubsidized_disbursements_n__status,Direct Loan: Unsubsidized disbursements count status
dl_unsub_disb_n_raw_t_94e7c95ae3,loan_direct__unsubsidized_disbursements_n__raw_token,Direct Loan: Unsubsidized disbursements count raw token
dl_unsub_disb_n_lb_777d591cd6,loan_direct__unsubsidized_disbursements_n__lower_bound,Direct Loan: Unsubsidized disbursements count lower bound
dl_unsub_disb_n_ub_95e0a947b9,loan_direct__unsubsidized_disbursements_n__upper_bound,Direct Loan: Unsubsidized disbursements count upper bound
dl_unsub_disb_dc10bb125f,loan_direct__unsubsidized_disbursements,Direct Loan: Unsubsidized disbursements
dl_unsub_disb_status_fb26f42669,loan_direct__unsubsidized_disbursements__status,Direct Loan: Unsubsidized disbursements status
dl_unsub_disb_raw_tok_2f54ff1adf,loan_direct__unsubsidized_disbursements__raw_token,Direct Loan: Unsubsidized disbursements raw token
dl_unsub_disb_lb_84024180df,loan_direct__unsubsidized_disbursements__lower_bound,Direct Loan: Unsubsidized disbursements lower bound
dl_unsub_disb_ub_92a0b10939,loan_direct__unsubsidized_disbursements__upper_bound,Direct Loan: Unsubsidized disbursements upper bound
loan_direct__plus_recipients,loan_direct__plus_recipients,Direct Loan: PLUS recipients
dl_plus_recips_status_b262edc80d,loan_direct__plus_recipients__status,Direct Loan: PLUS recipients status
dl_plus_recips_raw_to_1cb86bb22e,loan_direct__plus_recipients__raw_token,Direct Loan: PLUS recipients raw token
dl_plus_recips_lb_f7b84eadad,loan_direct__plus_recipients__lower_bound,Direct Loan: PLUS recipients lower bound
dl_plus_recips_ub_13efe90e02,loan_direct__plus_recipients__upper_bound,Direct Loan: PLUS recipients upper bound
dl_plus_loans_origina_12714543b7,loan_direct__plus_loans_originated_n,Direct Loan: PLUS loans originated count
dl_plus_loans_origina_014c39dceb,loan_direct__plus_loans_originated_n__status,Direct Loan: PLUS loans originated count status
dl_plus_loans_origina_1a1c3e46af,loan_direct__plus_loans_originated_n__raw_token,Direct Loan: PLUS loans originated count raw token
dl_plus_loans_origina_95d6bd3dcc,loan_direct__plus_loans_originated_n__lower_bound,Direct Loan: PLUS loans originated count lower bound
dl_plus_loans_origina_97d2e49f05,loan_direct__plus_loans_originated_n__upper_bound,Direct Loan: PLUS loans originated count upper bound
dl_plus_loans_origina_aaba443403,loan_direct__plus_loans_originated_amt,Direct Loan: PLUS loans originated amount
dl_plus_loans_origina_2f0378c8e0,loan_direct__plus_loans_originated_amt__status,Direct Loan: PLUS loans originated amount status
dl_plus_loans_origina_b33978898a,loan_direct__plus_loans_originated_amt__raw_token,Direct Loan: PLUS loans originated amount raw token
dl_plus_loans_origina_0d68f47116,loan_direct__plus_loans_originated_amt__lower_bound,Direct Loan: PLUS loans originated amount lower bound
dl_plus_loans_origina_8e9e144578,loan_direct__plus_loans_originated_amt__upper_bound,Direct Loan: PLUS loans originated amount upper bound
dl_plus_disb_n_509dc33665,loan_direct__plus_disbursements_n,Direct Loan: PLUS disbursements count
dl_plus_disb_n_status_f2b7f6214c,loan_direct__plus_disbursements_n__status,Direct Loan: PLUS disbursements count status
dl_plus_disb_n_raw_to_0b96bcf323,loan_direct__plus_disbursements_n__raw_token,Direct Loan: PLUS disbursements count raw token
dl_plus_disb_n_lb_2616561ca8,loan_direct__plus_disbursements_n__lower_bound,Direct Loan: PLUS disbursements count lower bound
dl_plus_disb_n_ub_5f6928427c,loan_direct__plus_disbursements_n__upper_bound,Direct Loan: PLUS disbursements count upper bound
loan_direct__plus_disbursements,loan_direct__plus_disbursements,Direct Loan: PLUS disbursements
dl_plus_disb_status_921d30ed0c,loan_direct__plus_disbursements__status,Direct Loan: PLUS disbursements status
dl_plus_disb_raw_toke_ed1af02a2c,loan_direct__plus_disbursements__raw_token,Direct Loan: PLUS disbursements raw token
dl_plus_disb_lb_c42e7ce6b9,loan_direct__plus_disbursements__lower_bound,Direct Loan: PLUS disbursements lower bound
dl_plus_disb_ub_52ac2574a6,loan_direct__plus_disbursements__upper_bound,Direct Loan: PLUS disbursements upper bound
dl_grad_plus_recips_865bbdd585,loan_direct__grad_plus_recipients,Direct Loan: Grad PLUS recipients
dl_grad_plus_recips_s_204998b70c,loan_direct__grad_plus_recipients__status,Direct Loan: Grad PLUS recipients status
dl_grad_plus_recips_r_618ada116d,loan_direct__grad_plus_recipients__raw_token,Direct Loan: Grad PLUS recipients raw token
dl_grad_plus_recips_l_1b5fa8c927,loan_direct__grad_plus_recipients__lower_bound,Direct Loan: Grad PLUS recipients lower bound
dl_grad_plus_recips_u_0a5bbaa2b8,loan_direct__grad_plus_recipients__upper_bound,Direct Loan: Grad PLUS recipients upper bound
dl_grad_plus_loans_or_bc4e8f61ea,loan_direct__grad_plus_loans_originated_n,Direct Loan: Grad PLUS loans originated count
dl_grad_plus_loans_or_31f88a3520,loan_direct__grad_plus_loans_originated_n__status,Direct Loan: Grad PLUS loans originated count status
dl_grad_plus_loans_or_43d09a27ee,loan_direct__grad_plus_loans_originated_n__raw_token,Direct Loan: Grad PLUS loans originated count raw token
dl_grad_plus_loans_or_28f7829004,loan_direct__grad_plus_loans_originated_n__lower_bound,Direct Loan: Grad PLUS loans originated count lower bound
dl_grad_plus_loans_or_3e6b265530,loan_direct__grad_plus_loans_originated_n__upper_bound,Direct Loan: Grad PLUS loans originated count upper bound
dl_grad_plus_loans_or_d26900f5fd,loan_direct__grad_plus_loans_originated_amt,Direct Loan: Grad PLUS loans originated amount
dl_grad_plus_loans_or_2362244da6,loan_direct__grad_plus_loans_originated_amt__status,Direct Loan: Grad PLUS loans originated amount status
dl_grad_plus_loans_or_01b4298e36,loan_direct__grad_plus_loans_originated_amt__raw_token,Direct Loan: Grad PLUS loans originated amount raw token
dl_grad_plus_loans_or_1e263f527b,loan_direct__grad_plus_loans_originated_amt__lower_bound,Direct Loan: Grad PLUS loans originated amount lower bound
dl_grad_plus_loans_or_ef106f9720,loan_direct__grad_plus_loans_originated_amt__upper_bound,Direct Loan: Grad PLUS loans originated amount upper bound
dl_grad_plus_disb_n_e7329fe3a5,loan_direct__grad_plus_disbursements_n,Direct Loan: Grad PLUS disbursements count
dl_grad_plus_disb_n_s_f59d300485,loan_direct__grad_plus_disbursements_n__status,Direct Loan: Grad PLUS disbursements count status
dl_grad_plus_disb_n_r_30b225e10f,loan_direct__grad_plus_disbursements_n__raw_token,Direct Loan: Grad PLUS disbursements count raw token
dl_grad_plus_disb_n_l_b525bf42ea,loan_direct__grad_plus_disbursements_n__lower_bound,Direct Loan: Grad PLUS disbursements count lower bound
dl_grad_plus_disb_n_u_e7dd3c8193,loan_direct__grad_plus_disbursements_n__upper_bound,Direct Loan: Grad PLUS disbursements count upper bound
dl_grad_plus_disb_10ccd96f57,loan_direct__grad_plus_disbursements,Direct Loan: Grad PLUS disbursements
dl_grad_plus_disb_sta_59c8198d02,loan_direct__grad_plus_disbursements__status,Direct Loan: Grad PLUS disbursements status
dl_grad_plus_disb_raw_6169db6655,loan_direct__grad_plus_disbursements__raw_token,Direct Loan: Grad PLUS disbursements raw token
dl_grad_plus_disb_lb_b70d143afd,loan_direct__grad_plus_disbursements__lower_bound,Direct Loan: Grad PLUS disbursements lower bound
dl_grad_plus_disb_ub_b3a03c3fa9,loan_direct__grad_plus_disbursements__upper_bound,Direct Loan: Grad PLUS disbursements upper bound
dl_parent_plus_recips_d71ea17e79,loan_direct__parent_plus_recipients,Direct Loan: Parent PLUS recipients
dl_parent_plus_recips_7331f95d86,loan_direct__parent_plus_recipients__status,Direct Loan: Parent PLUS recipients status
dl_parent_plus_recips_ca1d552b8e,loan_direct__parent_plus_recipients__raw_token,Direct Loan: Parent PLUS recipients raw token
dl_parent_plus_recips_e8ddd3b542,loan_direct__parent_plus_recipients__lower_bound,Direct Loan: Parent PLUS recipients lower bound
dl_parent_plus_recips_928bbbb877,loan_direct__parent_plus_recipients__upper_bound,Direct Loan: Parent PLUS recipients upper bound
dl_parent_plus_loans__454b60c90e,loan_direct__parent_plus_loans_originated_n,Direct Loan: Parent PLUS loans originated count
dl_parent_plus_loans__569120e188,loan_direct__parent_plus_loans_originated_n__status,Direct Loan: Parent PLUS loans originated count status
dl_parent_plus_loans__22a78b7ef3,loan_direct__parent_plus_loans_originated_n__raw_token,Direct Loan: Parent PLUS loans originated count raw token
dl_parent_plus_loans__7452714446,loan_direct__parent_plus_loans_originated_n__lower_bound,Direct Loan: Parent PLUS loans originated count lower bound
dl_parent_plus_loans__9f7076124b,loan_direct__parent_plus_loans_originated_n__upper_bound,Direct Loan: Parent PLUS loans originated count upper bound
dl_parent_plus_loans__1568073877,loan_direct__parent_plus_loans_originated_amt,Direct Loan: Parent PLUS loans originated amount
dl_parent_plus_loans__50e1878f32,loan_direct__parent_plus_loans_originated_amt__status,Direct Loan: Parent PLUS loans originated amount status
dl_parent_plus_loans__ef675d5249,loan_direct__parent_plus_loans_originated_amt__raw_token,Direct Loan: Parent PLUS loans originated amount raw token
dl_parent_plus_loans__c57f79f318,loan_direct__parent_plus_loans_originated_amt__lower_bound,Direct Loan: Parent PLUS loans originated amount lower bound
dl_parent_plus_loans__efe78c610e,loan_direct__parent_plus_loans_originated_amt__upper_bound,Direct Loan: Parent PLUS loans originated amount upper bound
dl_parent_plus_disb_n_84662a5c64,loan_direct__parent_plus_disbursements_n,Direct Loan: Parent PLUS disbursements count
dl_parent_plus_disb_n_8fa808ed29,loan_direct__parent_plus_disbursements_n__status,Direct Loan: Parent PLUS disbursements count status
dl_parent_plus_disb_n_1ddeb3a8b3,loan_direct__parent_plus_disbursements_n__raw_token,Direct Loan: Parent PLUS disbursements count raw token
dl_parent_plus_disb_n_7126ca8a83,loan_direct__parent_plus_disbursements_n__lower_bound,Direct Loan: Parent PLUS disbursements count lower bound
dl_parent_plus_disb_n_ffbeab3c7d,loan_direct__parent_plus_disbursements_n__upper_bound,Direct Loan: Parent PLUS disbursements count upper bound
dl_parent_plus_disb_8cc2d0eafc,loan_direct__parent_plus_disbursements,Direct Loan: Parent PLUS disbursements
dl_parent_plus_disb_s_805771b3e2,loan_direct__parent_plus_disbursements__status,Direct Loan: Parent PLUS disbursements status
dl_parent_plus_disb_r_4ded349883,loan_direct__parent_plus_disbursements__raw_token,Direct Loan: Parent PLUS disbursements raw token
dl_parent_plus_disb_l_fe8c9bb1f0,loan_direct__parent_plus_disbursements__lower_bound,Direct Loan: Parent PLUS disbursements lower bound
dl_parent_plus_disb_u_f799a8b010,loan_direct__parent_plus_disbursements__upper_bound,Direct Loan: Parent PLUS disbursements upper bound
dl_sub_ug_recips_1c2c18673c,loan_direct__subsidized_undergraduate_recipients,Direct Loan: Subsidized undergraduate recipients
dl_sub_ug_recips_stat_ada6dbfe0f,loan_direct__subsidized_undergraduate_recipients__status,Direct Loan: Subsidized undergraduate recipients status
dl_sub_ug_recips_raw__5abc107bfc,loan_direct__subsidized_undergraduate_recipients__raw_token,Direct Loan: Subsidized undergraduate recipients raw token
dl_sub_ug_recips_lb_9a04930cc0,loan_direct__subsidized_undergraduate_recipients__lower_bound,Direct Loan: Subsidized undergraduate recipients lower bound
dl_sub_ug_recips_ub_d7be9bac57,loan_direct__subsidized_undergraduate_recipients__upper_bound,Direct Loan: Subsidized undergraduate recipients upper bound
dl_sub_ug_loans_origi_3f56983cc8,loan_direct__subsidized_undergraduate_loans_originated_n,Direct Loan: Subsidized undergraduate loans originated count
dl_sub_ug_loans_origi_cfd510f7e2,loan_direct__subsidized_undergraduate_loans_originated_n__status,Direct Loan: Subsidized undergraduate loans originated count status
dl_sub_ug_loans_origi_ca0f2a2835,loan_direct__subsidized_undergraduate_loans_originated_n__raw_token,Direct Loan: Subsidized undergraduate loans originated count raw token
dl_sub_ug_loans_origi_602ef098fe,loan_direct__subsidized_undergraduate_loans_originated_n__lower_bound,Direct Loan: Subsidized undergraduate loans originated count lower bound
dl_sub_ug_loans_origi_5f3552b200,loan_direct__subsidized_undergraduate_loans_originated_n__upper_bound,Direct Loan: Subsidized undergraduate loans originated count upper bound
dl_sub_ug_loans_origi_792c18922b,loan_direct__subsidized_undergraduate_loans_originated_amt,Direct Loan: Subsidized undergraduate loans originated amount
dl_sub_ug_loans_origi_dc2a228d2a,loan_direct__subsidized_undergraduate_loans_originated_amt__status,Direct Loan: Subsidized undergraduate loans originated amount status
dl_sub_ug_loans_origi_928128ee50,loan_direct__subsidized_undergraduate_loans_originated_amt__raw_token,Direct Loan: Subsidized undergraduate loans originated amount raw token
dl_sub_ug_loans_origi_4db4092f8e,loan_direct__subsidized_undergraduate_loans_originated_amt__lower_bound,Direct Loan: Subsidized undergraduate loans originated amount lower bound
dl_sub_ug_loans_origi_ab5a5a2e83,loan_direct__subsidized_undergraduate_loans_originated_amt__upper_bound,Direct Loan: Subsidized undergraduate loans originated amount upper bound
dl_sub_ug_disb_n_e33a03bc0e,loan_direct__subsidized_undergraduate_disbursements_n,Direct Loan: Subsidized undergraduate disbursements count
dl_sub_ug_disb_n_stat_1eeefcc889,loan_direct__subsidized_undergraduate_disbursements_n__status,Direct Loan: Subsidized undergraduate disbursements count status
dl_sub_ug_disb_n_raw__bcc1a5d277,loan_direct__subsidized_undergraduate_disbursements_n__raw_token,Direct Loan: Subsidized undergraduate disbursements count raw token
dl_sub_ug_disb_n_lb_6c8ef44370,loan_direct__subsidized_undergraduate_disbursements_n__lower_bound,Direct Loan: Subsidized undergraduate disbursements count lower bound
dl_sub_ug_disb_n_ub_ef1b17911c,loan_direct__subsidized_undergraduate_disbursements_n__upper_bound,Direct Loan: Subsidized undergraduate disbursements count upper bound
dl_sub_ug_disb_520d66372b,loan_direct__subsidized_undergraduate_disbursements,Direct Loan: Subsidized undergraduate disbursements
dl_sub_ug_disb_status_3ea293879f,loan_direct__subsidized_undergraduate_disbursements__status,Direct Loan: Subsidized undergraduate disbursements status
dl_sub_ug_disb_raw_to_2eabacceae,loan_direct__subsidized_undergraduate_disbursements__raw_token,Direct Loan: Subsidized undergraduate disbursements raw token
dl_sub_ug_disb_lb_1fe70ab423,loan_direct__subsidized_undergraduate_disbursements__lower_bound,Direct Loan: Subsidized undergraduate disbursements lower bound
dl_sub_ug_disb_ub_86b20be786,loan_direct__subsidized_undergraduate_disbursements__upper_bound,Direct Loan: Subsidized undergraduate disbursements upper bound
dl_sub_grad_recips_880445e589,loan_direct__subsidized_graduate_recipients,Direct Loan: Subsidized graduate recipients
dl_sub_grad_recips_st_29749c4a19,loan_direct__subsidized_graduate_recipients__status,Direct Loan: Subsidized graduate recipients status
dl_sub_grad_recips_ra_76501b320c,loan_direct__subsidized_graduate_recipients__raw_token,Direct Loan: Subsidized graduate recipients raw token
dl_sub_grad_recips_lb_e2e5514fee,loan_direct__subsidized_graduate_recipients__lower_bound,Direct Loan: Subsidized graduate recipients lower bound
dl_sub_grad_recips_ub_8b30bcc51c,loan_direct__subsidized_graduate_recipients__upper_bound,Direct Loan: Subsidized graduate recipients upper bound
dl_sub_grad_loans_ori_1b91e47038,loan_direct__subsidized_graduate_loans_originated_n,Direct Loan: Subsidized graduate loans originated count
dl_sub_grad_loans_ori_5921f5f19c,loan_direct__subsidized_graduate_loans_originated_n__status,Direct Loan: Subsidized graduate loans originated count status
dl_sub_grad_loans_ori_fb4d9ff107,loan_direct__subsidized_graduate_loans_originated_n__raw_token,Direct Loan: Subsidized graduate loans originated count raw token
dl_sub_grad_loans_ori_80de881272,loan_direct__subsidized_graduate_loans_originated_n__lower_bound,Direct Loan: Subsidized graduate loans originated count lower bound
dl_sub_grad_loans_ori_e22fcc3bad,loan_direct__subsidized_graduate_loans_originated_n__upper_bound,Direct Loan: Subsidized graduate loans originated count upper bound
dl_sub_grad_loans_ori_86031272f0,loan_direct__subsidized_graduate_loans_originated_amt,Direct Loan: Subsidized graduate loans originated amount
dl_sub_grad_loans_ori_b89caad9b5,loan_direct__subsidized_graduate_loans_originated_amt__status,Direct Loan: Subsidized graduate loans originated amount status
dl_sub_grad_loans_ori_847aa56761,loan_direct__subsidized_graduate_loans_originated_amt__raw_token,Direct Loan: Subsidized graduate loans originated amount raw token
dl_sub_grad_loans_ori_aa4d212ee6,loan_direct__subsidized_graduate_loans_originated_amt__lower_bound,Direct Loan: Subsidized graduate loans originated amount lower bound
dl_sub_grad_loans_ori_8e724061f0,loan_direct__subsidized_graduate_loans_originated_amt__upper_bound,Direct Loan: Subsidized graduate loans originated amount upper bound
dl_sub_grad_disb_n_4ba76f16d9,loan_direct__subsidized_graduate_disbursements_n,Direct Loan: Subsidized graduate disbursements count
dl_sub_grad_disb_n_st_6893ae542c,loan_direct__subsidized_graduate_disbursements_n__status,Direct Loan: Subsidized graduate disbursements count status
dl_sub_grad_disb_n_ra_a72c304f22,loan_direct__subsidized_graduate_disbursements_n__raw_token,Direct Loan: Subsidized graduate disbursements count raw token
dl_sub_grad_disb_n_lb_fd911d2fd7,loan_direct__subsidized_graduate_disbursements_n__lower_bound,Direct Loan: Subsidized graduate disbursements count lower bound
dl_sub_grad_disb_n_ub_49cae852b5,loan_direct__subsidized_graduate_disbursements_n__upper_bound,Direct Loan: Subsidized graduate disbursements count upper bound
dl_sub_grad_disb_02303f8038,loan_direct__subsidized_graduate_disbursements,Direct Loan: Subsidized graduate disbursements
dl_sub_grad_disb_stat_fb0a822f0d,loan_direct__subsidized_graduate_disbursements__status,Direct Loan: Subsidized graduate disbursements status
dl_sub_grad_disb_raw__36fa2aba32,loan_direct__subsidized_graduate_disbursements__raw_token,Direct Loan: Subsidized graduate disbursements raw token
dl_sub_grad_disb_lb_43963d068a,loan_direct__subsidized_graduate_disbursements__lower_bound,Direct Loan: Subsidized graduate disbursements lower bound
dl_sub_grad_disb_ub_8560279964,loan_direct__subsidized_graduate_disbursements__upper_bound,Direct Loan: Subsidized graduate disbursements upper bound
dl_unsub_ug_recips_d8f6177c46,loan_direct__unsubsidized_undergraduate_recipients,Direct Loan: Unsubsidized undergraduate recipients
dl_unsub_ug_recips_st_cd737ad5a8,loan_direct__unsubsidized_undergraduate_recipients__status,Direct Loan: Unsubsidized undergraduate recipients status
dl_unsub_ug_recips_ra_23f721ccca,loan_direct__unsubsidized_undergraduate_recipients__raw_token,Direct Loan: Unsubsidized undergraduate recipients raw token
dl_unsub_ug_recips_lb_71a112a716,loan_direct__unsubsidized_undergraduate_recipients__lower_bound,Direct Loan: Unsubsidized undergraduate recipients lower bound
dl_unsub_ug_recips_ub_462f63b8cd,loan_direct__unsubsidized_undergraduate_recipients__upper_bound,Direct Loan: Unsubsidized undergraduate recipients upper bound
dl_unsub_ug_loans_ori_d49c6357da,loan_direct__unsubsidized_undergraduate_loans_originated_n,Direct Loan: Unsubsidized undergraduate loans originated count
dl_unsub_ug_loans_ori_34032e9743,loan_direct__unsubsidized_undergraduate_loans_originated_n__status,Direct Loan: Unsubsidized undergraduate loans originated count status
dl_unsub_ug_loans_ori_4ab095d5cd,loan_direct__unsubsidized_undergraduate_loans_originated_n__raw_token,Direct Loan: Unsubsidized undergraduate loans originated count raw token
dl_unsub_ug_loans_ori_024c31847c,loan_direct__unsubsidized_undergraduate_loans_originated_n__lower_bound,Direct Loan: Unsubsidized undergraduate loans originated count lower bound
dl_unsub_ug_loans_ori_14932f11bf,loan_direct__unsubsidized_undergraduate_loans_originated_n__upper_bound,Direct Loan: Unsubsidized undergraduate loans originated count upper bound
dl_unsub_ug_loans_ori_4684629adb,loan_direct__unsubsidized_undergraduate_loans_originated_amt,Direct Loan: Unsubsidized undergraduate loans originated amount
dl_unsub_ug_loans_ori_1838956e26,loan_direct__unsubsidized_undergraduate_loans_originated_amt__status,Direct Loan: Unsubsidized undergraduate loans originated amount status
dl_unsub_ug_loans_ori_f532d4c4c8,loan_direct__unsubsidized_undergraduate_loans_originated_amt__raw_token,Direct Loan: Unsubsidized undergraduate loans originated amount raw token
dl_unsub_ug_loans_ori_44d6b5e447,loan_direct__unsubsidized_undergraduate_loans_originated_amt__lower_bound,Direct Loan: Unsubsidized undergraduate loans originated amount lower bound
dl_unsub_ug_loans_ori_ff56ac4bf6,loan_direct__unsubsidized_undergraduate_loans_originated_amt__upper_bound,Direct Loan: Unsubsidized undergraduate loans originated amount upper bound
dl_unsub_ug_disb_n_47295eb2c2,loan_direct__unsubsidized_undergraduate_disbursements_n,Direct Loan: Unsubsidized undergraduate disbursements count
dl_unsub_ug_disb_n_st_3190113df9,loan_direct__unsubsidized_undergraduate_disbursements_n__status,Direct Loan: Unsubsidized undergraduate disbursements count status
dl_unsub_ug_disb_n_ra_2604ee9995,loan_direct__unsubsidized_undergraduate_disbursements_n__raw_token,Direct Loan: Unsubsidized undergraduate disbursements count raw token
dl_unsub_ug_disb_n_lb_1c7e687296,loan_direct__unsubsidized_undergraduate_disbursements_n__lower_bound,Direct Loan: Unsubsidized undergraduate disbursements count lower bound
dl_unsub_ug_disb_n_ub_395e1de8a7,loan_direct__unsubsidized_undergraduate_disbursements_n__upper_bound,Direct Loan: Unsubsidized undergraduate disbursements count upper bound
dl_unsub_ug_disb_fbfcf883c6,loan_direct__unsubsidized_undergraduate_disbursements,Direct Loan: Unsubsidized undergraduate disbursements
dl_unsub_ug_disb_stat_9a63728f1e,loan_direct__unsubsidized_undergraduate_disbursements__status,Direct Loan: Unsubsidized undergraduate disbursements status
dl_unsub_ug_disb_raw__d9afbb4f3d,loan_direct__unsubsidized_undergraduate_disbursements__raw_token,Direct Loan: Unsubsidized undergraduate disbursements raw token
dl_unsub_ug_disb_lb_5cf6488d0b,loan_direct__unsubsidized_undergraduate_disbursements__lower_bound,Direct Loan: Unsubsidized undergraduate disbursements lower bound
dl_unsub_ug_disb_ub_e342596244,loan_direct__unsubsidized_undergraduate_disbursements__upper_bound,Direct Loan: Unsubsidized undergraduate disbursements upper bound
dl_unsub_grad_recips_bfbde4360d,loan_direct__unsubsidized_graduate_recipients,Direct Loan: Unsubsidized graduate recipients
dl_unsub_grad_recips__eff092bbba,loan_direct__unsubsidized_graduate_recipients__status,Direct Loan: Unsubsidized graduate recipients status
dl_unsub_grad_recips__333f37c15d,loan_direct__unsubsidized_graduate_recipients__raw_token,Direct Loan: Unsubsidized graduate recipients raw token
dl_unsub_grad_recips__2152184695,loan_direct__unsubsidized_graduate_recipients__lower_bound,Direct Loan: Unsubsidized graduate recipients lower bound
dl_unsub_grad_recips__543135e5d5,loan_direct__unsubsidized_graduate_recipients__upper_bound,Direct Loan: Unsubsidized graduate recipients upper bound
dl_unsub_grad_loans_o_2623bd05ed,loan_direct__unsubsidized_graduate_loans_originated_n,Direct Loan: Unsubsidized graduate loans originated count
dl_unsub_grad_loans_o_7156d92385,loan_direct__unsubsidized_graduate_loans_originated_n__status,Direct Loan: Unsubsidized graduate loans originated count status
dl_unsub_grad_loans_o_57cbd85911,loan_direct__unsubsidized_graduate_loans_originated_n__raw_token,Direct Loan: Unsubsidized graduate loans originated count raw token
dl_unsub_grad_loans_o_720efac25f,loan_direct__unsubsidized_graduate_loans_originated_n__lower_bound,Direct Loan: Unsubsidized graduate loans originated count lower bound
dl_unsub_grad_loans_o_559b01ef33,loan_direct__unsubsidized_graduate_loans_originated_n__upper_bound,Direct Loan: Unsubsidized graduate loans originated count upper bound
dl_unsub_grad_loans_o_f0f784d7dc,loan_direct__unsubsidized_graduate_loans_originated_amt,Direct Loan: Unsubsidized graduate loans originated amount
dl_unsub_grad_loans_o_2ebd238a76,loan_direct__unsubsidized_graduate_loans_originated_amt__status,Direct Loan: Unsubsidized graduate loans originated amount status
dl_unsub_grad_loans_o_53f23d9518,loan_direct__unsubsidized_graduate_loans_originated_amt__raw_token,Direct Loan: Unsubsidized graduate loans originated amount raw token
dl_unsub_grad_loans_o_c5b6141b14,loan_direct__unsubsidized_graduate_loans_originated_amt__lower_bound,Direct Loan: Unsubsidized graduate loans originated amount lower bound
dl_unsub_grad_loans_o_4d983185eb,loan_direct__unsubsidized_graduate_loans_originated_amt__upper_bound,Direct Loan: Unsubsidized graduate loans originated amount upper bound
dl_unsub_grad_disb_n_2dd489f95d,loan_direct__unsubsidized_graduate_disbursements_n,Direct Loan: Unsubsidized graduate disbursements count
dl_unsub_grad_disb_n__7b41ec72fa,loan_direct__unsubsidized_graduate_disbursements_n__status,Direct Loan: Unsubsidized graduate disbursements count status
dl_unsub_grad_disb_n__ec0ee4e8aa,loan_direct__unsubsidized_graduate_disbursements_n__raw_token,Direct Loan: Unsubsidized graduate disbursements count raw token
dl_unsub_grad_disb_n__ac231f73bd,loan_direct__unsubsidized_graduate_disbursements_n__lower_bound,Direct Loan: Unsubsidized graduate disbursements count lower bound
dl_unsub_grad_disb_n__8e5eea38bc,loan_direct__unsubsidized_graduate_disbursements_n__upper_bound,Direct Loan: Unsubsidized graduate disbursements count upper bound
dl_unsub_grad_disb_fa49f581da,loan_direct__unsubsidized_graduate_disbursements,Direct Loan: Unsubsidized graduate disbursements
dl_unsub_grad_disb_st_929de7dedd,loan_direct__unsubsidized_graduate_disbursements__status,Direct Loan: Unsubsidized graduate disbursements status
dl_unsub_grad_disb_ra_a5d1ac1e2c,loan_direct__unsubsidized_graduate_disbursements__raw_token,Direct Loan: Unsubsidized graduate disbursements raw token
dl_unsub_grad_disb_lb_dcb7b5e591,loan_direct__unsubsidized_graduate_disbursements__lower_bound,Direct Loan: Unsubsidized graduate disbursements lower bound
dl_unsub_grad_disb_ub_fdc3d7c77f,loan_direct__unsubsidized_graduate_disbursements__upper_bound,Direct Loan: Unsubsidized graduate disbursements upper bound
dl_source_report_pres_6d3564e1c9,loan_direct__source_report_present,Direct Loan: Source report present
dl_fsa_school_review__c87dd30073,loan_direct__fsa_school__review_required,Direct Loan: FSA school review required
dl_fsa_state_review_r_dc10e1e516,loan_direct__fsa_state__review_required,Direct Loan: FSA state review required
dl_fsa_zip_code_revie_ad390a4c56,loan_direct__fsa_zip_code__review_required,Direct Loan: FSA zip code review required
dl_fsa_school_type_re_020211c4f0,loan_direct__fsa_school_type__review_required,Direct Loan: FSA school type review required
dl_fsa_descriptor_rev_f0c58a648a,loan_direct__fsa_descriptor_review_required,Direct Loan: FSA descriptor review required
loan_direct__ipeds_anchor,loan_direct__ipeds_anchor,Direct Loan: IPEDS anchor
loan_direct__ipeds_year,loan_direct__ipeds_year,Direct Loan: IPEDS year
loan_direct__ipeds_match_status,loan_direct__ipeds_match_status,Direct Loan: IPEDS match status
loan_direct__ipeds_match_method,loan_direct__ipeds_match_method,Direct Loan: IPEDS match method
dl_ipeds_exact_candid_6f879adb5b,loan_direct__ipeds_exact_candidate_count,Direct Loan: IPEDS exact candidate count
loan_direct__ipeds_unitid_start,loan_direct__ipeds_unitid_start,Direct Loan: IPEDS UNITID start
loan_direct__ipeds_unitid_end,loan_direct__ipeds_unitid_end,Direct Loan: IPEDS UNITID end
dl_ipeds_start_candid_c31509a278,loan_direct__ipeds_start_candidate_count,Direct Loan: IPEDS start candidate count
dl_ipeds_end_candidat_0f0632f293,loan_direct__ipeds_end_candidate_count,Direct Loan: IPEDS end candidate count
dl_ipeds_anchor_sensi_90c004cb79,loan_direct__ipeds_anchor_sensitivity,Direct Loan: IPEDS anchor sensitivity
loan_direct__ipeds_scope_root,loan_direct__ipeds_scope_root,Direct Loan: IPEDS scope root
dl_ipeds_root_unitid__2ea1304a20,loan_direct__ipeds_root_unitid_count_start,Direct Loan: IPEDS root UNITID count start
dl_ipeds_root_unitid__4d4f23bb07,loan_direct__ipeds_root_unitid_count_end,Direct Loan: IPEDS root UNITID count end
dl_fsa_root_opeid_cou_5d4e176c52,loan_direct__fsa_root_opeid_count,Direct Loan: FSA root opeid count
dl_ipeds_opeid_lifeti_80c918c3c0,loan_direct__ipeds_opeid_lifetime_unitid_count,Direct Loan: IPEDS opeid lifetime UNITID count
dl_ipeds_unitid_lifet_2092ef8709,loan_direct__ipeds_unitid_lifetime_opeid_count,Direct Loan: IPEDS UNITID lifetime opeid count
dl_ipeds_strict_eligi_57b0d1c683,loan_direct__ipeds_strict_eligible,Direct Loan: IPEDS strict eligible
dl_ipeds_strict_exclu_9a628628f9,loan_direct__ipeds_strict_exclusion_reasons,Direct Loan: IPEDS strict exclusion reasons
dl_ipeds_reporting_sc_3cdf88cfb6,loan_direct__ipeds_reporting_scope,Direct Loan: IPEDS reporting scope
loan_direct__ipeds_instnm,loan_direct__ipeds_instnm,Direct Loan: IPEDS instnm
loan_direct__ipeds_stabbr,loan_direct__ipeds_stabbr,Direct Loan: IPEDS stabbr
loan_direct__ipeds_city,loan_direct__ipeds_city,Direct Loan: IPEDS city
loan_direct__ipeds_zip,loan_direct__ipeds_zip,Direct Loan: IPEDS zip
loan_direct__ipeds_opeflag,loan_direct__ipeds_opeflag,Direct Loan: IPEDS opeflag
loan_direct__ipeds_sector,loan_direct__ipeds_sector,Direct Loan: IPEDS sector
loan_direct__ipeds_cyactive,loan_direct__ipeds_cyactive,Direct Loan: IPEDS cyactive
loan_direct__ipeds_act,loan_direct__ipeds_act,Direct Loan: IPEDS act
loan_direct__ipeds_newid,loan_direct__ipeds_newid,Direct Loan: IPEDS newid
loan_direct__ipeds_deathyr,loan_direct__ipeds_deathyr,Direct Loan: IPEDS deathyr
loan_direct__ipeds_closedat,loan_direct__ipeds_closedat,Direct Loan: IPEDS closedat
loan_direct__ipeds_postsec,loan_direct__ipeds_postsec,Direct Loan: IPEDS postsec
loan_direct__ipeds_pseflag,loan_direct__ipeds_pseflag,Direct Loan: IPEDS pseflag
loan_direct__ipeds_pset4flg,loan_direct__ipeds_pset4flg,Direct Loan: IPEDS pset4flg
loan_direct__ipeds_rptmth,loan_direct__ipeds_rptmth,Direct Loan: IPEDS rptmth
loan_direct__ipeds_f1systyp,loan_direct__ipeds_f1systyp,Direct Loan: IPEDS f1systyp
loan_direct__ipeds_f1sysnam,loan_direct__ipeds_f1sysnam,Direct Loan: IPEDS f1sysnam
loan_direct__ipeds_f1syscod,loan_direct__ipeds_f1syscod,Direct Loan: IPEDS f1syscod
loan_direct__prch_ic,loan_direct__prch_ic,Direct Loan: Prch ic
loan_direct__idx_ic,loan_direct__idx_ic,Direct Loan: Idx ic
loan_direct__ipeds_source_path,loan_direct__ipeds_source_path,Direct Loan: IPEDS source path
loan_direct__ipeds_source_sha256,loan_direct__ipeds_source_sha256,Direct Loan: IPEDS source sha256
loan_direct__ipeds_source_member,loan_direct__ipeds_source_member,Direct Loan: IPEDS source member
loan_direct__prch_c,loan_direct__prch_c,Direct Loan: Prch c
loan_direct__idx_c,loan_direct__idx_c,Direct Loan: Idx c
loan_direct__prch_ef,loan_direct__prch_ef,Direct Loan: Prch ef
loan_direct__idx_ef,loan_direct__idx_ef,Direct Loan: Idx ef
loan_direct__prch_f,loan_direct__prch_f,Direct Loan: Prch f
loan_direct__idx_f,loan_direct__idx_f,Direct Loan: Idx f
loan_direct__prch_sfa,loan_direct__prch_sfa,Direct Loan: Prch sfa
loan_direct__idx_sfa,loan_direct__idx_sfa,Direct Loan: Idx sfa
loan_direct__prch_gr,loan_direct__prch_gr,Direct Loan: Prch gr
loan_direct__idx_gr,loan_direct__idx_gr,Direct Loan: Idx gr
loan_direct__prch_sa,loan_direct__prch_sa,Direct Loan: Prch sa
loan_direct__idx_sa,loan_direct__idx_sa,Direct Loan: Idx sa
loan_direct__prch_s,loan_direct__prch_s,Direct Loan: Prch s
loan_direct__idx_s,loan_direct__idx_s,Direct Loan: Idx s
loan_direct__prch_eap,loan_direct__prch_eap,Direct Loan: Prch eap
loan_direct__idx_eap,loan_direct__idx_eap,Direct Loan: Idx eap
loan_direct__prch_hr,loan_direct__prch_hr,Direct Loan: Prch hr
loan_direct__idx_hr,loan_direct__idx_hr,Direct Loan: Idx hr
loan_direct__prch_e12,loan_direct__prch_e12,Direct Loan: Prch e12
loan_direct__idx_e12,loan_direct__idx_e12,Direct Loan: Idx e12
loan_direct__prch_gr2,loan_direct__prch_gr2,Direct Loan: Prch gr2
loan_direct__idx_gr2,loan_direct__idx_gr2,Direct Loan: Idx gr2
loan_direct__prch_al,loan_direct__prch_al,Direct Loan: Prch al
loan_direct__idx_al,loan_direct__idx_al,Direct Loan: Idx al
loan_direct__prch_om,loan_direct__prch_om,Direct Loan: Prch om
loan_direct__idx_om,loan_direct__idx_om,Direct Loan: Idx om
loan_direct__prchtp_f,loan_direct__prchtp_f,Direct Loan: Prchtp f
loan_direct__prch_adm,loan_direct__prch_adm,Direct Loan: Prch adm
loan_direct__idx_adm,loan_direct__idx_adm,Direct Loan: Idx adm
loan_direct__prch_cos,loan_direct__prch_cos,Direct Loan: Prch cos
loan_direct__idx_cos,loan_direct__idx_cos,Direct Loan: Idx cos
dl_ipeds_directory_un_0bde975530,loan_direct__ipeds_directory_unitid,Direct Loan: IPEDS directory UNITID
dl_ipeds_directory_ma_362a0fbbe0,loan_direct__ipeds_directory_match_status,Direct Loan: IPEDS directory match status
dl_ipeds_geography_cl_2536a34cdc,loan_direct__ipeds_geography_class,Direct Loan: IPEDS geography class
dl_ipeds_crosswalk_av_2f51e84014,loan_direct__ipeds_crosswalk_available,Direct Loan: IPEDS crosswalk available
dl_ipeds_crosswalk_si_2ef2038d22,loan_direct__ipeds_crosswalk_site_unitids_json,Direct Loan: IPEDS crosswalk site unitids json
dl_ipeds_crosswalk_pa_2425d9e101,loan_direct__ipeds_crosswalk_parent_unitids_json,Direct Loan: IPEDS crosswalk parent unitids json
dl_ipeds_directory_ca_98d2cc1972,loan_direct__ipeds_directory_candidate_unitids_json,Direct Loan: IPEDS directory candidate unitids json
dl_ipeds_crosswalk_an_79dac16261,loan_direct__ipeds_crosswalk_anchor_sensitivity,Direct Loan: IPEDS crosswalk anchor sensitivity
dl_fsa_source_identit_fd9b21c779,loan_direct__fsa_source_identity_kind,Direct Loan: FSA source identity kind
dl_ipeds_candidate_un_25f3934086,loan_direct__ipeds_candidate_unitid_before_descriptor_review,Direct Loan: IPEDS candidate UNITID before descriptor review
dl_ipeds_candidate_in_87abcee4fc,loan_direct__ipeds_candidate_instnm,Direct Loan: IPEDS candidate instnm
dl_ipeds_candidate_st_6fe6ab0b29,loan_direct__ipeds_candidate_stabbr,Direct Loan: IPEDS candidate stabbr
dl_ipeds_identity_geo_8283488817,loan_direct__ipeds_identity_geography_conflict,Direct Loan: IPEDS identity geography conflict
dl_ipeds_fsa_hd_state_7899e86568,loan_direct__ipeds_fsa_hd_state_conflict,Direct Loan: IPEDS FSA hd state conflict
dl_ipeds_fsa_hd_name__84c4389868,loan_direct__ipeds_fsa_hd_name_similarity,Direct Loan: IPEDS FSA hd name similarity
dl_ipeds_fsa_hd_name__89f91da1d0,loan_direct__ipeds_fsa_hd_name_review_required,Direct Loan: IPEDS FSA hd name review required
dl_ipeds_resolution_s_c0cfb65b2b,loan_direct__ipeds_resolution_status,Direct Loan: IPEDS resolution status
dl_ipeds_annual_ident_e2478094dd,loan_direct__ipeds_annual_identity_eligible,Direct Loan: IPEDS annual identity eligible
dl_ipeds_identity_is__ba46f74c8f,loan_direct__ipeds_identity_is_administrative,Direct Loan: IPEDS identity is administrative
dl_ipeds_title_iv_sta_66d9dbd4c3,loan_direct__ipeds_title_iv_status,Direct Loan: IPEDS title iv status
loan_direct__ipeds_activity_code,loan_direct__ipeds_activity_code,Direct Loan: IPEDS activity code
dl_ipeds_current_year_ee8f3f3cbf,loan_direct__ipeds_current_year_active_code,Direct Loan: IPEDS current year active code
dl_ipeds_closed_with__976b26a7fc,loan_direct__ipeds_closed_with_data,Direct Loan: IPEDS closed with data
dl_ipeds_identity_use_60cc964d55,loan_direct__ipeds_identity_uses_historical_relation,Direct Loan: IPEDS identity uses historical relation
dl_ipeds_identity_str_373d0f7b0a,loan_direct__ipeds_identity_strict_contemporaneous,Direct Loan: IPEDS identity strict contemporaneous
dl_ipeds_scope_alignm_0a13dccb56,loan_direct__ipeds_scope_alignment,Direct Loan: IPEDS scope alignment
dl_ipeds_has_other_pa_8ee6b62ada,loan_direct__ipeds_has_other_parent_unitid,Direct Loan: IPEDS has other parent UNITID
dl_ipeds_component_sc_5b6eea675a,loan_direct__ipeds_component_scope_review_required,Direct Loan: IPEDS component scope review required
loan_direct__ipeds_finance_scope,loan_direct__ipeds_finance_scope,Direct Loan: IPEDS finance scope
dl_ipeds_finance_pare_9376d1a587,loan_direct__ipeds_finance_parent_reference_missing,Direct Loan: IPEDS finance parent reference missing
dl_ipeds_student_aid__c9ba2c0b5d,loan_direct__ipeds_student_aid_scope,Direct Loan: IPEDS student aid scope
dl_ipeds_student_aid__18ec56e77c,loan_direct__ipeds_student_aid_parent_reference_missing,Direct Loan: IPEDS student aid parent reference missing
dl_ipeds_fall_enrollm_7db97eaf9e,loan_direct__ipeds_fall_enrollment_scope,Direct Loan: IPEDS fall enrollment scope
dl_ipeds_fall_enrollm_13b0472c4e,loan_direct__ipeds_fall_enrollment_parent_reference_missing,Direct Loan: IPEDS fall enrollment parent reference missing
dl_ipeds_completions__06e3280d3d,loan_direct__ipeds_completions_scope,Direct Loan: IPEDS completions scope
dl_ipeds_completions__bfddd499f2,loan_direct__ipeds_completions_parent_reference_missing,Direct Loan: IPEDS completions parent reference missing
dl_ipeds_twelve_month_4757cc09e1,loan_direct__ipeds_twelve_month_enrollment_scope,Direct Loan: IPEDS twelve month enrollment scope
dl_ipeds_twelve_month_f65c28122b,loan_direct__ipeds_twelve_month_enrollment_parent_reference_missing,Direct Loan: IPEDS twelve month enrollment parent reference missing
loan_direct__cw_source_row,loan_direct__cw_source_row,Direct Loan: Crosswalk source row
loan_direct__cw_source_path,loan_direct__cw_source_path,Direct Loan: Crosswalk source path
loan_direct__cw_source_sha256,loan_direct__cw_source_sha256,Direct Loan: Crosswalk source sha256
loan_direct__cw_preliminary,loan_direct__cw_preliminary,Direct Loan: Crosswalk preliminary
loan_direct__cw_source_code,loan_direct__cw_source_code,Direct Loan: Crosswalk source code
loan_direct__cw_source_method,loan_direct__cw_source_method,Direct Loan: Crosswalk source method
dl_cw_ipeds_reporting_2d0553a647,loan_direct__cw_ipeds_reporting_code,Direct Loan: Crosswalk IPEDS reporting code
loan_direct__cw_parent_opeid8,loan_direct__cw_parent_opeid8,Direct Loan: Crosswalk parent OPEID8
dl_cw_site_candidate__d45cf22e5d,loan_direct__cw_site_candidate_count,Direct Loan: Crosswalk site candidate count
loan_direct__cw_primary_unitid,loan_direct__cw_primary_unitid,Direct Loan: Crosswalk primary UNITID
dl_cw_additional_cand_91b4760f0f,loan_direct__cw_additional_candidate_count,Direct Loan: Crosswalk additional candidate count
dl_cw_parent_candidat_a310e84e19,loan_direct__cw_parent_candidate_count,Direct Loan: Crosswalk parent candidate count
dl_cw_has_additional__cd39740fd5,loan_direct__cw_has_additional_match,Direct Loan: Crosswalk has additional match
dl_cw_multiple_site_u_23231eba19,loan_direct__cw_multiple_site_unitids,Direct Loan: Crosswalk multiple site unitids
dl_cw_relation_parse__20acce9a5f,loan_direct__cw_relation_parse_complete,Direct Loan: Crosswalk relation parse complete
dl_cw_site_parse_comp_d3bf66fa6a,loan_direct__cw_site_parse_complete,Direct Loan: Crosswalk site parse complete
dl_cw_parse_issues_js_b2899aaa59,loan_direct__cw_parse_issues_json,Direct Loan: Crosswalk parse issues json
dl_cw_site_parent_uni_468f2fa849,loan_direct__cw_site_parent_unitids_differ,Direct Loan: Crosswalk site parent unitids differ
dl_cw_official_no_mat_48eb511167,loan_direct__cw_official_no_match,Direct Loan: Crosswalk official no match
loan_direct__cw_has_change_notes,loan_direct__cw_has_change_notes,Direct Loan: Crosswalk has change notes
dl_cw_has_prior_id_no_f6e22911d2,loan_direct__cw_has_prior_id_notes,Direct Loan: Crosswalk has prior id notes
loan_direct__cw_raw_OPEID,loan_direct__cw_raw_OPEID,Direct Loan: Crosswalk raw OPEID
loan_direct__cw_raw_IPEDSMatch,loan_direct__cw_raw_IPEDSMatch,Direct Loan: Crosswalk raw IPEDSMatch
loan_direct__cw_raw_AddMatch,loan_direct__cw_raw_AddMatch,Direct Loan: Crosswalk raw AddMatch
loan_direct__cw_raw_Source,loan_direct__cw_raw_Source,Direct Loan: Crosswalk raw Source
loan_direct__cw_raw_PEPSSchname,loan_direct__cw_raw_PEPSSchname,Direct Loan: Crosswalk raw PEPSSchname
loan_direct__cw_raw_PEPSLocname,loan_direct__cw_raw_PEPSLocname,Direct Loan: Crosswalk raw PEPSLocname
loan_direct__cw_raw_PEPSEligCert,loan_direct__cw_raw_PEPSEligCert,Direct Loan: Crosswalk raw PEPSEligCert
loan_direct__cw_raw_IPEDSInstnm,loan_direct__cw_raw_IPEDSInstnm,Direct Loan: Crosswalk raw IPEDSInstnm
dl_cw_raw_IPEDSPSET4F_00ff190394,loan_direct__cw_raw_IPEDSPSET4FLG,Direct Loan: Crosswalk raw IPEDSPSET4FLG
loan_direct__cw_raw_f1sysnam,loan_direct__cw_raw_f1sysnam,Direct Loan: Crosswalk raw f1sysnam
loan_direct__cw_raw_IPEDSrpt,loan_direct__cw_raw_IPEDSrpt,Direct Loan: Crosswalk raw IPEDSrpt
loan_direct__cw_raw_OPEIDMain,loan_direct__cw_raw_OPEIDMain,Direct Loan: Crosswalk raw OPEIDMain
loan_direct__cw_raw_IPEDSMain,loan_direct__cw_raw_IPEDSMain,Direct Loan: Crosswalk raw IPEDSMain
loan_direct__cw_raw_PY_UNITID,loan_direct__cw_raw_PY_UNITID,Direct Loan: Crosswalk raw PY UNITID
loan_direct__cw_raw_PYNotes,loan_direct__cw_raw_PYNotes,Direct Loan: Crosswalk raw PYNotes
loan_direct__cw_raw_PY_OPEID,loan_direct__cw_raw_PY_OPEID,Direct Loan: Crosswalk raw PY OPEID
loan_direct__cw_raw_COA1,loan_direct__cw_raw_COA1,Direct Loan: Crosswalk raw COA1
loan_direct__cw_raw_COA2,loan_direct__cw_raw_COA2,Direct Loan: Crosswalk raw COA2
loan_direct__cw_raw_COA3,loan_direct__cw_raw_COA3,Direct Loan: Crosswalk raw COA3
loan_direct__cw_raw_COA4,loan_direct__cw_raw_COA4,Direct Loan: Crosswalk raw COA4
loan_direct__cw_raw_COA5,loan_direct__cw_raw_COA5,Direct Loan: Crosswalk raw COA5
dl_cw_duplicate_opeid_052d9335b0,loan_direct__cw_duplicate_opeid_rows,Direct Loan: Crosswalk duplicate opeid rows
dl_unitid_source_reco_b0e59234c1,loan_direct__unitid_source_record_count,Direct Loan: UNITID source record count
dl_unitid_record_stat_7f0270deea,loan_direct__unitid_record_status,Direct Loan: UNITID record status
dl_unitid_aid_scope_n_c80c96406f,loan_direct__unitid_aid_scope_note,Direct Loan: UNITID aid scope note
loan_ffel__opeid8,loan_ffel__opeid8,FFEL: OPEID8
loan_ffel__raw_opeid,loan_ffel__raw_opeid,FFEL: Raw opeid
ffel_source_identity__0e8bcaabcd,loan_ffel__source_identity_resolution,FFEL: Source identity resolution
loan_ffel__source_record_present,loan_ffel__source_record_present,FFEL: Source record present
loan_ffel__source_filename,loan_ffel__source_filename,FFEL: Source filename
loan_ffel__source_sheet,loan_ffel__source_sheet,FFEL: Source sheet
loan_ffel__source_excel_row,loan_ffel__source_excel_row,FFEL: Source excel row
loan_ffel__school,loan_ffel__school,FFEL: School
loan_ffel__state,loan_ffel__state,FFEL: State
loan_ffel__raw_zip_code,loan_ffel__raw_zip_code,FFEL: Raw zip code
loan_ffel__zip_code,loan_ffel__zip_code,FFEL: Zip code
loan_ffel__school_type,loan_ffel__school_type,FFEL: School type
loan_ffel__subsidized_recipients,loan_ffel__subsidized_recipients,FFEL: Subsidized recipients
ffel_sub_recips_statu_a013c3adce,loan_ffel__subsidized_recipients__status,FFEL: Subsidized recipients status
ffel_sub_recips_raw_t_3859365813,loan_ffel__subsidized_recipients__raw_token,FFEL: Subsidized recipients raw token
ffel_sub_recips_lb_47b1a62691,loan_ffel__subsidized_recipients__lower_bound,FFEL: Subsidized recipients lower bound
ffel_sub_recips_ub_ad7631566c,loan_ffel__subsidized_recipients__upper_bound,FFEL: Subsidized recipients upper bound
ffel_sub_loans_origin_365f2b278c,loan_ffel__subsidized_loans_originated_n,FFEL: Subsidized loans originated count
ffel_sub_loans_origin_291f932a19,loan_ffel__subsidized_loans_originated_n__status,FFEL: Subsidized loans originated count status
ffel_sub_loans_origin_785073cd85,loan_ffel__subsidized_loans_originated_n__raw_token,FFEL: Subsidized loans originated count raw token
ffel_sub_loans_origin_265da1c440,loan_ffel__subsidized_loans_originated_n__lower_bound,FFEL: Subsidized loans originated count lower bound
ffel_sub_loans_origin_a47b268c41,loan_ffel__subsidized_loans_originated_n__upper_bound,FFEL: Subsidized loans originated count upper bound
ffel_sub_loans_origin_69b143874b,loan_ffel__subsidized_loans_originated_amt,FFEL: Subsidized loans originated amount
ffel_sub_loans_origin_104cc4d106,loan_ffel__subsidized_loans_originated_amt__status,FFEL: Subsidized loans originated amount status
ffel_sub_loans_origin_3dbcb9c665,loan_ffel__subsidized_loans_originated_amt__raw_token,FFEL: Subsidized loans originated amount raw token
ffel_sub_loans_origin_0b299d9fbd,loan_ffel__subsidized_loans_originated_amt__lower_bound,FFEL: Subsidized loans originated amount lower bound
ffel_sub_loans_origin_05899baf3d,loan_ffel__subsidized_loans_originated_amt__upper_bound,FFEL: Subsidized loans originated amount upper bound
ffel_sub_disb_n_d5701febaf,loan_ffel__subsidized_disbursements_n,FFEL: Subsidized disbursements count
ffel_sub_disb_n_statu_28dc72a733,loan_ffel__subsidized_disbursements_n__status,FFEL: Subsidized disbursements count status
ffel_sub_disb_n_raw_t_dcad5ee042,loan_ffel__subsidized_disbursements_n__raw_token,FFEL: Subsidized disbursements count raw token
ffel_sub_disb_n_lb_1c7b355a9e,loan_ffel__subsidized_disbursements_n__lower_bound,FFEL: Subsidized disbursements count lower bound
ffel_sub_disb_n_ub_2b56771647,loan_ffel__subsidized_disbursements_n__upper_bound,FFEL: Subsidized disbursements count upper bound
ffel_sub_disb_4be4161236,loan_ffel__subsidized_disbursements,FFEL: Subsidized disbursements
ffel_sub_disb_status_e3746df895,loan_ffel__subsidized_disbursements__status,FFEL: Subsidized disbursements status
ffel_sub_disb_raw_tok_5039fe77c1,loan_ffel__subsidized_disbursements__raw_token,FFEL: Subsidized disbursements raw token
ffel_sub_disb_lb_91b385d8da,loan_ffel__subsidized_disbursements__lower_bound,FFEL: Subsidized disbursements lower bound
ffel_sub_disb_ub_3ea1f83d3e,loan_ffel__subsidized_disbursements__upper_bound,FFEL: Subsidized disbursements upper bound
ffel_unsub_recips_f3a75a8f68,loan_ffel__unsubsidized_recipients,FFEL: Unsubsidized recipients
ffel_unsub_recips_sta_657563e573,loan_ffel__unsubsidized_recipients__status,FFEL: Unsubsidized recipients status
ffel_unsub_recips_raw_7cd1f518fa,loan_ffel__unsubsidized_recipients__raw_token,FFEL: Unsubsidized recipients raw token
ffel_unsub_recips_lb_3f73a32199,loan_ffel__unsubsidized_recipients__lower_bound,FFEL: Unsubsidized recipients lower bound
ffel_unsub_recips_ub_f6c3c94200,loan_ffel__unsubsidized_recipients__upper_bound,FFEL: Unsubsidized recipients upper bound
ffel_unsub_loans_orig_a57bed5466,loan_ffel__unsubsidized_loans_originated_n,FFEL: Unsubsidized loans originated count
ffel_unsub_loans_orig_97a040b6c6,loan_ffel__unsubsidized_loans_originated_n__status,FFEL: Unsubsidized loans originated count status
ffel_unsub_loans_orig_08516c0c97,loan_ffel__unsubsidized_loans_originated_n__raw_token,FFEL: Unsubsidized loans originated count raw token
ffel_unsub_loans_orig_a408801e5c,loan_ffel__unsubsidized_loans_originated_n__lower_bound,FFEL: Unsubsidized loans originated count lower bound
ffel_unsub_loans_orig_8f2da9452b,loan_ffel__unsubsidized_loans_originated_n__upper_bound,FFEL: Unsubsidized loans originated count upper bound
ffel_unsub_loans_orig_e81d845745,loan_ffel__unsubsidized_loans_originated_amt,FFEL: Unsubsidized loans originated amount
ffel_unsub_loans_orig_0f4e79d3c1,loan_ffel__unsubsidized_loans_originated_amt__status,FFEL: Unsubsidized loans originated amount status
ffel_unsub_loans_orig_85cf11a169,loan_ffel__unsubsidized_loans_originated_amt__raw_token,FFEL: Unsubsidized loans originated amount raw token
ffel_unsub_loans_orig_4ee88b5adf,loan_ffel__unsubsidized_loans_originated_amt__lower_bound,FFEL: Unsubsidized loans originated amount lower bound
ffel_unsub_loans_orig_a087b348da,loan_ffel__unsubsidized_loans_originated_amt__upper_bound,FFEL: Unsubsidized loans originated amount upper bound
ffel_unsub_disb_n_4e7007bf9b,loan_ffel__unsubsidized_disbursements_n,FFEL: Unsubsidized disbursements count
ffel_unsub_disb_n_sta_ba4d99b1e8,loan_ffel__unsubsidized_disbursements_n__status,FFEL: Unsubsidized disbursements count status
ffel_unsub_disb_n_raw_075852d320,loan_ffel__unsubsidized_disbursements_n__raw_token,FFEL: Unsubsidized disbursements count raw token
ffel_unsub_disb_n_lb_1045d36bd1,loan_ffel__unsubsidized_disbursements_n__lower_bound,FFEL: Unsubsidized disbursements count lower bound
ffel_unsub_disb_n_ub_f24eda27af,loan_ffel__unsubsidized_disbursements_n__upper_bound,FFEL: Unsubsidized disbursements count upper bound
ffel_unsub_disb_88b1cb4a1d,loan_ffel__unsubsidized_disbursements,FFEL: Unsubsidized disbursements
ffel_unsub_disb_statu_a099646b6c,loan_ffel__unsubsidized_disbursements__status,FFEL: Unsubsidized disbursements status
ffel_unsub_disb_raw_t_a312d222d9,loan_ffel__unsubsidized_disbursements__raw_token,FFEL: Unsubsidized disbursements raw token
ffel_unsub_disb_lb_4e0c009be3,loan_ffel__unsubsidized_disbursements__lower_bound,FFEL: Unsubsidized disbursements lower bound
ffel_unsub_disb_ub_8fb4d67929,loan_ffel__unsubsidized_disbursements__upper_bound,FFEL: Unsubsidized disbursements upper bound
loan_ffel__plus_recipients,loan_ffel__plus_recipients,FFEL: PLUS recipients
ffel_plus_recips_stat_86bbe75e15,loan_ffel__plus_recipients__status,FFEL: PLUS recipients status
ffel_plus_recips_raw__a1a28f5781,loan_ffel__plus_recipients__raw_token,FFEL: PLUS recipients raw token
ffel_plus_recips_lb_50f2d52afb,loan_ffel__plus_recipients__lower_bound,FFEL: PLUS recipients lower bound
ffel_plus_recips_ub_5fd9ffaae8,loan_ffel__plus_recipients__upper_bound,FFEL: PLUS recipients upper bound
ffel_plus_loans_origi_021d6ad97e,loan_ffel__plus_loans_originated_n,FFEL: PLUS loans originated count
ffel_plus_loans_origi_314cb35dab,loan_ffel__plus_loans_originated_n__status,FFEL: PLUS loans originated count status
ffel_plus_loans_origi_69967cf674,loan_ffel__plus_loans_originated_n__raw_token,FFEL: PLUS loans originated count raw token
ffel_plus_loans_origi_20b2fdd29d,loan_ffel__plus_loans_originated_n__lower_bound,FFEL: PLUS loans originated count lower bound
ffel_plus_loans_origi_cc78d3a4eb,loan_ffel__plus_loans_originated_n__upper_bound,FFEL: PLUS loans originated count upper bound
ffel_plus_loans_origi_a2c24813b6,loan_ffel__plus_loans_originated_amt,FFEL: PLUS loans originated amount
ffel_plus_loans_origi_ac71e6b713,loan_ffel__plus_loans_originated_amt__status,FFEL: PLUS loans originated amount status
ffel_plus_loans_origi_86173406b9,loan_ffel__plus_loans_originated_amt__raw_token,FFEL: PLUS loans originated amount raw token
ffel_plus_loans_origi_b6b788eeb3,loan_ffel__plus_loans_originated_amt__lower_bound,FFEL: PLUS loans originated amount lower bound
ffel_plus_loans_origi_c2effc691f,loan_ffel__plus_loans_originated_amt__upper_bound,FFEL: PLUS loans originated amount upper bound
loan_ffel__plus_disbursements_n,loan_ffel__plus_disbursements_n,FFEL: PLUS disbursements count
ffel_plus_disb_n_stat_4daa65c090,loan_ffel__plus_disbursements_n__status,FFEL: PLUS disbursements count status
ffel_plus_disb_n_raw__3928c610d1,loan_ffel__plus_disbursements_n__raw_token,FFEL: PLUS disbursements count raw token
ffel_plus_disb_n_lb_112920b633,loan_ffel__plus_disbursements_n__lower_bound,FFEL: PLUS disbursements count lower bound
ffel_plus_disb_n_ub_2b6019311d,loan_ffel__plus_disbursements_n__upper_bound,FFEL: PLUS disbursements count upper bound
loan_ffel__plus_disbursements,loan_ffel__plus_disbursements,FFEL: PLUS disbursements
ffel_plus_disb_status_67b0b40e1d,loan_ffel__plus_disbursements__status,FFEL: PLUS disbursements status
ffel_plus_disb_raw_to_91eab0cca3,loan_ffel__plus_disbursements__raw_token,FFEL: PLUS disbursements raw token
ffel_plus_disb_lb_9e662cafa3,loan_ffel__plus_disbursements__lower_bound,FFEL: PLUS disbursements lower bound
ffel_plus_disb_ub_5a019648c2,loan_ffel__plus_disbursements__upper_bound,FFEL: PLUS disbursements upper bound
loan_ffel__grad_plus_recipients,loan_ffel__grad_plus_recipients,FFEL: Grad PLUS recipients
ffel_grad_plus_recips_9e308e1b8d,loan_ffel__grad_plus_recipients__status,FFEL: Grad PLUS recipients status
ffel_grad_plus_recips_93bf42228e,loan_ffel__grad_plus_recipients__raw_token,FFEL: Grad PLUS recipients raw token
ffel_grad_plus_recips_fe576cce92,loan_ffel__grad_plus_recipients__lower_bound,FFEL: Grad PLUS recipients lower bound
ffel_grad_plus_recips_1cffa9f922,loan_ffel__grad_plus_recipients__upper_bound,FFEL: Grad PLUS recipients upper bound
ffel_grad_plus_loans__28ade218a1,loan_ffel__grad_plus_loans_originated_n,FFEL: Grad PLUS loans originated count
ffel_grad_plus_loans__ceb0717b3a,loan_ffel__grad_plus_loans_originated_n__status,FFEL: Grad PLUS loans originated count status
ffel_grad_plus_loans__15de6b1a70,loan_ffel__grad_plus_loans_originated_n__raw_token,FFEL: Grad PLUS loans originated count raw token
ffel_grad_plus_loans__7cff57aa06,loan_ffel__grad_plus_loans_originated_n__lower_bound,FFEL: Grad PLUS loans originated count lower bound
ffel_grad_plus_loans__5489ba4b2c,loan_ffel__grad_plus_loans_originated_n__upper_bound,FFEL: Grad PLUS loans originated count upper bound
ffel_grad_plus_loans__a838d79eb6,loan_ffel__grad_plus_loans_originated_amt,FFEL: Grad PLUS loans originated amount
ffel_grad_plus_loans__85c2ddedf6,loan_ffel__grad_plus_loans_originated_amt__status,FFEL: Grad PLUS loans originated amount status
ffel_grad_plus_loans__9ef1469d1c,loan_ffel__grad_plus_loans_originated_amt__raw_token,FFEL: Grad PLUS loans originated amount raw token
ffel_grad_plus_loans__ba92b3c1c3,loan_ffel__grad_plus_loans_originated_amt__lower_bound,FFEL: Grad PLUS loans originated amount lower bound
ffel_grad_plus_loans__a92f75b4c8,loan_ffel__grad_plus_loans_originated_amt__upper_bound,FFEL: Grad PLUS loans originated amount upper bound
ffel_grad_plus_disb_n_3b3cdce408,loan_ffel__grad_plus_disbursements_n,FFEL: Grad PLUS disbursements count
ffel_grad_plus_disb_n_ebf66fdb57,loan_ffel__grad_plus_disbursements_n__status,FFEL: Grad PLUS disbursements count status
ffel_grad_plus_disb_n_391f7c6cf0,loan_ffel__grad_plus_disbursements_n__raw_token,FFEL: Grad PLUS disbursements count raw token
ffel_grad_plus_disb_n_a96d5521c5,loan_ffel__grad_plus_disbursements_n__lower_bound,FFEL: Grad PLUS disbursements count lower bound
ffel_grad_plus_disb_n_2a9357be05,loan_ffel__grad_plus_disbursements_n__upper_bound,FFEL: Grad PLUS disbursements count upper bound
ffel_grad_plus_disb_d5e8c9cd66,loan_ffel__grad_plus_disbursements,FFEL: Grad PLUS disbursements
ffel_grad_plus_disb_s_ed844165e4,loan_ffel__grad_plus_disbursements__status,FFEL: Grad PLUS disbursements status
ffel_grad_plus_disb_r_d3d331c304,loan_ffel__grad_plus_disbursements__raw_token,FFEL: Grad PLUS disbursements raw token
ffel_grad_plus_disb_l_adcb43f736,loan_ffel__grad_plus_disbursements__lower_bound,FFEL: Grad PLUS disbursements lower bound
ffel_grad_plus_disb_u_cc7da154b8,loan_ffel__grad_plus_disbursements__upper_bound,FFEL: Grad PLUS disbursements upper bound
ffel_parent_plus_reci_ed8705b8bc,loan_ffel__parent_plus_recipients,FFEL: Parent PLUS recipients
ffel_parent_plus_reci_62f9cc3e2c,loan_ffel__parent_plus_recipients__status,FFEL: Parent PLUS recipients status
ffel_parent_plus_reci_376ada88b9,loan_ffel__parent_plus_recipients__raw_token,FFEL: Parent PLUS recipients raw token
ffel_parent_plus_reci_0d9d82f1b3,loan_ffel__parent_plus_recipients__lower_bound,FFEL: Parent PLUS recipients lower bound
ffel_parent_plus_reci_73bdb8eee8,loan_ffel__parent_plus_recipients__upper_bound,FFEL: Parent PLUS recipients upper bound
ffel_parent_plus_loan_18b64d94e8,loan_ffel__parent_plus_loans_originated_n,FFEL: Parent PLUS loans originated count
ffel_parent_plus_loan_794e2839fc,loan_ffel__parent_plus_loans_originated_n__status,FFEL: Parent PLUS loans originated count status
ffel_parent_plus_loan_196b9d0ab5,loan_ffel__parent_plus_loans_originated_n__raw_token,FFEL: Parent PLUS loans originated count raw token
ffel_parent_plus_loan_ebca6d6205,loan_ffel__parent_plus_loans_originated_n__lower_bound,FFEL: Parent PLUS loans originated count lower bound
ffel_parent_plus_loan_bbe7ccd6cb,loan_ffel__parent_plus_loans_originated_n__upper_bound,FFEL: Parent PLUS loans originated count upper bound
ffel_parent_plus_loan_aa2bc835c2,loan_ffel__parent_plus_loans_originated_amt,FFEL: Parent PLUS loans originated amount
ffel_parent_plus_loan_fa62b41329,loan_ffel__parent_plus_loans_originated_amt__status,FFEL: Parent PLUS loans originated amount status
ffel_parent_plus_loan_291ccd8ee0,loan_ffel__parent_plus_loans_originated_amt__raw_token,FFEL: Parent PLUS loans originated amount raw token
ffel_parent_plus_loan_a3f82411f8,loan_ffel__parent_plus_loans_originated_amt__lower_bound,FFEL: Parent PLUS loans originated amount lower bound
ffel_parent_plus_loan_71939d31a6,loan_ffel__parent_plus_loans_originated_amt__upper_bound,FFEL: Parent PLUS loans originated amount upper bound
ffel_parent_plus_disb_5134ee734e,loan_ffel__parent_plus_disbursements_n,FFEL: Parent PLUS disbursements count
ffel_parent_plus_disb_3f38e7e88a,loan_ffel__parent_plus_disbursements_n__status,FFEL: Parent PLUS disbursements count status
ffel_parent_plus_disb_e2793584d3,loan_ffel__parent_plus_disbursements_n__raw_token,FFEL: Parent PLUS disbursements count raw token
ffel_parent_plus_disb_9e97034dcc,loan_ffel__parent_plus_disbursements_n__lower_bound,FFEL: Parent PLUS disbursements count lower bound
ffel_parent_plus_disb_9c3675c446,loan_ffel__parent_plus_disbursements_n__upper_bound,FFEL: Parent PLUS disbursements count upper bound
ffel_parent_plus_disb_c49fb10410,loan_ffel__parent_plus_disbursements,FFEL: Parent PLUS disbursements
ffel_parent_plus_disb_a8a83be14f,loan_ffel__parent_plus_disbursements__status,FFEL: Parent PLUS disbursements status
ffel_parent_plus_disb_6b90d4609f,loan_ffel__parent_plus_disbursements__raw_token,FFEL: Parent PLUS disbursements raw token
ffel_parent_plus_disb_0425e35f36,loan_ffel__parent_plus_disbursements__lower_bound,FFEL: Parent PLUS disbursements lower bound
ffel_parent_plus_disb_67254155ed,loan_ffel__parent_plus_disbursements__upper_bound,FFEL: Parent PLUS disbursements upper bound
loan_ffel__source_report_present,loan_ffel__source_report_present,FFEL: Source report present
ffel_fsa_school_revie_634746bb5f,loan_ffel__fsa_school__review_required,FFEL: FSA school review required
ffel_fsa_state_review_2a0e143a03,loan_ffel__fsa_state__review_required,FFEL: FSA state review required
ffel_fsa_zip_code_rev_aebcd28a82,loan_ffel__fsa_zip_code__review_required,FFEL: FSA zip code review required
ffel_fsa_school_type__5d2e2aedc7,loan_ffel__fsa_school_type__review_required,FFEL: FSA school type review required
ffel_fsa_descriptor_r_4bef2e7d31,loan_ffel__fsa_descriptor_review_required,FFEL: FSA descriptor review required
loan_ffel__ipeds_anchor,loan_ffel__ipeds_anchor,FFEL: IPEDS anchor
loan_ffel__ipeds_year,loan_ffel__ipeds_year,FFEL: IPEDS year
loan_ffel__ipeds_match_status,loan_ffel__ipeds_match_status,FFEL: IPEDS match status
loan_ffel__ipeds_match_method,loan_ffel__ipeds_match_method,FFEL: IPEDS match method
ffel_ipeds_exact_cand_9c6b471803,loan_ffel__ipeds_exact_candidate_count,FFEL: IPEDS exact candidate count
loan_ffel__ipeds_unitid_start,loan_ffel__ipeds_unitid_start,FFEL: IPEDS UNITID start
loan_ffel__ipeds_unitid_end,loan_ffel__ipeds_unitid_end,FFEL: IPEDS UNITID end
ffel_ipeds_start_cand_0f5df578ae,loan_ffel__ipeds_start_candidate_count,FFEL: IPEDS start candidate count
ffel_ipeds_end_candid_28ccd8512d,loan_ffel__ipeds_end_candidate_count,FFEL: IPEDS end candidate count
ffel_ipeds_anchor_sen_fd57cf6d67,loan_ffel__ipeds_anchor_sensitivity,FFEL: IPEDS anchor sensitivity
loan_ffel__ipeds_scope_root,loan_ffel__ipeds_scope_root,FFEL: IPEDS scope root
ffel_ipeds_root_uniti_25e0033f21,loan_ffel__ipeds_root_unitid_count_start,FFEL: IPEDS root UNITID count start
ffel_ipeds_root_uniti_3a3e00d126,loan_ffel__ipeds_root_unitid_count_end,FFEL: IPEDS root UNITID count end
loan_ffel__fsa_root_opeid_count,loan_ffel__fsa_root_opeid_count,FFEL: FSA root opeid count
ffel_ipeds_opeid_life_26f308732f,loan_ffel__ipeds_opeid_lifetime_unitid_count,FFEL: IPEDS opeid lifetime UNITID count
ffel_ipeds_unitid_lif_1d10957862,loan_ffel__ipeds_unitid_lifetime_opeid_count,FFEL: IPEDS UNITID lifetime opeid count
loan_ffel__ipeds_strict_eligible,loan_ffel__ipeds_strict_eligible,FFEL: IPEDS strict eligible
ffel_ipeds_strict_exc_caa544594d,loan_ffel__ipeds_strict_exclusion_reasons,FFEL: IPEDS strict exclusion reasons
loan_ffel__ipeds_reporting_scope,loan_ffel__ipeds_reporting_scope,FFEL: IPEDS reporting scope
loan_ffel__ipeds_instnm,loan_ffel__ipeds_instnm,FFEL: IPEDS instnm
loan_ffel__ipeds_stabbr,loan_ffel__ipeds_stabbr,FFEL: IPEDS stabbr
loan_ffel__ipeds_city,loan_ffel__ipeds_city,FFEL: IPEDS city
loan_ffel__ipeds_zip,loan_ffel__ipeds_zip,FFEL: IPEDS zip
loan_ffel__ipeds_opeflag,loan_ffel__ipeds_opeflag,FFEL: IPEDS opeflag
loan_ffel__ipeds_sector,loan_ffel__ipeds_sector,FFEL: IPEDS sector
loan_ffel__ipeds_cyactive,loan_ffel__ipeds_cyactive,FFEL: IPEDS cyactive
loan_ffel__ipeds_act,loan_ffel__ipeds_act,FFEL: IPEDS act
loan_ffel__ipeds_newid,loan_ffel__ipeds_newid,FFEL: IPEDS newid
loan_ffel__ipeds_deathyr,loan_ffel__ipeds_deathyr,FFEL: IPEDS deathyr
loan_ffel__ipeds_closedat,loan_ffel__ipeds_closedat,FFEL: IPEDS closedat
loan_ffel__ipeds_postsec,loan_ffel__ipeds_postsec,FFEL: IPEDS postsec
loan_ffel__ipeds_pseflag,loan_ffel__ipeds_pseflag,FFEL: IPEDS pseflag
loan_ffel__ipeds_pset4flg,loan_ffel__ipeds_pset4flg,FFEL: IPEDS pset4flg
loan_ffel__ipeds_rptmth,loan_ffel__ipeds_rptmth,FFEL: IPEDS rptmth
loan_ffel__ipeds_f1systyp,loan_ffel__ipeds_f1systyp,FFEL: IPEDS f1systyp
loan_ffel__ipeds_f1sysnam,loan_ffel__ipeds_f1sysnam,FFEL: IPEDS f1sysnam
loan_ffel__ipeds_f1syscod,loan_ffel__ipeds_f1syscod,FFEL: IPEDS f1syscod
loan_ffel__prch_ic,loan_ffel__prch_ic,FFEL: Prch ic
loan_ffel__idx_ic,loan_ffel__idx_ic,FFEL: Idx ic
loan_ffel__ipeds_source_path,loan_ffel__ipeds_source_path,FFEL: IPEDS source path
loan_ffel__ipeds_source_sha256,loan_ffel__ipeds_source_sha256,FFEL: IPEDS source sha256
loan_ffel__ipeds_source_member,loan_ffel__ipeds_source_member,FFEL: IPEDS source member
loan_ffel__prch_c,loan_ffel__prch_c,FFEL: Prch c
loan_ffel__idx_c,loan_ffel__idx_c,FFEL: Idx c
loan_ffel__prch_ef,loan_ffel__prch_ef,FFEL: Prch ef
loan_ffel__idx_ef,loan_ffel__idx_ef,FFEL: Idx ef
loan_ffel__prch_f,loan_ffel__prch_f,FFEL: Prch f
loan_ffel__idx_f,loan_ffel__idx_f,FFEL: Idx f
loan_ffel__prch_sfa,loan_ffel__prch_sfa,FFEL: Prch sfa
loan_ffel__idx_sfa,loan_ffel__idx_sfa,FFEL: Idx sfa
loan_ffel__prch_gr,loan_ffel__prch_gr,FFEL: Prch gr
loan_ffel__idx_gr,loan_ffel__idx_gr,FFEL: Idx gr
loan_ffel__prch_sa,loan_ffel__prch_sa,FFEL: Prch sa
loan_ffel__idx_sa,loan_ffel__idx_sa,FFEL: Idx sa
loan_ffel__prch_s,loan_ffel__prch_s,FFEL: Prch s
loan_ffel__idx_s,loan_ffel__idx_s,FFEL: Idx s
loan_ffel__prch_eap,loan_ffel__prch_eap,FFEL: Prch eap
loan_ffel__idx_eap,loan_ffel__idx_eap,FFEL: Idx eap
loan_ffel__prch_hr,loan_ffel__prch_hr,FFEL: Prch hr
loan_ffel__idx_hr,loan_ffel__idx_hr,FFEL: Idx hr
loan_ffel__prch_e12,loan_ffel__prch_e12,FFEL: Prch e12
loan_ffel__idx_e12,loan_ffel__idx_e12,FFEL: Idx e12
loan_ffel__prch_gr2,loan_ffel__prch_gr2,FFEL: Prch gr2
loan_ffel__idx_gr2,loan_ffel__idx_gr2,FFEL: Idx gr2
loan_ffel__prch_al,loan_ffel__prch_al,FFEL: Prch al
loan_ffel__idx_al,loan_ffel__idx_al,FFEL: Idx al
loan_ffel__prch_om,loan_ffel__prch_om,FFEL: Prch om
loan_ffel__idx_om,loan_ffel__idx_om,FFEL: Idx om
loan_ffel__prchtp_f,loan_ffel__prchtp_f,FFEL: Prchtp f
loan_ffel__prch_adm,loan_ffel__prch_adm,FFEL: Prch adm
loan_ffel__idx_adm,loan_ffel__idx_adm,FFEL: Idx adm
loan_ffel__prch_cos,loan_ffel__prch_cos,FFEL: Prch cos
loan_ffel__idx_cos,loan_ffel__idx_cos,FFEL: Idx cos
ffel_ipeds_directory__564554e641,loan_ffel__ipeds_directory_unitid,FFEL: IPEDS directory UNITID
ffel_ipeds_directory__6f1dffde90,loan_ffel__ipeds_directory_match_status,FFEL: IPEDS directory match status
loan_ffel__ipeds_geography_class,loan_ffel__ipeds_geography_class,FFEL: IPEDS geography class
ffel_ipeds_crosswalk__75f3b92366,loan_ffel__ipeds_crosswalk_available,FFEL: IPEDS crosswalk available
ffel_ipeds_crosswalk__df8f5425b8,loan_ffel__ipeds_crosswalk_site_unitids_json,FFEL: IPEDS crosswalk site unitids json
ffel_ipeds_crosswalk__a0193ce025,loan_ffel__ipeds_crosswalk_parent_unitids_json,FFEL: IPEDS crosswalk parent unitids json
ffel_ipeds_directory__7ce075798c,loan_ffel__ipeds_directory_candidate_unitids_json,FFEL: IPEDS directory candidate unitids json
ffel_ipeds_crosswalk__0cb5cfd92b,loan_ffel__ipeds_crosswalk_anchor_sensitivity,FFEL: IPEDS crosswalk anchor sensitivity
ffel_fsa_source_ident_07b4dd7550,loan_ffel__fsa_source_identity_kind,FFEL: FSA source identity kind
ffel_ipeds_candidate__17b99306f1,loan_ffel__ipeds_candidate_unitid_before_descriptor_review,FFEL: IPEDS candidate UNITID before descriptor review
ffel_ipeds_candidate__d93b2f0f7c,loan_ffel__ipeds_candidate_instnm,FFEL: IPEDS candidate instnm
ffel_ipeds_candidate__4dc286f8d7,loan_ffel__ipeds_candidate_stabbr,FFEL: IPEDS candidate stabbr
ffel_ipeds_identity_g_949f2a43f7,loan_ffel__ipeds_identity_geography_conflict,FFEL: IPEDS identity geography conflict
ffel_ipeds_fsa_hd_sta_ce5915a3ca,loan_ffel__ipeds_fsa_hd_state_conflict,FFEL: IPEDS FSA hd state conflict
ffel_ipeds_fsa_hd_nam_e673c1c0d2,loan_ffel__ipeds_fsa_hd_name_similarity,FFEL: IPEDS FSA hd name similarity
ffel_ipeds_fsa_hd_nam_5211259120,loan_ffel__ipeds_fsa_hd_name_review_required,FFEL: IPEDS FSA hd name review required
ffel_ipeds_resolution_35e926c565,loan_ffel__ipeds_resolution_status,FFEL: IPEDS resolution status
ffel_ipeds_annual_ide_85ab101c69,loan_ffel__ipeds_annual_identity_eligible,FFEL: IPEDS annual identity eligible
ffel_ipeds_identity_i_ca6b24d57c,loan_ffel__ipeds_identity_is_administrative,FFEL: IPEDS identity is administrative
loan_ffel__ipeds_title_iv_status,loan_ffel__ipeds_title_iv_status,FFEL: IPEDS title iv status
loan_ffel__ipeds_activity_code,loan_ffel__ipeds_activity_code,FFEL: IPEDS activity code
ffel_ipeds_current_ye_349cf65120,loan_ffel__ipeds_current_year_active_code,FFEL: IPEDS current year active code
ffel_ipeds_closed_wit_17c972c1c9,loan_ffel__ipeds_closed_with_data,FFEL: IPEDS closed with data
ffel_ipeds_identity_u_fd432816f6,loan_ffel__ipeds_identity_uses_historical_relation,FFEL: IPEDS identity uses historical relation
ffel_ipeds_identity_s_25d3815c20,loan_ffel__ipeds_identity_strict_contemporaneous,FFEL: IPEDS identity strict contemporaneous
loan_ffel__ipeds_scope_alignment,loan_ffel__ipeds_scope_alignment,FFEL: IPEDS scope alignment
ffel_ipeds_has_other__31b67c875a,loan_ffel__ipeds_has_other_parent_unitid,FFEL: IPEDS has other parent UNITID
ffel_ipeds_component__80f311f65e,loan_ffel__ipeds_component_scope_review_required,FFEL: IPEDS component scope review required
loan_ffel__ipeds_finance_scope,loan_ffel__ipeds_finance_scope,FFEL: IPEDS finance scope
ffel_ipeds_finance_pa_a57978582f,loan_ffel__ipeds_finance_parent_reference_missing,FFEL: IPEDS finance parent reference missing
ffel_ipeds_student_ai_15a6ca35c2,loan_ffel__ipeds_student_aid_scope,FFEL: IPEDS student aid scope
ffel_ipeds_student_ai_908d5794af,loan_ffel__ipeds_student_aid_parent_reference_missing,FFEL: IPEDS student aid parent reference missing
ffel_ipeds_fall_enrol_0733b5b739,loan_ffel__ipeds_fall_enrollment_scope,FFEL: IPEDS fall enrollment scope
ffel_ipeds_fall_enrol_076d03abd5,loan_ffel__ipeds_fall_enrollment_parent_reference_missing,FFEL: IPEDS fall enrollment parent reference missing
ffel_ipeds_completion_6e55a5e613,loan_ffel__ipeds_completions_scope,FFEL: IPEDS completions scope
ffel_ipeds_completion_ff48760308,loan_ffel__ipeds_completions_parent_reference_missing,FFEL: IPEDS completions parent reference missing
ffel_ipeds_twelve_mon_6ab5151927,loan_ffel__ipeds_twelve_month_enrollment_scope,FFEL: IPEDS twelve month enrollment scope
ffel_ipeds_twelve_mon_79720e9df5,loan_ffel__ipeds_twelve_month_enrollment_parent_reference_missing,FFEL: IPEDS twelve month enrollment parent reference missing
loan_ffel__cw_source_row,loan_ffel__cw_source_row,FFEL: Crosswalk source row
loan_ffel__cw_source_path,loan_ffel__cw_source_path,FFEL: Crosswalk source path
loan_ffel__cw_source_sha256,loan_ffel__cw_source_sha256,FFEL: Crosswalk source sha256
loan_ffel__cw_preliminary,loan_ffel__cw_preliminary,FFEL: Crosswalk preliminary
loan_ffel__cw_source_code,loan_ffel__cw_source_code,FFEL: Crosswalk source code
loan_ffel__cw_source_method,loan_ffel__cw_source_method,FFEL: Crosswalk source method
ffel_cw_ipeds_reporti_5eaa71acf7,loan_ffel__cw_ipeds_reporting_code,FFEL: Crosswalk IPEDS reporting code
loan_ffel__cw_parent_opeid8,loan_ffel__cw_parent_opeid8,FFEL: Crosswalk parent OPEID8
ffel_cw_site_candidat_7bf5294b73,loan_ffel__cw_site_candidate_count,FFEL: Crosswalk site candidate count
loan_ffel__cw_primary_unitid,loan_ffel__cw_primary_unitid,FFEL: Crosswalk primary UNITID
ffel_cw_additional_ca_8b95e0dd7e,loan_ffel__cw_additional_candidate_count,FFEL: Crosswalk additional candidate count
ffel_cw_parent_candid_44e121704b,loan_ffel__cw_parent_candidate_count,FFEL: Crosswalk parent candidate count
ffel_cw_has_additiona_eedc59fe6b,loan_ffel__cw_has_additional_match,FFEL: Crosswalk has additional match
ffel_cw_multiple_site_02c18895e4,loan_ffel__cw_multiple_site_unitids,FFEL: Crosswalk multiple site unitids
ffel_cw_relation_pars_c6aca6467c,loan_ffel__cw_relation_parse_complete,FFEL: Crosswalk relation parse complete
ffel_cw_site_parse_co_568e61e3b8,loan_ffel__cw_site_parse_complete,FFEL: Crosswalk site parse complete
loan_ffel__cw_parse_issues_json,loan_ffel__cw_parse_issues_json,FFEL: Crosswalk parse issues json
ffel_cw_site_parent_u_ae57e25ac8,loan_ffel__cw_site_parent_unitids_differ,FFEL: Crosswalk site parent unitids differ
loan_ffel__cw_official_no_match,loan_ffel__cw_official_no_match,FFEL: Crosswalk official no match
loan_ffel__cw_has_change_notes,loan_ffel__cw_has_change_notes,FFEL: Crosswalk has change notes
loan_ffel__cw_has_prior_id_notes,loan_ffel__cw_has_prior_id_notes,FFEL: Crosswalk has prior id notes
loan_ffel__cw_raw_OPEID,loan_ffel__cw_raw_OPEID,FFEL: Crosswalk raw OPEID
loan_ffel__cw_raw_IPEDSMatch,loan_ffel__cw_raw_IPEDSMatch,FFEL: Crosswalk raw IPEDSMatch
loan_ffel__cw_raw_AddMatch,loan_ffel__cw_raw_AddMatch,FFEL: Crosswalk raw AddMatch
loan_ffel__cw_raw_Source,loan_ffel__cw_raw_Source,FFEL: Crosswalk raw Source
loan_ffel__cw_raw_PEPSSchname,loan_ffel__cw_raw_PEPSSchname,FFEL: Crosswalk raw PEPSSchname
loan_ffel__cw_raw_PEPSLocname,loan_ffel__cw_raw_PEPSLocname,FFEL: Crosswalk raw PEPSLocname
loan_ffel__cw_raw_PEPSEligCert,loan_ffel__cw_raw_PEPSEligCert,FFEL: Crosswalk raw PEPSEligCert
loan_ffel__cw_raw_IPEDSInstnm,loan_ffel__cw_raw_IPEDSInstnm,FFEL: Crosswalk raw IPEDSInstnm
loan_ffel__cw_raw_IPEDSPSET4FLG,loan_ffel__cw_raw_IPEDSPSET4FLG,FFEL: Crosswalk raw IPEDSPSET4FLG
loan_ffel__cw_raw_f1sysnam,loan_ffel__cw_raw_f1sysnam,FFEL: Crosswalk raw f1sysnam
loan_ffel__cw_raw_IPEDSrpt,loan_ffel__cw_raw_IPEDSrpt,FFEL: Crosswalk raw IPEDSrpt
loan_ffel__cw_raw_OPEIDMain,loan_ffel__cw_raw_OPEIDMain,FFEL: Crosswalk raw OPEIDMain
loan_ffel__cw_raw_IPEDSMain,loan_ffel__cw_raw_IPEDSMain,FFEL: Crosswalk raw IPEDSMain
loan_ffel__cw_raw_PY_UNITID,loan_ffel__cw_raw_PY_UNITID,FFEL: Crosswalk raw PY UNITID
loan_ffel__cw_raw_PYNotes,loan_ffel__cw_raw_PYNotes,FFEL: Crosswalk raw PYNotes
loan_ffel__cw_raw_PY_OPEID,loan_ffel__cw_raw_PY_OPEID,FFEL: Crosswalk raw PY OPEID
loan_ffel__cw_raw_COA1,loan_ffel__cw_raw_COA1,FFEL: Crosswalk raw COA1
loan_ffel__cw_raw_COA2,loan_ffel__cw_raw_COA2,FFEL: Crosswalk raw COA2
loan_ffel__cw_raw_COA3,loan_ffel__cw_raw_COA3,FFEL: Crosswalk raw COA3
loan_ffel__cw_raw_COA4,loan_ffel__cw_raw_COA4,FFEL: Crosswalk raw COA4
loan_ffel__cw_raw_COA5,loan_ffel__cw_raw_COA5,FFEL: Crosswalk raw COA5
ffel_cw_duplicate_ope_f58e27b3ee,loan_ffel__cw_duplicate_opeid_rows,FFEL: Crosswalk duplicate opeid rows
ffel_unitid_source_re_59c512a340,loan_ffel__unitid_source_record_count,FFEL: UNITID source record count
loan_ffel__unitid_record_status,loan_ffel__unitid_record_status,FFEL: UNITID record status
loan_ffel__unitid_aid_scope_note,loan_ffel__unitid_aid_scope_note,FFEL: UNITID aid scope note
dlh_sub_recip_count_s_144ccfaa8a,loan_direct_harmonized__subsidized_recipient_count_sum,DL harmonized: Subsidized recipient count sum
dlh_sub_recip_count_s_f1cbf72337,loan_direct_harmonized__subsidized_recipient_count_sum__observed_partial_sum,DL harmonized: Subsidized recipient count sum observed partial sum
dlh_sub_recip_count_s_431429cf78,loan_direct_harmonized__subsidized_recipient_count_sum__status,DL harmonized: Subsidized recipient count sum status
dlh_sub_unique_recip__10db653161,loan_direct_harmonized__subsidized_unique_recipient_lower_bound,DL harmonized: Subsidized unique recipient lower bound
dlh_sub_unique_recip__cd5163e90d,loan_direct_harmonized__subsidized_unique_recipient_upper_bound,DL harmonized: Subsidized unique recipient upper bound
dlh_sub_loans_origina_29bc7dcde3,loan_direct_harmonized__subsidized_loans_originated_n,DL harmonized: Subsidized loans originated count
dlh_sub_loans_origina_b6694cb53a,loan_direct_harmonized__subsidized_loans_originated_n__observed_partial_sum,DL harmonized: Subsidized loans originated count observed partial sum
dlh_sub_loans_origina_0a899cc9bd,loan_direct_harmonized__subsidized_loans_originated_n__status,DL harmonized: Subsidized loans originated count status
dlh_sub_loans_origina_e06b7cefa5,loan_direct_harmonized__subsidized_loans_originated_amt,DL harmonized: Subsidized loans originated amount
dlh_sub_loans_origina_1b761d61fa,loan_direct_harmonized__subsidized_loans_originated_amt__observed_partial_sum,DL harmonized: Subsidized loans originated amount observed partial sum
dlh_sub_loans_origina_a1601ecf07,loan_direct_harmonized__subsidized_loans_originated_amt__status,DL harmonized: Subsidized loans originated amount status
dlh_sub_disb_n_4408332e62,loan_direct_harmonized__subsidized_disbursements_n,DL harmonized: Subsidized disbursements count
dlh_sub_disb_n_partia_a52ad2863e,loan_direct_harmonized__subsidized_disbursements_n__observed_partial_sum,DL harmonized: Subsidized disbursements count observed partial sum
dlh_sub_disb_n_status_aec30d268b,loan_direct_harmonized__subsidized_disbursements_n__status,DL harmonized: Subsidized disbursements count status
dlh_sub_disb_58f3c72d24,loan_direct_harmonized__subsidized_disbursements,DL harmonized: Subsidized disbursements
dlh_sub_disb_partial_d734450e22,loan_direct_harmonized__subsidized_disbursements__observed_partial_sum,DL harmonized: Subsidized disbursements observed partial sum
dlh_sub_disb_status_52ad12ecc2,loan_direct_harmonized__subsidized_disbursements__status,DL harmonized: Subsidized disbursements status
dlh_unsub_recip_count_68597352c3,loan_direct_harmonized__unsubsidized_recipient_count_sum,DL harmonized: Unsubsidized recipient count sum
dlh_unsub_recip_count_1175b43e9f,loan_direct_harmonized__unsubsidized_recipient_count_sum__observed_partial_sum,DL harmonized: Unsubsidized recipient count sum observed partial sum
dlh_unsub_recip_count_07016597ab,loan_direct_harmonized__unsubsidized_recipient_count_sum__status,DL harmonized: Unsubsidized recipient count sum status
dlh_unsub_unique_reci_acf069f1f4,loan_direct_harmonized__unsubsidized_unique_recipient_lower_bound,DL harmonized: Unsubsidized unique recipient lower bound
dlh_unsub_unique_reci_be83df7b74,loan_direct_harmonized__unsubsidized_unique_recipient_upper_bound,DL harmonized: Unsubsidized unique recipient upper bound
dlh_unsub_loans_origi_7f72de16e7,loan_direct_harmonized__unsubsidized_loans_originated_n,DL harmonized: Unsubsidized loans originated count
dlh_unsub_loans_origi_7aeb84863a,loan_direct_harmonized__unsubsidized_loans_originated_n__observed_partial_sum,DL harmonized: Unsubsidized loans originated count observed partial sum
dlh_unsub_loans_origi_78490be94d,loan_direct_harmonized__unsubsidized_loans_originated_n__status,DL harmonized: Unsubsidized loans originated count status
dlh_unsub_loans_origi_1d444f2232,loan_direct_harmonized__unsubsidized_loans_originated_amt,DL harmonized: Unsubsidized loans originated amount
dlh_unsub_loans_origi_8da5c4b67e,loan_direct_harmonized__unsubsidized_loans_originated_amt__observed_partial_sum,DL harmonized: Unsubsidized loans originated amount observed partial sum
dlh_unsub_loans_origi_0c5af87a5a,loan_direct_harmonized__unsubsidized_loans_originated_amt__status,DL harmonized: Unsubsidized loans originated amount status
dlh_unsub_disb_n_97257ed587,loan_direct_harmonized__unsubsidized_disbursements_n,DL harmonized: Unsubsidized disbursements count
dlh_unsub_disb_n_part_68ada53b65,loan_direct_harmonized__unsubsidized_disbursements_n__observed_partial_sum,DL harmonized: Unsubsidized disbursements count observed partial sum
dlh_unsub_disb_n_stat_3682709143,loan_direct_harmonized__unsubsidized_disbursements_n__status,DL harmonized: Unsubsidized disbursements count status
dlh_unsub_disb_3d61265ceb,loan_direct_harmonized__unsubsidized_disbursements,DL harmonized: Unsubsidized disbursements
dlh_unsub_disb_partia_0c43379746,loan_direct_harmonized__unsubsidized_disbursements__observed_partial_sum,DL harmonized: Unsubsidized disbursements observed partial sum
dlh_unsub_disb_status_188dafbc9b,loan_direct_harmonized__unsubsidized_disbursements__status,DL harmonized: Unsubsidized disbursements status
dlh_plus_recip_count__4b4c168523,loan_direct_harmonized__plus_recipient_count_sum,DL harmonized: PLUS recipient count sum
dlh_plus_recip_count__1b39bbe7df,loan_direct_harmonized__plus_recipient_count_sum__observed_partial_sum,DL harmonized: PLUS recipient count sum observed partial sum
dlh_plus_recip_count__8ce60c1937,loan_direct_harmonized__plus_recipient_count_sum__status,DL harmonized: PLUS recipient count sum status
dlh_plus_unique_recip_254b0e4e98,loan_direct_harmonized__plus_unique_recipient_lower_bound,DL harmonized: PLUS unique recipient lower bound
dlh_plus_unique_recip_1c1d978dee,loan_direct_harmonized__plus_unique_recipient_upper_bound,DL harmonized: PLUS unique recipient upper bound
dlh_plus_loans_origin_4dbc05eab3,loan_direct_harmonized__plus_loans_originated_n,DL harmonized: PLUS loans originated count
dlh_plus_loans_origin_dd33049774,loan_direct_harmonized__plus_loans_originated_n__observed_partial_sum,DL harmonized: PLUS loans originated count observed partial sum
dlh_plus_loans_origin_c7e1450fe0,loan_direct_harmonized__plus_loans_originated_n__status,DL harmonized: PLUS loans originated count status
dlh_plus_loans_origin_bd60683cb1,loan_direct_harmonized__plus_loans_originated_amt,DL harmonized: PLUS loans originated amount
dlh_plus_loans_origin_93acadcc90,loan_direct_harmonized__plus_loans_originated_amt__observed_partial_sum,DL harmonized: PLUS loans originated amount observed partial sum
dlh_plus_loans_origin_3bd03109ec,loan_direct_harmonized__plus_loans_originated_amt__status,DL harmonized: PLUS loans originated amount status
dlh_plus_disb_n_fd2910ef28,loan_direct_harmonized__plus_disbursements_n,DL harmonized: PLUS disbursements count
dlh_plus_disb_n_parti_1eb557903d,loan_direct_harmonized__plus_disbursements_n__observed_partial_sum,DL harmonized: PLUS disbursements count observed partial sum
dlh_plus_disb_n_statu_49ee7189cf,loan_direct_harmonized__plus_disbursements_n__status,DL harmonized: PLUS disbursements count status
dlh_plus_disb_779797e24a,loan_direct_harmonized__plus_disbursements,DL harmonized: PLUS disbursements
dlh_plus_disb_partial_97f70b0e23,loan_direct_harmonized__plus_disbursements__observed_partial_sum,DL harmonized: PLUS disbursements observed partial sum
dlh_plus_disb_status_561ddbf113,loan_direct_harmonized__plus_disbursements__status,DL harmonized: PLUS disbursements status
ffh_sub_recip_count_s_d162b2bd9f,loan_ffel_harmonized__subsidized_recipient_count_sum,FFEL harmonized: Subsidized recipient count sum
ffh_sub_recip_count_s_564d3b1c85,loan_ffel_harmonized__subsidized_recipient_count_sum__observed_partial_sum,FFEL harmonized: Subsidized recipient count sum observed partial sum
ffh_sub_recip_count_s_391bf63c08,loan_ffel_harmonized__subsidized_recipient_count_sum__status,FFEL harmonized: Subsidized recipient count sum status
ffh_sub_unique_recip__83b74eebf7,loan_ffel_harmonized__subsidized_unique_recipient_lower_bound,FFEL harmonized: Subsidized unique recipient lower bound
ffh_sub_unique_recip__2aab6d4e70,loan_ffel_harmonized__subsidized_unique_recipient_upper_bound,FFEL harmonized: Subsidized unique recipient upper bound
ffh_sub_loans_origina_05e993fcb7,loan_ffel_harmonized__subsidized_loans_originated_n,FFEL harmonized: Subsidized loans originated count
ffh_sub_loans_origina_3a9ee1f6f6,loan_ffel_harmonized__subsidized_loans_originated_n__observed_partial_sum,FFEL harmonized: Subsidized loans originated count observed partial sum
ffh_sub_loans_origina_c7e75fbc09,loan_ffel_harmonized__subsidized_loans_originated_n__status,FFEL harmonized: Subsidized loans originated count status
ffh_sub_loans_origina_13a207eb97,loan_ffel_harmonized__subsidized_loans_originated_amt,FFEL harmonized: Subsidized loans originated amount
ffh_sub_loans_origina_6595fa55e0,loan_ffel_harmonized__subsidized_loans_originated_amt__observed_partial_sum,FFEL harmonized: Subsidized loans originated amount observed partial sum
ffh_sub_loans_origina_43bf98e7e1,loan_ffel_harmonized__subsidized_loans_originated_amt__status,FFEL harmonized: Subsidized loans originated amount status
ffh_sub_disb_n_b9e09ed978,loan_ffel_harmonized__subsidized_disbursements_n,FFEL harmonized: Subsidized disbursements count
ffh_sub_disb_n_partia_b5f6bc7ef0,loan_ffel_harmonized__subsidized_disbursements_n__observed_partial_sum,FFEL harmonized: Subsidized disbursements count observed partial sum
ffh_sub_disb_n_status_1153ab4664,loan_ffel_harmonized__subsidized_disbursements_n__status,FFEL harmonized: Subsidized disbursements count status
ffh_sub_disb_1d066b1947,loan_ffel_harmonized__subsidized_disbursements,FFEL harmonized: Subsidized disbursements
ffh_sub_disb_partial_49f9834e86,loan_ffel_harmonized__subsidized_disbursements__observed_partial_sum,FFEL harmonized: Subsidized disbursements observed partial sum
ffh_sub_disb_status_fdccedf3b6,loan_ffel_harmonized__subsidized_disbursements__status,FFEL harmonized: Subsidized disbursements status
ffh_unsub_recip_count_0ffefd40a1,loan_ffel_harmonized__unsubsidized_recipient_count_sum,FFEL harmonized: Unsubsidized recipient count sum
ffh_unsub_recip_count_9f08ae7a4d,loan_ffel_harmonized__unsubsidized_recipient_count_sum__observed_partial_sum,FFEL harmonized: Unsubsidized recipient count sum observed partial sum
ffh_unsub_recip_count_2adc2d5fc1,loan_ffel_harmonized__unsubsidized_recipient_count_sum__status,FFEL harmonized: Unsubsidized recipient count sum status
ffh_unsub_unique_reci_84eaab93c0,loan_ffel_harmonized__unsubsidized_unique_recipient_lower_bound,FFEL harmonized: Unsubsidized unique recipient lower bound
ffh_unsub_unique_reci_a42aa57f85,loan_ffel_harmonized__unsubsidized_unique_recipient_upper_bound,FFEL harmonized: Unsubsidized unique recipient upper bound
ffh_unsub_loans_origi_6f1539c606,loan_ffel_harmonized__unsubsidized_loans_originated_n,FFEL harmonized: Unsubsidized loans originated count
ffh_unsub_loans_origi_ebc05f5dd3,loan_ffel_harmonized__unsubsidized_loans_originated_n__observed_partial_sum,FFEL harmonized: Unsubsidized loans originated count observed partial sum
ffh_unsub_loans_origi_63f99837b5,loan_ffel_harmonized__unsubsidized_loans_originated_n__status,FFEL harmonized: Unsubsidized loans originated count status
ffh_unsub_loans_origi_2d829fa1cb,loan_ffel_harmonized__unsubsidized_loans_originated_amt,FFEL harmonized: Unsubsidized loans originated amount
ffh_unsub_loans_origi_02b2b7621d,loan_ffel_harmonized__unsubsidized_loans_originated_amt__observed_partial_sum,FFEL harmonized: Unsubsidized loans originated amount observed partial sum
ffh_unsub_loans_origi_03648d0017,loan_ffel_harmonized__unsubsidized_loans_originated_amt__status,FFEL harmonized: Unsubsidized loans originated amount status
ffh_unsub_disb_n_360a18e63a,loan_ffel_harmonized__unsubsidized_disbursements_n,FFEL harmonized: Unsubsidized disbursements count
ffh_unsub_disb_n_part_a1fd6e9796,loan_ffel_harmonized__unsubsidized_disbursements_n__observed_partial_sum,FFEL harmonized: Unsubsidized disbursements count observed partial sum
ffh_unsub_disb_n_stat_364a856bba,loan_ffel_harmonized__unsubsidized_disbursements_n__status,FFEL harmonized: Unsubsidized disbursements count status
ffh_unsub_disb_0191650f00,loan_ffel_harmonized__unsubsidized_disbursements,FFEL harmonized: Unsubsidized disbursements
ffh_unsub_disb_partia_f6692f34b2,loan_ffel_harmonized__unsubsidized_disbursements__observed_partial_sum,FFEL harmonized: Unsubsidized disbursements observed partial sum
ffh_unsub_disb_status_6860037ffa,loan_ffel_harmonized__unsubsidized_disbursements__status,FFEL harmonized: Unsubsidized disbursements status
ffh_plus_recip_count__7c11d3db0a,loan_ffel_harmonized__plus_recipient_count_sum,FFEL harmonized: PLUS recipient count sum
ffh_plus_recip_count__c7da1faff1,loan_ffel_harmonized__plus_recipient_count_sum__observed_partial_sum,FFEL harmonized: PLUS recipient count sum observed partial sum
ffh_plus_recip_count__08a2b9aa50,loan_ffel_harmonized__plus_recipient_count_sum__status,FFEL harmonized: PLUS recipient count sum status
ffh_plus_unique_recip_32012eb4ad,loan_ffel_harmonized__plus_unique_recipient_lower_bound,FFEL harmonized: PLUS unique recipient lower bound
ffh_plus_unique_recip_e0804b64e4,loan_ffel_harmonized__plus_unique_recipient_upper_bound,FFEL harmonized: PLUS unique recipient upper bound
ffh_plus_loans_origin_70fcbb802a,loan_ffel_harmonized__plus_loans_originated_n,FFEL harmonized: PLUS loans originated count
ffh_plus_loans_origin_2afb919dd0,loan_ffel_harmonized__plus_loans_originated_n__observed_partial_sum,FFEL harmonized: PLUS loans originated count observed partial sum
ffh_plus_loans_origin_a6868fda6c,loan_ffel_harmonized__plus_loans_originated_n__status,FFEL harmonized: PLUS loans originated count status
ffh_plus_loans_origin_f17a760cab,loan_ffel_harmonized__plus_loans_originated_amt,FFEL harmonized: PLUS loans originated amount
ffh_plus_loans_origin_c24d760503,loan_ffel_harmonized__plus_loans_originated_amt__observed_partial_sum,FFEL harmonized: PLUS loans originated amount observed partial sum
ffh_plus_loans_origin_68113bce2f,loan_ffel_harmonized__plus_loans_originated_amt__status,FFEL harmonized: PLUS loans originated amount status
ffh_plus_disb_n_6115ddd078,loan_ffel_harmonized__plus_disbursements_n,FFEL harmonized: PLUS disbursements count
ffh_plus_disb_n_parti_c1a7322290,loan_ffel_harmonized__plus_disbursements_n__observed_partial_sum,FFEL harmonized: PLUS disbursements count observed partial sum
ffh_plus_disb_n_statu_29b81aa072,loan_ffel_harmonized__plus_disbursements_n__status,FFEL harmonized: PLUS disbursements count status
ffh_plus_disb_ba77be0d36,loan_ffel_harmonized__plus_disbursements,FFEL harmonized: PLUS disbursements
ffh_plus_disb_partial_d2163c58a3,loan_ffel_harmonized__plus_disbursements__observed_partial_sum,FFEL harmonized: PLUS disbursements observed partial sum
ffh_plus_disb_status_d00d49a059,loan_ffel_harmonized__plus_disbursements__status,FFEL harmonized: PLUS disbursements status
loan__program_scope,loan__program_scope,Combined loan: Program scope
loan__school,loan__school,Combined loan: School
loan__state,loan__state,Combined loan: State
loan__zip_code,loan__zip_code,Combined loan: Zip code
loan__school_type,loan__school_type,Combined loan: School type
loan_sub_recip_count__ae124f8080,loan__subsidized_recipient_count_sum,Combined loan: Subsidized recipient count sum
loan_sub_recip_count__cc54e0295f,loan__subsidized_recipient_count_sum__observed_partial_sum,Combined loan: Subsidized recipient count sum observed partial sum
loan_sub_recip_count__241dedf81e,loan__subsidized_recipient_count_sum__status,Combined loan: Subsidized recipient count sum status
loan_sub_unique_recip_eb9fa24d0d,loan__subsidized_unique_recipient_lower_bound,Combined loan: Subsidized unique recipient lower bound
loan_sub_unique_recip_7f6dd0a7f7,loan__subsidized_unique_recipient_upper_bound,Combined loan: Subsidized unique recipient upper bound
loan_sub_loans_origin_bd3f1de72d,loan__subsidized_loans_originated_n,Combined loan: Subsidized loans originated count
loan_sub_loans_origin_5ae8b13ef2,loan__subsidized_loans_originated_n__observed_partial_sum,Combined loan: Subsidized loans originated count observed partial sum
loan_sub_loans_origin_88845437d0,loan__subsidized_loans_originated_n__status,Combined loan: Subsidized loans originated count status
loan_sub_loans_origin_ab13feed1c,loan__subsidized_loans_originated_amt,Combined loan: Subsidized loans originated amount
loan_sub_loans_origin_7fc87b5a5c,loan__subsidized_loans_originated_amt__observed_partial_sum,Combined loan: Subsidized loans originated amount observed partial sum
loan_sub_loans_origin_2e7cc4bafb,loan__subsidized_loans_originated_amt__status,Combined loan: Subsidized loans originated amount status
loan__subsidized_disbursements_n,loan__subsidized_disbursements_n,Combined loan: Subsidized disbursements count
loan_sub_disb_n_parti_fd82d0d954,loan__subsidized_disbursements_n__observed_partial_sum,Combined loan: Subsidized disbursements count observed partial sum
loan_sub_disb_n_statu_50ac596a0e,loan__subsidized_disbursements_n__status,Combined loan: Subsidized disbursements count status
loan__subsidized_disbursements,loan__subsidized_disbursements,Combined loan: Subsidized disbursements
loan_sub_disb_partial_db77546376,loan__subsidized_disbursements__observed_partial_sum,Combined loan: Subsidized disbursements observed partial sum
loan_sub_disb_status_27c4a523c1,loan__subsidized_disbursements__status,Combined loan: Subsidized disbursements status
loan_unsub_recip_coun_1715b4ac44,loan__unsubsidized_recipient_count_sum,Combined loan: Unsubsidized recipient count sum
loan_unsub_recip_coun_901dfbad9c,loan__unsubsidized_recipient_count_sum__observed_partial_sum,Combined loan: Unsubsidized recipient count sum observed partial sum
loan_unsub_recip_coun_9e621ae2d6,loan__unsubsidized_recipient_count_sum__status,Combined loan: Unsubsidized recipient count sum status
loan_unsub_unique_rec_1f2b514462,loan__unsubsidized_unique_recipient_lower_bound,Combined loan: Unsubsidized unique recipient lower bound
loan_unsub_unique_rec_42a6dbf950,loan__unsubsidized_unique_recipient_upper_bound,Combined loan: Unsubsidized unique recipient upper bound
loan_unsub_loans_orig_070a06282e,loan__unsubsidized_loans_originated_n,Combined loan: Unsubsidized loans originated count
loan_unsub_loans_orig_a74a8db756,loan__unsubsidized_loans_originated_n__observed_partial_sum,Combined loan: Unsubsidized loans originated count observed partial sum
loan_unsub_loans_orig_4b1239aeeb,loan__unsubsidized_loans_originated_n__status,Combined loan: Unsubsidized loans originated count status
loan_unsub_loans_orig_535eda01c9,loan__unsubsidized_loans_originated_amt,Combined loan: Unsubsidized loans originated amount
loan_unsub_loans_orig_e9d67f8aa1,loan__unsubsidized_loans_originated_amt__observed_partial_sum,Combined loan: Unsubsidized loans originated amount observed partial sum
loan_unsub_loans_orig_b7fede7b97,loan__unsubsidized_loans_originated_amt__status,Combined loan: Unsubsidized loans originated amount status
loan_unsub_disb_n_0c1784649a,loan__unsubsidized_disbursements_n,Combined loan: Unsubsidized disbursements count
loan_unsub_disb_n_par_69f385552a,loan__unsubsidized_disbursements_n__observed_partial_sum,Combined loan: Unsubsidized disbursements count observed partial sum
loan_unsub_disb_n_sta_09afeb23e4,loan__unsubsidized_disbursements_n__status,Combined loan: Unsubsidized disbursements count status
loan__unsubsidized_disbursements,loan__unsubsidized_disbursements,Combined loan: Unsubsidized disbursements
loan_unsub_disb_parti_8edca9e06d,loan__unsubsidized_disbursements__observed_partial_sum,Combined loan: Unsubsidized disbursements observed partial sum
loan_unsub_disb_statu_3d3ddf44ba,loan__unsubsidized_disbursements__status,Combined loan: Unsubsidized disbursements status
loan__plus_recipient_count_sum,loan__plus_recipient_count_sum,Combined loan: PLUS recipient count sum
loan_plus_recip_count_0382de461f,loan__plus_recipient_count_sum__observed_partial_sum,Combined loan: PLUS recipient count sum observed partial sum
loan_plus_recip_count_a665cbbf8b,loan__plus_recipient_count_sum__status,Combined loan: PLUS recipient count sum status
loan_plus_unique_reci_beda5ca915,loan__plus_unique_recipient_lower_bound,Combined loan: PLUS unique recipient lower bound
loan_plus_unique_reci_373ff5adaf,loan__plus_unique_recipient_upper_bound,Combined loan: PLUS unique recipient upper bound
loan__plus_loans_originated_n,loan__plus_loans_originated_n,Combined loan: PLUS loans originated count
loan_plus_loans_origi_d455c6b518,loan__plus_loans_originated_n__observed_partial_sum,Combined loan: PLUS loans originated count observed partial sum
loan_plus_loans_origi_4ea3e02ae6,loan__plus_loans_originated_n__status,Combined loan: PLUS loans originated count status
loan__plus_loans_originated_amt,loan__plus_loans_originated_amt,Combined loan: PLUS loans originated amount
loan_plus_loans_origi_4f17f95206,loan__plus_loans_originated_amt__observed_partial_sum,Combined loan: PLUS loans originated amount observed partial sum
loan_plus_loans_origi_07141e7f70,loan__plus_loans_originated_amt__status,Combined loan: PLUS loans originated amount status
loan__plus_disbursements_n,loan__plus_disbursements_n,Combined loan: PLUS disbursements count
loan_plus_disb_n_part_e30ce0592e,loan__plus_disbursements_n__observed_partial_sum,Combined loan: PLUS disbursements count observed partial sum
loan_plus_disb_n_stat_3927f6e8ab,loan__plus_disbursements_n__status,Combined loan: PLUS disbursements count status
loan__plus_disbursements,loan__plus_disbursements,Combined loan: PLUS disbursements
loan_plus_disb_partia_5be1fe0a96,loan__plus_disbursements__observed_partial_sum,Combined loan: PLUS disbursements observed partial sum
loan__plus_disbursements__status,loan__plus_disbursements__status,Combined loan: PLUS disbursements status
included_source_family_count,included_source_family_count,Included source family count
blocked_source_family_count,blocked_source_family_count,Blocked source family count
unitid_panel_scope_warning,unitid_panel_scope_warning,UNITID panel scope warning
