canonical_name,portable_name,code,value,label,description
grant__source_record_present,grant__source_record_present,0,false,False,The condition described by this variable is false; missing is distinct.
grant__source_record_present,grant__source_record_present,1,true,True,The condition described by this variable is true; missing is distinct.
grant__pell_recipients__status,grant__pell_recipients__status,8,absent_source_record,absent_source_record,No usable source-family record for this panel row; not evidence of zero aid.
grant__pell_recipients__status,grant__pell_recipients__status,21,ambiguous_family_multiple_records,ambiguous_family_multiple_records,"Multiple source-family records could supply this UNITID-year; values are blocked, not summed."
grant__pell_recipients__status,grant__pell_recipients__status,1,observed,observed,An explicitly reported numeric nonzero value.
grant__pell_recipients__status,grant__pell_recipients__status,2,observed_zero,observed_zero,An explicitly reported numeric zero; not an imputed zero.
grant__pell_recipients__status,grant__pell_recipients__status,4,source_symbol,source_symbol,"The source cell contains a dash, dot, NA, or other recognized nonnumeric symbol; not zero."
grant__pell_disbursements__status,grant_pell_disb_statu_dd269944c5,8,absent_source_record,absent_source_record,No usable source-family record for this panel row; not evidence of zero aid.
grant__pell_disbursements__status,grant_pell_disb_statu_dd269944c5,21,ambiguous_family_multiple_records,ambiguous_family_multiple_records,"Multiple source-family records could supply this UNITID-year; values are blocked, not summed."
grant__pell_disbursements__status,grant_pell_disb_statu_dd269944c5,1,observed,observed,An explicitly reported numeric nonzero value.
grant__pell_disbursements__status,grant_pell_disb_statu_dd269944c5,2,observed_zero,observed_zero,An explicitly reported numeric zero; not an imputed zero.
grant__pell_disbursements__status,grant_pell_disb_statu_dd269944c5,4,source_symbol,source_symbol,"The source cell contains a dash, dot, NA, or other recognized nonnumeric symbol; not zero."
grant__acg_recipients__status,grant__acg_recipients__status,8,absent_source_record,absent_source_record,No usable source-family record for this panel row; not evidence of zero aid.
grant__acg_recipients__status,grant__acg_recipients__status,21,ambiguous_family_multiple_records,ambiguous_family_multiple_records,"Multiple source-family records could supply this UNITID-year; values are blocked, not summed."
grant__acg_recipients__status,grant__acg_recipients__status,1,observed,observed,An explicitly reported numeric nonzero value.
grant__acg_recipients__status,grant__acg_recipients__status,2,observed_zero,observed_zero,An explicitly reported numeric zero; not an imputed zero.
grant__acg_recipients__status,grant__acg_recipients__status,4,source_symbol,source_symbol,"The source cell contains a dash, dot, NA, or other recognized nonnumeric symbol; not zero."
grant__acg_recipients__status,grant__acg_recipients__status,7,unavailable_in_schema,unavailable_in_schema,The selected source report does not supply this variable in this year.
grant__acg_disbursements__status,grant__acg_disbursements__status,8,absent_source_record,absent_source_record,No usable source-family record for this panel row; not evidence of zero aid.
grant__acg_disbursements__status,grant__acg_disbursements__status,21,ambiguous_family_multiple_records,ambiguous_family_multiple_records,"Multiple source-family records could supply this UNITID-year; values are blocked, not summed."
grant__acg_disbursements__status,grant__acg_disbursements__status,1,observed,observed,An explicitly reported numeric nonzero value.
grant__acg_disbursements__status,grant__acg_disbursements__status,2,observed_zero,observed_zero,An explicitly reported numeric zero; not an imputed zero.
grant__acg_disbursements__status,grant__acg_disbursements__status,4,source_symbol,source_symbol,"The source cell contains a dash, dot, NA, or other recognized nonnumeric symbol; not zero."
grant__acg_disbursements__status,grant__acg_disbursements__status,7,unavailable_in_schema,unavailable_in_schema,The selected source report does not supply this variable in this year.
grant__smart_recipients__status,grant__smart_recipients__status,8,absent_source_record,absent_source_record,No usable source-family record for this panel row; not evidence of zero aid.
grant__smart_recipients__status,grant__smart_recipients__status,21,ambiguous_family_multiple_records,ambiguous_family_multiple_records,"Multiple source-family records could supply this UNITID-year; values are blocked, not summed."
grant__smart_recipients__status,grant__smart_recipients__status,1,observed,observed,An explicitly reported numeric nonzero value.
grant__smart_recipients__status,grant__smart_recipients__status,2,observed_zero,observed_zero,An explicitly reported numeric zero; not an imputed zero.
grant__smart_recipients__status,grant__smart_recipients__status,4,source_symbol,source_symbol,"The source cell contains a dash, dot, NA, or other recognized nonnumeric symbol; not zero."
grant__smart_recipients__status,grant__smart_recipients__status,7,unavailable_in_schema,unavailable_in_schema,The selected source report does not supply this variable in this year.
grant__smart_disbursements__status,grant_smart_disb_stat_bd061f0d96,8,absent_source_record,absent_source_record,No usable source-family record for this panel row; not evidence of zero aid.
grant__smart_disbursements__status,grant_smart_disb_stat_bd061f0d96,21,ambiguous_family_multiple_records,ambiguous_family_multiple_records,"Multiple source-family records could supply this UNITID-year; values are blocked, not summed."
grant__smart_disbursements__status,grant_smart_disb_stat_bd061f0d96,1,observed,observed,An explicitly reported numeric nonzero value.
grant__smart_disbursements__status,grant_smart_disb_stat_bd061f0d96,2,observed_zero,observed_zero,An explicitly reported numeric zero; not an imputed zero.
grant__smart_disbursements__status,grant_smart_disb_stat_bd061f0d96,4,source_symbol,source_symbol,"The source cell contains a dash, dot, NA, or other recognized nonnumeric symbol; not zero."
grant__smart_disbursements__status,grant_smart_disb_stat_bd061f0d96,7,unavailable_in_schema,unavailable_in_schema,The selected source report does not supply this variable in this year.
grant__teach_recipients__status,grant__teach_recipients__status,8,absent_source_record,absent_source_record,No usable source-family record for this panel row; not evidence of zero aid.
grant__teach_recipients__status,grant__teach_recipients__status,21,ambiguous_family_multiple_records,ambiguous_family_multiple_records,"Multiple source-family records could supply this UNITID-year; values are blocked, not summed."
grant__teach_recipients__status,grant__teach_recipients__status,1,observed,observed,An explicitly reported numeric nonzero value.
grant__teach_recipients__status,grant__teach_recipients__status,2,observed_zero,observed_zero,An explicitly reported numeric zero; not an imputed zero.
grant__teach_recipients__status,grant__teach_recipients__status,4,source_symbol,source_symbol,"The source cell contains a dash, dot, NA, or other recognized nonnumeric symbol; not zero."
grant__teach_recipients__status,grant__teach_recipients__status,7,unavailable_in_schema,unavailable_in_schema,The selected source report does not supply this variable in this year.
grant__teach_disbursements__status,grant_teach_disb_stat_47b91085e5,8,absent_source_record,absent_source_record,No usable source-family record for this panel row; not evidence of zero aid.
grant__teach_disbursements__status,grant_teach_disb_stat_47b91085e5,21,ambiguous_family_multiple_records,ambiguous_family_multiple_records,"Multiple source-family records could supply this UNITID-year; values are blocked, not summed."
grant__teach_disbursements__status,grant_teach_disb_stat_47b91085e5,1,observed,observed,An explicitly reported numeric nonzero value.
grant__teach_disbursements__status,grant_teach_disb_stat_47b91085e5,2,observed_zero,observed_zero,An explicitly reported numeric zero; not an imputed zero.
grant__teach_disbursements__status,grant_teach_disb_stat_47b91085e5,4,source_symbol,source_symbol,"The source cell contains a dash, dot, NA, or other recognized nonnumeric symbol; not zero."
grant__teach_disbursements__status,grant_teach_disb_stat_47b91085e5,7,unavailable_in_schema,unavailable_in_schema,The selected source report does not supply this variable in this year.
grant__iasg_recipients__status,grant__iasg_recipients__status,8,absent_source_record,absent_source_record,No usable source-family record for this panel row; not evidence of zero aid.
grant__iasg_recipients__status,grant__iasg_recipients__status,21,ambiguous_family_multiple_records,ambiguous_family_multiple_records,"Multiple source-family records could supply this UNITID-year; values are blocked, not summed."
grant__iasg_recipients__status,grant__iasg_recipients__status,1,observed,observed,An explicitly reported numeric nonzero value.
grant__iasg_recipients__status,grant__iasg_recipients__status,2,observed_zero,observed_zero,An explicitly reported numeric zero; not an imputed zero.
grant__iasg_recipients__status,grant__iasg_recipients__status,4,source_symbol,source_symbol,"The source cell contains a dash, dot, NA, or other recognized nonnumeric symbol; not zero."
grant__iasg_recipients__status,grant__iasg_recipients__status,7,unavailable_in_schema,unavailable_in_schema,The selected source report does not supply this variable in this year.
grant__iasg_disbursements__status,grant_iasg_disb_statu_c99a9ad4ab,8,absent_source_record,absent_source_record,No usable source-family record for this panel row; not evidence of zero aid.
grant__iasg_disbursements__status,grant_iasg_disb_statu_c99a9ad4ab,21,ambiguous_family_multiple_records,ambiguous_family_multiple_records,"Multiple source-family records could supply this UNITID-year; values are blocked, not summed."
grant__iasg_disbursements__status,grant_iasg_disb_statu_c99a9ad4ab,1,observed,observed,An explicitly reported numeric nonzero value.
grant__iasg_disbursements__status,grant_iasg_disb_statu_c99a9ad4ab,2,observed_zero,observed_zero,An explicitly reported numeric zero; not an imputed zero.
grant__iasg_disbursements__status,grant_iasg_disb_statu_c99a9ad4ab,4,source_symbol,source_symbol,"The source cell contains a dash, dot, NA, or other recognized nonnumeric symbol; not zero."
grant__iasg_disbursements__status,grant_iasg_disb_statu_c99a9ad4ab,7,unavailable_in_schema,unavailable_in_schema,The selected source report does not supply this variable in this year.
grant__source_report_present,grant__source_report_present,0,false,False,The condition described by this variable is false; missing is distinct.
grant__source_report_present,grant__source_report_present,1,true,True,The condition described by this variable is true; missing is distinct.
grant__fsa_school__review_required,grant_fsa_school_revi_9d880c02b4,0,false,False,The condition described by this variable is false; missing is distinct.
grant__fsa_school__review_required,grant_fsa_school_revi_9d880c02b4,1,true,True,The condition described by this variable is true; missing is distinct.
grant__fsa_state__review_required,grant_fsa_state_revie_caad7fb8af,0,false,False,The condition described by this variable is false; missing is distinct.
grant__fsa_state__review_required,grant_fsa_state_revie_caad7fb8af,1,true,True,The condition described by this variable is true; missing is distinct.
grant__fsa_zip_code__review_required,grant_fsa_zip_code_re_385fba09af,0,false,False,The condition described by this variable is false; missing is distinct.
grant__fsa_zip_code__review_required,grant_fsa_zip_code_re_385fba09af,1,true,True,The condition described by this variable is true; missing is distinct.
grant__fsa_school_type__review_required,grant_fsa_school_type_1f0bb0981e,0,false,False,The condition described by this variable is false; missing is distinct.
grant__fsa_school_type__review_required,grant_fsa_school_type_1f0bb0981e,1,true,True,The condition described by this variable is true; missing is distinct.
grant__fsa_descriptor_review_required,grant_fsa_descriptor__20cb95e914,0,false,False,The condition described by this variable is false; missing is distinct.
grant__fsa_descriptor_review_required,grant_fsa_descriptor__20cb95e914,1,true,True,The condition described by this variable is true; missing is distinct.
grant__ipeds_match_status,grant__ipeds_match_status,25,exact_unique,exact_unique,"One full-OPEID match in the selected annual directory, passing the original activity/office screen."
grant__ipeds_match_status,grant__ipeds_match_status,26,exact_unique_inactive,exact_unique_inactive,One full-OPEID directory match is classified inactive by the original directory screen.
grant__ipeds_match_status,grant__ipeds_match_status,28,multiple_exact_unitids,multiple_exact_unitids,The full OPEID matches multiple UNITIDs in the selected annual directory.
grant__ipeds_match_status,grant__ipeds_match_status,29,no_exact_match,no_exact_match,No full-OPEID match exists in the selected annual directory.
grant__ipeds_strict_eligible,grant__ipeds_strict_eligible,0,false,False,The condition described by this variable is false; missing is distinct.
grant__ipeds_strict_eligible,grant__ipeds_strict_eligible,1,true,True,The condition described by this variable is true; missing is distinct.
grant__ipeds_directory_match_status,grant_ipeds_directory_15ecfec453,25,exact_unique,exact_unique,"One full-OPEID match in the selected annual directory, passing the original activity/office screen."
grant__ipeds_directory_match_status,grant_ipeds_directory_15ecfec453,26,exact_unique_inactive,exact_unique_inactive,One full-OPEID directory match is classified inactive by the original directory screen.
grant__ipeds_directory_match_status,grant_ipeds_directory_15ecfec453,28,multiple_exact_unitids,multiple_exact_unitids,The full OPEID matches multiple UNITIDs in the selected annual directory.
grant__ipeds_directory_match_status,grant_ipeds_directory_15ecfec453,29,no_exact_match,no_exact_match,No full-OPEID match exists in the selected annual directory.
grant__ipeds_crosswalk_available,grant__ipeds_crosswalk_available,0,false,False,The condition described by this variable is false; missing is distinct.
grant__ipeds_crosswalk_available,grant__ipeds_crosswalk_available,1,true,True,The condition described by this variable is true; missing is distinct.
grant__ipeds_identity_geography_conflict,grant_ipeds_identity__9a4c6dd793,0,false,False,The condition described by this variable is false; missing is distinct.
grant__ipeds_identity_geography_conflict,grant_ipeds_identity__9a4c6dd793,1,true,True,The condition described by this variable is true; missing is distinct.
grant__ipeds_fsa_hd_state_conflict,grant_ipeds_fsa_hd_st_079356c4b3,0,false,False,The condition described by this variable is false; missing is distinct.
grant__ipeds_fsa_hd_state_conflict,grant_ipeds_fsa_hd_st_079356c4b3,1,true,True,The condition described by this variable is true; missing is distinct.
grant__ipeds_fsa_hd_name_review_required,grant_ipeds_fsa_hd_na_ff77785b54,0,false,False,The condition described by this variable is false; missing is distinct.
grant__ipeds_fsa_hd_name_review_required,grant_ipeds_fsa_hd_na_ff77785b54,1,true,True,The condition described by this variable is true; missing is distinct.
grant__ipeds_resolution_status,grant__ipeds_resolution_status,31,official_site_alias_annual_unitid_verified,official_site_alias_annual_unitid_verified,Official site crosswalk resolves a singleton UNITID present in the annual directory under another OPEID.
grant__ipeds_resolution_status,grant__ipeds_resolution_status,32,official_site_and_directory_agree,official_site_and_directory_agree,Official site relation and full-OPEID annual directory evidence agree on the resolved UNITID.
grant__ipeds_resolution_status,grant__ipeds_resolution_status,33,unique_annual_directory_only,unique_annual_directory_only,A unique annual full-OPEID directory identity is available without a usable official site match.
grant__ipeds_resolution_status,grant__ipeds_resolution_status,34,verified_component_identity_opeid_unresolved,verified_component_identity_opeid_unresolved,Independent evidence verifies this family's UNITID; a full source OPEID remains unresolved.
grant__ipeds_annual_identity_eligible,grant_ipeds_annual_id_07d89d6242,0,false,False,The condition described by this variable is false; missing is distinct.
grant__ipeds_annual_identity_eligible,grant_ipeds_annual_id_07d89d6242,1,true,True,The condition described by this variable is true; missing is distinct.
grant__ipeds_identity_is_administrative,grant_ipeds_identity__4ce5af069f,0,false,False,The condition described by this variable is false; missing is distinct.
grant__ipeds_identity_is_administrative,grant_ipeds_identity__4ce5af069f,1,true,True,The condition described by this variable is true; missing is distinct.
grant__ipeds_title_iv_status,grant__ipeds_title_iv_status,46,branch_of_participating_institution,branch_of_participating_institution,Year-aware OPEFLAG interpretation: branch of a Title IV participating institution.
grant__ipeds_title_iv_status,grant__ipeds_title_iv_status,47,deferment_only,deferment_only,Year-aware OPEFLAG interpretation: deferment-only limited participation.
grant__ipeds_title_iv_status,grant__ipeds_title_iv_status,48,new_participant,new_participant,Year-aware OPEFLAG interpretation: new participant under the reviewed year's definition.
grant__ipeds_title_iv_status,grant__ipeds_title_iv_status,49,new_spring_participant,new_spring_participant,Year-aware OPEFLAG interpretation: new spring participant (reviewed years from 2004).
grant__ipeds_title_iv_status,grant__ipeds_title_iv_status,50,not_participating_with_opeid,not_participating_with_opeid,"Year-aware OPEFLAG interpretation: not participating, with an OPEID."
grant__ipeds_title_iv_status,grant__ipeds_title_iv_status,51,not_participating_without_opeid,not_participating_without_opeid,"Year-aware OPEFLAG interpretation: not participating, without an OPEID."
grant__ipeds_title_iv_status,grant__ipeds_title_iv_status,45,participating,participating,Year-aware OPEFLAG interpretation: participating in Title IV programs.
grant__ipeds_title_iv_status,grant__ipeds_title_iv_status,52,stopped_participating,stopped_participating,Year-aware OPEFLAG interpretation: stopped participating in Title IV.
grant__ipeds_closed_with_data,grant__ipeds_closed_with_data,0,false,False,The condition described by this variable is false; missing is distinct.
grant__ipeds_closed_with_data,grant__ipeds_closed_with_data,1,true,True,The condition described by this variable is true; missing is distinct.
grant__ipeds_identity_uses_historical_relation,grant_ipeds_identity__04493c90e4,0,false,False,The condition described by this variable is false; missing is distinct.
grant__ipeds_identity_uses_historical_relation,grant_ipeds_identity__04493c90e4,1,true,True,The condition described by this variable is true; missing is distinct.
grant__ipeds_identity_strict_contemporaneous,grant_ipeds_identity__d0463e9383,0,false,False,The condition described by this variable is false; missing is distinct.
grant__ipeds_identity_strict_contemporaneous,grant_ipeds_identity__d0463e9383,1,true,True,The condition described by this variable is true; missing is distinct.
grant__ipeds_has_other_parent_unitid,grant_ipeds_has_other_938319426e,0,false,False,The condition described by this variable is false; missing is distinct.
grant__ipeds_has_other_parent_unitid,grant_ipeds_has_other_938319426e,1,true,True,The condition described by this variable is true; missing is distinct.
grant__ipeds_component_scope_review_required,grant_ipeds_component_49c6ae00b5,0,false,False,The condition described by this variable is false; missing is distinct.
grant__ipeds_component_scope_review_required,grant_ipeds_component_49c6ae00b5,1,true,True,The condition described by this variable is true; missing is distinct.
grant__ipeds_finance_parent_reference_missing,grant_ipeds_finance_p_bed618ae25,0,false,False,The condition described by this variable is false; missing is distinct.
grant__ipeds_finance_parent_reference_missing,grant_ipeds_finance_p_bed618ae25,1,true,True,The condition described by this variable is true; missing is distinct.
grant__ipeds_student_aid_parent_reference_missing,grant_ipeds_student_a_c49b19bdc6,0,false,False,The condition described by this variable is false; missing is distinct.
grant__ipeds_student_aid_parent_reference_missing,grant_ipeds_student_a_c49b19bdc6,1,true,True,The condition described by this variable is true; missing is distinct.
grant__ipeds_fall_enrollment_parent_reference_missing,grant_ipeds_fall_enro_f903d0e4a2,0,false,False,The condition described by this variable is false; missing is distinct.
grant__ipeds_fall_enrollment_parent_reference_missing,grant_ipeds_fall_enro_f903d0e4a2,1,true,True,The condition described by this variable is true; missing is distinct.
grant__ipeds_completions_parent_reference_missing,grant_ipeds_completio_5718b64c1c,0,false,False,The condition described by this variable is false; missing is distinct.
grant__ipeds_completions_parent_reference_missing,grant_ipeds_completio_5718b64c1c,1,true,True,The condition described by this variable is true; missing is distinct.
grant__ipeds_twelve_month_enrollment_parent_reference_missing,grant_ipeds_twelve_mo_99c928421b,0,false,False,The condition described by this variable is false; missing is distinct.
grant__ipeds_twelve_month_enrollment_parent_reference_missing,grant_ipeds_twelve_mo_99c928421b,1,true,True,The condition described by this variable is true; missing is distinct.
grant__cw_preliminary,grant__cw_preliminary,0,false,False,The condition described by this variable is false; missing is distinct.
grant__cw_preliminary,grant__cw_preliminary,1,true,True,The condition described by this variable is true; missing is distinct.
grant__cw_has_additional_match,grant__cw_has_additional_match,0,false,False,The condition described by this variable is false; missing is distinct.
grant__cw_has_additional_match,grant__cw_has_additional_match,1,true,True,The condition described by this variable is true; missing is distinct.
grant__cw_multiple_site_unitids,grant__cw_multiple_site_unitids,0,false,False,The condition described by this variable is false; missing is distinct.
grant__cw_multiple_site_unitids,grant__cw_multiple_site_unitids,1,true,True,The condition described by this variable is true; missing is distinct.
grant__cw_relation_parse_complete,grant_cw_relation_par_b14bf0b533,0,false,False,The condition described by this variable is false; missing is distinct.
grant__cw_relation_parse_complete,grant_cw_relation_par_b14bf0b533,1,true,True,The condition described by this variable is true; missing is distinct.
grant__cw_site_parse_complete,grant__cw_site_parse_complete,0,false,False,The condition described by this variable is false; missing is distinct.
grant__cw_site_parse_complete,grant__cw_site_parse_complete,1,true,True,The condition described by this variable is true; missing is distinct.
grant__cw_site_parent_unitids_differ,grant_cw_site_parent__282f7127bd,0,false,False,The condition described by this variable is false; missing is distinct.
grant__cw_site_parent_unitids_differ,grant_cw_site_parent__282f7127bd,1,true,True,The condition described by this variable is true; missing is distinct.
grant__cw_official_no_match,grant__cw_official_no_match,0,false,False,The condition described by this variable is false; missing is distinct.
grant__cw_official_no_match,grant__cw_official_no_match,1,true,True,The condition described by this variable is true; missing is distinct.
grant__cw_has_change_notes,grant__cw_has_change_notes,0,false,False,The condition described by this variable is false; missing is distinct.
grant__cw_has_change_notes,grant__cw_has_change_notes,1,true,True,The condition described by this variable is true; missing is distinct.
grant__cw_has_prior_id_notes,grant__cw_has_prior_id_notes,0,false,False,The condition described by this variable is false; missing is distinct.
grant__cw_has_prior_id_notes,grant__cw_has_prior_id_notes,1,true,True,The condition described by this variable is true; missing is distinct.
grant__cw_duplicate_opeid_rows,grant__cw_duplicate_opeid_rows,0,false,False,The condition described by this variable is false; missing is distinct.
grant__cw_duplicate_opeid_rows,grant__cw_duplicate_opeid_rows,1,true,True,The condition described by this variable is true; missing is distinct.
grant__unitid_record_status,grant__unitid_record_status,8,absent_source_record,absent_source_record,No usable source-family record for this panel row; not evidence of zero aid.
grant__unitid_record_status,grant__unitid_record_status,21,ambiguous_family_multiple_records,ambiguous_family_multiple_records,"Multiple source-family records could supply this UNITID-year; values are blocked, not summed."
grant__unitid_record_status,grant__unitid_record_status,20,included_unique_family_record,included_unique_family_record,Exactly one eligible source-family record supplies this UNITID-year; no aid allocation.
campus__source_record_present,campus__source_record_present,0,false,False,The condition described by this variable is false; missing is distinct.
campus__source_record_present,campus__source_record_present,1,true,True,The condition described by this variable is true; missing is distinct.
campus__fws_recipients__status,campus__fws_recipients__status,8,absent_source_record,absent_source_record,No usable source-family record for this panel row; not evidence of zero aid.
campus__fws_recipients__status,campus__fws_recipients__status,21,ambiguous_family_multiple_records,ambiguous_family_multiple_records,"Multiple source-family records could supply this UNITID-year; values are blocked, not summed."
campus__fws_recipients__status,campus__fws_recipients__status,1,observed,observed,An explicitly reported numeric nonzero value.
campus__fws_recipients__status,campus__fws_recipients__status,2,observed_zero,observed_zero,An explicitly reported numeric zero; not an imputed zero.
campus__fws_recipients__status,campus__fws_recipients__status,9,report_not_available,report_not_available,No selected report for this source family and award year is available in the build.
campus__fws_recipients__status,campus__fws_recipients__status,3,source_blank,source_blank,The source cell is blank or a recognized missing-text token.
campus__fws_recipients__status,campus__fws_recipients__status,5,suppressed_lt10,suppressed_lt10,"Source reports <10; count bounds are 0 and 9, while the point value remains missing."
campus__fws_federal_award__status,campus_fws_federal_aw_f2d7aeaf16,8,absent_source_record,absent_source_record,No usable source-family record for this panel row; not evidence of zero aid.
campus__fws_federal_award__status,campus_fws_federal_aw_f2d7aeaf16,21,ambiguous_family_multiple_records,ambiguous_family_multiple_records,"Multiple source-family records could supply this UNITID-year; values are blocked, not summed."
campus__fws_federal_award__status,campus_fws_federal_aw_f2d7aeaf16,1,observed,observed,An explicitly reported numeric nonzero value.
campus__fws_federal_award__status,campus_fws_federal_aw_f2d7aeaf16,2,observed_zero,observed_zero,An explicitly reported numeric zero; not an imputed zero.
campus__fws_federal_award__status,campus_fws_federal_aw_f2d7aeaf16,9,report_not_available,report_not_available,No selected report for this source family and award year is available in the build.
campus__fws_federal_award__status,campus_fws_federal_aw_f2d7aeaf16,3,source_blank,source_blank,The source cell is blank or a recognized missing-text token.
campus__fws_federal_award__status,campus_fws_federal_aw_f2d7aeaf16,4,source_symbol,source_symbol,"The source cell contains a dash, dot, NA, or other recognized nonnumeric symbol; not zero."
campus__fws_disbursements__status,campus_fws_disb_statu_98da5f5e9a,8,absent_source_record,absent_source_record,No usable source-family record for this panel row; not evidence of zero aid.
campus__fws_disbursements__status,campus_fws_disb_statu_98da5f5e9a,21,ambiguous_family_multiple_records,ambiguous_family_multiple_records,"Multiple source-family records could supply this UNITID-year; values are blocked, not summed."
campus__fws_disbursements__status,campus_fws_disb_statu_98da5f5e9a,1,observed,observed,An explicitly reported numeric nonzero value.
campus__fws_disbursements__status,campus_fws_disb_statu_98da5f5e9a,2,observed_zero,observed_zero,An explicitly reported numeric zero; not an imputed zero.
campus__fws_disbursements__status,campus_fws_disb_statu_98da5f5e9a,9,report_not_available,report_not_available,No selected report for this source family and award year is available in the build.
campus__fws_disbursements__status,campus_fws_disb_statu_98da5f5e9a,3,source_blank,source_blank,The source cell is blank or a recognized missing-text token.
campus__fws_disbursements__status,campus_fws_disb_statu_98da5f5e9a,4,source_symbol,source_symbol,"The source cell contains a dash, dot, NA, or other recognized nonnumeric symbol; not zero."
campus__fws_disbursements__status,campus_fws_disb_statu_98da5f5e9a,6,suppressed,suppressed,Source explicitly suppresses or redacts the value; no numeric value is imputed.
campus__perkins_recipients__status,campus_perkins_recips_8248831f37,8,absent_source_record,absent_source_record,No usable source-family record for this panel row; not evidence of zero aid.
campus__perkins_recipients__status,campus_perkins_recips_8248831f37,21,ambiguous_family_multiple_records,ambiguous_family_multiple_records,"Multiple source-family records could supply this UNITID-year; values are blocked, not summed."
campus__perkins_recipients__status,campus_perkins_recips_8248831f37,1,observed,observed,An explicitly reported numeric nonzero value.
campus__perkins_recipients__status,campus_perkins_recips_8248831f37,2,observed_zero,observed_zero,An explicitly reported numeric zero; not an imputed zero.
campus__perkins_recipients__status,campus_perkins_recips_8248831f37,9,report_not_available,report_not_available,No selected report for this source family and award year is available in the build.
campus__perkins_recipients__status,campus_perkins_recips_8248831f37,3,source_blank,source_blank,The source cell is blank or a recognized missing-text token.
campus__perkins_recipients__status,campus_perkins_recips_8248831f37,7,unavailable_in_schema,unavailable_in_schema,The selected source report does not supply this variable in this year.
campus__perkins_federal_award__status,campus_perkins_federa_1cc79eba00,8,absent_source_record,absent_source_record,No usable source-family record for this panel row; not evidence of zero aid.
campus__perkins_federal_award__status,campus_perkins_federa_1cc79eba00,21,ambiguous_family_multiple_records,ambiguous_family_multiple_records,"Multiple source-family records could supply this UNITID-year; values are blocked, not summed."
campus__perkins_federal_award__status,campus_perkins_federa_1cc79eba00,2,observed_zero,observed_zero,An explicitly reported numeric zero; not an imputed zero.
campus__perkins_federal_award__status,campus_perkins_federa_1cc79eba00,9,report_not_available,report_not_available,No selected report for this source family and award year is available in the build.
campus__perkins_federal_award__status,campus_perkins_federa_1cc79eba00,4,source_symbol,source_symbol,"The source cell contains a dash, dot, NA, or other recognized nonnumeric symbol; not zero."
campus__perkins_federal_award__status,campus_perkins_federa_1cc79eba00,7,unavailable_in_schema,unavailable_in_schema,The selected source report does not supply this variable in this year.
campus__perkins_disbursements_amt__status,campus_perkins_disb_a_c48914939b,8,absent_source_record,absent_source_record,No usable source-family record for this panel row; not evidence of zero aid.
campus__perkins_disbursements_amt__status,campus_perkins_disb_a_c48914939b,21,ambiguous_family_multiple_records,ambiguous_family_multiple_records,"Multiple source-family records could supply this UNITID-year; values are blocked, not summed."
campus__perkins_disbursements_amt__status,campus_perkins_disb_a_c48914939b,1,observed,observed,An explicitly reported numeric nonzero value.
campus__perkins_disbursements_amt__status,campus_perkins_disb_a_c48914939b,2,observed_zero,observed_zero,An explicitly reported numeric zero; not an imputed zero.
campus__perkins_disbursements_amt__status,campus_perkins_disb_a_c48914939b,9,report_not_available,report_not_available,No selected report for this source family and award year is available in the build.
campus__perkins_disbursements_amt__status,campus_perkins_disb_a_c48914939b,3,source_blank,source_blank,The source cell is blank or a recognized missing-text token.
campus__perkins_disbursements_amt__status,campus_perkins_disb_a_c48914939b,4,source_symbol,source_symbol,"The source cell contains a dash, dot, NA, or other recognized nonnumeric symbol; not zero."
campus__perkins_disbursements_amt__status,campus_perkins_disb_a_c48914939b,7,unavailable_in_schema,unavailable_in_schema,The selected source report does not supply this variable in this year.
campus__fseog_recipients__status,campus__fseog_recipients__status,8,absent_source_record,absent_source_record,No usable source-family record for this panel row; not evidence of zero aid.
campus__fseog_recipients__status,campus__fseog_recipients__status,21,ambiguous_family_multiple_records,ambiguous_family_multiple_records,"Multiple source-family records could supply this UNITID-year; values are blocked, not summed."
campus__fseog_recipients__status,campus__fseog_recipients__status,1,observed,observed,An explicitly reported numeric nonzero value.
campus__fseog_recipients__status,campus__fseog_recipients__status,2,observed_zero,observed_zero,An explicitly reported numeric zero; not an imputed zero.
campus__fseog_recipients__status,campus__fseog_recipients__status,9,report_not_available,report_not_available,No selected report for this source family and award year is available in the build.
campus__fseog_recipients__status,campus__fseog_recipients__status,3,source_blank,source_blank,The source cell is blank or a recognized missing-text token.
campus__fseog_recipients__status,campus__fseog_recipients__status,5,suppressed_lt10,suppressed_lt10,"Source reports <10; count bounds are 0 and 9, while the point value remains missing."
campus__fseog_federal_award__status,campus_fseog_federal__274963caa4,8,absent_source_record,absent_source_record,No usable source-family record for this panel row; not evidence of zero aid.
campus__fseog_federal_award__status,campus_fseog_federal__274963caa4,21,ambiguous_family_multiple_records,ambiguous_family_multiple_records,"Multiple source-family records could supply this UNITID-year; values are blocked, not summed."
campus__fseog_federal_award__status,campus_fseog_federal__274963caa4,1,observed,observed,An explicitly reported numeric nonzero value.
campus__fseog_federal_award__status,campus_fseog_federal__274963caa4,2,observed_zero,observed_zero,An explicitly reported numeric zero; not an imputed zero.
campus__fseog_federal_award__status,campus_fseog_federal__274963caa4,9,report_not_available,report_not_available,No selected report for this source family and award year is available in the build.
campus__fseog_federal_award__status,campus_fseog_federal__274963caa4,3,source_blank,source_blank,The source cell is blank or a recognized missing-text token.
campus__fseog_federal_award__status,campus_fseog_federal__274963caa4,4,source_symbol,source_symbol,"The source cell contains a dash, dot, NA, or other recognized nonnumeric symbol; not zero."
campus__fseog_disbursements__status,campus_fseog_disb_sta_3b147016c2,8,absent_source_record,absent_source_record,No usable source-family record for this panel row; not evidence of zero aid.
campus__fseog_disbursements__status,campus_fseog_disb_sta_3b147016c2,21,ambiguous_family_multiple_records,ambiguous_family_multiple_records,"Multiple source-family records could supply this UNITID-year; values are blocked, not summed."
campus__fseog_disbursements__status,campus_fseog_disb_sta_3b147016c2,1,observed,observed,An explicitly reported numeric nonzero value.
campus__fseog_disbursements__status,campus_fseog_disb_sta_3b147016c2,2,observed_zero,observed_zero,An explicitly reported numeric zero; not an imputed zero.
campus__fseog_disbursements__status,campus_fseog_disb_sta_3b147016c2,9,report_not_available,report_not_available,No selected report for this source family and award year is available in the build.
campus__fseog_disbursements__status,campus_fseog_disb_sta_3b147016c2,3,source_blank,source_blank,The source cell is blank or a recognized missing-text token.
campus__fseog_disbursements__status,campus_fseog_disb_sta_3b147016c2,4,source_symbol,source_symbol,"The source cell contains a dash, dot, NA, or other recognized nonnumeric symbol; not zero."
campus__fseog_disbursements__status,campus_fseog_disb_sta_3b147016c2,6,suppressed,suppressed,Source explicitly suppresses or redacts the value; no numeric value is imputed.
campus__source_report_present,campus__source_report_present,0,false,False,The condition described by this variable is false; missing is distinct.
campus__source_report_present,campus__source_report_present,1,true,True,The condition described by this variable is true; missing is distinct.
campus__fsa_school__review_required,campus_fsa_school_rev_565c723c6d,0,false,False,The condition described by this variable is false; missing is distinct.
campus__fsa_school__review_required,campus_fsa_school_rev_565c723c6d,1,true,True,The condition described by this variable is true; missing is distinct.
campus__fsa_state__review_required,campus_fsa_state_revi_e330cd1863,0,false,False,The condition described by this variable is false; missing is distinct.
campus__fsa_state__review_required,campus_fsa_state_revi_e330cd1863,1,true,True,The condition described by this variable is true; missing is distinct.
campus__fsa_zip_code__review_required,campus_fsa_zip_code_r_76a0afa75e,0,false,False,The condition described by this variable is false; missing is distinct.
campus__fsa_zip_code__review_required,campus_fsa_zip_code_r_76a0afa75e,1,true,True,The condition described by this variable is true; missing is distinct.
campus__fsa_school_type__review_required,campus_fsa_school_typ_631864e615,0,false,False,The condition described by this variable is false; missing is distinct.
campus__fsa_school_type__review_required,campus_fsa_school_typ_631864e615,1,true,True,The condition described by this variable is true; missing is distinct.
campus__fsa_descriptor_review_required,campus_fsa_descriptor_555199d288,0,false,False,The condition described by this variable is false; missing is distinct.
campus__fsa_descriptor_review_required,campus_fsa_descriptor_555199d288,1,true,True,The condition described by this variable is true; missing is distinct.
campus__ipeds_match_status,campus__ipeds_match_status,25,exact_unique,exact_unique,"One full-OPEID match in the selected annual directory, passing the original activity/office screen."
campus__ipeds_match_status,campus__ipeds_match_status,26,exact_unique_inactive,exact_unique_inactive,One full-OPEID directory match is classified inactive by the original directory screen.
campus__ipeds_match_status,campus__ipeds_match_status,28,multiple_exact_unitids,multiple_exact_unitids,The full OPEID matches multiple UNITIDs in the selected annual directory.
campus__ipeds_match_status,campus__ipeds_match_status,29,no_exact_match,no_exact_match,No full-OPEID match exists in the selected annual directory.
campus__ipeds_strict_eligible,campus__ipeds_strict_eligible,0,false,False,The condition described by this variable is false; missing is distinct.
campus__ipeds_strict_eligible,campus__ipeds_strict_eligible,1,true,True,The condition described by this variable is true; missing is distinct.
campus__ipeds_directory_match_status,campus_ipeds_director_7994d19f72,25,exact_unique,exact_unique,"One full-OPEID match in the selected annual directory, passing the original activity/office screen."
campus__ipeds_directory_match_status,campus_ipeds_director_7994d19f72,26,exact_unique_inactive,exact_unique_inactive,One full-OPEID directory match is classified inactive by the original directory screen.
campus__ipeds_directory_match_status,campus_ipeds_director_7994d19f72,28,multiple_exact_unitids,multiple_exact_unitids,The full OPEID matches multiple UNITIDs in the selected annual directory.
campus__ipeds_directory_match_status,campus_ipeds_director_7994d19f72,29,no_exact_match,no_exact_match,No full-OPEID match exists in the selected annual directory.
campus__ipeds_crosswalk_available,campus_ipeds_crosswal_51a644ecde,0,false,False,The condition described by this variable is false; missing is distinct.
campus__ipeds_crosswalk_available,campus_ipeds_crosswal_51a644ecde,1,true,True,The condition described by this variable is true; missing is distinct.
campus__ipeds_identity_geography_conflict,campus_ipeds_identity_6623bf16c0,0,false,False,The condition described by this variable is false; missing is distinct.
campus__ipeds_identity_geography_conflict,campus_ipeds_identity_6623bf16c0,1,true,True,The condition described by this variable is true; missing is distinct.
campus__ipeds_fsa_hd_state_conflict,campus_ipeds_fsa_hd_s_11a3c9ac6c,0,false,False,The condition described by this variable is false; missing is distinct.
campus__ipeds_fsa_hd_state_conflict,campus_ipeds_fsa_hd_s_11a3c9ac6c,1,true,True,The condition described by this variable is true; missing is distinct.
campus__ipeds_fsa_hd_name_review_required,campus_ipeds_fsa_hd_n_6ecf7d81ba,0,false,False,The condition described by this variable is false; missing is distinct.
campus__ipeds_fsa_hd_name_review_required,campus_ipeds_fsa_hd_n_6ecf7d81ba,1,true,True,The condition described by this variable is true; missing is distinct.
campus__ipeds_resolution_status,campus__ipeds_resolution_status,31,official_site_alias_annual_unitid_verified,official_site_alias_annual_unitid_verified,Official site crosswalk resolves a singleton UNITID present in the annual directory under another OPEID.
campus__ipeds_resolution_status,campus__ipeds_resolution_status,32,official_site_and_directory_agree,official_site_and_directory_agree,Official site relation and full-OPEID annual directory evidence agree on the resolved UNITID.
campus__ipeds_resolution_status,campus__ipeds_resolution_status,33,unique_annual_directory_only,unique_annual_directory_only,A unique annual full-OPEID directory identity is available without a usable official site match.
campus__ipeds_annual_identity_eligible,campus_ipeds_annual_i_6394d121b3,0,false,False,The condition described by this variable is false; missing is distinct.
campus__ipeds_annual_identity_eligible,campus_ipeds_annual_i_6394d121b3,1,true,True,The condition described by this variable is true; missing is distinct.
campus__ipeds_identity_is_administrative,campus_ipeds_identity_7c97892789,0,false,False,The condition described by this variable is false; missing is distinct.
campus__ipeds_identity_is_administrative,campus_ipeds_identity_7c97892789,1,true,True,The condition described by this variable is true; missing is distinct.
campus__ipeds_title_iv_status,campus__ipeds_title_iv_status,46,branch_of_participating_institution,branch_of_participating_institution,Year-aware OPEFLAG interpretation: branch of a Title IV participating institution.
campus__ipeds_title_iv_status,campus__ipeds_title_iv_status,47,deferment_only,deferment_only,Year-aware OPEFLAG interpretation: deferment-only limited participation.
campus__ipeds_title_iv_status,campus__ipeds_title_iv_status,48,new_participant,new_participant,Year-aware OPEFLAG interpretation: new participant under the reviewed year's definition.
campus__ipeds_title_iv_status,campus__ipeds_title_iv_status,49,new_spring_participant,new_spring_participant,Year-aware OPEFLAG interpretation: new spring participant (reviewed years from 2004).
campus__ipeds_title_iv_status,campus__ipeds_title_iv_status,50,not_participating_with_opeid,not_participating_with_opeid,"Year-aware OPEFLAG interpretation: not participating, with an OPEID."
campus__ipeds_title_iv_status,campus__ipeds_title_iv_status,51,not_participating_without_opeid,not_participating_without_opeid,"Year-aware OPEFLAG interpretation: not participating, without an OPEID."
campus__ipeds_title_iv_status,campus__ipeds_title_iv_status,45,participating,participating,Year-aware OPEFLAG interpretation: participating in Title IV programs.
campus__ipeds_title_iv_status,campus__ipeds_title_iv_status,52,stopped_participating,stopped_participating,Year-aware OPEFLAG interpretation: stopped participating in Title IV.
campus__ipeds_closed_with_data,campus__ipeds_closed_with_data,0,false,False,The condition described by this variable is false; missing is distinct.
campus__ipeds_closed_with_data,campus__ipeds_closed_with_data,1,true,True,The condition described by this variable is true; missing is distinct.
campus__ipeds_identity_uses_historical_relation,campus_ipeds_identity_5e8798951c,0,false,False,The condition described by this variable is false; missing is distinct.
campus__ipeds_identity_uses_historical_relation,campus_ipeds_identity_5e8798951c,1,true,True,The condition described by this variable is true; missing is distinct.
campus__ipeds_identity_strict_contemporaneous,campus_ipeds_identity_0a6883680f,0,false,False,The condition described by this variable is false; missing is distinct.
campus__ipeds_identity_strict_contemporaneous,campus_ipeds_identity_0a6883680f,1,true,True,The condition described by this variable is true; missing is distinct.
campus__ipeds_has_other_parent_unitid,campus_ipeds_has_othe_9ad3bf6fa1,0,false,False,The condition described by this variable is false; missing is distinct.
campus__ipeds_has_other_parent_unitid,campus_ipeds_has_othe_9ad3bf6fa1,1,true,True,The condition described by this variable is true; missing is distinct.
campus__ipeds_component_scope_review_required,campus_ipeds_componen_c9d5d9e87d,0,false,False,The condition described by this variable is false; missing is distinct.
campus__ipeds_component_scope_review_required,campus_ipeds_componen_c9d5d9e87d,1,true,True,The condition described by this variable is true; missing is distinct.
campus__ipeds_finance_parent_reference_missing,campus_ipeds_finance__6121ef2abc,0,false,False,The condition described by this variable is false; missing is distinct.
campus__ipeds_finance_parent_reference_missing,campus_ipeds_finance__6121ef2abc,1,true,True,The condition described by this variable is true; missing is distinct.
campus__ipeds_student_aid_parent_reference_missing,campus_ipeds_student__788f377ddc,0,false,False,The condition described by this variable is false; missing is distinct.
campus__ipeds_student_aid_parent_reference_missing,campus_ipeds_student__788f377ddc,1,true,True,The condition described by this variable is true; missing is distinct.
campus__ipeds_fall_enrollment_parent_reference_missing,campus_ipeds_fall_enr_826e244f6f,0,false,False,The condition described by this variable is false; missing is distinct.
campus__ipeds_fall_enrollment_parent_reference_missing,campus_ipeds_fall_enr_826e244f6f,1,true,True,The condition described by this variable is true; missing is distinct.
campus__ipeds_completions_parent_reference_missing,campus_ipeds_completi_e87fa3346f,0,false,False,The condition described by this variable is false; missing is distinct.
campus__ipeds_completions_parent_reference_missing,campus_ipeds_completi_e87fa3346f,1,true,True,The condition described by this variable is true; missing is distinct.
campus__ipeds_twelve_month_enrollment_parent_reference_missing,campus_ipeds_twelve_m_64b298b959,0,false,False,The condition described by this variable is false; missing is distinct.
campus__ipeds_twelve_month_enrollment_parent_reference_missing,campus_ipeds_twelve_m_64b298b959,1,true,True,The condition described by this variable is true; missing is distinct.
campus__cw_preliminary,campus__cw_preliminary,0,false,False,The condition described by this variable is false; missing is distinct.
campus__cw_preliminary,campus__cw_preliminary,1,true,True,The condition described by this variable is true; missing is distinct.
campus__cw_has_additional_match,campus__cw_has_additional_match,0,false,False,The condition described by this variable is false; missing is distinct.
campus__cw_has_additional_match,campus__cw_has_additional_match,1,true,True,The condition described by this variable is true; missing is distinct.
campus__cw_multiple_site_unitids,campus__cw_multiple_site_unitids,0,false,False,The condition described by this variable is false; missing is distinct.
campus__cw_multiple_site_unitids,campus__cw_multiple_site_unitids,1,true,True,The condition described by this variable is true; missing is distinct.
campus__cw_relation_parse_complete,campus_cw_relation_pa_55a8896450,0,false,False,The condition described by this variable is false; missing is distinct.
campus__cw_relation_parse_complete,campus_cw_relation_pa_55a8896450,1,true,True,The condition described by this variable is true; missing is distinct.
campus__cw_site_parse_complete,campus__cw_site_parse_complete,0,false,False,The condition described by this variable is false; missing is distinct.
campus__cw_site_parse_complete,campus__cw_site_parse_complete,1,true,True,The condition described by this variable is true; missing is distinct.
campus__cw_site_parent_unitids_differ,campus_cw_site_parent_abc8c69125,0,false,False,The condition described by this variable is false; missing is distinct.
campus__cw_site_parent_unitids_differ,campus_cw_site_parent_abc8c69125,1,true,True,The condition described by this variable is true; missing is distinct.
campus__cw_official_no_match,campus__cw_official_no_match,0,false,False,The condition described by this variable is false; missing is distinct.
campus__cw_official_no_match,campus__cw_official_no_match,1,true,True,The condition described by this variable is true; missing is distinct.
campus__cw_has_change_notes,campus__cw_has_change_notes,0,false,False,The condition described by this variable is false; missing is distinct.
campus__cw_has_change_notes,campus__cw_has_change_notes,1,true,True,The condition described by this variable is true; missing is distinct.
campus__cw_has_prior_id_notes,campus__cw_has_prior_id_notes,0,false,False,The condition described by this variable is false; missing is distinct.
campus__cw_has_prior_id_notes,campus__cw_has_prior_id_notes,1,true,True,The condition described by this variable is true; missing is distinct.
campus__cw_duplicate_opeid_rows,campus__cw_duplicate_opeid_rows,0,false,False,The condition described by this variable is false; missing is distinct.
campus__cw_duplicate_opeid_rows,campus__cw_duplicate_opeid_rows,1,true,True,The condition described by this variable is true; missing is distinct.
campus__unitid_record_status,campus__unitid_record_status,8,absent_source_record,absent_source_record,No usable source-family record for this panel row; not evidence of zero aid.
campus__unitid_record_status,campus__unitid_record_status,21,ambiguous_family_multiple_records,ambiguous_family_multiple_records,"Multiple source-family records could supply this UNITID-year; values are blocked, not summed."
campus__unitid_record_status,campus__unitid_record_status,20,included_unique_family_record,included_unique_family_record,Exactly one eligible source-family record supplies this UNITID-year; no aid allocation.
loan_direct__source_record_present,dl_source_record_pres_d395989936,0,false,False,The condition described by this variable is false; missing is distinct.
loan_direct__source_record_present,dl_source_record_pres_d395989936,1,true,True,The condition described by this variable is true; missing is distinct.
loan_direct__subsidized_recipients__status,dl_sub_recips_status_0d1a096e0e,8,absent_source_record,absent_source_record,No usable source-family record for this panel row; not evidence of zero aid.
loan_direct__subsidized_recipients__status,dl_sub_recips_status_0d1a096e0e,21,ambiguous_family_multiple_records,ambiguous_family_multiple_records,"Multiple source-family records could supply this UNITID-year; values are blocked, not summed."
loan_direct__subsidized_recipients__status,dl_sub_recips_status_0d1a096e0e,1,observed,observed,An explicitly reported numeric nonzero value.
loan_direct__subsidized_recipients__status,dl_sub_recips_status_0d1a096e0e,2,observed_zero,observed_zero,An explicitly reported numeric zero; not an imputed zero.
loan_direct__subsidized_recipients__status,dl_sub_recips_status_0d1a096e0e,4,source_symbol,source_symbol,"The source cell contains a dash, dot, NA, or other recognized nonnumeric symbol; not zero."
loan_direct__subsidized_recipients__status,dl_sub_recips_status_0d1a096e0e,7,unavailable_in_schema,unavailable_in_schema,The selected source report does not supply this variable in this year.
loan_direct__subsidized_loans_originated_n__status,dl_sub_loans_originat_300b783b40,8,absent_source_record,absent_source_record,No usable source-family record for this panel row; not evidence of zero aid.
loan_direct__subsidized_loans_originated_n__status,dl_sub_loans_originat_300b783b40,21,ambiguous_family_multiple_records,ambiguous_family_multiple_records,"Multiple source-family records could supply this UNITID-year; values are blocked, not summed."
loan_direct__subsidized_loans_originated_n__status,dl_sub_loans_originat_300b783b40,1,observed,observed,An explicitly reported numeric nonzero value.
loan_direct__subsidized_loans_originated_n__status,dl_sub_loans_originat_300b783b40,2,observed_zero,observed_zero,An explicitly reported numeric zero; not an imputed zero.
loan_direct__subsidized_loans_originated_n__status,dl_sub_loans_originat_300b783b40,4,source_symbol,source_symbol,"The source cell contains a dash, dot, NA, or other recognized nonnumeric symbol; not zero."
loan_direct__subsidized_loans_originated_n__status,dl_sub_loans_originat_300b783b40,7,unavailable_in_schema,unavailable_in_schema,The selected source report does not supply this variable in this year.
loan_direct__subsidized_loans_originated_amt__status,dl_sub_loans_originat_4dd5094cc9,8,absent_source_record,absent_source_record,No usable source-family record for this panel row; not evidence of zero aid.
loan_direct__subsidized_loans_originated_amt__status,dl_sub_loans_originat_4dd5094cc9,21,ambiguous_family_multiple_records,ambiguous_family_multiple_records,"Multiple source-family records could supply this UNITID-year; values are blocked, not summed."
loan_direct__subsidized_loans_originated_amt__status,dl_sub_loans_originat_4dd5094cc9,1,observed,observed,An explicitly reported numeric nonzero value.
loan_direct__subsidized_loans_originated_amt__status,dl_sub_loans_originat_4dd5094cc9,2,observed_zero,observed_zero,An explicitly reported numeric zero; not an imputed zero.
loan_direct__subsidized_loans_originated_amt__status,dl_sub_loans_originat_4dd5094cc9,4,source_symbol,source_symbol,"The source cell contains a dash, dot, NA, or other recognized nonnumeric symbol; not zero."
loan_direct__subsidized_loans_originated_amt__status,dl_sub_loans_originat_4dd5094cc9,7,unavailable_in_schema,unavailable_in_schema,The selected source report does not supply this variable in this year.
loan_direct__subsidized_disbursements_n__status,dl_sub_disb_n_status_94176df0c6,8,absent_source_record,absent_source_record,No usable source-family record for this panel row; not evidence of zero aid.
loan_direct__subsidized_disbursements_n__status,dl_sub_disb_n_status_94176df0c6,21,ambiguous_family_multiple_records,ambiguous_family_multiple_records,"Multiple source-family records could supply this UNITID-year; values are blocked, not summed."
loan_direct__subsidized_disbursements_n__status,dl_sub_disb_n_status_94176df0c6,1,observed,observed,An explicitly reported numeric nonzero value.
loan_direct__subsidized_disbursements_n__status,dl_sub_disb_n_status_94176df0c6,2,observed_zero,observed_zero,An explicitly reported numeric zero; not an imputed zero.
loan_direct__subsidized_disbursements_n__status,dl_sub_disb_n_status_94176df0c6,4,source_symbol,source_symbol,"The source cell contains a dash, dot, NA, or other recognized nonnumeric symbol; not zero."
loan_direct__subsidized_disbursements_n__status,dl_sub_disb_n_status_94176df0c6,7,unavailable_in_schema,unavailable_in_schema,The selected source report does not supply this variable in this year.
loan_direct__subsidized_disbursements__status,dl_sub_disb_status_83e49ffaba,8,absent_source_record,absent_source_record,No usable source-family record for this panel row; not evidence of zero aid.
loan_direct__subsidized_disbursements__status,dl_sub_disb_status_83e49ffaba,21,ambiguous_family_multiple_records,ambiguous_family_multiple_records,"Multiple source-family records could supply this UNITID-year; values are blocked, not summed."
loan_direct__subsidized_disbursements__status,dl_sub_disb_status_83e49ffaba,1,observed,observed,An explicitly reported numeric nonzero value.
loan_direct__subsidized_disbursements__status,dl_sub_disb_status_83e49ffaba,2,observed_zero,observed_zero,An explicitly reported numeric zero; not an imputed zero.
loan_direct__subsidized_disbursements__status,dl_sub_disb_status_83e49ffaba,4,source_symbol,source_symbol,"The source cell contains a dash, dot, NA, or other recognized nonnumeric symbol; not zero."
loan_direct__subsidized_disbursements__status,dl_sub_disb_status_83e49ffaba,7,unavailable_in_schema,unavailable_in_schema,The selected source report does not supply this variable in this year.
loan_direct__unsubsidized_recipients__status,dl_unsub_recips_statu_22cc4f1ed5,8,absent_source_record,absent_source_record,No usable source-family record for this panel row; not evidence of zero aid.
loan_direct__unsubsidized_recipients__status,dl_unsub_recips_statu_22cc4f1ed5,21,ambiguous_family_multiple_records,ambiguous_family_multiple_records,"Multiple source-family records could supply this UNITID-year; values are blocked, not summed."
loan_direct__unsubsidized_recipients__status,dl_unsub_recips_statu_22cc4f1ed5,1,observed,observed,An explicitly reported numeric nonzero value.
loan_direct__unsubsidized_recipients__status,dl_unsub_recips_statu_22cc4f1ed5,2,observed_zero,observed_zero,An explicitly reported numeric zero; not an imputed zero.
loan_direct__unsubsidized_recipients__status,dl_unsub_recips_statu_22cc4f1ed5,7,unavailable_in_schema,unavailable_in_schema,The selected source report does not supply this variable in this year.
loan_direct__unsubsidized_loans_originated_n__status,dl_unsub_loans_origin_eadd643499,8,absent_source_record,absent_source_record,No usable source-family record for this panel row; not evidence of zero aid.
loan_direct__unsubsidized_loans_originated_n__status,dl_unsub_loans_origin_eadd643499,21,ambiguous_family_multiple_records,ambiguous_family_multiple_records,"Multiple source-family records could supply this UNITID-year; values are blocked, not summed."
loan_direct__unsubsidized_loans_originated_n__status,dl_unsub_loans_origin_eadd643499,1,observed,observed,An explicitly reported numeric nonzero value.
loan_direct__unsubsidized_loans_originated_n__status,dl_unsub_loans_origin_eadd643499,2,observed_zero,observed_zero,An explicitly reported numeric zero; not an imputed zero.
loan_direct__unsubsidized_loans_originated_n__status,dl_unsub_loans_origin_eadd643499,7,unavailable_in_schema,unavailable_in_schema,The selected source report does not supply this variable in this year.
loan_direct__unsubsidized_loans_originated_amt__status,dl_unsub_loans_origin_fe154665e2,8,absent_source_record,absent_source_record,No usable source-family record for this panel row; not evidence of zero aid.
loan_direct__unsubsidized_loans_originated_amt__status,dl_unsub_loans_origin_fe154665e2,21,ambiguous_family_multiple_records,ambiguous_family_multiple_records,"Multiple source-family records could supply this UNITID-year; values are blocked, not summed."
loan_direct__unsubsidized_loans_originated_amt__status,dl_unsub_loans_origin_fe154665e2,1,observed,observed,An explicitly reported numeric nonzero value.
loan_direct__unsubsidized_loans_originated_amt__status,dl_unsub_loans_origin_fe154665e2,2,observed_zero,observed_zero,An explicitly reported numeric zero; not an imputed zero.
loan_direct__unsubsidized_loans_originated_amt__status,dl_unsub_loans_origin_fe154665e2,7,unavailable_in_schema,unavailable_in_schema,The selected source report does not supply this variable in this year.
loan_direct__unsubsidized_disbursements_n__status,dl_unsub_disb_n_statu_aeb78ea539,8,absent_source_record,absent_source_record,No usable source-family record for this panel row; not evidence of zero aid.
loan_direct__unsubsidized_disbursements_n__status,dl_unsub_disb_n_statu_aeb78ea539,21,ambiguous_family_multiple_records,ambiguous_family_multiple_records,"Multiple source-family records could supply this UNITID-year; values are blocked, not summed."
loan_direct__unsubsidized_disbursements_n__status,dl_unsub_disb_n_statu_aeb78ea539,1,observed,observed,An explicitly reported numeric nonzero value.
loan_direct__unsubsidized_disbursements_n__status,dl_unsub_disb_n_statu_aeb78ea539,2,observed_zero,observed_zero,An explicitly reported numeric zero; not an imputed zero.
loan_direct__unsubsidized_disbursements_n__status,dl_unsub_disb_n_statu_aeb78ea539,7,unavailable_in_schema,unavailable_in_schema,The selected source report does not supply this variable in this year.
loan_direct__unsubsidized_disbursements__status,dl_unsub_disb_status_fb26f42669,8,absent_source_record,absent_source_record,No usable source-family record for this panel row; not evidence of zero aid.
loan_direct__unsubsidized_disbursements__status,dl_unsub_disb_status_fb26f42669,21,ambiguous_family_multiple_records,ambiguous_family_multiple_records,"Multiple source-family records could supply this UNITID-year; values are blocked, not summed."
loan_direct__unsubsidized_disbursements__status,dl_unsub_disb_status_fb26f42669,1,observed,observed,An explicitly reported numeric nonzero value.
loan_direct__unsubsidized_disbursements__status,dl_unsub_disb_status_fb26f42669,2,observed_zero,observed_zero,An explicitly reported numeric zero; not an imputed zero.
loan_direct__unsubsidized_disbursements__status,dl_unsub_disb_status_fb26f42669,7,unavailable_in_schema,unavailable_in_schema,The selected source report does not supply this variable in this year.
loan_direct__plus_recipients__status,dl_plus_recips_status_b262edc80d,8,absent_source_record,absent_source_record,No usable source-family record for this panel row; not evidence of zero aid.
loan_direct__plus_recipients__status,dl_plus_recips_status_b262edc80d,21,ambiguous_family_multiple_records,ambiguous_family_multiple_records,"Multiple source-family records could supply this UNITID-year; values are blocked, not summed."
loan_direct__plus_recipients__status,dl_plus_recips_status_b262edc80d,1,observed,observed,An explicitly reported numeric nonzero value.
loan_direct__plus_recipients__status,dl_plus_recips_status_b262edc80d,2,observed_zero,observed_zero,An explicitly reported numeric zero; not an imputed zero.
loan_direct__plus_recipients__status,dl_plus_recips_status_b262edc80d,7,unavailable_in_schema,unavailable_in_schema,The selected source report does not supply this variable in this year.
loan_direct__plus_loans_originated_n__status,dl_plus_loans_origina_014c39dceb,8,absent_source_record,absent_source_record,No usable source-family record for this panel row; not evidence of zero aid.
loan_direct__plus_loans_originated_n__status,dl_plus_loans_origina_014c39dceb,21,ambiguous_family_multiple_records,ambiguous_family_multiple_records,"Multiple source-family records could supply this UNITID-year; values are blocked, not summed."
loan_direct__plus_loans_originated_n__status,dl_plus_loans_origina_014c39dceb,1,observed,observed,An explicitly reported numeric nonzero value.
loan_direct__plus_loans_originated_n__status,dl_plus_loans_origina_014c39dceb,2,observed_zero,observed_zero,An explicitly reported numeric zero; not an imputed zero.
loan_direct__plus_loans_originated_n__status,dl_plus_loans_origina_014c39dceb,7,unavailable_in_schema,unavailable_in_schema,The selected source report does not supply this variable in this year.
loan_direct__plus_loans_originated_amt__status,dl_plus_loans_origina_2f0378c8e0,8,absent_source_record,absent_source_record,No usable source-family record for this panel row; not evidence of zero aid.
loan_direct__plus_loans_originated_amt__status,dl_plus_loans_origina_2f0378c8e0,21,ambiguous_family_multiple_records,ambiguous_family_multiple_records,"Multiple source-family records could supply this UNITID-year; values are blocked, not summed."
loan_direct__plus_loans_originated_amt__status,dl_plus_loans_origina_2f0378c8e0,1,observed,observed,An explicitly reported numeric nonzero value.
loan_direct__plus_loans_originated_amt__status,dl_plus_loans_origina_2f0378c8e0,2,observed_zero,observed_zero,An explicitly reported numeric zero; not an imputed zero.
loan_direct__plus_loans_originated_amt__status,dl_plus_loans_origina_2f0378c8e0,7,unavailable_in_schema,unavailable_in_schema,The selected source report does not supply this variable in this year.
loan_direct__plus_disbursements_n__status,dl_plus_disb_n_status_f2b7f6214c,8,absent_source_record,absent_source_record,No usable source-family record for this panel row; not evidence of zero aid.
loan_direct__plus_disbursements_n__status,dl_plus_disb_n_status_f2b7f6214c,21,ambiguous_family_multiple_records,ambiguous_family_multiple_records,"Multiple source-family records could supply this UNITID-year; values are blocked, not summed."
loan_direct__plus_disbursements_n__status,dl_plus_disb_n_status_f2b7f6214c,1,observed,observed,An explicitly reported numeric nonzero value.
loan_direct__plus_disbursements_n__status,dl_plus_disb_n_status_f2b7f6214c,2,observed_zero,observed_zero,An explicitly reported numeric zero; not an imputed zero.
loan_direct__plus_disbursements_n__status,dl_plus_disb_n_status_f2b7f6214c,7,unavailable_in_schema,unavailable_in_schema,The selected source report does not supply this variable in this year.
loan_direct__plus_disbursements__status,dl_plus_disb_status_921d30ed0c,8,absent_source_record,absent_source_record,No usable source-family record for this panel row; not evidence of zero aid.
loan_direct__plus_disbursements__status,dl_plus_disb_status_921d30ed0c,21,ambiguous_family_multiple_records,ambiguous_family_multiple_records,"Multiple source-family records could supply this UNITID-year; values are blocked, not summed."
loan_direct__plus_disbursements__status,dl_plus_disb_status_921d30ed0c,1,observed,observed,An explicitly reported numeric nonzero value.
loan_direct__plus_disbursements__status,dl_plus_disb_status_921d30ed0c,2,observed_zero,observed_zero,An explicitly reported numeric zero; not an imputed zero.
loan_direct__plus_disbursements__status,dl_plus_disb_status_921d30ed0c,7,unavailable_in_schema,unavailable_in_schema,The selected source report does not supply this variable in this year.
loan_direct__grad_plus_recipients__status,dl_grad_plus_recips_s_204998b70c,8,absent_source_record,absent_source_record,No usable source-family record for this panel row; not evidence of zero aid.
loan_direct__grad_plus_recipients__status,dl_grad_plus_recips_s_204998b70c,21,ambiguous_family_multiple_records,ambiguous_family_multiple_records,"Multiple source-family records could supply this UNITID-year; values are blocked, not summed."
loan_direct__grad_plus_recipients__status,dl_grad_plus_recips_s_204998b70c,1,observed,observed,An explicitly reported numeric nonzero value.
loan_direct__grad_plus_recipients__status,dl_grad_plus_recips_s_204998b70c,2,observed_zero,observed_zero,An explicitly reported numeric zero; not an imputed zero.
loan_direct__grad_plus_recipients__status,dl_grad_plus_recips_s_204998b70c,4,source_symbol,source_symbol,"The source cell contains a dash, dot, NA, or other recognized nonnumeric symbol; not zero."
loan_direct__grad_plus_recipients__status,dl_grad_plus_recips_s_204998b70c,7,unavailable_in_schema,unavailable_in_schema,The selected source report does not supply this variable in this year.
loan_direct__grad_plus_loans_originated_n__status,dl_grad_plus_loans_or_31f88a3520,8,absent_source_record,absent_source_record,No usable source-family record for this panel row; not evidence of zero aid.
loan_direct__grad_plus_loans_originated_n__status,dl_grad_plus_loans_or_31f88a3520,21,ambiguous_family_multiple_records,ambiguous_family_multiple_records,"Multiple source-family records could supply this UNITID-year; values are blocked, not summed."
loan_direct__grad_plus_loans_originated_n__status,dl_grad_plus_loans_or_31f88a3520,1,observed,observed,An explicitly reported numeric nonzero value.
loan_direct__grad_plus_loans_originated_n__status,dl_grad_plus_loans_or_31f88a3520,2,observed_zero,observed_zero,An explicitly reported numeric zero; not an imputed zero.
loan_direct__grad_plus_loans_originated_n__status,dl_grad_plus_loans_or_31f88a3520,4,source_symbol,source_symbol,"The source cell contains a dash, dot, NA, or other recognized nonnumeric symbol; not zero."
loan_direct__grad_plus_loans_originated_n__status,dl_grad_plus_loans_or_31f88a3520,7,unavailable_in_schema,unavailable_in_schema,The selected source report does not supply this variable in this year.
loan_direct__grad_plus_loans_originated_amt__status,dl_grad_plus_loans_or_2362244da6,8,absent_source_record,absent_source_record,No usable source-family record for this panel row; not evidence of zero aid.
loan_direct__grad_plus_loans_originated_amt__status,dl_grad_plus_loans_or_2362244da6,21,ambiguous_family_multiple_records,ambiguous_family_multiple_records,"Multiple source-family records could supply this UNITID-year; values are blocked, not summed."
loan_direct__grad_plus_loans_originated_amt__status,dl_grad_plus_loans_or_2362244da6,1,observed,observed,An explicitly reported numeric nonzero value.
loan_direct__grad_plus_loans_originated_amt__status,dl_grad_plus_loans_or_2362244da6,2,observed_zero,observed_zero,An explicitly reported numeric zero; not an imputed zero.
loan_direct__grad_plus_loans_originated_amt__status,dl_grad_plus_loans_or_2362244da6,4,source_symbol,source_symbol,"The source cell contains a dash, dot, NA, or other recognized nonnumeric symbol; not zero."
loan_direct__grad_plus_loans_originated_amt__status,dl_grad_plus_loans_or_2362244da6,7,unavailable_in_schema,unavailable_in_schema,The selected source report does not supply this variable in this year.
loan_direct__grad_plus_disbursements_n__status,dl_grad_plus_disb_n_s_f59d300485,8,absent_source_record,absent_source_record,No usable source-family record for this panel row; not evidence of zero aid.
loan_direct__grad_plus_disbursements_n__status,dl_grad_plus_disb_n_s_f59d300485,21,ambiguous_family_multiple_records,ambiguous_family_multiple_records,"Multiple source-family records could supply this UNITID-year; values are blocked, not summed."
loan_direct__grad_plus_disbursements_n__status,dl_grad_plus_disb_n_s_f59d300485,1,observed,observed,An explicitly reported numeric nonzero value.
loan_direct__grad_plus_disbursements_n__status,dl_grad_plus_disb_n_s_f59d300485,2,observed_zero,observed_zero,An explicitly reported numeric zero; not an imputed zero.
loan_direct__grad_plus_disbursements_n__status,dl_grad_plus_disb_n_s_f59d300485,4,source_symbol,source_symbol,"The source cell contains a dash, dot, NA, or other recognized nonnumeric symbol; not zero."
loan_direct__grad_plus_disbursements_n__status,dl_grad_plus_disb_n_s_f59d300485,7,unavailable_in_schema,unavailable_in_schema,The selected source report does not supply this variable in this year.
loan_direct__grad_plus_disbursements__status,dl_grad_plus_disb_sta_59c8198d02,8,absent_source_record,absent_source_record,No usable source-family record for this panel row; not evidence of zero aid.
loan_direct__grad_plus_disbursements__status,dl_grad_plus_disb_sta_59c8198d02,21,ambiguous_family_multiple_records,ambiguous_family_multiple_records,"Multiple source-family records could supply this UNITID-year; values are blocked, not summed."
loan_direct__grad_plus_disbursements__status,dl_grad_plus_disb_sta_59c8198d02,1,observed,observed,An explicitly reported numeric nonzero value.
loan_direct__grad_plus_disbursements__status,dl_grad_plus_disb_sta_59c8198d02,2,observed_zero,observed_zero,An explicitly reported numeric zero; not an imputed zero.
loan_direct__grad_plus_disbursements__status,dl_grad_plus_disb_sta_59c8198d02,4,source_symbol,source_symbol,"The source cell contains a dash, dot, NA, or other recognized nonnumeric symbol; not zero."
loan_direct__grad_plus_disbursements__status,dl_grad_plus_disb_sta_59c8198d02,7,unavailable_in_schema,unavailable_in_schema,The selected source report does not supply this variable in this year.
loan_direct__parent_plus_recipients__status,dl_parent_plus_recips_7331f95d86,8,absent_source_record,absent_source_record,No usable source-family record for this panel row; not evidence of zero aid.
loan_direct__parent_plus_recipients__status,dl_parent_plus_recips_7331f95d86,21,ambiguous_family_multiple_records,ambiguous_family_multiple_records,"Multiple source-family records could supply this UNITID-year; values are blocked, not summed."
loan_direct__parent_plus_recipients__status,dl_parent_plus_recips_7331f95d86,1,observed,observed,An explicitly reported numeric nonzero value.
loan_direct__parent_plus_recipients__status,dl_parent_plus_recips_7331f95d86,2,observed_zero,observed_zero,An explicitly reported numeric zero; not an imputed zero.
loan_direct__parent_plus_recipients__status,dl_parent_plus_recips_7331f95d86,4,source_symbol,source_symbol,"The source cell contains a dash, dot, NA, or other recognized nonnumeric symbol; not zero."
loan_direct__parent_plus_recipients__status,dl_parent_plus_recips_7331f95d86,7,unavailable_in_schema,unavailable_in_schema,The selected source report does not supply this variable in this year.
loan_direct__parent_plus_loans_originated_n__status,dl_parent_plus_loans__569120e188,8,absent_source_record,absent_source_record,No usable source-family record for this panel row; not evidence of zero aid.
loan_direct__parent_plus_loans_originated_n__status,dl_parent_plus_loans__569120e188,21,ambiguous_family_multiple_records,ambiguous_family_multiple_records,"Multiple source-family records could supply this UNITID-year; values are blocked, not summed."
loan_direct__parent_plus_loans_originated_n__status,dl_parent_plus_loans__569120e188,1,observed,observed,An explicitly reported numeric nonzero value.
loan_direct__parent_plus_loans_originated_n__status,dl_parent_plus_loans__569120e188,2,observed_zero,observed_zero,An explicitly reported numeric zero; not an imputed zero.
loan_direct__parent_plus_loans_originated_n__status,dl_parent_plus_loans__569120e188,4,source_symbol,source_symbol,"The source cell contains a dash, dot, NA, or other recognized nonnumeric symbol; not zero."
loan_direct__parent_plus_loans_originated_n__status,dl_parent_plus_loans__569120e188,7,unavailable_in_schema,unavailable_in_schema,The selected source report does not supply this variable in this year.
loan_direct__parent_plus_loans_originated_amt__status,dl_parent_plus_loans__50e1878f32,8,absent_source_record,absent_source_record,No usable source-family record for this panel row; not evidence of zero aid.
loan_direct__parent_plus_loans_originated_amt__status,dl_parent_plus_loans__50e1878f32,21,ambiguous_family_multiple_records,ambiguous_family_multiple_records,"Multiple source-family records could supply this UNITID-year; values are blocked, not summed."
loan_direct__parent_plus_loans_originated_amt__status,dl_parent_plus_loans__50e1878f32,1,observed,observed,An explicitly reported numeric nonzero value.
loan_direct__parent_plus_loans_originated_amt__status,dl_parent_plus_loans__50e1878f32,2,observed_zero,observed_zero,An explicitly reported numeric zero; not an imputed zero.
loan_direct__parent_plus_loans_originated_amt__status,dl_parent_plus_loans__50e1878f32,4,source_symbol,source_symbol,"The source cell contains a dash, dot, NA, or other recognized nonnumeric symbol; not zero."
loan_direct__parent_plus_loans_originated_amt__status,dl_parent_plus_loans__50e1878f32,7,unavailable_in_schema,unavailable_in_schema,The selected source report does not supply this variable in this year.
loan_direct__parent_plus_disbursements_n__status,dl_parent_plus_disb_n_8fa808ed29,8,absent_source_record,absent_source_record,No usable source-family record for this panel row; not evidence of zero aid.
loan_direct__parent_plus_disbursements_n__status,dl_parent_plus_disb_n_8fa808ed29,21,ambiguous_family_multiple_records,ambiguous_family_multiple_records,"Multiple source-family records could supply this UNITID-year; values are blocked, not summed."
loan_direct__parent_plus_disbursements_n__status,dl_parent_plus_disb_n_8fa808ed29,1,observed,observed,An explicitly reported numeric nonzero value.
loan_direct__parent_plus_disbursements_n__status,dl_parent_plus_disb_n_8fa808ed29,2,observed_zero,observed_zero,An explicitly reported numeric zero; not an imputed zero.
loan_direct__parent_plus_disbursements_n__status,dl_parent_plus_disb_n_8fa808ed29,4,source_symbol,source_symbol,"The source cell contains a dash, dot, NA, or other recognized nonnumeric symbol; not zero."
loan_direct__parent_plus_disbursements_n__status,dl_parent_plus_disb_n_8fa808ed29,7,unavailable_in_schema,unavailable_in_schema,The selected source report does not supply this variable in this year.
loan_direct__parent_plus_disbursements__status,dl_parent_plus_disb_s_805771b3e2,8,absent_source_record,absent_source_record,No usable source-family record for this panel row; not evidence of zero aid.
loan_direct__parent_plus_disbursements__status,dl_parent_plus_disb_s_805771b3e2,21,ambiguous_family_multiple_records,ambiguous_family_multiple_records,"Multiple source-family records could supply this UNITID-year; values are blocked, not summed."
loan_direct__parent_plus_disbursements__status,dl_parent_plus_disb_s_805771b3e2,1,observed,observed,An explicitly reported numeric nonzero value.
loan_direct__parent_plus_disbursements__status,dl_parent_plus_disb_s_805771b3e2,2,observed_zero,observed_zero,An explicitly reported numeric zero; not an imputed zero.
loan_direct__parent_plus_disbursements__status,dl_parent_plus_disb_s_805771b3e2,4,source_symbol,source_symbol,"The source cell contains a dash, dot, NA, or other recognized nonnumeric symbol; not zero."
loan_direct__parent_plus_disbursements__status,dl_parent_plus_disb_s_805771b3e2,7,unavailable_in_schema,unavailable_in_schema,The selected source report does not supply this variable in this year.
loan_direct__subsidized_undergraduate_recipients__status,dl_sub_ug_recips_stat_ada6dbfe0f,8,absent_source_record,absent_source_record,No usable source-family record for this panel row; not evidence of zero aid.
loan_direct__subsidized_undergraduate_recipients__status,dl_sub_ug_recips_stat_ada6dbfe0f,21,ambiguous_family_multiple_records,ambiguous_family_multiple_records,"Multiple source-family records could supply this UNITID-year; values are blocked, not summed."
loan_direct__subsidized_undergraduate_recipients__status,dl_sub_ug_recips_stat_ada6dbfe0f,1,observed,observed,An explicitly reported numeric nonzero value.
loan_direct__subsidized_undergraduate_recipients__status,dl_sub_ug_recips_stat_ada6dbfe0f,2,observed_zero,observed_zero,An explicitly reported numeric zero; not an imputed zero.
loan_direct__subsidized_undergraduate_recipients__status,dl_sub_ug_recips_stat_ada6dbfe0f,7,unavailable_in_schema,unavailable_in_schema,The selected source report does not supply this variable in this year.
loan_direct__subsidized_undergraduate_loans_originated_n__status,dl_sub_ug_loans_origi_cfd510f7e2,8,absent_source_record,absent_source_record,No usable source-family record for this panel row; not evidence of zero aid.
loan_direct__subsidized_undergraduate_loans_originated_n__status,dl_sub_ug_loans_origi_cfd510f7e2,21,ambiguous_family_multiple_records,ambiguous_family_multiple_records,"Multiple source-family records could supply this UNITID-year; values are blocked, not summed."
loan_direct__subsidized_undergraduate_loans_originated_n__status,dl_sub_ug_loans_origi_cfd510f7e2,1,observed,observed,An explicitly reported numeric nonzero value.
loan_direct__subsidized_undergraduate_loans_originated_n__status,dl_sub_ug_loans_origi_cfd510f7e2,2,observed_zero,observed_zero,An explicitly reported numeric zero; not an imputed zero.
loan_direct__subsidized_undergraduate_loans_originated_n__status,dl_sub_ug_loans_origi_cfd510f7e2,7,unavailable_in_schema,unavailable_in_schema,The selected source report does not supply this variable in this year.
loan_direct__subsidized_undergraduate_loans_originated_amt__status,dl_sub_ug_loans_origi_dc2a228d2a,8,absent_source_record,absent_source_record,No usable source-family record for this panel row; not evidence of zero aid.
loan_direct__subsidized_undergraduate_loans_originated_amt__status,dl_sub_ug_loans_origi_dc2a228d2a,21,ambiguous_family_multiple_records,ambiguous_family_multiple_records,"Multiple source-family records could supply this UNITID-year; values are blocked, not summed."
loan_direct__subsidized_undergraduate_loans_originated_amt__status,dl_sub_ug_loans_origi_dc2a228d2a,1,observed,observed,An explicitly reported numeric nonzero value.
loan_direct__subsidized_undergraduate_loans_originated_amt__status,dl_sub_ug_loans_origi_dc2a228d2a,2,observed_zero,observed_zero,An explicitly reported numeric zero; not an imputed zero.
loan_direct__subsidized_undergraduate_loans_originated_amt__status,dl_sub_ug_loans_origi_dc2a228d2a,7,unavailable_in_schema,unavailable_in_schema,The selected source report does not supply this variable in this year.
loan_direct__subsidized_undergraduate_disbursements_n__status,dl_sub_ug_disb_n_stat_1eeefcc889,8,absent_source_record,absent_source_record,No usable source-family record for this panel row; not evidence of zero aid.
loan_direct__subsidized_undergraduate_disbursements_n__status,dl_sub_ug_disb_n_stat_1eeefcc889,21,ambiguous_family_multiple_records,ambiguous_family_multiple_records,"Multiple source-family records could supply this UNITID-year; values are blocked, not summed."
loan_direct__subsidized_undergraduate_disbursements_n__status,dl_sub_ug_disb_n_stat_1eeefcc889,1,observed,observed,An explicitly reported numeric nonzero value.
loan_direct__subsidized_undergraduate_disbursements_n__status,dl_sub_ug_disb_n_stat_1eeefcc889,2,observed_zero,observed_zero,An explicitly reported numeric zero; not an imputed zero.
loan_direct__subsidized_undergraduate_disbursements_n__status,dl_sub_ug_disb_n_stat_1eeefcc889,7,unavailable_in_schema,unavailable_in_schema,The selected source report does not supply this variable in this year.
loan_direct__subsidized_undergraduate_disbursements__status,dl_sub_ug_disb_status_3ea293879f,8,absent_source_record,absent_source_record,No usable source-family record for this panel row; not evidence of zero aid.
loan_direct__subsidized_undergraduate_disbursements__status,dl_sub_ug_disb_status_3ea293879f,21,ambiguous_family_multiple_records,ambiguous_family_multiple_records,"Multiple source-family records could supply this UNITID-year; values are blocked, not summed."
loan_direct__subsidized_undergraduate_disbursements__status,dl_sub_ug_disb_status_3ea293879f,1,observed,observed,An explicitly reported numeric nonzero value.
loan_direct__subsidized_undergraduate_disbursements__status,dl_sub_ug_disb_status_3ea293879f,2,observed_zero,observed_zero,An explicitly reported numeric zero; not an imputed zero.
loan_direct__subsidized_undergraduate_disbursements__status,dl_sub_ug_disb_status_3ea293879f,7,unavailable_in_schema,unavailable_in_schema,The selected source report does not supply this variable in this year.
loan_direct__subsidized_graduate_recipients__status,dl_sub_grad_recips_st_29749c4a19,8,absent_source_record,absent_source_record,No usable source-family record for this panel row; not evidence of zero aid.
loan_direct__subsidized_graduate_recipients__status,dl_sub_grad_recips_st_29749c4a19,21,ambiguous_family_multiple_records,ambiguous_family_multiple_records,"Multiple source-family records could supply this UNITID-year; values are blocked, not summed."
loan_direct__subsidized_graduate_recipients__status,dl_sub_grad_recips_st_29749c4a19,1,observed,observed,An explicitly reported numeric nonzero value.
loan_direct__subsidized_graduate_recipients__status,dl_sub_grad_recips_st_29749c4a19,2,observed_zero,observed_zero,An explicitly reported numeric zero; not an imputed zero.
loan_direct__subsidized_graduate_recipients__status,dl_sub_grad_recips_st_29749c4a19,7,unavailable_in_schema,unavailable_in_schema,The selected source report does not supply this variable in this year.
loan_direct__subsidized_graduate_loans_originated_n__status,dl_sub_grad_loans_ori_5921f5f19c,8,absent_source_record,absent_source_record,No usable source-family record for this panel row; not evidence of zero aid.
loan_direct__subsidized_graduate_loans_originated_n__status,dl_sub_grad_loans_ori_5921f5f19c,21,ambiguous_family_multiple_records,ambiguous_family_multiple_records,"Multiple source-family records could supply this UNITID-year; values are blocked, not summed."
loan_direct__subsidized_graduate_loans_originated_n__status,dl_sub_grad_loans_ori_5921f5f19c,1,observed,observed,An explicitly reported numeric nonzero value.
loan_direct__subsidized_graduate_loans_originated_n__status,dl_sub_grad_loans_ori_5921f5f19c,2,observed_zero,observed_zero,An explicitly reported numeric zero; not an imputed zero.
loan_direct__subsidized_graduate_loans_originated_n__status,dl_sub_grad_loans_ori_5921f5f19c,7,unavailable_in_schema,unavailable_in_schema,The selected source report does not supply this variable in this year.
loan_direct__subsidized_graduate_loans_originated_amt__status,dl_sub_grad_loans_ori_b89caad9b5,8,absent_source_record,absent_source_record,No usable source-family record for this panel row; not evidence of zero aid.
loan_direct__subsidized_graduate_loans_originated_amt__status,dl_sub_grad_loans_ori_b89caad9b5,21,ambiguous_family_multiple_records,ambiguous_family_multiple_records,"Multiple source-family records could supply this UNITID-year; values are blocked, not summed."
loan_direct__subsidized_graduate_loans_originated_amt__status,dl_sub_grad_loans_ori_b89caad9b5,1,observed,observed,An explicitly reported numeric nonzero value.
loan_direct__subsidized_graduate_loans_originated_amt__status,dl_sub_grad_loans_ori_b89caad9b5,2,observed_zero,observed_zero,An explicitly reported numeric zero; not an imputed zero.
loan_direct__subsidized_graduate_loans_originated_amt__status,dl_sub_grad_loans_ori_b89caad9b5,7,unavailable_in_schema,unavailable_in_schema,The selected source report does not supply this variable in this year.
loan_direct__subsidized_graduate_disbursements_n__status,dl_sub_grad_disb_n_st_6893ae542c,8,absent_source_record,absent_source_record,No usable source-family record for this panel row; not evidence of zero aid.
loan_direct__subsidized_graduate_disbursements_n__status,dl_sub_grad_disb_n_st_6893ae542c,21,ambiguous_family_multiple_records,ambiguous_family_multiple_records,"Multiple source-family records could supply this UNITID-year; values are blocked, not summed."
loan_direct__subsidized_graduate_disbursements_n__status,dl_sub_grad_disb_n_st_6893ae542c,1,observed,observed,An explicitly reported numeric nonzero value.
loan_direct__subsidized_graduate_disbursements_n__status,dl_sub_grad_disb_n_st_6893ae542c,2,observed_zero,observed_zero,An explicitly reported numeric zero; not an imputed zero.
loan_direct__subsidized_graduate_disbursements_n__status,dl_sub_grad_disb_n_st_6893ae542c,7,unavailable_in_schema,unavailable_in_schema,The selected source report does not supply this variable in this year.
loan_direct__subsidized_graduate_disbursements__status,dl_sub_grad_disb_stat_fb0a822f0d,8,absent_source_record,absent_source_record,No usable source-family record for this panel row; not evidence of zero aid.
loan_direct__subsidized_graduate_disbursements__status,dl_sub_grad_disb_stat_fb0a822f0d,21,ambiguous_family_multiple_records,ambiguous_family_multiple_records,"Multiple source-family records could supply this UNITID-year; values are blocked, not summed."
loan_direct__subsidized_graduate_disbursements__status,dl_sub_grad_disb_stat_fb0a822f0d,1,observed,observed,An explicitly reported numeric nonzero value.
loan_direct__subsidized_graduate_disbursements__status,dl_sub_grad_disb_stat_fb0a822f0d,2,observed_zero,observed_zero,An explicitly reported numeric zero; not an imputed zero.
loan_direct__subsidized_graduate_disbursements__status,dl_sub_grad_disb_stat_fb0a822f0d,7,unavailable_in_schema,unavailable_in_schema,The selected source report does not supply this variable in this year.
loan_direct__unsubsidized_undergraduate_recipients__status,dl_unsub_ug_recips_st_cd737ad5a8,8,absent_source_record,absent_source_record,No usable source-family record for this panel row; not evidence of zero aid.
loan_direct__unsubsidized_undergraduate_recipients__status,dl_unsub_ug_recips_st_cd737ad5a8,21,ambiguous_family_multiple_records,ambiguous_family_multiple_records,"Multiple source-family records could supply this UNITID-year; values are blocked, not summed."
loan_direct__unsubsidized_undergraduate_recipients__status,dl_unsub_ug_recips_st_cd737ad5a8,1,observed,observed,An explicitly reported numeric nonzero value.
loan_direct__unsubsidized_undergraduate_recipients__status,dl_unsub_ug_recips_st_cd737ad5a8,2,observed_zero,observed_zero,An explicitly reported numeric zero; not an imputed zero.
loan_direct__unsubsidized_undergraduate_recipients__status,dl_unsub_ug_recips_st_cd737ad5a8,4,source_symbol,source_symbol,"The source cell contains a dash, dot, NA, or other recognized nonnumeric symbol; not zero."
loan_direct__unsubsidized_undergraduate_recipients__status,dl_unsub_ug_recips_st_cd737ad5a8,7,unavailable_in_schema,unavailable_in_schema,The selected source report does not supply this variable in this year.
loan_direct__unsubsidized_undergraduate_loans_originated_n__status,dl_unsub_ug_loans_ori_34032e9743,8,absent_source_record,absent_source_record,No usable source-family record for this panel row; not evidence of zero aid.
loan_direct__unsubsidized_undergraduate_loans_originated_n__status,dl_unsub_ug_loans_ori_34032e9743,21,ambiguous_family_multiple_records,ambiguous_family_multiple_records,"Multiple source-family records could supply this UNITID-year; values are blocked, not summed."
loan_direct__unsubsidized_undergraduate_loans_originated_n__status,dl_unsub_ug_loans_ori_34032e9743,1,observed,observed,An explicitly reported numeric nonzero value.
loan_direct__unsubsidized_undergraduate_loans_originated_n__status,dl_unsub_ug_loans_ori_34032e9743,2,observed_zero,observed_zero,An explicitly reported numeric zero; not an imputed zero.
loan_direct__unsubsidized_undergraduate_loans_originated_n__status,dl_unsub_ug_loans_ori_34032e9743,4,source_symbol,source_symbol,"The source cell contains a dash, dot, NA, or other recognized nonnumeric symbol; not zero."
loan_direct__unsubsidized_undergraduate_loans_originated_n__status,dl_unsub_ug_loans_ori_34032e9743,7,unavailable_in_schema,unavailable_in_schema,The selected source report does not supply this variable in this year.
loan_direct__unsubsidized_undergraduate_loans_originated_amt__status,dl_unsub_ug_loans_ori_1838956e26,8,absent_source_record,absent_source_record,No usable source-family record for this panel row; not evidence of zero aid.
loan_direct__unsubsidized_undergraduate_loans_originated_amt__status,dl_unsub_ug_loans_ori_1838956e26,21,ambiguous_family_multiple_records,ambiguous_family_multiple_records,"Multiple source-family records could supply this UNITID-year; values are blocked, not summed."
loan_direct__unsubsidized_undergraduate_loans_originated_amt__status,dl_unsub_ug_loans_ori_1838956e26,1,observed,observed,An explicitly reported numeric nonzero value.
loan_direct__unsubsidized_undergraduate_loans_originated_amt__status,dl_unsub_ug_loans_ori_1838956e26,2,observed_zero,observed_zero,An explicitly reported numeric zero; not an imputed zero.
loan_direct__unsubsidized_undergraduate_loans_originated_amt__status,dl_unsub_ug_loans_ori_1838956e26,4,source_symbol,source_symbol,"The source cell contains a dash, dot, NA, or other recognized nonnumeric symbol; not zero."
loan_direct__unsubsidized_undergraduate_loans_originated_amt__status,dl_unsub_ug_loans_ori_1838956e26,7,unavailable_in_schema,unavailable_in_schema,The selected source report does not supply this variable in this year.
loan_direct__unsubsidized_undergraduate_disbursements_n__status,dl_unsub_ug_disb_n_st_3190113df9,8,absent_source_record,absent_source_record,No usable source-family record for this panel row; not evidence of zero aid.
loan_direct__unsubsidized_undergraduate_disbursements_n__status,dl_unsub_ug_disb_n_st_3190113df9,21,ambiguous_family_multiple_records,ambiguous_family_multiple_records,"Multiple source-family records could supply this UNITID-year; values are blocked, not summed."
loan_direct__unsubsidized_undergraduate_disbursements_n__status,dl_unsub_ug_disb_n_st_3190113df9,1,observed,observed,An explicitly reported numeric nonzero value.
loan_direct__unsubsidized_undergraduate_disbursements_n__status,dl_unsub_ug_disb_n_st_3190113df9,2,observed_zero,observed_zero,An explicitly reported numeric zero; not an imputed zero.
loan_direct__unsubsidized_undergraduate_disbursements_n__status,dl_unsub_ug_disb_n_st_3190113df9,4,source_symbol,source_symbol,"The source cell contains a dash, dot, NA, or other recognized nonnumeric symbol; not zero."
loan_direct__unsubsidized_undergraduate_disbursements_n__status,dl_unsub_ug_disb_n_st_3190113df9,7,unavailable_in_schema,unavailable_in_schema,The selected source report does not supply this variable in this year.
loan_direct__unsubsidized_undergraduate_disbursements__status,dl_unsub_ug_disb_stat_9a63728f1e,8,absent_source_record,absent_source_record,No usable source-family record for this panel row; not evidence of zero aid.
loan_direct__unsubsidized_undergraduate_disbursements__status,dl_unsub_ug_disb_stat_9a63728f1e,21,ambiguous_family_multiple_records,ambiguous_family_multiple_records,"Multiple source-family records could supply this UNITID-year; values are blocked, not summed."
loan_direct__unsubsidized_undergraduate_disbursements__status,dl_unsub_ug_disb_stat_9a63728f1e,1,observed,observed,An explicitly reported numeric nonzero value.
loan_direct__unsubsidized_undergraduate_disbursements__status,dl_unsub_ug_disb_stat_9a63728f1e,2,observed_zero,observed_zero,An explicitly reported numeric zero; not an imputed zero.
loan_direct__unsubsidized_undergraduate_disbursements__status,dl_unsub_ug_disb_stat_9a63728f1e,4,source_symbol,source_symbol,"The source cell contains a dash, dot, NA, or other recognized nonnumeric symbol; not zero."
loan_direct__unsubsidized_undergraduate_disbursements__status,dl_unsub_ug_disb_stat_9a63728f1e,7,unavailable_in_schema,unavailable_in_schema,The selected source report does not supply this variable in this year.
loan_direct__unsubsidized_graduate_recipients__status,dl_unsub_grad_recips__eff092bbba,8,absent_source_record,absent_source_record,No usable source-family record for this panel row; not evidence of zero aid.
loan_direct__unsubsidized_graduate_recipients__status,dl_unsub_grad_recips__eff092bbba,21,ambiguous_family_multiple_records,ambiguous_family_multiple_records,"Multiple source-family records could supply this UNITID-year; values are blocked, not summed."
loan_direct__unsubsidized_graduate_recipients__status,dl_unsub_grad_recips__eff092bbba,1,observed,observed,An explicitly reported numeric nonzero value.
loan_direct__unsubsidized_graduate_recipients__status,dl_unsub_grad_recips__eff092bbba,2,observed_zero,observed_zero,An explicitly reported numeric zero; not an imputed zero.
loan_direct__unsubsidized_graduate_recipients__status,dl_unsub_grad_recips__eff092bbba,4,source_symbol,source_symbol,"The source cell contains a dash, dot, NA, or other recognized nonnumeric symbol; not zero."
loan_direct__unsubsidized_graduate_recipients__status,dl_unsub_grad_recips__eff092bbba,7,unavailable_in_schema,unavailable_in_schema,The selected source report does not supply this variable in this year.
loan_direct__unsubsidized_graduate_loans_originated_n__status,dl_unsub_grad_loans_o_7156d92385,8,absent_source_record,absent_source_record,No usable source-family record for this panel row; not evidence of zero aid.
loan_direct__unsubsidized_graduate_loans_originated_n__status,dl_unsub_grad_loans_o_7156d92385,21,ambiguous_family_multiple_records,ambiguous_family_multiple_records,"Multiple source-family records could supply this UNITID-year; values are blocked, not summed."
loan_direct__unsubsidized_graduate_loans_originated_n__status,dl_unsub_grad_loans_o_7156d92385,1,observed,observed,An explicitly reported numeric nonzero value.
loan_direct__unsubsidized_graduate_loans_originated_n__status,dl_unsub_grad_loans_o_7156d92385,2,observed_zero,observed_zero,An explicitly reported numeric zero; not an imputed zero.
loan_direct__unsubsidized_graduate_loans_originated_n__status,dl_unsub_grad_loans_o_7156d92385,4,source_symbol,source_symbol,"The source cell contains a dash, dot, NA, or other recognized nonnumeric symbol; not zero."
loan_direct__unsubsidized_graduate_loans_originated_n__status,dl_unsub_grad_loans_o_7156d92385,7,unavailable_in_schema,unavailable_in_schema,The selected source report does not supply this variable in this year.
loan_direct__unsubsidized_graduate_loans_originated_amt__status,dl_unsub_grad_loans_o_2ebd238a76,8,absent_source_record,absent_source_record,No usable source-family record for this panel row; not evidence of zero aid.
loan_direct__unsubsidized_graduate_loans_originated_amt__status,dl_unsub_grad_loans_o_2ebd238a76,21,ambiguous_family_multiple_records,ambiguous_family_multiple_records,"Multiple source-family records could supply this UNITID-year; values are blocked, not summed."
loan_direct__unsubsidized_graduate_loans_originated_amt__status,dl_unsub_grad_loans_o_2ebd238a76,1,observed,observed,An explicitly reported numeric nonzero value.
loan_direct__unsubsidized_graduate_loans_originated_amt__status,dl_unsub_grad_loans_o_2ebd238a76,2,observed_zero,observed_zero,An explicitly reported numeric zero; not an imputed zero.
loan_direct__unsubsidized_graduate_loans_originated_amt__status,dl_unsub_grad_loans_o_2ebd238a76,4,source_symbol,source_symbol,"The source cell contains a dash, dot, NA, or other recognized nonnumeric symbol; not zero."
loan_direct__unsubsidized_graduate_loans_originated_amt__status,dl_unsub_grad_loans_o_2ebd238a76,7,unavailable_in_schema,unavailable_in_schema,The selected source report does not supply this variable in this year.
loan_direct__unsubsidized_graduate_disbursements_n__status,dl_unsub_grad_disb_n__7b41ec72fa,8,absent_source_record,absent_source_record,No usable source-family record for this panel row; not evidence of zero aid.
loan_direct__unsubsidized_graduate_disbursements_n__status,dl_unsub_grad_disb_n__7b41ec72fa,21,ambiguous_family_multiple_records,ambiguous_family_multiple_records,"Multiple source-family records could supply this UNITID-year; values are blocked, not summed."
loan_direct__unsubsidized_graduate_disbursements_n__status,dl_unsub_grad_disb_n__7b41ec72fa,1,observed,observed,An explicitly reported numeric nonzero value.
loan_direct__unsubsidized_graduate_disbursements_n__status,dl_unsub_grad_disb_n__7b41ec72fa,2,observed_zero,observed_zero,An explicitly reported numeric zero; not an imputed zero.
loan_direct__unsubsidized_graduate_disbursements_n__status,dl_unsub_grad_disb_n__7b41ec72fa,4,source_symbol,source_symbol,"The source cell contains a dash, dot, NA, or other recognized nonnumeric symbol; not zero."
loan_direct__unsubsidized_graduate_disbursements_n__status,dl_unsub_grad_disb_n__7b41ec72fa,7,unavailable_in_schema,unavailable_in_schema,The selected source report does not supply this variable in this year.
loan_direct__unsubsidized_graduate_disbursements__status,dl_unsub_grad_disb_st_929de7dedd,8,absent_source_record,absent_source_record,No usable source-family record for this panel row; not evidence of zero aid.
loan_direct__unsubsidized_graduate_disbursements__status,dl_unsub_grad_disb_st_929de7dedd,21,ambiguous_family_multiple_records,ambiguous_family_multiple_records,"Multiple source-family records could supply this UNITID-year; values are blocked, not summed."
loan_direct__unsubsidized_graduate_disbursements__status,dl_unsub_grad_disb_st_929de7dedd,1,observed,observed,An explicitly reported numeric nonzero value.
loan_direct__unsubsidized_graduate_disbursements__status,dl_unsub_grad_disb_st_929de7dedd,2,observed_zero,observed_zero,An explicitly reported numeric zero; not an imputed zero.
loan_direct__unsubsidized_graduate_disbursements__status,dl_unsub_grad_disb_st_929de7dedd,4,source_symbol,source_symbol,"The source cell contains a dash, dot, NA, or other recognized nonnumeric symbol; not zero."
loan_direct__unsubsidized_graduate_disbursements__status,dl_unsub_grad_disb_st_929de7dedd,7,unavailable_in_schema,unavailable_in_schema,The selected source report does not supply this variable in this year.
loan_direct__source_report_present,dl_source_report_pres_6d3564e1c9,0,false,False,The condition described by this variable is false; missing is distinct.
loan_direct__source_report_present,dl_source_report_pres_6d3564e1c9,1,true,True,The condition described by this variable is true; missing is distinct.
loan_direct__fsa_school__review_required,dl_fsa_school_review__c87dd30073,0,false,False,The condition described by this variable is false; missing is distinct.
loan_direct__fsa_school__review_required,dl_fsa_school_review__c87dd30073,1,true,True,The condition described by this variable is true; missing is distinct.
loan_direct__fsa_state__review_required,dl_fsa_state_review_r_dc10e1e516,0,false,False,The condition described by this variable is false; missing is distinct.
loan_direct__fsa_state__review_required,dl_fsa_state_review_r_dc10e1e516,1,true,True,The condition described by this variable is true; missing is distinct.
loan_direct__fsa_zip_code__review_required,dl_fsa_zip_code_revie_ad390a4c56,0,false,False,The condition described by this variable is false; missing is distinct.
loan_direct__fsa_zip_code__review_required,dl_fsa_zip_code_revie_ad390a4c56,1,true,True,The condition described by this variable is true; missing is distinct.
loan_direct__fsa_school_type__review_required,dl_fsa_school_type_re_020211c4f0,0,false,False,The condition described by this variable is false; missing is distinct.
loan_direct__fsa_school_type__review_required,dl_fsa_school_type_re_020211c4f0,1,true,True,The condition described by this variable is true; missing is distinct.
loan_direct__fsa_descriptor_review_required,dl_fsa_descriptor_rev_f0c58a648a,0,false,False,The condition described by this variable is false; missing is distinct.
loan_direct__fsa_descriptor_review_required,dl_fsa_descriptor_rev_f0c58a648a,1,true,True,The condition described by this variable is true; missing is distinct.
loan_direct__ipeds_match_status,loan_direct__ipeds_match_status,25,exact_unique,exact_unique,"One full-OPEID match in the selected annual directory, passing the original activity/office screen."
loan_direct__ipeds_match_status,loan_direct__ipeds_match_status,26,exact_unique_inactive,exact_unique_inactive,One full-OPEID directory match is classified inactive by the original directory screen.
loan_direct__ipeds_match_status,loan_direct__ipeds_match_status,28,multiple_exact_unitids,multiple_exact_unitids,The full OPEID matches multiple UNITIDs in the selected annual directory.
loan_direct__ipeds_match_status,loan_direct__ipeds_match_status,29,no_exact_match,no_exact_match,No full-OPEID match exists in the selected annual directory.
loan_direct__ipeds_strict_eligible,dl_ipeds_strict_eligi_57b0d1c683,0,false,False,The condition described by this variable is false; missing is distinct.
loan_direct__ipeds_strict_eligible,dl_ipeds_strict_eligi_57b0d1c683,1,true,True,The condition described by this variable is true; missing is distinct.
loan_direct__ipeds_directory_match_status,dl_ipeds_directory_ma_362a0fbbe0,25,exact_unique,exact_unique,"One full-OPEID match in the selected annual directory, passing the original activity/office screen."
loan_direct__ipeds_directory_match_status,dl_ipeds_directory_ma_362a0fbbe0,26,exact_unique_inactive,exact_unique_inactive,One full-OPEID directory match is classified inactive by the original directory screen.
loan_direct__ipeds_directory_match_status,dl_ipeds_directory_ma_362a0fbbe0,28,multiple_exact_unitids,multiple_exact_unitids,The full OPEID matches multiple UNITIDs in the selected annual directory.
loan_direct__ipeds_directory_match_status,dl_ipeds_directory_ma_362a0fbbe0,29,no_exact_match,no_exact_match,No full-OPEID match exists in the selected annual directory.
loan_direct__ipeds_crosswalk_available,dl_ipeds_crosswalk_av_2f51e84014,0,false,False,The condition described by this variable is false; missing is distinct.
loan_direct__ipeds_crosswalk_available,dl_ipeds_crosswalk_av_2f51e84014,1,true,True,The condition described by this variable is true; missing is distinct.
loan_direct__ipeds_identity_geography_conflict,dl_ipeds_identity_geo_8283488817,0,false,False,The condition described by this variable is false; missing is distinct.
loan_direct__ipeds_identity_geography_conflict,dl_ipeds_identity_geo_8283488817,1,true,True,The condition described by this variable is true; missing is distinct.
loan_direct__ipeds_fsa_hd_state_conflict,dl_ipeds_fsa_hd_state_7899e86568,0,false,False,The condition described by this variable is false; missing is distinct.
loan_direct__ipeds_fsa_hd_state_conflict,dl_ipeds_fsa_hd_state_7899e86568,1,true,True,The condition described by this variable is true; missing is distinct.
loan_direct__ipeds_fsa_hd_name_review_required,dl_ipeds_fsa_hd_name__89f91da1d0,0,false,False,The condition described by this variable is false; missing is distinct.
loan_direct__ipeds_fsa_hd_name_review_required,dl_ipeds_fsa_hd_name__89f91da1d0,1,true,True,The condition described by this variable is true; missing is distinct.
loan_direct__ipeds_resolution_status,dl_ipeds_resolution_s_c0cfb65b2b,31,official_site_alias_annual_unitid_verified,official_site_alias_annual_unitid_verified,Official site crosswalk resolves a singleton UNITID present in the annual directory under another OPEID.
loan_direct__ipeds_resolution_status,dl_ipeds_resolution_s_c0cfb65b2b,32,official_site_and_directory_agree,official_site_and_directory_agree,Official site relation and full-OPEID annual directory evidence agree on the resolved UNITID.
loan_direct__ipeds_resolution_status,dl_ipeds_resolution_s_c0cfb65b2b,33,unique_annual_directory_only,unique_annual_directory_only,A unique annual full-OPEID directory identity is available without a usable official site match.
loan_direct__ipeds_annual_identity_eligible,dl_ipeds_annual_ident_e2478094dd,0,false,False,The condition described by this variable is false; missing is distinct.
loan_direct__ipeds_annual_identity_eligible,dl_ipeds_annual_ident_e2478094dd,1,true,True,The condition described by this variable is true; missing is distinct.
loan_direct__ipeds_identity_is_administrative,dl_ipeds_identity_is__ba46f74c8f,0,false,False,The condition described by this variable is false; missing is distinct.
loan_direct__ipeds_identity_is_administrative,dl_ipeds_identity_is__ba46f74c8f,1,true,True,The condition described by this variable is true; missing is distinct.
loan_direct__ipeds_title_iv_status,dl_ipeds_title_iv_sta_66d9dbd4c3,46,branch_of_participating_institution,branch_of_participating_institution,Year-aware OPEFLAG interpretation: branch of a Title IV participating institution.
loan_direct__ipeds_title_iv_status,dl_ipeds_title_iv_sta_66d9dbd4c3,47,deferment_only,deferment_only,Year-aware OPEFLAG interpretation: deferment-only limited participation.
loan_direct__ipeds_title_iv_status,dl_ipeds_title_iv_sta_66d9dbd4c3,48,new_participant,new_participant,Year-aware OPEFLAG interpretation: new participant under the reviewed year's definition.
loan_direct__ipeds_title_iv_status,dl_ipeds_title_iv_sta_66d9dbd4c3,49,new_spring_participant,new_spring_participant,Year-aware OPEFLAG interpretation: new spring participant (reviewed years from 2004).
loan_direct__ipeds_title_iv_status,dl_ipeds_title_iv_sta_66d9dbd4c3,50,not_participating_with_opeid,not_participating_with_opeid,"Year-aware OPEFLAG interpretation: not participating, with an OPEID."
loan_direct__ipeds_title_iv_status,dl_ipeds_title_iv_sta_66d9dbd4c3,51,not_participating_without_opeid,not_participating_without_opeid,"Year-aware OPEFLAG interpretation: not participating, without an OPEID."
loan_direct__ipeds_title_iv_status,dl_ipeds_title_iv_sta_66d9dbd4c3,45,participating,participating,Year-aware OPEFLAG interpretation: participating in Title IV programs.
loan_direct__ipeds_title_iv_status,dl_ipeds_title_iv_sta_66d9dbd4c3,52,stopped_participating,stopped_participating,Year-aware OPEFLAG interpretation: stopped participating in Title IV.
loan_direct__ipeds_closed_with_data,dl_ipeds_closed_with__976b26a7fc,0,false,False,The condition described by this variable is false; missing is distinct.
loan_direct__ipeds_closed_with_data,dl_ipeds_closed_with__976b26a7fc,1,true,True,The condition described by this variable is true; missing is distinct.
loan_direct__ipeds_identity_uses_historical_relation,dl_ipeds_identity_use_60cc964d55,0,false,False,The condition described by this variable is false; missing is distinct.
loan_direct__ipeds_identity_uses_historical_relation,dl_ipeds_identity_use_60cc964d55,1,true,True,The condition described by this variable is true; missing is distinct.
loan_direct__ipeds_identity_strict_contemporaneous,dl_ipeds_identity_str_373d0f7b0a,0,false,False,The condition described by this variable is false; missing is distinct.
loan_direct__ipeds_identity_strict_contemporaneous,dl_ipeds_identity_str_373d0f7b0a,1,true,True,The condition described by this variable is true; missing is distinct.
loan_direct__ipeds_has_other_parent_unitid,dl_ipeds_has_other_pa_8ee6b62ada,0,false,False,The condition described by this variable is false; missing is distinct.
loan_direct__ipeds_has_other_parent_unitid,dl_ipeds_has_other_pa_8ee6b62ada,1,true,True,The condition described by this variable is true; missing is distinct.
loan_direct__ipeds_component_scope_review_required,dl_ipeds_component_sc_5b6eea675a,0,false,False,The condition described by this variable is false; missing is distinct.
loan_direct__ipeds_component_scope_review_required,dl_ipeds_component_sc_5b6eea675a,1,true,True,The condition described by this variable is true; missing is distinct.
loan_direct__ipeds_finance_parent_reference_missing,dl_ipeds_finance_pare_9376d1a587,0,false,False,The condition described by this variable is false; missing is distinct.
loan_direct__ipeds_finance_parent_reference_missing,dl_ipeds_finance_pare_9376d1a587,1,true,True,The condition described by this variable is true; missing is distinct.
loan_direct__ipeds_student_aid_parent_reference_missing,dl_ipeds_student_aid__18ec56e77c,0,false,False,The condition described by this variable is false; missing is distinct.
loan_direct__ipeds_student_aid_parent_reference_missing,dl_ipeds_student_aid__18ec56e77c,1,true,True,The condition described by this variable is true; missing is distinct.
loan_direct__ipeds_fall_enrollment_parent_reference_missing,dl_ipeds_fall_enrollm_13b0472c4e,0,false,False,The condition described by this variable is false; missing is distinct.
loan_direct__ipeds_fall_enrollment_parent_reference_missing,dl_ipeds_fall_enrollm_13b0472c4e,1,true,True,The condition described by this variable is true; missing is distinct.
loan_direct__ipeds_completions_parent_reference_missing,dl_ipeds_completions__bfddd499f2,0,false,False,The condition described by this variable is false; missing is distinct.
loan_direct__ipeds_completions_parent_reference_missing,dl_ipeds_completions__bfddd499f2,1,true,True,The condition described by this variable is true; missing is distinct.
loan_direct__ipeds_twelve_month_enrollment_parent_reference_missing,dl_ipeds_twelve_month_f65c28122b,0,false,False,The condition described by this variable is false; missing is distinct.
loan_direct__ipeds_twelve_month_enrollment_parent_reference_missing,dl_ipeds_twelve_month_f65c28122b,1,true,True,The condition described by this variable is true; missing is distinct.
loan_direct__cw_preliminary,loan_direct__cw_preliminary,0,false,False,The condition described by this variable is false; missing is distinct.
loan_direct__cw_preliminary,loan_direct__cw_preliminary,1,true,True,The condition described by this variable is true; missing is distinct.
loan_direct__cw_has_additional_match,dl_cw_has_additional__cd39740fd5,0,false,False,The condition described by this variable is false; missing is distinct.
loan_direct__cw_has_additional_match,dl_cw_has_additional__cd39740fd5,1,true,True,The condition described by this variable is true; missing is distinct.
loan_direct__cw_multiple_site_unitids,dl_cw_multiple_site_u_23231eba19,0,false,False,The condition described by this variable is false; missing is distinct.
loan_direct__cw_multiple_site_unitids,dl_cw_multiple_site_u_23231eba19,1,true,True,The condition described by this variable is true; missing is distinct.
loan_direct__cw_relation_parse_complete,dl_cw_relation_parse__20acce9a5f,0,false,False,The condition described by this variable is false; missing is distinct.
loan_direct__cw_relation_parse_complete,dl_cw_relation_parse__20acce9a5f,1,true,True,The condition described by this variable is true; missing is distinct.
loan_direct__cw_site_parse_complete,dl_cw_site_parse_comp_d3bf66fa6a,0,false,False,The condition described by this variable is false; missing is distinct.
loan_direct__cw_site_parse_complete,dl_cw_site_parse_comp_d3bf66fa6a,1,true,True,The condition described by this variable is true; missing is distinct.
loan_direct__cw_site_parent_unitids_differ,dl_cw_site_parent_uni_468f2fa849,0,false,False,The condition described by this variable is false; missing is distinct.
loan_direct__cw_site_parent_unitids_differ,dl_cw_site_parent_uni_468f2fa849,1,true,True,The condition described by this variable is true; missing is distinct.
loan_direct__cw_official_no_match,dl_cw_official_no_mat_48eb511167,0,false,False,The condition described by this variable is false; missing is distinct.
loan_direct__cw_official_no_match,dl_cw_official_no_mat_48eb511167,1,true,True,The condition described by this variable is true; missing is distinct.
loan_direct__cw_has_change_notes,loan_direct__cw_has_change_notes,0,false,False,The condition described by this variable is false; missing is distinct.
loan_direct__cw_has_change_notes,loan_direct__cw_has_change_notes,1,true,True,The condition described by this variable is true; missing is distinct.
loan_direct__cw_has_prior_id_notes,dl_cw_has_prior_id_no_f6e22911d2,0,false,False,The condition described by this variable is false; missing is distinct.
loan_direct__cw_has_prior_id_notes,dl_cw_has_prior_id_no_f6e22911d2,1,true,True,The condition described by this variable is true; missing is distinct.
loan_direct__cw_duplicate_opeid_rows,dl_cw_duplicate_opeid_052d9335b0,0,false,False,The condition described by this variable is false; missing is distinct.
loan_direct__cw_duplicate_opeid_rows,dl_cw_duplicate_opeid_052d9335b0,1,true,True,The condition described by this variable is true; missing is distinct.
loan_direct__unitid_record_status,dl_unitid_record_stat_7f0270deea,8,absent_source_record,absent_source_record,No usable source-family record for this panel row; not evidence of zero aid.
loan_direct__unitid_record_status,dl_unitid_record_stat_7f0270deea,21,ambiguous_family_multiple_records,ambiguous_family_multiple_records,"Multiple source-family records could supply this UNITID-year; values are blocked, not summed."
loan_direct__unitid_record_status,dl_unitid_record_stat_7f0270deea,20,included_unique_family_record,included_unique_family_record,Exactly one eligible source-family record supplies this UNITID-year; no aid allocation.
loan_ffel__source_record_present,loan_ffel__source_record_present,0,false,False,The condition described by this variable is false; missing is distinct.
loan_ffel__source_record_present,loan_ffel__source_record_present,1,true,True,The condition described by this variable is true; missing is distinct.
loan_ffel__subsidized_recipients__status,ffel_sub_recips_statu_a013c3adce,8,absent_source_record,absent_source_record,No usable source-family record for this panel row; not evidence of zero aid.
loan_ffel__subsidized_recipients__status,ffel_sub_recips_statu_a013c3adce,21,ambiguous_family_multiple_records,ambiguous_family_multiple_records,"Multiple source-family records could supply this UNITID-year; values are blocked, not summed."
loan_ffel__subsidized_recipients__status,ffel_sub_recips_statu_a013c3adce,1,observed,observed,An explicitly reported numeric nonzero value.
loan_ffel__subsidized_recipients__status,ffel_sub_recips_statu_a013c3adce,2,observed_zero,observed_zero,An explicitly reported numeric zero; not an imputed zero.
loan_ffel__subsidized_recipients__status,ffel_sub_recips_statu_a013c3adce,9,report_not_available,report_not_available,No selected report for this source family and award year is available in the build.
loan_ffel__subsidized_loans_originated_n__status,ffel_sub_loans_origin_291f932a19,8,absent_source_record,absent_source_record,No usable source-family record for this panel row; not evidence of zero aid.
loan_ffel__subsidized_loans_originated_n__status,ffel_sub_loans_origin_291f932a19,21,ambiguous_family_multiple_records,ambiguous_family_multiple_records,"Multiple source-family records could supply this UNITID-year; values are blocked, not summed."
loan_ffel__subsidized_loans_originated_n__status,ffel_sub_loans_origin_291f932a19,1,observed,observed,An explicitly reported numeric nonzero value.
loan_ffel__subsidized_loans_originated_n__status,ffel_sub_loans_origin_291f932a19,2,observed_zero,observed_zero,An explicitly reported numeric zero; not an imputed zero.
loan_ffel__subsidized_loans_originated_n__status,ffel_sub_loans_origin_291f932a19,9,report_not_available,report_not_available,No selected report for this source family and award year is available in the build.
loan_ffel__subsidized_loans_originated_amt__status,ffel_sub_loans_origin_104cc4d106,8,absent_source_record,absent_source_record,No usable source-family record for this panel row; not evidence of zero aid.
loan_ffel__subsidized_loans_originated_amt__status,ffel_sub_loans_origin_104cc4d106,21,ambiguous_family_multiple_records,ambiguous_family_multiple_records,"Multiple source-family records could supply this UNITID-year; values are blocked, not summed."
loan_ffel__subsidized_loans_originated_amt__status,ffel_sub_loans_origin_104cc4d106,1,observed,observed,An explicitly reported numeric nonzero value.
loan_ffel__subsidized_loans_originated_amt__status,ffel_sub_loans_origin_104cc4d106,2,observed_zero,observed_zero,An explicitly reported numeric zero; not an imputed zero.
loan_ffel__subsidized_loans_originated_amt__status,ffel_sub_loans_origin_104cc4d106,9,report_not_available,report_not_available,No selected report for this source family and award year is available in the build.
loan_ffel__subsidized_disbursements_n__status,ffel_sub_disb_n_statu_28dc72a733,8,absent_source_record,absent_source_record,No usable source-family record for this panel row; not evidence of zero aid.
loan_ffel__subsidized_disbursements_n__status,ffel_sub_disb_n_statu_28dc72a733,21,ambiguous_family_multiple_records,ambiguous_family_multiple_records,"Multiple source-family records could supply this UNITID-year; values are blocked, not summed."
loan_ffel__subsidized_disbursements_n__status,ffel_sub_disb_n_statu_28dc72a733,1,observed,observed,An explicitly reported numeric nonzero value.
loan_ffel__subsidized_disbursements_n__status,ffel_sub_disb_n_statu_28dc72a733,2,observed_zero,observed_zero,An explicitly reported numeric zero; not an imputed zero.
loan_ffel__subsidized_disbursements_n__status,ffel_sub_disb_n_statu_28dc72a733,9,report_not_available,report_not_available,No selected report for this source family and award year is available in the build.
loan_ffel__subsidized_disbursements__status,ffel_sub_disb_status_e3746df895,8,absent_source_record,absent_source_record,No usable source-family record for this panel row; not evidence of zero aid.
loan_ffel__subsidized_disbursements__status,ffel_sub_disb_status_e3746df895,21,ambiguous_family_multiple_records,ambiguous_family_multiple_records,"Multiple source-family records could supply this UNITID-year; values are blocked, not summed."
loan_ffel__subsidized_disbursements__status,ffel_sub_disb_status_e3746df895,1,observed,observed,An explicitly reported numeric nonzero value.
loan_ffel__subsidized_disbursements__status,ffel_sub_disb_status_e3746df895,2,observed_zero,observed_zero,An explicitly reported numeric zero; not an imputed zero.
loan_ffel__subsidized_disbursements__status,ffel_sub_disb_status_e3746df895,9,report_not_available,report_not_available,No selected report for this source family and award year is available in the build.
loan_ffel__unsubsidized_recipients__status,ffel_unsub_recips_sta_657563e573,8,absent_source_record,absent_source_record,No usable source-family record for this panel row; not evidence of zero aid.
loan_ffel__unsubsidized_recipients__status,ffel_unsub_recips_sta_657563e573,21,ambiguous_family_multiple_records,ambiguous_family_multiple_records,"Multiple source-family records could supply this UNITID-year; values are blocked, not summed."
loan_ffel__unsubsidized_recipients__status,ffel_unsub_recips_sta_657563e573,1,observed,observed,An explicitly reported numeric nonzero value.
loan_ffel__unsubsidized_recipients__status,ffel_unsub_recips_sta_657563e573,2,observed_zero,observed_zero,An explicitly reported numeric zero; not an imputed zero.
loan_ffel__unsubsidized_recipients__status,ffel_unsub_recips_sta_657563e573,9,report_not_available,report_not_available,No selected report for this source family and award year is available in the build.
loan_ffel__unsubsidized_loans_originated_n__status,ffel_unsub_loans_orig_97a040b6c6,8,absent_source_record,absent_source_record,No usable source-family record for this panel row; not evidence of zero aid.
loan_ffel__unsubsidized_loans_originated_n__status,ffel_unsub_loans_orig_97a040b6c6,21,ambiguous_family_multiple_records,ambiguous_family_multiple_records,"Multiple source-family records could supply this UNITID-year; values are blocked, not summed."
loan_ffel__unsubsidized_loans_originated_n__status,ffel_unsub_loans_orig_97a040b6c6,1,observed,observed,An explicitly reported numeric nonzero value.
loan_ffel__unsubsidized_loans_originated_n__status,ffel_unsub_loans_orig_97a040b6c6,2,observed_zero,observed_zero,An explicitly reported numeric zero; not an imputed zero.
loan_ffel__unsubsidized_loans_originated_n__status,ffel_unsub_loans_orig_97a040b6c6,9,report_not_available,report_not_available,No selected report for this source family and award year is available in the build.
loan_ffel__unsubsidized_loans_originated_amt__status,ffel_unsub_loans_orig_0f4e79d3c1,8,absent_source_record,absent_source_record,No usable source-family record for this panel row; not evidence of zero aid.
loan_ffel__unsubsidized_loans_originated_amt__status,ffel_unsub_loans_orig_0f4e79d3c1,21,ambiguous_family_multiple_records,ambiguous_family_multiple_records,"Multiple source-family records could supply this UNITID-year; values are blocked, not summed."
loan_ffel__unsubsidized_loans_originated_amt__status,ffel_unsub_loans_orig_0f4e79d3c1,1,observed,observed,An explicitly reported numeric nonzero value.
loan_ffel__unsubsidized_loans_originated_amt__status,ffel_unsub_loans_orig_0f4e79d3c1,2,observed_zero,observed_zero,An explicitly reported numeric zero; not an imputed zero.
loan_ffel__unsubsidized_loans_originated_amt__status,ffel_unsub_loans_orig_0f4e79d3c1,9,report_not_available,report_not_available,No selected report for this source family and award year is available in the build.
loan_ffel__unsubsidized_disbursements_n__status,ffel_unsub_disb_n_sta_ba4d99b1e8,8,absent_source_record,absent_source_record,No usable source-family record for this panel row; not evidence of zero aid.
loan_ffel__unsubsidized_disbursements_n__status,ffel_unsub_disb_n_sta_ba4d99b1e8,21,ambiguous_family_multiple_records,ambiguous_family_multiple_records,"Multiple source-family records could supply this UNITID-year; values are blocked, not summed."
loan_ffel__unsubsidized_disbursements_n__status,ffel_unsub_disb_n_sta_ba4d99b1e8,1,observed,observed,An explicitly reported numeric nonzero value.
loan_ffel__unsubsidized_disbursements_n__status,ffel_unsub_disb_n_sta_ba4d99b1e8,2,observed_zero,observed_zero,An explicitly reported numeric zero; not an imputed zero.
loan_ffel__unsubsidized_disbursements_n__status,ffel_unsub_disb_n_sta_ba4d99b1e8,9,report_not_available,report_not_available,No selected report for this source family and award year is available in the build.
loan_ffel__unsubsidized_disbursements__status,ffel_unsub_disb_statu_a099646b6c,8,absent_source_record,absent_source_record,No usable source-family record for this panel row; not evidence of zero aid.
loan_ffel__unsubsidized_disbursements__status,ffel_unsub_disb_statu_a099646b6c,21,ambiguous_family_multiple_records,ambiguous_family_multiple_records,"Multiple source-family records could supply this UNITID-year; values are blocked, not summed."
loan_ffel__unsubsidized_disbursements__status,ffel_unsub_disb_statu_a099646b6c,1,observed,observed,An explicitly reported numeric nonzero value.
loan_ffel__unsubsidized_disbursements__status,ffel_unsub_disb_statu_a099646b6c,2,observed_zero,observed_zero,An explicitly reported numeric zero; not an imputed zero.
loan_ffel__unsubsidized_disbursements__status,ffel_unsub_disb_statu_a099646b6c,9,report_not_available,report_not_available,No selected report for this source family and award year is available in the build.
loan_ffel__plus_recipients__status,ffel_plus_recips_stat_86bbe75e15,8,absent_source_record,absent_source_record,No usable source-family record for this panel row; not evidence of zero aid.
loan_ffel__plus_recipients__status,ffel_plus_recips_stat_86bbe75e15,21,ambiguous_family_multiple_records,ambiguous_family_multiple_records,"Multiple source-family records could supply this UNITID-year; values are blocked, not summed."
loan_ffel__plus_recipients__status,ffel_plus_recips_stat_86bbe75e15,1,observed,observed,An explicitly reported numeric nonzero value.
loan_ffel__plus_recipients__status,ffel_plus_recips_stat_86bbe75e15,2,observed_zero,observed_zero,An explicitly reported numeric zero; not an imputed zero.
loan_ffel__plus_recipients__status,ffel_plus_recips_stat_86bbe75e15,9,report_not_available,report_not_available,No selected report for this source family and award year is available in the build.
loan_ffel__plus_recipients__status,ffel_plus_recips_stat_86bbe75e15,7,unavailable_in_schema,unavailable_in_schema,The selected source report does not supply this variable in this year.
loan_ffel__plus_loans_originated_n__status,ffel_plus_loans_origi_314cb35dab,8,absent_source_record,absent_source_record,No usable source-family record for this panel row; not evidence of zero aid.
loan_ffel__plus_loans_originated_n__status,ffel_plus_loans_origi_314cb35dab,21,ambiguous_family_multiple_records,ambiguous_family_multiple_records,"Multiple source-family records could supply this UNITID-year; values are blocked, not summed."
loan_ffel__plus_loans_originated_n__status,ffel_plus_loans_origi_314cb35dab,1,observed,observed,An explicitly reported numeric nonzero value.
loan_ffel__plus_loans_originated_n__status,ffel_plus_loans_origi_314cb35dab,2,observed_zero,observed_zero,An explicitly reported numeric zero; not an imputed zero.
loan_ffel__plus_loans_originated_n__status,ffel_plus_loans_origi_314cb35dab,9,report_not_available,report_not_available,No selected report for this source family and award year is available in the build.
loan_ffel__plus_loans_originated_n__status,ffel_plus_loans_origi_314cb35dab,7,unavailable_in_schema,unavailable_in_schema,The selected source report does not supply this variable in this year.
loan_ffel__plus_loans_originated_amt__status,ffel_plus_loans_origi_ac71e6b713,8,absent_source_record,absent_source_record,No usable source-family record for this panel row; not evidence of zero aid.
loan_ffel__plus_loans_originated_amt__status,ffel_plus_loans_origi_ac71e6b713,21,ambiguous_family_multiple_records,ambiguous_family_multiple_records,"Multiple source-family records could supply this UNITID-year; values are blocked, not summed."
loan_ffel__plus_loans_originated_amt__status,ffel_plus_loans_origi_ac71e6b713,1,observed,observed,An explicitly reported numeric nonzero value.
loan_ffel__plus_loans_originated_amt__status,ffel_plus_loans_origi_ac71e6b713,2,observed_zero,observed_zero,An explicitly reported numeric zero; not an imputed zero.
loan_ffel__plus_loans_originated_amt__status,ffel_plus_loans_origi_ac71e6b713,9,report_not_available,report_not_available,No selected report for this source family and award year is available in the build.
loan_ffel__plus_loans_originated_amt__status,ffel_plus_loans_origi_ac71e6b713,7,unavailable_in_schema,unavailable_in_schema,The selected source report does not supply this variable in this year.
loan_ffel__plus_disbursements_n__status,ffel_plus_disb_n_stat_4daa65c090,8,absent_source_record,absent_source_record,No usable source-family record for this panel row; not evidence of zero aid.
loan_ffel__plus_disbursements_n__status,ffel_plus_disb_n_stat_4daa65c090,21,ambiguous_family_multiple_records,ambiguous_family_multiple_records,"Multiple source-family records could supply this UNITID-year; values are blocked, not summed."
loan_ffel__plus_disbursements_n__status,ffel_plus_disb_n_stat_4daa65c090,1,observed,observed,An explicitly reported numeric nonzero value.
loan_ffel__plus_disbursements_n__status,ffel_plus_disb_n_stat_4daa65c090,2,observed_zero,observed_zero,An explicitly reported numeric zero; not an imputed zero.
loan_ffel__plus_disbursements_n__status,ffel_plus_disb_n_stat_4daa65c090,9,report_not_available,report_not_available,No selected report for this source family and award year is available in the build.
loan_ffel__plus_disbursements_n__status,ffel_plus_disb_n_stat_4daa65c090,7,unavailable_in_schema,unavailable_in_schema,The selected source report does not supply this variable in this year.
loan_ffel__plus_disbursements__status,ffel_plus_disb_status_67b0b40e1d,8,absent_source_record,absent_source_record,No usable source-family record for this panel row; not evidence of zero aid.
loan_ffel__plus_disbursements__status,ffel_plus_disb_status_67b0b40e1d,21,ambiguous_family_multiple_records,ambiguous_family_multiple_records,"Multiple source-family records could supply this UNITID-year; values are blocked, not summed."
loan_ffel__plus_disbursements__status,ffel_plus_disb_status_67b0b40e1d,1,observed,observed,An explicitly reported numeric nonzero value.
loan_ffel__plus_disbursements__status,ffel_plus_disb_status_67b0b40e1d,2,observed_zero,observed_zero,An explicitly reported numeric zero; not an imputed zero.
loan_ffel__plus_disbursements__status,ffel_plus_disb_status_67b0b40e1d,9,report_not_available,report_not_available,No selected report for this source family and award year is available in the build.
loan_ffel__plus_disbursements__status,ffel_plus_disb_status_67b0b40e1d,7,unavailable_in_schema,unavailable_in_schema,The selected source report does not supply this variable in this year.
loan_ffel__grad_plus_recipients__status,ffel_grad_plus_recips_9e308e1b8d,8,absent_source_record,absent_source_record,No usable source-family record for this panel row; not evidence of zero aid.
loan_ffel__grad_plus_recipients__status,ffel_grad_plus_recips_9e308e1b8d,21,ambiguous_family_multiple_records,ambiguous_family_multiple_records,"Multiple source-family records could supply this UNITID-year; values are blocked, not summed."
loan_ffel__grad_plus_recipients__status,ffel_grad_plus_recips_9e308e1b8d,1,observed,observed,An explicitly reported numeric nonzero value.
loan_ffel__grad_plus_recipients__status,ffel_grad_plus_recips_9e308e1b8d,2,observed_zero,observed_zero,An explicitly reported numeric zero; not an imputed zero.
loan_ffel__grad_plus_recipients__status,ffel_grad_plus_recips_9e308e1b8d,9,report_not_available,report_not_available,No selected report for this source family and award year is available in the build.
loan_ffel__grad_plus_recipients__status,ffel_grad_plus_recips_9e308e1b8d,7,unavailable_in_schema,unavailable_in_schema,The selected source report does not supply this variable in this year.
loan_ffel__grad_plus_loans_originated_n__status,ffel_grad_plus_loans__ceb0717b3a,8,absent_source_record,absent_source_record,No usable source-family record for this panel row; not evidence of zero aid.
loan_ffel__grad_plus_loans_originated_n__status,ffel_grad_plus_loans__ceb0717b3a,21,ambiguous_family_multiple_records,ambiguous_family_multiple_records,"Multiple source-family records could supply this UNITID-year; values are blocked, not summed."
loan_ffel__grad_plus_loans_originated_n__status,ffel_grad_plus_loans__ceb0717b3a,1,observed,observed,An explicitly reported numeric nonzero value.
loan_ffel__grad_plus_loans_originated_n__status,ffel_grad_plus_loans__ceb0717b3a,2,observed_zero,observed_zero,An explicitly reported numeric zero; not an imputed zero.
loan_ffel__grad_plus_loans_originated_n__status,ffel_grad_plus_loans__ceb0717b3a,9,report_not_available,report_not_available,No selected report for this source family and award year is available in the build.
loan_ffel__grad_plus_loans_originated_n__status,ffel_grad_plus_loans__ceb0717b3a,7,unavailable_in_schema,unavailable_in_schema,The selected source report does not supply this variable in this year.
loan_ffel__grad_plus_loans_originated_amt__status,ffel_grad_plus_loans__85c2ddedf6,8,absent_source_record,absent_source_record,No usable source-family record for this panel row; not evidence of zero aid.
loan_ffel__grad_plus_loans_originated_amt__status,ffel_grad_plus_loans__85c2ddedf6,21,ambiguous_family_multiple_records,ambiguous_family_multiple_records,"Multiple source-family records could supply this UNITID-year; values are blocked, not summed."
loan_ffel__grad_plus_loans_originated_amt__status,ffel_grad_plus_loans__85c2ddedf6,1,observed,observed,An explicitly reported numeric nonzero value.
loan_ffel__grad_plus_loans_originated_amt__status,ffel_grad_plus_loans__85c2ddedf6,2,observed_zero,observed_zero,An explicitly reported numeric zero; not an imputed zero.
loan_ffel__grad_plus_loans_originated_amt__status,ffel_grad_plus_loans__85c2ddedf6,9,report_not_available,report_not_available,No selected report for this source family and award year is available in the build.
loan_ffel__grad_plus_loans_originated_amt__status,ffel_grad_plus_loans__85c2ddedf6,7,unavailable_in_schema,unavailable_in_schema,The selected source report does not supply this variable in this year.
loan_ffel__grad_plus_disbursements_n__status,ffel_grad_plus_disb_n_ebf66fdb57,8,absent_source_record,absent_source_record,No usable source-family record for this panel row; not evidence of zero aid.
loan_ffel__grad_plus_disbursements_n__status,ffel_grad_plus_disb_n_ebf66fdb57,21,ambiguous_family_multiple_records,ambiguous_family_multiple_records,"Multiple source-family records could supply this UNITID-year; values are blocked, not summed."
loan_ffel__grad_plus_disbursements_n__status,ffel_grad_plus_disb_n_ebf66fdb57,1,observed,observed,An explicitly reported numeric nonzero value.
loan_ffel__grad_plus_disbursements_n__status,ffel_grad_plus_disb_n_ebf66fdb57,2,observed_zero,observed_zero,An explicitly reported numeric zero; not an imputed zero.
loan_ffel__grad_plus_disbursements_n__status,ffel_grad_plus_disb_n_ebf66fdb57,9,report_not_available,report_not_available,No selected report for this source family and award year is available in the build.
loan_ffel__grad_plus_disbursements_n__status,ffel_grad_plus_disb_n_ebf66fdb57,7,unavailable_in_schema,unavailable_in_schema,The selected source report does not supply this variable in this year.
loan_ffel__grad_plus_disbursements__status,ffel_grad_plus_disb_s_ed844165e4,8,absent_source_record,absent_source_record,No usable source-family record for this panel row; not evidence of zero aid.
loan_ffel__grad_plus_disbursements__status,ffel_grad_plus_disb_s_ed844165e4,21,ambiguous_family_multiple_records,ambiguous_family_multiple_records,"Multiple source-family records could supply this UNITID-year; values are blocked, not summed."
loan_ffel__grad_plus_disbursements__status,ffel_grad_plus_disb_s_ed844165e4,1,observed,observed,An explicitly reported numeric nonzero value.
loan_ffel__grad_plus_disbursements__status,ffel_grad_plus_disb_s_ed844165e4,2,observed_zero,observed_zero,An explicitly reported numeric zero; not an imputed zero.
loan_ffel__grad_plus_disbursements__status,ffel_grad_plus_disb_s_ed844165e4,9,report_not_available,report_not_available,No selected report for this source family and award year is available in the build.
loan_ffel__grad_plus_disbursements__status,ffel_grad_plus_disb_s_ed844165e4,7,unavailable_in_schema,unavailable_in_schema,The selected source report does not supply this variable in this year.
loan_ffel__parent_plus_recipients__status,ffel_parent_plus_reci_62f9cc3e2c,8,absent_source_record,absent_source_record,No usable source-family record for this panel row; not evidence of zero aid.
loan_ffel__parent_plus_recipients__status,ffel_parent_plus_reci_62f9cc3e2c,21,ambiguous_family_multiple_records,ambiguous_family_multiple_records,"Multiple source-family records could supply this UNITID-year; values are blocked, not summed."
loan_ffel__parent_plus_recipients__status,ffel_parent_plus_reci_62f9cc3e2c,1,observed,observed,An explicitly reported numeric nonzero value.
loan_ffel__parent_plus_recipients__status,ffel_parent_plus_reci_62f9cc3e2c,2,observed_zero,observed_zero,An explicitly reported numeric zero; not an imputed zero.
loan_ffel__parent_plus_recipients__status,ffel_parent_plus_reci_62f9cc3e2c,9,report_not_available,report_not_available,No selected report for this source family and award year is available in the build.
loan_ffel__parent_plus_recipients__status,ffel_parent_plus_reci_62f9cc3e2c,7,unavailable_in_schema,unavailable_in_schema,The selected source report does not supply this variable in this year.
loan_ffel__parent_plus_loans_originated_n__status,ffel_parent_plus_loan_794e2839fc,8,absent_source_record,absent_source_record,No usable source-family record for this panel row; not evidence of zero aid.
loan_ffel__parent_plus_loans_originated_n__status,ffel_parent_plus_loan_794e2839fc,21,ambiguous_family_multiple_records,ambiguous_family_multiple_records,"Multiple source-family records could supply this UNITID-year; values are blocked, not summed."
loan_ffel__parent_plus_loans_originated_n__status,ffel_parent_plus_loan_794e2839fc,1,observed,observed,An explicitly reported numeric nonzero value.
loan_ffel__parent_plus_loans_originated_n__status,ffel_parent_plus_loan_794e2839fc,2,observed_zero,observed_zero,An explicitly reported numeric zero; not an imputed zero.
loan_ffel__parent_plus_loans_originated_n__status,ffel_parent_plus_loan_794e2839fc,9,report_not_available,report_not_available,No selected report for this source family and award year is available in the build.
loan_ffel__parent_plus_loans_originated_n__status,ffel_parent_plus_loan_794e2839fc,7,unavailable_in_schema,unavailable_in_schema,The selected source report does not supply this variable in this year.
loan_ffel__parent_plus_loans_originated_amt__status,ffel_parent_plus_loan_fa62b41329,8,absent_source_record,absent_source_record,No usable source-family record for this panel row; not evidence of zero aid.
loan_ffel__parent_plus_loans_originated_amt__status,ffel_parent_plus_loan_fa62b41329,21,ambiguous_family_multiple_records,ambiguous_family_multiple_records,"Multiple source-family records could supply this UNITID-year; values are blocked, not summed."
loan_ffel__parent_plus_loans_originated_amt__status,ffel_parent_plus_loan_fa62b41329,1,observed,observed,An explicitly reported numeric nonzero value.
loan_ffel__parent_plus_loans_originated_amt__status,ffel_parent_plus_loan_fa62b41329,2,observed_zero,observed_zero,An explicitly reported numeric zero; not an imputed zero.
loan_ffel__parent_plus_loans_originated_amt__status,ffel_parent_plus_loan_fa62b41329,9,report_not_available,report_not_available,No selected report for this source family and award year is available in the build.
loan_ffel__parent_plus_loans_originated_amt__status,ffel_parent_plus_loan_fa62b41329,7,unavailable_in_schema,unavailable_in_schema,The selected source report does not supply this variable in this year.
loan_ffel__parent_plus_disbursements_n__status,ffel_parent_plus_disb_3f38e7e88a,8,absent_source_record,absent_source_record,No usable source-family record for this panel row; not evidence of zero aid.
loan_ffel__parent_plus_disbursements_n__status,ffel_parent_plus_disb_3f38e7e88a,21,ambiguous_family_multiple_records,ambiguous_family_multiple_records,"Multiple source-family records could supply this UNITID-year; values are blocked, not summed."
loan_ffel__parent_plus_disbursements_n__status,ffel_parent_plus_disb_3f38e7e88a,1,observed,observed,An explicitly reported numeric nonzero value.
loan_ffel__parent_plus_disbursements_n__status,ffel_parent_plus_disb_3f38e7e88a,2,observed_zero,observed_zero,An explicitly reported numeric zero; not an imputed zero.
loan_ffel__parent_plus_disbursements_n__status,ffel_parent_plus_disb_3f38e7e88a,9,report_not_available,report_not_available,No selected report for this source family and award year is available in the build.
loan_ffel__parent_plus_disbursements_n__status,ffel_parent_plus_disb_3f38e7e88a,7,unavailable_in_schema,unavailable_in_schema,The selected source report does not supply this variable in this year.
loan_ffel__parent_plus_disbursements__status,ffel_parent_plus_disb_a8a83be14f,8,absent_source_record,absent_source_record,No usable source-family record for this panel row; not evidence of zero aid.
loan_ffel__parent_plus_disbursements__status,ffel_parent_plus_disb_a8a83be14f,21,ambiguous_family_multiple_records,ambiguous_family_multiple_records,"Multiple source-family records could supply this UNITID-year; values are blocked, not summed."
loan_ffel__parent_plus_disbursements__status,ffel_parent_plus_disb_a8a83be14f,1,observed,observed,An explicitly reported numeric nonzero value.
loan_ffel__parent_plus_disbursements__status,ffel_parent_plus_disb_a8a83be14f,2,observed_zero,observed_zero,An explicitly reported numeric zero; not an imputed zero.
loan_ffel__parent_plus_disbursements__status,ffel_parent_plus_disb_a8a83be14f,9,report_not_available,report_not_available,No selected report for this source family and award year is available in the build.
loan_ffel__parent_plus_disbursements__status,ffel_parent_plus_disb_a8a83be14f,7,unavailable_in_schema,unavailable_in_schema,The selected source report does not supply this variable in this year.
loan_ffel__source_report_present,loan_ffel__source_report_present,0,false,False,The condition described by this variable is false; missing is distinct.
loan_ffel__source_report_present,loan_ffel__source_report_present,1,true,True,The condition described by this variable is true; missing is distinct.
loan_ffel__fsa_school__review_required,ffel_fsa_school_revie_634746bb5f,0,false,False,The condition described by this variable is false; missing is distinct.
loan_ffel__fsa_school__review_required,ffel_fsa_school_revie_634746bb5f,1,true,True,The condition described by this variable is true; missing is distinct.
loan_ffel__fsa_state__review_required,ffel_fsa_state_review_2a0e143a03,0,false,False,The condition described by this variable is false; missing is distinct.
loan_ffel__fsa_state__review_required,ffel_fsa_state_review_2a0e143a03,1,true,True,The condition described by this variable is true; missing is distinct.
loan_ffel__fsa_zip_code__review_required,ffel_fsa_zip_code_rev_aebcd28a82,0,false,False,The condition described by this variable is false; missing is distinct.
loan_ffel__fsa_zip_code__review_required,ffel_fsa_zip_code_rev_aebcd28a82,1,true,True,The condition described by this variable is true; missing is distinct.
loan_ffel__fsa_school_type__review_required,ffel_fsa_school_type__5d2e2aedc7,0,false,False,The condition described by this variable is false; missing is distinct.
loan_ffel__fsa_school_type__review_required,ffel_fsa_school_type__5d2e2aedc7,1,true,True,The condition described by this variable is true; missing is distinct.
loan_ffel__fsa_descriptor_review_required,ffel_fsa_descriptor_r_4bef2e7d31,0,false,False,The condition described by this variable is false; missing is distinct.
loan_ffel__fsa_descriptor_review_required,ffel_fsa_descriptor_r_4bef2e7d31,1,true,True,The condition described by this variable is true; missing is distinct.
loan_ffel__ipeds_match_status,loan_ffel__ipeds_match_status,25,exact_unique,exact_unique,"One full-OPEID match in the selected annual directory, passing the original activity/office screen."
loan_ffel__ipeds_match_status,loan_ffel__ipeds_match_status,26,exact_unique_inactive,exact_unique_inactive,One full-OPEID directory match is classified inactive by the original directory screen.
loan_ffel__ipeds_match_status,loan_ffel__ipeds_match_status,28,multiple_exact_unitids,multiple_exact_unitids,The full OPEID matches multiple UNITIDs in the selected annual directory.
loan_ffel__ipeds_match_status,loan_ffel__ipeds_match_status,29,no_exact_match,no_exact_match,No full-OPEID match exists in the selected annual directory.
loan_ffel__ipeds_strict_eligible,loan_ffel__ipeds_strict_eligible,0,false,False,The condition described by this variable is false; missing is distinct.
loan_ffel__ipeds_strict_eligible,loan_ffel__ipeds_strict_eligible,1,true,True,The condition described by this variable is true; missing is distinct.
loan_ffel__ipeds_directory_match_status,ffel_ipeds_directory__6f1dffde90,25,exact_unique,exact_unique,"One full-OPEID match in the selected annual directory, passing the original activity/office screen."
loan_ffel__ipeds_directory_match_status,ffel_ipeds_directory__6f1dffde90,26,exact_unique_inactive,exact_unique_inactive,One full-OPEID directory match is classified inactive by the original directory screen.
loan_ffel__ipeds_directory_match_status,ffel_ipeds_directory__6f1dffde90,28,multiple_exact_unitids,multiple_exact_unitids,The full OPEID matches multiple UNITIDs in the selected annual directory.
loan_ffel__ipeds_directory_match_status,ffel_ipeds_directory__6f1dffde90,29,no_exact_match,no_exact_match,No full-OPEID match exists in the selected annual directory.
loan_ffel__ipeds_crosswalk_available,ffel_ipeds_crosswalk__75f3b92366,0,false,False,The condition described by this variable is false; missing is distinct.
loan_ffel__ipeds_crosswalk_available,ffel_ipeds_crosswalk__75f3b92366,1,true,True,The condition described by this variable is true; missing is distinct.
loan_ffel__ipeds_identity_geography_conflict,ffel_ipeds_identity_g_949f2a43f7,0,false,False,The condition described by this variable is false; missing is distinct.
loan_ffel__ipeds_identity_geography_conflict,ffel_ipeds_identity_g_949f2a43f7,1,true,True,The condition described by this variable is true; missing is distinct.
loan_ffel__ipeds_fsa_hd_state_conflict,ffel_ipeds_fsa_hd_sta_ce5915a3ca,0,false,False,The condition described by this variable is false; missing is distinct.
loan_ffel__ipeds_fsa_hd_state_conflict,ffel_ipeds_fsa_hd_sta_ce5915a3ca,1,true,True,The condition described by this variable is true; missing is distinct.
loan_ffel__ipeds_fsa_hd_name_review_required,ffel_ipeds_fsa_hd_nam_5211259120,0,false,False,The condition described by this variable is false; missing is distinct.
loan_ffel__ipeds_fsa_hd_name_review_required,ffel_ipeds_fsa_hd_nam_5211259120,1,true,True,The condition described by this variable is true; missing is distinct.
loan_ffel__ipeds_resolution_status,ffel_ipeds_resolution_35e926c565,31,official_site_alias_annual_unitid_verified,official_site_alias_annual_unitid_verified,Official site crosswalk resolves a singleton UNITID present in the annual directory under another OPEID.
loan_ffel__ipeds_resolution_status,ffel_ipeds_resolution_35e926c565,32,official_site_and_directory_agree,official_site_and_directory_agree,Official site relation and full-OPEID annual directory evidence agree on the resolved UNITID.
loan_ffel__ipeds_resolution_status,ffel_ipeds_resolution_35e926c565,33,unique_annual_directory_only,unique_annual_directory_only,A unique annual full-OPEID directory identity is available without a usable official site match.
loan_ffel__ipeds_annual_identity_eligible,ffel_ipeds_annual_ide_85ab101c69,0,false,False,The condition described by this variable is false; missing is distinct.
loan_ffel__ipeds_annual_identity_eligible,ffel_ipeds_annual_ide_85ab101c69,1,true,True,The condition described by this variable is true; missing is distinct.
loan_ffel__ipeds_identity_is_administrative,ffel_ipeds_identity_i_ca6b24d57c,0,false,False,The condition described by this variable is false; missing is distinct.
loan_ffel__ipeds_identity_is_administrative,ffel_ipeds_identity_i_ca6b24d57c,1,true,True,The condition described by this variable is true; missing is distinct.
loan_ffel__ipeds_title_iv_status,loan_ffel__ipeds_title_iv_status,46,branch_of_participating_institution,branch_of_participating_institution,Year-aware OPEFLAG interpretation: branch of a Title IV participating institution.
loan_ffel__ipeds_title_iv_status,loan_ffel__ipeds_title_iv_status,47,deferment_only,deferment_only,Year-aware OPEFLAG interpretation: deferment-only limited participation.
loan_ffel__ipeds_title_iv_status,loan_ffel__ipeds_title_iv_status,53,eligible_out_of_scope_or_historical_definition,eligible_out_of_scope_or_historical_definition,OPEFLAG 4 in 1999 or 2001 has a historical eligibility/out-of-scope definition; consult annual documentation.
loan_ffel__ipeds_title_iv_status,loan_ffel__ipeds_title_iv_status,48,new_participant,new_participant,Year-aware OPEFLAG interpretation: new participant under the reviewed year's definition.
loan_ffel__ipeds_title_iv_status,loan_ffel__ipeds_title_iv_status,49,new_spring_participant,new_spring_participant,Year-aware OPEFLAG interpretation: new spring participant (reviewed years from 2004).
loan_ffel__ipeds_title_iv_status,loan_ffel__ipeds_title_iv_status,50,not_participating_with_opeid,not_participating_with_opeid,"Year-aware OPEFLAG interpretation: not participating, with an OPEID."
loan_ffel__ipeds_title_iv_status,loan_ffel__ipeds_title_iv_status,51,not_participating_without_opeid,not_participating_without_opeid,"Year-aware OPEFLAG interpretation: not participating, without an OPEID."
loan_ffel__ipeds_title_iv_status,loan_ffel__ipeds_title_iv_status,45,participating,participating,Year-aware OPEFLAG interpretation: participating in Title IV programs.
loan_ffel__ipeds_title_iv_status,loan_ffel__ipeds_title_iv_status,52,stopped_participating,stopped_participating,Year-aware OPEFLAG interpretation: stopped participating in Title IV.
loan_ffel__ipeds_closed_with_data,ffel_ipeds_closed_wit_17c972c1c9,0,false,False,The condition described by this variable is false; missing is distinct.
loan_ffel__ipeds_closed_with_data,ffel_ipeds_closed_wit_17c972c1c9,1,true,True,The condition described by this variable is true; missing is distinct.
loan_ffel__ipeds_identity_uses_historical_relation,ffel_ipeds_identity_u_fd432816f6,0,false,False,The condition described by this variable is false; missing is distinct.
loan_ffel__ipeds_identity_uses_historical_relation,ffel_ipeds_identity_u_fd432816f6,1,true,True,The condition described by this variable is true; missing is distinct.
loan_ffel__ipeds_identity_strict_contemporaneous,ffel_ipeds_identity_s_25d3815c20,0,false,False,The condition described by this variable is false; missing is distinct.
loan_ffel__ipeds_identity_strict_contemporaneous,ffel_ipeds_identity_s_25d3815c20,1,true,True,The condition described by this variable is true; missing is distinct.
loan_ffel__ipeds_has_other_parent_unitid,ffel_ipeds_has_other__31b67c875a,0,false,False,The condition described by this variable is false; missing is distinct.
loan_ffel__ipeds_has_other_parent_unitid,ffel_ipeds_has_other__31b67c875a,1,true,True,The condition described by this variable is true; missing is distinct.
loan_ffel__ipeds_component_scope_review_required,ffel_ipeds_component__80f311f65e,0,false,False,The condition described by this variable is false; missing is distinct.
loan_ffel__ipeds_component_scope_review_required,ffel_ipeds_component__80f311f65e,1,true,True,The condition described by this variable is true; missing is distinct.
loan_ffel__ipeds_finance_parent_reference_missing,ffel_ipeds_finance_pa_a57978582f,0,false,False,The condition described by this variable is false; missing is distinct.
loan_ffel__ipeds_finance_parent_reference_missing,ffel_ipeds_finance_pa_a57978582f,1,true,True,The condition described by this variable is true; missing is distinct.
loan_ffel__ipeds_student_aid_parent_reference_missing,ffel_ipeds_student_ai_908d5794af,0,false,False,The condition described by this variable is false; missing is distinct.
loan_ffel__ipeds_student_aid_parent_reference_missing,ffel_ipeds_student_ai_908d5794af,1,true,True,The condition described by this variable is true; missing is distinct.
loan_ffel__ipeds_fall_enrollment_parent_reference_missing,ffel_ipeds_fall_enrol_076d03abd5,0,false,False,The condition described by this variable is false; missing is distinct.
loan_ffel__ipeds_fall_enrollment_parent_reference_missing,ffel_ipeds_fall_enrol_076d03abd5,1,true,True,The condition described by this variable is true; missing is distinct.
loan_ffel__ipeds_completions_parent_reference_missing,ffel_ipeds_completion_ff48760308,0,false,False,The condition described by this variable is false; missing is distinct.
loan_ffel__ipeds_completions_parent_reference_missing,ffel_ipeds_completion_ff48760308,1,true,True,The condition described by this variable is true; missing is distinct.
loan_ffel__ipeds_twelve_month_enrollment_parent_reference_missing,ffel_ipeds_twelve_mon_79720e9df5,0,false,False,The condition described by this variable is false; missing is distinct.
loan_ffel__ipeds_twelve_month_enrollment_parent_reference_missing,ffel_ipeds_twelve_mon_79720e9df5,1,true,True,The condition described by this variable is true; missing is distinct.
loan_ffel__cw_preliminary,loan_ffel__cw_preliminary,0,false,False,The condition described by this variable is false; missing is distinct.
loan_ffel__cw_preliminary,loan_ffel__cw_preliminary,1,true,True,The condition described by this variable is true; missing is distinct.
loan_ffel__cw_has_additional_match,ffel_cw_has_additiona_eedc59fe6b,0,false,False,The condition described by this variable is false; missing is distinct.
loan_ffel__cw_has_additional_match,ffel_cw_has_additiona_eedc59fe6b,1,true,True,The condition described by this variable is true; missing is distinct.
loan_ffel__cw_multiple_site_unitids,ffel_cw_multiple_site_02c18895e4,0,false,False,The condition described by this variable is false; missing is distinct.
loan_ffel__cw_multiple_site_unitids,ffel_cw_multiple_site_02c18895e4,1,true,True,The condition described by this variable is true; missing is distinct.
loan_ffel__cw_relation_parse_complete,ffel_cw_relation_pars_c6aca6467c,0,false,False,The condition described by this variable is false; missing is distinct.
loan_ffel__cw_relation_parse_complete,ffel_cw_relation_pars_c6aca6467c,1,true,True,The condition described by this variable is true; missing is distinct.
loan_ffel__cw_site_parse_complete,ffel_cw_site_parse_co_568e61e3b8,0,false,False,The condition described by this variable is false; missing is distinct.
loan_ffel__cw_site_parse_complete,ffel_cw_site_parse_co_568e61e3b8,1,true,True,The condition described by this variable is true; missing is distinct.
loan_ffel__cw_site_parent_unitids_differ,ffel_cw_site_parent_u_ae57e25ac8,0,false,False,The condition described by this variable is false; missing is distinct.
loan_ffel__cw_site_parent_unitids_differ,ffel_cw_site_parent_u_ae57e25ac8,1,true,True,The condition described by this variable is true; missing is distinct.
loan_ffel__cw_official_no_match,loan_ffel__cw_official_no_match,0,false,False,The condition described by this variable is false; missing is distinct.
loan_ffel__cw_official_no_match,loan_ffel__cw_official_no_match,1,true,True,The condition described by this variable is true; missing is distinct.
loan_ffel__cw_has_change_notes,loan_ffel__cw_has_change_notes,0,false,False,The condition described by this variable is false; missing is distinct.
loan_ffel__cw_has_change_notes,loan_ffel__cw_has_change_notes,1,true,True,The condition described by this variable is true; missing is distinct.
loan_ffel__cw_has_prior_id_notes,loan_ffel__cw_has_prior_id_notes,0,false,False,The condition described by this variable is false; missing is distinct.
loan_ffel__cw_has_prior_id_notes,loan_ffel__cw_has_prior_id_notes,1,true,True,The condition described by this variable is true; missing is distinct.
loan_ffel__cw_duplicate_opeid_rows,ffel_cw_duplicate_ope_f58e27b3ee,0,false,False,The condition described by this variable is false; missing is distinct.
loan_ffel__cw_duplicate_opeid_rows,ffel_cw_duplicate_ope_f58e27b3ee,1,true,True,The condition described by this variable is true; missing is distinct.
loan_ffel__unitid_record_status,loan_ffel__unitid_record_status,8,absent_source_record,absent_source_record,No usable source-family record for this panel row; not evidence of zero aid.
loan_ffel__unitid_record_status,loan_ffel__unitid_record_status,21,ambiguous_family_multiple_records,ambiguous_family_multiple_records,"Multiple source-family records could supply this UNITID-year; values are blocked, not summed."
loan_ffel__unitid_record_status,loan_ffel__unitid_record_status,20,included_unique_family_record,included_unique_family_record,Exactly one eligible source-family record supplies this UNITID-year; no aid allocation.
loan_direct_harmonized__subsidized_recipient_count_sum__status,dlh_sub_recip_count_s_431429cf78,8,absent_source_record,absent_source_record,No usable source-family record for this panel row; not evidence of zero aid.
loan_direct_harmonized__subsidized_recipient_count_sum__status,dlh_sub_recip_count_s_431429cf78,21,ambiguous_family_multiple_records,ambiguous_family_multiple_records,"Multiple source-family records could supply this UNITID-year; values are blocked, not summed."
loan_direct_harmonized__subsidized_recipient_count_sum__status,dlh_sub_recip_count_s_431429cf78,14,complete_component_sum,complete_component_sum,All required components are observed; the value is their complete sum.
loan_direct_harmonized__subsidized_recipient_count_sum__status,dlh_sub_recip_count_s_431429cf78,13,complete_source_reported,complete_source_reported,The complete harmonized value comes from one observed source measure.
loan_direct_harmonized__subsidized_recipient_count_sum__status,dlh_sub_recip_count_s_431429cf78,17,no_observed_components,no_observed_components,None of the required component point values is observed.
loan_direct_harmonized__subsidized_loans_originated_n__status,dlh_sub_loans_origina_0a899cc9bd,8,absent_source_record,absent_source_record,No usable source-family record for this panel row; not evidence of zero aid.
loan_direct_harmonized__subsidized_loans_originated_n__status,dlh_sub_loans_origina_0a899cc9bd,21,ambiguous_family_multiple_records,ambiguous_family_multiple_records,"Multiple source-family records could supply this UNITID-year; values are blocked, not summed."
loan_direct_harmonized__subsidized_loans_originated_n__status,dlh_sub_loans_origina_0a899cc9bd,14,complete_component_sum,complete_component_sum,All required components are observed; the value is their complete sum.
loan_direct_harmonized__subsidized_loans_originated_n__status,dlh_sub_loans_origina_0a899cc9bd,13,complete_source_reported,complete_source_reported,The complete harmonized value comes from one observed source measure.
loan_direct_harmonized__subsidized_loans_originated_n__status,dlh_sub_loans_origina_0a899cc9bd,17,no_observed_components,no_observed_components,None of the required component point values is observed.
loan_direct_harmonized__subsidized_loans_originated_amt__status,dlh_sub_loans_origina_a1601ecf07,8,absent_source_record,absent_source_record,No usable source-family record for this panel row; not evidence of zero aid.
loan_direct_harmonized__subsidized_loans_originated_amt__status,dlh_sub_loans_origina_a1601ecf07,21,ambiguous_family_multiple_records,ambiguous_family_multiple_records,"Multiple source-family records could supply this UNITID-year; values are blocked, not summed."
loan_direct_harmonized__subsidized_loans_originated_amt__status,dlh_sub_loans_origina_a1601ecf07,14,complete_component_sum,complete_component_sum,All required components are observed; the value is their complete sum.
loan_direct_harmonized__subsidized_loans_originated_amt__status,dlh_sub_loans_origina_a1601ecf07,13,complete_source_reported,complete_source_reported,The complete harmonized value comes from one observed source measure.
loan_direct_harmonized__subsidized_loans_originated_amt__status,dlh_sub_loans_origina_a1601ecf07,17,no_observed_components,no_observed_components,None of the required component point values is observed.
loan_direct_harmonized__subsidized_disbursements_n__status,dlh_sub_disb_n_status_aec30d268b,8,absent_source_record,absent_source_record,No usable source-family record for this panel row; not evidence of zero aid.
loan_direct_harmonized__subsidized_disbursements_n__status,dlh_sub_disb_n_status_aec30d268b,21,ambiguous_family_multiple_records,ambiguous_family_multiple_records,"Multiple source-family records could supply this UNITID-year; values are blocked, not summed."
loan_direct_harmonized__subsidized_disbursements_n__status,dlh_sub_disb_n_status_aec30d268b,14,complete_component_sum,complete_component_sum,All required components are observed; the value is their complete sum.
loan_direct_harmonized__subsidized_disbursements_n__status,dlh_sub_disb_n_status_aec30d268b,13,complete_source_reported,complete_source_reported,The complete harmonized value comes from one observed source measure.
loan_direct_harmonized__subsidized_disbursements_n__status,dlh_sub_disb_n_status_aec30d268b,17,no_observed_components,no_observed_components,None of the required component point values is observed.
loan_direct_harmonized__subsidized_disbursements__status,dlh_sub_disb_status_52ad12ecc2,8,absent_source_record,absent_source_record,No usable source-family record for this panel row; not evidence of zero aid.
loan_direct_harmonized__subsidized_disbursements__status,dlh_sub_disb_status_52ad12ecc2,21,ambiguous_family_multiple_records,ambiguous_family_multiple_records,"Multiple source-family records could supply this UNITID-year; values are blocked, not summed."
loan_direct_harmonized__subsidized_disbursements__status,dlh_sub_disb_status_52ad12ecc2,14,complete_component_sum,complete_component_sum,All required components are observed; the value is their complete sum.
loan_direct_harmonized__subsidized_disbursements__status,dlh_sub_disb_status_52ad12ecc2,13,complete_source_reported,complete_source_reported,The complete harmonized value comes from one observed source measure.
loan_direct_harmonized__subsidized_disbursements__status,dlh_sub_disb_status_52ad12ecc2,17,no_observed_components,no_observed_components,None of the required component point values is observed.
loan_direct_harmonized__unsubsidized_recipient_count_sum__status,dlh_unsub_recip_count_07016597ab,8,absent_source_record,absent_source_record,No usable source-family record for this panel row; not evidence of zero aid.
loan_direct_harmonized__unsubsidized_recipient_count_sum__status,dlh_unsub_recip_count_07016597ab,21,ambiguous_family_multiple_records,ambiguous_family_multiple_records,"Multiple source-family records could supply this UNITID-year; values are blocked, not summed."
loan_direct_harmonized__unsubsidized_recipient_count_sum__status,dlh_unsub_recip_count_07016597ab,14,complete_component_sum,complete_component_sum,All required components are observed; the value is their complete sum.
loan_direct_harmonized__unsubsidized_recipient_count_sum__status,dlh_unsub_recip_count_07016597ab,13,complete_source_reported,complete_source_reported,The complete harmonized value comes from one observed source measure.
loan_direct_harmonized__unsubsidized_recipient_count_sum__status,dlh_unsub_recip_count_07016597ab,16,incomplete_component_sum,incomplete_component_sum,Some required components are unknown; an observed partial sum is not a complete total.
loan_direct_harmonized__unsubsidized_recipient_count_sum__status,dlh_unsub_recip_count_07016597ab,17,no_observed_components,no_observed_components,None of the required component point values is observed.
loan_direct_harmonized__unsubsidized_loans_originated_n__status,dlh_unsub_loans_origi_78490be94d,8,absent_source_record,absent_source_record,No usable source-family record for this panel row; not evidence of zero aid.
loan_direct_harmonized__unsubsidized_loans_originated_n__status,dlh_unsub_loans_origi_78490be94d,21,ambiguous_family_multiple_records,ambiguous_family_multiple_records,"Multiple source-family records could supply this UNITID-year; values are blocked, not summed."
loan_direct_harmonized__unsubsidized_loans_originated_n__status,dlh_unsub_loans_origi_78490be94d,14,complete_component_sum,complete_component_sum,All required components are observed; the value is their complete sum.
loan_direct_harmonized__unsubsidized_loans_originated_n__status,dlh_unsub_loans_origi_78490be94d,13,complete_source_reported,complete_source_reported,The complete harmonized value comes from one observed source measure.
loan_direct_harmonized__unsubsidized_loans_originated_n__status,dlh_unsub_loans_origi_78490be94d,16,incomplete_component_sum,incomplete_component_sum,Some required components are unknown; an observed partial sum is not a complete total.
loan_direct_harmonized__unsubsidized_loans_originated_n__status,dlh_unsub_loans_origi_78490be94d,17,no_observed_components,no_observed_components,None of the required component point values is observed.
loan_direct_harmonized__unsubsidized_loans_originated_amt__status,dlh_unsub_loans_origi_0c5af87a5a,8,absent_source_record,absent_source_record,No usable source-family record for this panel row; not evidence of zero aid.
loan_direct_harmonized__unsubsidized_loans_originated_amt__status,dlh_unsub_loans_origi_0c5af87a5a,21,ambiguous_family_multiple_records,ambiguous_family_multiple_records,"Multiple source-family records could supply this UNITID-year; values are blocked, not summed."
loan_direct_harmonized__unsubsidized_loans_originated_amt__status,dlh_unsub_loans_origi_0c5af87a5a,14,complete_component_sum,complete_component_sum,All required components are observed; the value is their complete sum.
loan_direct_harmonized__unsubsidized_loans_originated_amt__status,dlh_unsub_loans_origi_0c5af87a5a,13,complete_source_reported,complete_source_reported,The complete harmonized value comes from one observed source measure.
loan_direct_harmonized__unsubsidized_loans_originated_amt__status,dlh_unsub_loans_origi_0c5af87a5a,16,incomplete_component_sum,incomplete_component_sum,Some required components are unknown; an observed partial sum is not a complete total.
loan_direct_harmonized__unsubsidized_loans_originated_amt__status,dlh_unsub_loans_origi_0c5af87a5a,17,no_observed_components,no_observed_components,None of the required component point values is observed.
loan_direct_harmonized__unsubsidized_disbursements_n__status,dlh_unsub_disb_n_stat_3682709143,8,absent_source_record,absent_source_record,No usable source-family record for this panel row; not evidence of zero aid.
loan_direct_harmonized__unsubsidized_disbursements_n__status,dlh_unsub_disb_n_stat_3682709143,21,ambiguous_family_multiple_records,ambiguous_family_multiple_records,"Multiple source-family records could supply this UNITID-year; values are blocked, not summed."
loan_direct_harmonized__unsubsidized_disbursements_n__status,dlh_unsub_disb_n_stat_3682709143,14,complete_component_sum,complete_component_sum,All required components are observed; the value is their complete sum.
loan_direct_harmonized__unsubsidized_disbursements_n__status,dlh_unsub_disb_n_stat_3682709143,13,complete_source_reported,complete_source_reported,The complete harmonized value comes from one observed source measure.
loan_direct_harmonized__unsubsidized_disbursements_n__status,dlh_unsub_disb_n_stat_3682709143,16,incomplete_component_sum,incomplete_component_sum,Some required components are unknown; an observed partial sum is not a complete total.
loan_direct_harmonized__unsubsidized_disbursements_n__status,dlh_unsub_disb_n_stat_3682709143,17,no_observed_components,no_observed_components,None of the required component point values is observed.
loan_direct_harmonized__unsubsidized_disbursements__status,dlh_unsub_disb_status_188dafbc9b,8,absent_source_record,absent_source_record,No usable source-family record for this panel row; not evidence of zero aid.
loan_direct_harmonized__unsubsidized_disbursements__status,dlh_unsub_disb_status_188dafbc9b,21,ambiguous_family_multiple_records,ambiguous_family_multiple_records,"Multiple source-family records could supply this UNITID-year; values are blocked, not summed."
loan_direct_harmonized__unsubsidized_disbursements__status,dlh_unsub_disb_status_188dafbc9b,14,complete_component_sum,complete_component_sum,All required components are observed; the value is their complete sum.
loan_direct_harmonized__unsubsidized_disbursements__status,dlh_unsub_disb_status_188dafbc9b,13,complete_source_reported,complete_source_reported,The complete harmonized value comes from one observed source measure.
loan_direct_harmonized__unsubsidized_disbursements__status,dlh_unsub_disb_status_188dafbc9b,16,incomplete_component_sum,incomplete_component_sum,Some required components are unknown; an observed partial sum is not a complete total.
loan_direct_harmonized__unsubsidized_disbursements__status,dlh_unsub_disb_status_188dafbc9b,17,no_observed_components,no_observed_components,None of the required component point values is observed.
loan_direct_harmonized__plus_recipient_count_sum__status,dlh_plus_recip_count__8ce60c1937,8,absent_source_record,absent_source_record,No usable source-family record for this panel row; not evidence of zero aid.
loan_direct_harmonized__plus_recipient_count_sum__status,dlh_plus_recip_count__8ce60c1937,21,ambiguous_family_multiple_records,ambiguous_family_multiple_records,"Multiple source-family records could supply this UNITID-year; values are blocked, not summed."
loan_direct_harmonized__plus_recipient_count_sum__status,dlh_plus_recip_count__8ce60c1937,14,complete_component_sum,complete_component_sum,All required components are observed; the value is their complete sum.
loan_direct_harmonized__plus_recipient_count_sum__status,dlh_plus_recip_count__8ce60c1937,13,complete_source_reported,complete_source_reported,The complete harmonized value comes from one observed source measure.
loan_direct_harmonized__plus_recipient_count_sum__status,dlh_plus_recip_count__8ce60c1937,16,incomplete_component_sum,incomplete_component_sum,Some required components are unknown; an observed partial sum is not a complete total.
loan_direct_harmonized__plus_recipient_count_sum__status,dlh_plus_recip_count__8ce60c1937,17,no_observed_components,no_observed_components,None of the required component point values is observed.
loan_direct_harmonized__plus_loans_originated_n__status,dlh_plus_loans_origin_c7e1450fe0,8,absent_source_record,absent_source_record,No usable source-family record for this panel row; not evidence of zero aid.
loan_direct_harmonized__plus_loans_originated_n__status,dlh_plus_loans_origin_c7e1450fe0,21,ambiguous_family_multiple_records,ambiguous_family_multiple_records,"Multiple source-family records could supply this UNITID-year; values are blocked, not summed."
loan_direct_harmonized__plus_loans_originated_n__status,dlh_plus_loans_origin_c7e1450fe0,14,complete_component_sum,complete_component_sum,All required components are observed; the value is their complete sum.
loan_direct_harmonized__plus_loans_originated_n__status,dlh_plus_loans_origin_c7e1450fe0,13,complete_source_reported,complete_source_reported,The complete harmonized value comes from one observed source measure.
loan_direct_harmonized__plus_loans_originated_n__status,dlh_plus_loans_origin_c7e1450fe0,16,incomplete_component_sum,incomplete_component_sum,Some required components are unknown; an observed partial sum is not a complete total.
loan_direct_harmonized__plus_loans_originated_n__status,dlh_plus_loans_origin_c7e1450fe0,17,no_observed_components,no_observed_components,None of the required component point values is observed.
loan_direct_harmonized__plus_loans_originated_amt__status,dlh_plus_loans_origin_3bd03109ec,8,absent_source_record,absent_source_record,No usable source-family record for this panel row; not evidence of zero aid.
loan_direct_harmonized__plus_loans_originated_amt__status,dlh_plus_loans_origin_3bd03109ec,21,ambiguous_family_multiple_records,ambiguous_family_multiple_records,"Multiple source-family records could supply this UNITID-year; values are blocked, not summed."
loan_direct_harmonized__plus_loans_originated_amt__status,dlh_plus_loans_origin_3bd03109ec,14,complete_component_sum,complete_component_sum,All required components are observed; the value is their complete sum.
loan_direct_harmonized__plus_loans_originated_amt__status,dlh_plus_loans_origin_3bd03109ec,13,complete_source_reported,complete_source_reported,The complete harmonized value comes from one observed source measure.
loan_direct_harmonized__plus_loans_originated_amt__status,dlh_plus_loans_origin_3bd03109ec,16,incomplete_component_sum,incomplete_component_sum,Some required components are unknown; an observed partial sum is not a complete total.
loan_direct_harmonized__plus_loans_originated_amt__status,dlh_plus_loans_origin_3bd03109ec,17,no_observed_components,no_observed_components,None of the required component point values is observed.
loan_direct_harmonized__plus_disbursements_n__status,dlh_plus_disb_n_statu_49ee7189cf,8,absent_source_record,absent_source_record,No usable source-family record for this panel row; not evidence of zero aid.
loan_direct_harmonized__plus_disbursements_n__status,dlh_plus_disb_n_statu_49ee7189cf,21,ambiguous_family_multiple_records,ambiguous_family_multiple_records,"Multiple source-family records could supply this UNITID-year; values are blocked, not summed."
loan_direct_harmonized__plus_disbursements_n__status,dlh_plus_disb_n_statu_49ee7189cf,14,complete_component_sum,complete_component_sum,All required components are observed; the value is their complete sum.
loan_direct_harmonized__plus_disbursements_n__status,dlh_plus_disb_n_statu_49ee7189cf,13,complete_source_reported,complete_source_reported,The complete harmonized value comes from one observed source measure.
loan_direct_harmonized__plus_disbursements_n__status,dlh_plus_disb_n_statu_49ee7189cf,16,incomplete_component_sum,incomplete_component_sum,Some required components are unknown; an observed partial sum is not a complete total.
loan_direct_harmonized__plus_disbursements_n__status,dlh_plus_disb_n_statu_49ee7189cf,17,no_observed_components,no_observed_components,None of the required component point values is observed.
loan_direct_harmonized__plus_disbursements__status,dlh_plus_disb_status_561ddbf113,8,absent_source_record,absent_source_record,No usable source-family record for this panel row; not evidence of zero aid.
loan_direct_harmonized__plus_disbursements__status,dlh_plus_disb_status_561ddbf113,21,ambiguous_family_multiple_records,ambiguous_family_multiple_records,"Multiple source-family records could supply this UNITID-year; values are blocked, not summed."
loan_direct_harmonized__plus_disbursements__status,dlh_plus_disb_status_561ddbf113,14,complete_component_sum,complete_component_sum,All required components are observed; the value is their complete sum.
loan_direct_harmonized__plus_disbursements__status,dlh_plus_disb_status_561ddbf113,13,complete_source_reported,complete_source_reported,The complete harmonized value comes from one observed source measure.
loan_direct_harmonized__plus_disbursements__status,dlh_plus_disb_status_561ddbf113,16,incomplete_component_sum,incomplete_component_sum,Some required components are unknown; an observed partial sum is not a complete total.
loan_direct_harmonized__plus_disbursements__status,dlh_plus_disb_status_561ddbf113,17,no_observed_components,no_observed_components,None of the required component point values is observed.
loan_ffel_harmonized__subsidized_recipient_count_sum__status,ffh_sub_recip_count_s_391bf63c08,8,absent_source_record,absent_source_record,No usable source-family record for this panel row; not evidence of zero aid.
loan_ffel_harmonized__subsidized_recipient_count_sum__status,ffh_sub_recip_count_s_391bf63c08,21,ambiguous_family_multiple_records,ambiguous_family_multiple_records,"Multiple source-family records could supply this UNITID-year; values are blocked, not summed."
loan_ffel_harmonized__subsidized_recipient_count_sum__status,ffh_sub_recip_count_s_391bf63c08,13,complete_source_reported,complete_source_reported,The complete harmonized value comes from one observed source measure.
loan_ffel_harmonized__subsidized_recipient_count_sum__status,ffh_sub_recip_count_s_391bf63c08,9,report_not_available,report_not_available,No selected report for this source family and award year is available in the build.
loan_ffel_harmonized__subsidized_loans_originated_n__status,ffh_sub_loans_origina_c7e75fbc09,8,absent_source_record,absent_source_record,No usable source-family record for this panel row; not evidence of zero aid.
loan_ffel_harmonized__subsidized_loans_originated_n__status,ffh_sub_loans_origina_c7e75fbc09,21,ambiguous_family_multiple_records,ambiguous_family_multiple_records,"Multiple source-family records could supply this UNITID-year; values are blocked, not summed."
loan_ffel_harmonized__subsidized_loans_originated_n__status,ffh_sub_loans_origina_c7e75fbc09,13,complete_source_reported,complete_source_reported,The complete harmonized value comes from one observed source measure.
loan_ffel_harmonized__subsidized_loans_originated_n__status,ffh_sub_loans_origina_c7e75fbc09,9,report_not_available,report_not_available,No selected report for this source family and award year is available in the build.
loan_ffel_harmonized__subsidized_loans_originated_amt__status,ffh_sub_loans_origina_43bf98e7e1,8,absent_source_record,absent_source_record,No usable source-family record for this panel row; not evidence of zero aid.
loan_ffel_harmonized__subsidized_loans_originated_amt__status,ffh_sub_loans_origina_43bf98e7e1,21,ambiguous_family_multiple_records,ambiguous_family_multiple_records,"Multiple source-family records could supply this UNITID-year; values are blocked, not summed."
loan_ffel_harmonized__subsidized_loans_originated_amt__status,ffh_sub_loans_origina_43bf98e7e1,13,complete_source_reported,complete_source_reported,The complete harmonized value comes from one observed source measure.
loan_ffel_harmonized__subsidized_loans_originated_amt__status,ffh_sub_loans_origina_43bf98e7e1,9,report_not_available,report_not_available,No selected report for this source family and award year is available in the build.
loan_ffel_harmonized__subsidized_disbursements_n__status,ffh_sub_disb_n_status_1153ab4664,8,absent_source_record,absent_source_record,No usable source-family record for this panel row; not evidence of zero aid.
loan_ffel_harmonized__subsidized_disbursements_n__status,ffh_sub_disb_n_status_1153ab4664,21,ambiguous_family_multiple_records,ambiguous_family_multiple_records,"Multiple source-family records could supply this UNITID-year; values are blocked, not summed."
loan_ffel_harmonized__subsidized_disbursements_n__status,ffh_sub_disb_n_status_1153ab4664,13,complete_source_reported,complete_source_reported,The complete harmonized value comes from one observed source measure.
loan_ffel_harmonized__subsidized_disbursements_n__status,ffh_sub_disb_n_status_1153ab4664,9,report_not_available,report_not_available,No selected report for this source family and award year is available in the build.
loan_ffel_harmonized__subsidized_disbursements__status,ffh_sub_disb_status_fdccedf3b6,8,absent_source_record,absent_source_record,No usable source-family record for this panel row; not evidence of zero aid.
loan_ffel_harmonized__subsidized_disbursements__status,ffh_sub_disb_status_fdccedf3b6,21,ambiguous_family_multiple_records,ambiguous_family_multiple_records,"Multiple source-family records could supply this UNITID-year; values are blocked, not summed."
loan_ffel_harmonized__subsidized_disbursements__status,ffh_sub_disb_status_fdccedf3b6,13,complete_source_reported,complete_source_reported,The complete harmonized value comes from one observed source measure.
loan_ffel_harmonized__subsidized_disbursements__status,ffh_sub_disb_status_fdccedf3b6,9,report_not_available,report_not_available,No selected report for this source family and award year is available in the build.
loan_ffel_harmonized__unsubsidized_recipient_count_sum__status,ffh_unsub_recip_count_2adc2d5fc1,8,absent_source_record,absent_source_record,No usable source-family record for this panel row; not evidence of zero aid.
loan_ffel_harmonized__unsubsidized_recipient_count_sum__status,ffh_unsub_recip_count_2adc2d5fc1,21,ambiguous_family_multiple_records,ambiguous_family_multiple_records,"Multiple source-family records could supply this UNITID-year; values are blocked, not summed."
loan_ffel_harmonized__unsubsidized_recipient_count_sum__status,ffh_unsub_recip_count_2adc2d5fc1,13,complete_source_reported,complete_source_reported,The complete harmonized value comes from one observed source measure.
loan_ffel_harmonized__unsubsidized_recipient_count_sum__status,ffh_unsub_recip_count_2adc2d5fc1,9,report_not_available,report_not_available,No selected report for this source family and award year is available in the build.
loan_ffel_harmonized__unsubsidized_loans_originated_n__status,ffh_unsub_loans_origi_63f99837b5,8,absent_source_record,absent_source_record,No usable source-family record for this panel row; not evidence of zero aid.
loan_ffel_harmonized__unsubsidized_loans_originated_n__status,ffh_unsub_loans_origi_63f99837b5,21,ambiguous_family_multiple_records,ambiguous_family_multiple_records,"Multiple source-family records could supply this UNITID-year; values are blocked, not summed."
loan_ffel_harmonized__unsubsidized_loans_originated_n__status,ffh_unsub_loans_origi_63f99837b5,13,complete_source_reported,complete_source_reported,The complete harmonized value comes from one observed source measure.
loan_ffel_harmonized__unsubsidized_loans_originated_n__status,ffh_unsub_loans_origi_63f99837b5,9,report_not_available,report_not_available,No selected report for this source family and award year is available in the build.
loan_ffel_harmonized__unsubsidized_loans_originated_amt__status,ffh_unsub_loans_origi_03648d0017,8,absent_source_record,absent_source_record,No usable source-family record for this panel row; not evidence of zero aid.
loan_ffel_harmonized__unsubsidized_loans_originated_amt__status,ffh_unsub_loans_origi_03648d0017,21,ambiguous_family_multiple_records,ambiguous_family_multiple_records,"Multiple source-family records could supply this UNITID-year; values are blocked, not summed."
loan_ffel_harmonized__unsubsidized_loans_originated_amt__status,ffh_unsub_loans_origi_03648d0017,13,complete_source_reported,complete_source_reported,The complete harmonized value comes from one observed source measure.
loan_ffel_harmonized__unsubsidized_loans_originated_amt__status,ffh_unsub_loans_origi_03648d0017,9,report_not_available,report_not_available,No selected report for this source family and award year is available in the build.
loan_ffel_harmonized__unsubsidized_disbursements_n__status,ffh_unsub_disb_n_stat_364a856bba,8,absent_source_record,absent_source_record,No usable source-family record for this panel row; not evidence of zero aid.
loan_ffel_harmonized__unsubsidized_disbursements_n__status,ffh_unsub_disb_n_stat_364a856bba,21,ambiguous_family_multiple_records,ambiguous_family_multiple_records,"Multiple source-family records could supply this UNITID-year; values are blocked, not summed."
loan_ffel_harmonized__unsubsidized_disbursements_n__status,ffh_unsub_disb_n_stat_364a856bba,13,complete_source_reported,complete_source_reported,The complete harmonized value comes from one observed source measure.
loan_ffel_harmonized__unsubsidized_disbursements_n__status,ffh_unsub_disb_n_stat_364a856bba,9,report_not_available,report_not_available,No selected report for this source family and award year is available in the build.
loan_ffel_harmonized__unsubsidized_disbursements__status,ffh_unsub_disb_status_6860037ffa,8,absent_source_record,absent_source_record,No usable source-family record for this panel row; not evidence of zero aid.
loan_ffel_harmonized__unsubsidized_disbursements__status,ffh_unsub_disb_status_6860037ffa,21,ambiguous_family_multiple_records,ambiguous_family_multiple_records,"Multiple source-family records could supply this UNITID-year; values are blocked, not summed."
loan_ffel_harmonized__unsubsidized_disbursements__status,ffh_unsub_disb_status_6860037ffa,13,complete_source_reported,complete_source_reported,The complete harmonized value comes from one observed source measure.
loan_ffel_harmonized__unsubsidized_disbursements__status,ffh_unsub_disb_status_6860037ffa,9,report_not_available,report_not_available,No selected report for this source family and award year is available in the build.
loan_ffel_harmonized__plus_recipient_count_sum__status,ffh_plus_recip_count__08a2b9aa50,8,absent_source_record,absent_source_record,No usable source-family record for this panel row; not evidence of zero aid.
loan_ffel_harmonized__plus_recipient_count_sum__status,ffh_plus_recip_count__08a2b9aa50,21,ambiguous_family_multiple_records,ambiguous_family_multiple_records,"Multiple source-family records could supply this UNITID-year; values are blocked, not summed."
loan_ffel_harmonized__plus_recipient_count_sum__status,ffh_plus_recip_count__08a2b9aa50,14,complete_component_sum,complete_component_sum,All required components are observed; the value is their complete sum.
loan_ffel_harmonized__plus_recipient_count_sum__status,ffh_plus_recip_count__08a2b9aa50,13,complete_source_reported,complete_source_reported,The complete harmonized value comes from one observed source measure.
loan_ffel_harmonized__plus_recipient_count_sum__status,ffh_plus_recip_count__08a2b9aa50,9,report_not_available,report_not_available,No selected report for this source family and award year is available in the build.
loan_ffel_harmonized__plus_loans_originated_n__status,ffh_plus_loans_origin_a6868fda6c,8,absent_source_record,absent_source_record,No usable source-family record for this panel row; not evidence of zero aid.
loan_ffel_harmonized__plus_loans_originated_n__status,ffh_plus_loans_origin_a6868fda6c,21,ambiguous_family_multiple_records,ambiguous_family_multiple_records,"Multiple source-family records could supply this UNITID-year; values are blocked, not summed."
loan_ffel_harmonized__plus_loans_originated_n__status,ffh_plus_loans_origin_a6868fda6c,14,complete_component_sum,complete_component_sum,All required components are observed; the value is their complete sum.
loan_ffel_harmonized__plus_loans_originated_n__status,ffh_plus_loans_origin_a6868fda6c,13,complete_source_reported,complete_source_reported,The complete harmonized value comes from one observed source measure.
loan_ffel_harmonized__plus_loans_originated_n__status,ffh_plus_loans_origin_a6868fda6c,9,report_not_available,report_not_available,No selected report for this source family and award year is available in the build.
loan_ffel_harmonized__plus_loans_originated_amt__status,ffh_plus_loans_origin_68113bce2f,8,absent_source_record,absent_source_record,No usable source-family record for this panel row; not evidence of zero aid.
loan_ffel_harmonized__plus_loans_originated_amt__status,ffh_plus_loans_origin_68113bce2f,21,ambiguous_family_multiple_records,ambiguous_family_multiple_records,"Multiple source-family records could supply this UNITID-year; values are blocked, not summed."
loan_ffel_harmonized__plus_loans_originated_amt__status,ffh_plus_loans_origin_68113bce2f,14,complete_component_sum,complete_component_sum,All required components are observed; the value is their complete sum.
loan_ffel_harmonized__plus_loans_originated_amt__status,ffh_plus_loans_origin_68113bce2f,13,complete_source_reported,complete_source_reported,The complete harmonized value comes from one observed source measure.
loan_ffel_harmonized__plus_loans_originated_amt__status,ffh_plus_loans_origin_68113bce2f,9,report_not_available,report_not_available,No selected report for this source family and award year is available in the build.
loan_ffel_harmonized__plus_disbursements_n__status,ffh_plus_disb_n_statu_29b81aa072,8,absent_source_record,absent_source_record,No usable source-family record for this panel row; not evidence of zero aid.
loan_ffel_harmonized__plus_disbursements_n__status,ffh_plus_disb_n_statu_29b81aa072,21,ambiguous_family_multiple_records,ambiguous_family_multiple_records,"Multiple source-family records could supply this UNITID-year; values are blocked, not summed."
loan_ffel_harmonized__plus_disbursements_n__status,ffh_plus_disb_n_statu_29b81aa072,14,complete_component_sum,complete_component_sum,All required components are observed; the value is their complete sum.
loan_ffel_harmonized__plus_disbursements_n__status,ffh_plus_disb_n_statu_29b81aa072,13,complete_source_reported,complete_source_reported,The complete harmonized value comes from one observed source measure.
loan_ffel_harmonized__plus_disbursements_n__status,ffh_plus_disb_n_statu_29b81aa072,9,report_not_available,report_not_available,No selected report for this source family and award year is available in the build.
loan_ffel_harmonized__plus_disbursements__status,ffh_plus_disb_status_d00d49a059,8,absent_source_record,absent_source_record,No usable source-family record for this panel row; not evidence of zero aid.
loan_ffel_harmonized__plus_disbursements__status,ffh_plus_disb_status_d00d49a059,21,ambiguous_family_multiple_records,ambiguous_family_multiple_records,"Multiple source-family records could supply this UNITID-year; values are blocked, not summed."
loan_ffel_harmonized__plus_disbursements__status,ffh_plus_disb_status_d00d49a059,14,complete_component_sum,complete_component_sum,All required components are observed; the value is their complete sum.
loan_ffel_harmonized__plus_disbursements__status,ffh_plus_disb_status_d00d49a059,13,complete_source_reported,complete_source_reported,The complete harmonized value comes from one observed source measure.
loan_ffel_harmonized__plus_disbursements__status,ffh_plus_disb_status_d00d49a059,9,report_not_available,report_not_available,No selected report for this source family and award year is available in the build.
loan__subsidized_recipient_count_sum__status,loan_sub_recip_count__241dedf81e,14,complete_component_sum,complete_component_sum,All required components are observed; the value is their complete sum.
loan__subsidized_recipient_count_sum__status,loan_sub_recip_count__241dedf81e,15,complete_direct_only_scope,complete_direct_only_scope,The complete combined value covers the available Direct Loan report only.
loan__subsidized_recipient_count_sum__status,loan_sub_recip_count__241dedf81e,19,incomplete_blocked_unitid_family,incomplete_blocked_unitid_family,At least one required source family is blocked from the UNITID panel.
loan__subsidized_recipient_count_sum__status,loan_sub_recip_count__241dedf81e,16,incomplete_component_sum,incomplete_component_sum,Some required components are unknown; an observed partial sum is not a complete total.
loan__subsidized_recipient_count_sum__status,loan_sub_recip_count__241dedf81e,17,no_observed_components,no_observed_components,None of the required component point values is observed.
loan__subsidized_loans_originated_n__status,loan_sub_loans_origin_88845437d0,14,complete_component_sum,complete_component_sum,All required components are observed; the value is their complete sum.
loan__subsidized_loans_originated_n__status,loan_sub_loans_origin_88845437d0,15,complete_direct_only_scope,complete_direct_only_scope,The complete combined value covers the available Direct Loan report only.
loan__subsidized_loans_originated_n__status,loan_sub_loans_origin_88845437d0,19,incomplete_blocked_unitid_family,incomplete_blocked_unitid_family,At least one required source family is blocked from the UNITID panel.
loan__subsidized_loans_originated_n__status,loan_sub_loans_origin_88845437d0,16,incomplete_component_sum,incomplete_component_sum,Some required components are unknown; an observed partial sum is not a complete total.
loan__subsidized_loans_originated_n__status,loan_sub_loans_origin_88845437d0,17,no_observed_components,no_observed_components,None of the required component point values is observed.
loan__subsidized_loans_originated_amt__status,loan_sub_loans_origin_2e7cc4bafb,14,complete_component_sum,complete_component_sum,All required components are observed; the value is their complete sum.
loan__subsidized_loans_originated_amt__status,loan_sub_loans_origin_2e7cc4bafb,15,complete_direct_only_scope,complete_direct_only_scope,The complete combined value covers the available Direct Loan report only.
loan__subsidized_loans_originated_amt__status,loan_sub_loans_origin_2e7cc4bafb,19,incomplete_blocked_unitid_family,incomplete_blocked_unitid_family,At least one required source family is blocked from the UNITID panel.
loan__subsidized_loans_originated_amt__status,loan_sub_loans_origin_2e7cc4bafb,16,incomplete_component_sum,incomplete_component_sum,Some required components are unknown; an observed partial sum is not a complete total.
loan__subsidized_loans_originated_amt__status,loan_sub_loans_origin_2e7cc4bafb,17,no_observed_components,no_observed_components,None of the required component point values is observed.
loan__subsidized_disbursements_n__status,loan_sub_disb_n_statu_50ac596a0e,14,complete_component_sum,complete_component_sum,All required components are observed; the value is their complete sum.
loan__subsidized_disbursements_n__status,loan_sub_disb_n_statu_50ac596a0e,15,complete_direct_only_scope,complete_direct_only_scope,The complete combined value covers the available Direct Loan report only.
loan__subsidized_disbursements_n__status,loan_sub_disb_n_statu_50ac596a0e,19,incomplete_blocked_unitid_family,incomplete_blocked_unitid_family,At least one required source family is blocked from the UNITID panel.
loan__subsidized_disbursements_n__status,loan_sub_disb_n_statu_50ac596a0e,16,incomplete_component_sum,incomplete_component_sum,Some required components are unknown; an observed partial sum is not a complete total.
loan__subsidized_disbursements_n__status,loan_sub_disb_n_statu_50ac596a0e,17,no_observed_components,no_observed_components,None of the required component point values is observed.
loan__subsidized_disbursements__status,loan_sub_disb_status_27c4a523c1,14,complete_component_sum,complete_component_sum,All required components are observed; the value is their complete sum.
loan__subsidized_disbursements__status,loan_sub_disb_status_27c4a523c1,15,complete_direct_only_scope,complete_direct_only_scope,The complete combined value covers the available Direct Loan report only.
loan__subsidized_disbursements__status,loan_sub_disb_status_27c4a523c1,19,incomplete_blocked_unitid_family,incomplete_blocked_unitid_family,At least one required source family is blocked from the UNITID panel.
loan__subsidized_disbursements__status,loan_sub_disb_status_27c4a523c1,16,incomplete_component_sum,incomplete_component_sum,Some required components are unknown; an observed partial sum is not a complete total.
loan__subsidized_disbursements__status,loan_sub_disb_status_27c4a523c1,17,no_observed_components,no_observed_components,None of the required component point values is observed.
loan__unsubsidized_recipient_count_sum__status,loan_unsub_recip_coun_9e621ae2d6,14,complete_component_sum,complete_component_sum,All required components are observed; the value is their complete sum.
loan__unsubsidized_recipient_count_sum__status,loan_unsub_recip_coun_9e621ae2d6,15,complete_direct_only_scope,complete_direct_only_scope,The complete combined value covers the available Direct Loan report only.
loan__unsubsidized_recipient_count_sum__status,loan_unsub_recip_coun_9e621ae2d6,19,incomplete_blocked_unitid_family,incomplete_blocked_unitid_family,At least one required source family is blocked from the UNITID panel.
loan__unsubsidized_recipient_count_sum__status,loan_unsub_recip_coun_9e621ae2d6,16,incomplete_component_sum,incomplete_component_sum,Some required components are unknown; an observed partial sum is not a complete total.
loan__unsubsidized_recipient_count_sum__status,loan_unsub_recip_coun_9e621ae2d6,17,no_observed_components,no_observed_components,None of the required component point values is observed.
loan__unsubsidized_loans_originated_n__status,loan_unsub_loans_orig_4b1239aeeb,14,complete_component_sum,complete_component_sum,All required components are observed; the value is their complete sum.
loan__unsubsidized_loans_originated_n__status,loan_unsub_loans_orig_4b1239aeeb,15,complete_direct_only_scope,complete_direct_only_scope,The complete combined value covers the available Direct Loan report only.
loan__unsubsidized_loans_originated_n__status,loan_unsub_loans_orig_4b1239aeeb,19,incomplete_blocked_unitid_family,incomplete_blocked_unitid_family,At least one required source family is blocked from the UNITID panel.
loan__unsubsidized_loans_originated_n__status,loan_unsub_loans_orig_4b1239aeeb,16,incomplete_component_sum,incomplete_component_sum,Some required components are unknown; an observed partial sum is not a complete total.
loan__unsubsidized_loans_originated_n__status,loan_unsub_loans_orig_4b1239aeeb,17,no_observed_components,no_observed_components,None of the required component point values is observed.
loan__unsubsidized_loans_originated_amt__status,loan_unsub_loans_orig_b7fede7b97,14,complete_component_sum,complete_component_sum,All required components are observed; the value is their complete sum.
loan__unsubsidized_loans_originated_amt__status,loan_unsub_loans_orig_b7fede7b97,15,complete_direct_only_scope,complete_direct_only_scope,The complete combined value covers the available Direct Loan report only.
loan__unsubsidized_loans_originated_amt__status,loan_unsub_loans_orig_b7fede7b97,19,incomplete_blocked_unitid_family,incomplete_blocked_unitid_family,At least one required source family is blocked from the UNITID panel.
loan__unsubsidized_loans_originated_amt__status,loan_unsub_loans_orig_b7fede7b97,16,incomplete_component_sum,incomplete_component_sum,Some required components are unknown; an observed partial sum is not a complete total.
loan__unsubsidized_loans_originated_amt__status,loan_unsub_loans_orig_b7fede7b97,17,no_observed_components,no_observed_components,None of the required component point values is observed.
loan__unsubsidized_disbursements_n__status,loan_unsub_disb_n_sta_09afeb23e4,14,complete_component_sum,complete_component_sum,All required components are observed; the value is their complete sum.
loan__unsubsidized_disbursements_n__status,loan_unsub_disb_n_sta_09afeb23e4,15,complete_direct_only_scope,complete_direct_only_scope,The complete combined value covers the available Direct Loan report only.
loan__unsubsidized_disbursements_n__status,loan_unsub_disb_n_sta_09afeb23e4,19,incomplete_blocked_unitid_family,incomplete_blocked_unitid_family,At least one required source family is blocked from the UNITID panel.
loan__unsubsidized_disbursements_n__status,loan_unsub_disb_n_sta_09afeb23e4,16,incomplete_component_sum,incomplete_component_sum,Some required components are unknown; an observed partial sum is not a complete total.
loan__unsubsidized_disbursements_n__status,loan_unsub_disb_n_sta_09afeb23e4,17,no_observed_components,no_observed_components,None of the required component point values is observed.
loan__unsubsidized_disbursements__status,loan_unsub_disb_statu_3d3ddf44ba,14,complete_component_sum,complete_component_sum,All required components are observed; the value is their complete sum.
loan__unsubsidized_disbursements__status,loan_unsub_disb_statu_3d3ddf44ba,15,complete_direct_only_scope,complete_direct_only_scope,The complete combined value covers the available Direct Loan report only.
loan__unsubsidized_disbursements__status,loan_unsub_disb_statu_3d3ddf44ba,19,incomplete_blocked_unitid_family,incomplete_blocked_unitid_family,At least one required source family is blocked from the UNITID panel.
loan__unsubsidized_disbursements__status,loan_unsub_disb_statu_3d3ddf44ba,16,incomplete_component_sum,incomplete_component_sum,Some required components are unknown; an observed partial sum is not a complete total.
loan__unsubsidized_disbursements__status,loan_unsub_disb_statu_3d3ddf44ba,17,no_observed_components,no_observed_components,None of the required component point values is observed.
loan__plus_recipient_count_sum__status,loan_plus_recip_count_a665cbbf8b,14,complete_component_sum,complete_component_sum,All required components are observed; the value is their complete sum.
loan__plus_recipient_count_sum__status,loan_plus_recip_count_a665cbbf8b,15,complete_direct_only_scope,complete_direct_only_scope,The complete combined value covers the available Direct Loan report only.
loan__plus_recipient_count_sum__status,loan_plus_recip_count_a665cbbf8b,19,incomplete_blocked_unitid_family,incomplete_blocked_unitid_family,At least one required source family is blocked from the UNITID panel.
loan__plus_recipient_count_sum__status,loan_plus_recip_count_a665cbbf8b,16,incomplete_component_sum,incomplete_component_sum,Some required components are unknown; an observed partial sum is not a complete total.
loan__plus_recipient_count_sum__status,loan_plus_recip_count_a665cbbf8b,17,no_observed_components,no_observed_components,None of the required component point values is observed.
loan__plus_loans_originated_n__status,loan_plus_loans_origi_4ea3e02ae6,14,complete_component_sum,complete_component_sum,All required components are observed; the value is their complete sum.
loan__plus_loans_originated_n__status,loan_plus_loans_origi_4ea3e02ae6,15,complete_direct_only_scope,complete_direct_only_scope,The complete combined value covers the available Direct Loan report only.
loan__plus_loans_originated_n__status,loan_plus_loans_origi_4ea3e02ae6,19,incomplete_blocked_unitid_family,incomplete_blocked_unitid_family,At least one required source family is blocked from the UNITID panel.
loan__plus_loans_originated_n__status,loan_plus_loans_origi_4ea3e02ae6,16,incomplete_component_sum,incomplete_component_sum,Some required components are unknown; an observed partial sum is not a complete total.
loan__plus_loans_originated_n__status,loan_plus_loans_origi_4ea3e02ae6,17,no_observed_components,no_observed_components,None of the required component point values is observed.
loan__plus_loans_originated_amt__status,loan_plus_loans_origi_07141e7f70,14,complete_component_sum,complete_component_sum,All required components are observed; the value is their complete sum.
loan__plus_loans_originated_amt__status,loan_plus_loans_origi_07141e7f70,15,complete_direct_only_scope,complete_direct_only_scope,The complete combined value covers the available Direct Loan report only.
loan__plus_loans_originated_amt__status,loan_plus_loans_origi_07141e7f70,19,incomplete_blocked_unitid_family,incomplete_blocked_unitid_family,At least one required source family is blocked from the UNITID panel.
loan__plus_loans_originated_amt__status,loan_plus_loans_origi_07141e7f70,16,incomplete_component_sum,incomplete_component_sum,Some required components are unknown; an observed partial sum is not a complete total.
loan__plus_loans_originated_amt__status,loan_plus_loans_origi_07141e7f70,17,no_observed_components,no_observed_components,None of the required component point values is observed.
loan__plus_disbursements_n__status,loan_plus_disb_n_stat_3927f6e8ab,14,complete_component_sum,complete_component_sum,All required components are observed; the value is their complete sum.
loan__plus_disbursements_n__status,loan_plus_disb_n_stat_3927f6e8ab,15,complete_direct_only_scope,complete_direct_only_scope,The complete combined value covers the available Direct Loan report only.
loan__plus_disbursements_n__status,loan_plus_disb_n_stat_3927f6e8ab,19,incomplete_blocked_unitid_family,incomplete_blocked_unitid_family,At least one required source family is blocked from the UNITID panel.
loan__plus_disbursements_n__status,loan_plus_disb_n_stat_3927f6e8ab,16,incomplete_component_sum,incomplete_component_sum,Some required components are unknown; an observed partial sum is not a complete total.
loan__plus_disbursements_n__status,loan_plus_disb_n_stat_3927f6e8ab,17,no_observed_components,no_observed_components,None of the required component point values is observed.
loan__plus_disbursements__status,loan__plus_disbursements__status,14,complete_component_sum,complete_component_sum,All required components are observed; the value is their complete sum.
loan__plus_disbursements__status,loan__plus_disbursements__status,15,complete_direct_only_scope,complete_direct_only_scope,The complete combined value covers the available Direct Loan report only.
loan__plus_disbursements__status,loan__plus_disbursements__status,19,incomplete_blocked_unitid_family,incomplete_blocked_unitid_family,At least one required source family is blocked from the UNITID panel.
loan__plus_disbursements__status,loan__plus_disbursements__status,16,incomplete_component_sum,incomplete_component_sum,Some required components are unknown; an observed partial sum is not a complete total.
loan__plus_disbursements__status,loan__plus_disbursements__status,17,no_observed_components,no_observed_components,None of the required component point values is observed.
